<?xml version="1.0" encoding="utf-8"?>
<COLLADA xmlns="http://www.collada.org/2005/11/COLLADASchema" version="1.4.1" xmlns:xsi="http://www.w3.org/2001/XMLSchema-instance">
  <asset>
    <contributor>
      <author>Blender User</author>
      <authoring_tool>Blender 2.93.0 commit date:2021-06-02, commit time:11:21, hash:84da05a8b806</authoring_tool>
    </contributor>
    <created>2021-07-21T23:09:19</created>
    <modified>2021-07-21T23:09:19</modified>
    <unit name="meter" meter="1"/>
    <up_axis>Z_UP</up_axis>
  </asset>
  <library_effects>
    <effect id="Sprout-effect">
      <profile_COMMON>
        <technique sid="common">
          <lambert>
            <emission>
              <color sid="emission">0 0 0 1</color>
            </emission>
            <diffuse>
              <color sid="diffuse">0.8 0.8 0.8 1</color>
            </diffuse>
            <index_of_refraction>
              <float sid="ior">1.45</float>
            </index_of_refraction>
          </lambert>
        </technique>
      </profile_COMMON>
    </effect>
    <effect id="Pirate-effect">
      <profile_COMMON>
        <technique sid="common">
          <lambert>
            <emission>
              <color sid="emission">0 0 0 1</color>
            </emission>
            <diffuse>
              <color sid="diffuse">0.8 0.8 0.8 1</color>
            </diffuse>
            <index_of_refraction>
              <float sid="ior">1.45</float>
            </index_of_refraction>
          </lambert>
        </technique>
      </profile_COMMON>
    </effect>
  </library_effects>
  <library_images/>
  <library_materials>
    <material id="Sprout-material" name="Sprout">
      <instance_effect url="#Sprout-effect"/>
    </material>
    <material id="Pirate-material" name="Pirate">
      <instance_effect url="#Pirate-effect"/>
    </material>
  </library_materials>
  <library_geometries>
    <geometry id="NurbsPath_024-mesh" name="NurbsPath.024">
      <mesh>
        <source id="NurbsPath_024-mesh-positions">
          <float_array id="NurbsPath_024-mesh-positions-array" count="2388">1.695651 0.4533508 1.492825 1.669973 0.4272842 1.493208 1.669885 0.4830305 1.477088 1.74255 0.4819054 1.637233 1.722201 0.5035473 1.641467 1.732003 0.4593986 1.653272 1.863905 0.5340345 1.815021 1.844709 0.5562133 1.821954 1.857971 0.5133636 1.835453 2.032447 0.606221 1.919655 2.01558 0.6294623 1.928882 2.032965 0.588377 1.943413 2.201785 0.6788499 1.913779 2.191297 0.7047364 1.925021 2.216515 0.6670375 1.936642 2.368243 0.7501687 1.833981 2.361104 0.777545 1.844417 2.389544 0.7411996 1.852615 2.4891 0.8019107 1.678543 2.484888 0.830539 1.686957 2.515064 0.794974 1.69081 2.52847 0.8227727 1.707207 2.504589 0.8442773 1.700557 2.396767 0.7664667 1.875684 2.375308 0.788867 1.865105 2.215891 0.6889399 1.963929 2.19843 0.7130567 1.950307 2.015689 0.6031582 1.969893 2.006589 0.6308338 1.954856 1.833692 0.5251101 1.857724 1.828996 0.5547178 1.844503 1.702908 0.4691854 1.670005 1.701318 0.4999961 1.659344 1.625312 0.4402526 1.481231 1.62918 0.4808526 1.469514 -0.4328159 -0.1540718 0.2458215 -0.4024192 -0.1816623 0.2212761 -0.4246196 -0.1964105 0.1815605 -0.4687367 -0.1779347 0.1815605 -0.4738023 -0.1517679 0.2212761 -0.2878504 0.1512469 0.05333596 -0.2546791 0.1134242 0.02792155 -0.2811434 0.09543687 -0.01847761 -0.3306705 0.1221429 -0.02173948 -0.3348157 0.1566354 0.02264374 -0.1479603 0.348051 -0.1100353 -0.1222664 0.3086932 -0.1284368 -0.1456757 0.2929823 -0.1703057 -0.1858373 0.3226302 -0.1777805 -0.1872493 0.3566645 -0.1405313 1.33123e-4 0.4771769 -0.2385444 0.01968353 0.4346699 -0.2519602 -9.78029e-4 0.4211865 -0.2939166 -0.03329801 0.4553602 -0.3064313 -0.03261131 0.4899642 -0.2722094 0.1655501 0.564887 -0.3373086 0.1793664 0.5196091 -0.3474243 0.163498 0.5086964 -0.3918361 0.1398746 0.5472298 -0.4091685 0.1411429 0.5819576 -0.3754686 0.3504863 0.6206431 -0.4000814 0.3581694 0.5735583 -0.4082649 0.3509013 0.5651845 -0.4553822 0.3387264 0.6070941 -0.4763187 0.3384699 0.6413694 -0.4421409 0.5477671 0.6403424 -0.4105519 0.548413 0.5926125 -0.4185778 0.5549823 0.5855072 -0.466005 0.5583964 0.6288459 -0.4872907 0.5539371 0.6627359 -0.4530189 0.7353454 0.6168055 -0.3466143 0.7291823 0.5699821 -0.3572238 0.7537959 0.5604745 -0.3978041 0.7751711 0.601422 -0.4122745 0.7637679 0.6362364 -0.3806375 0.8778203 0.5415636 -0.1784411 0.8676548 0.4967746 -0.1937249 0.9059553 0.4803099 -0.2183211 0.9397916 0.514923 -0.2182385 0.9224033 0.5527799 -0.1935914 0.9789642 0.4506113 0.1100524 0.9730207 0.4117157 0.08835047 1.009422 0.3835389 0.08345115 1.03357 0.4015082 0.1040503 1.014743 0.4429589 0.1204921 -0.4138991 -0.1086663 0.2436006 -0.4795673 -0.1045306 0.203859 -0.3654661 -0.1538754 0.2047123 -0.4012011 -0.1776807 0.1409366 -0.4717196 -0.1471839 0.1404092 -0.4442929 -0.1775745 0.2152649 2.290367 -0.1509965 0.03113758 2.031211 -0.2715356 -0.06008517 2.479081 0.1998919 0.20824 2.291096 -0.143469 0.003191828 2.258648 -0.1243614 0.05275511 2.007625 -0.2380911 -0.03328764 2.434981 0.2077493 0.2145386 2.426999 0.5500947 0.2962712 2.19902 0.8092732 0.3643649 2.468056 0.568155 0.2895352 2.222931 0.8467445 0.357559 2.472092 0.5684587 0.2615459 2.483724 0.2014463 0.1800363 2.228599 0.8473811 0.3293842 2.431899 0.5556893 0.2474776 2.443564 0.2132838 0.1657443 2.205315 0.8122191 0.3150417 1.890305 0.9309954 0.323401 1.591971 0.9134747 0.2679303 1.893984 0.9748291 0.3355304 1.587472 0.9570916 0.2782445 1.886728 0.9729936 0.3632308 1.580058 0.954693 0.3059995 1.879045 0.9286882 0.3718922 1.579025 0.9101362 0.3163256 1.287569 0.8783953 0.2426158 1.033791 0.7423095 0.1141206 1.280904 0.9212673 0.2303812 1.009119 0.7760418 0.09632074 1.288342 0.9238177 0.2025873 1.016483 0.7783297 0.06859982 1.301429 0.8826513 0.1942671 1.049223 0.7486741 0.06641864 0.9295776 0.4834858 -0.06166839 0.9800549 0.1507344 -0.1465594 0.885433 0.4890327 -0.06453168 0.9387144 0.1349734 -0.1506698 0.8781027 0.4868778 -0.03684854 0.9317823 0.1325899 -0.1230536 0.9160645 0.4759055 -0.0136131 0.9677411 0.1444624 -0.09791433 1.107299 -0.1079993 -0.115694 1.377705 -0.2304063 -0.1270684 1.081575 -0.135292 -0.1423323 1.368838 -0.2624368 -0.1579715 1.088126 -0.1303418 -0.1692332 1.375734 -0.2511004 -0.1837018 1.117298 -0.09715247 -0.164511 1.387304 -0.2097758 -0.1715705 1.718476 -0.2404895 -0.1540637 2.024227 -0.2278015 -0.08546066 1.718111 -0.2840049 -0.1620228 2.038393 -0.2654842 -0.08915317 1.712 -0.2941733 -0.1356656 1.708837 -0.2588826 -0.1079059 2.261597 -0.1100849 0.004251956 2.235242 -0.1204285 -0.1703352 1.935456 -0.2897193 -0.1202087 2.378154 0.1748743 -0.1698268 2.245924 -0.1218335 -0.152311 2.180092 -0.1087651 -0.1519216 1.912198 -0.2556674 -0.1021004 2.33877 0.1866657 -0.1542054 2.356525 0.5290409 -0.1259198 2.177165 0.7816717 -0.02816629 2.395247 0.5429169 -0.141483 2.201717 0.8170502 -0.03672289 2.404388 0.5431113 -0.1233063 2.387295 0.1750688 -0.1516501 2.210857 0.8172421 -0.01854228 2.372874 0.5281868 -0.09433448 2.354304 0.1850482 -0.1222016 2.192924 0.7821879 0.00369668 1.916461 0.9041233 0.1099556 1.624018 0.9125967 0.1903572 1.918811 0.9468062 0.09526669 1.617919 0.9569959 0.1797086 1.909648 0.9467543 0.0770595 1.608782 0.9567719 0.1615756 1.901746 0.9034454 0.07758796 1.608106 0.9122591 0.1585644 1.316227 0.8898906 0.2233823 1.035836 0.7623076 0.2439599 1.307083 0.9317008 0.2317043 1.008269 0.7917061 0.2615658 1.316187 0.9321231 0.249832 1.017409 0.7919005 0.2797425 1.329089 0.889307 0.2567434 1.048373 0.7588651 0.2774899 0.8935101 0.4925969 0.2690441 0.9217802 0.1472259 0.2367265 0.8499568 0.5015497 0.2778849 0.8793681 0.1336596 0.2452343 0.8408163 0.5013553 0.2597082 0.8702276 0.1334652 0.2270576 0.8779225 0.4946848 0.2370623 0.9057399 0.1471165 0.2049959 1.063969 -0.1588756 0.1331143 1.314004 -0.2891823 0.04074192 1.038545 -0.1903828 0.1502938 1.304442 -0.3310869 0.05005645 1.047686 -0.1901884 0.1684705 1.313582 -0.3308925 0.06823313 1.079385 -0.157949 0.1651502 1.328872 -0.2884876 0.07305562 1.605296 -0.3153216 -0.01225912 1.930067 -0.2687827 -0.07524669 1.600974 -0.3592533 -0.02258074 1.946589 -0.2965325 -0.1041519 1.591833 -0.3594478 -0.04075741 1.590384 -0.3156564 -0.04455459 2.205579 -0.1113345 -0.1216467 2.251002 -0.1683306 0.04468405 2.246742 -0.1841464 0.2684685 2.215915 -0.08497953 -0.1987521 1.956628 -0.3157624 0.01388132 2.429791 0.1635848 0.04142892 2.443237 0.5213246 0.04890346 2.350519 0.1662392 -0.2179808 2.446486 0.1636551 0.2897476 2.457295 0.5324839 0.3097277 2.40063 0.1688873 0.2988392 2.411629 0.5202901 0.319796 2.212642 -0.1603278 0.2768866 1.93653 -0.305756 0.2549354 1.650976 -0.335103 0.2405287 1.952894 -0.3386402 0.2474375 1.650977 -0.3696838 0.233402 1.650971 -0.3536847 -0.005223631 1.350085 -0.3396895 0.2478809 1.068049 -0.1970169 0.2733083 1.347263 -0.317739 0.01474297 1.366965 -0.3073357 0.2556188 1.103083 -0.1740866 0.2819359 0.9315884 0.1344975 0.3028994 0.8950105 0.4851399 0.3158106 0.8870611 0.1283798 0.2947886 0.8517821 0.4969924 0.3072156 0.9086447 0.1294713 0.04995036 0.8774053 0.4859656 0.0548855 0.9835183 0.1402493 -0.2083379 1.065568 -0.1824805 0.04987156 1.101526 -0.09922897 -0.1933156 1.349493 -0.207127 -0.2241783 1.132986 -0.07717061 -0.202772 1.365551 -0.1786534 -0.2330952 1.023085 0.1471827 -0.2175246 1.022832 0.435346 -0.212076 1.142914 0.6584772 -0.209539 0.9836061 0.4448826 -0.2032271 1.111469 0.6828694 -0.2013889 1.029775 0.775814 0.07610487 1.364123 0.7935552 -0.1941049 1.645501 0.7998197 -0.2028627 1.322326 0.9213478 0.09568536 1.380256 0.7621533 -0.2018021 1.646566 0.7686698 -0.2097543 1.91538 0.7787568 -0.2135354 2.168356 0.6823963 -0.2230654 1.929437 0.8100893 -0.2062035 2.198767 0.7068164 -0.2148864 1.928741 0.9350867 0.09300744 2.244006 0.8001737 0.07583105 1.626631 0.9352567 0.09755754 1.933243 0.9336409 0.3924804 2.244543 0.8085396 0.3541973 1.62324 0.9312036 0.3982388 1.919019 0.8986954 0.404172 2.212592 0.7814834 0.3648048 1.623594 0.8957831 0.4093435 1.327447 0.8898375 0.3958546 1.046622 0.7601981 0.3523926 1.312042 0.9247231 0.3849367 1.014472 0.7879769 0.3419622 2.349293 0.4747259 -0.2170538 2.309127 0.4644117 -0.2254909 2.310168 0.172403 -0.2270685 2.184796 -0.0626887 -0.2083244 1.940242 -0.1746051 -0.2357696 1.655339 -0.1942893 -0.2412567 1.95589 -0.2035157 -0.2266411 1.65558 -0.223765 -0.2324149 2.213472 -0.1415628 0.8417716 1.944967 -0.3013015 0.9122581 2.396389 0.1515115 0.76195 2.221019 -0.1519517 0.7468252 2.158387 -0.1022828 0.8391521 1.915773 -0.2475359 0.9089238 2.325111 0.1651989 0.7600923 2.345447 0.5161513 0.6758148 2.191452 0.7447473 0.6264363 2.417464 0.5384833 0.6764715 2.246903 0.7930167 0.6261427 2.427211 0.5406836 0.6055729 2.416644 0.5352606 0.5312008 2.40798 0.1530339 0.6800956 2.254059 0.801191 0.5583357 2.24649 0.7924756 0.4846852 1.978764 0.9159969 0.5483333 1.97728 0.9053474 0.4751138 1.655336 0.8913568 0.5494717 1.974268 0.9066378 0.6130567 1.651712 0.8814054 0.6124616 1.944641 0.8461881 0.6139419 1.649173 0.824926 0.6103186 1.330743 0.8490315 0.5913174 1.070488 0.7366873 0.5863903 1.30387 0.9068769 0.5935387 1.018035 0.7825903 0.5873326 1.30583 0.9147024 0.5307734 1.311714 0.9046118 0.4579034 1.01514 0.7869924 0.5203674 1.025509 0.7768183 0.4469205 0.8670855 0.5075536 0.5872353 0.8796159 0.4987648 0.5131867 0.9036206 0.1314784 0.6810027 0.8735747 0.5100186 0.6571564 0.9136558 0.133227 0.7626447 0.9401164 0.4913164 0.6525464 0.9837188 0.145874 0.7594732 1.144839 -0.1045448 0.8394561 1.386182 -0.2475359 0.9089238 1.089035 -0.1425448 0.8419035 1.356987 -0.3013015 0.9122581 1.082026 -0.1538932 0.7470861 1.09069 -0.1501554 0.6661517 1.350105 -0.316392 0.8072537 1.351695 -0.3104261 0.7235342 1.650977 -0.3591458 0.8233027 1.650977 -0.349386 0.7381543 1.95185 -0.316392 0.8072537 1.650977 -0.3474242 0.9344859 1.650977 -0.2890785 0.9308714 1.95026 -0.3104261 0.7235342 2.213116 -0.1468583 0.6657086 1.957762 -0.3300237 0.6494441 2.224184 -0.1620901 0.5934014 1.650977 -0.3668873 0.6627146 1.957525 -0.3304943 0.5530048 1.650977 -0.3632991 0.5589823 2.218865 -0.1626387 0.5081929 1.927083 -0.2738297 0.5541993 1.650977 -0.3033769 0.5601014 2.164117 -0.1197128 0.5096048 2.337985 0.1725946 0.463371 2.351737 0.5102217 0.4060862 2.409613 0.15782 0.4615619 2.423727 0.5306169 0.4033445 2.415087 0.1560171 0.5309441 2.399005 0.1596184 0.6018446 2.430871 0.5365546 0.4623445 2.255452 0.8032217 0.4159063 1.98037 0.9196124 0.4074125 2.24906 0.7964852 0.3605356 1.977315 0.9131317 0.3554123 2.193739 0.7484842 0.3641985 1.947965 0.8530875 0.3595361 1.65598 0.8410263 0.3589932 1.34002 0.8615297 0.3380926 1.658466 0.897842 0.3579968 1.658297 0.9008048 0.4090759 1.313261 0.9190916 0.33722 1.025556 0.7830893 0.322996 1.309775 0.9223536 0.3899098 1.018837 0.787527 0.378589 0.8676282 0.4974303 0.4455034 0.899847 0.1293439 0.5329092 0.8751855 0.4915165 0.3864797 0.9054684 0.1302307 0.4633538 0.9423463 0.4749714 0.3853252 0.9760981 0.1433339 0.463822 1.078131 0.7383448 0.3254161 1.141492 -0.1262174 0.5104789 1.374872 -0.2738297 0.5541993 1.085319 -0.166607 0.5087261 1.34443 -0.3304943 0.5530048 1.079661 -0.1654559 0.5938537 1.344193 -0.3300237 0.6494441 0.9141015 0.1346865 0.6028894 1.657586 0.8823853 0.4758335 2.51054 0.7768724 1.410492 2.51054 0.8927707 1.410492 2.422675 0.7709532 1.504773 2.626439 0.7768724 1.410492 2.504621 0.6890068 1.504773 2.632358 0.6890068 1.504773 2.504621 0.6890068 1.618201 2.51054 0.7768724 1.712482 2.422675 0.7709532 1.618201 2.632358 0.6890068 1.618201 2.714304 0.7709532 1.618201 2.626439 0.7768724 1.712482 2.626439 0.8927707 1.712482 2.51054 0.8927707 1.712482 2.632358 0.9806363 1.618201 2.714304 0.8986899 1.618201 2.714304 0.8986899 1.504773 2.626439 0.8927707 1.410492 2.632358 0.9806362 1.504773 2.714304 0.7709532 1.504773 2.504621 0.9806362 1.504773 2.422675 0.8986899 1.504773 2.504621 0.9806363 1.618201 2.422675 0.8986899 1.618201 2.410034 0.5830687 0.5698072 2.398036 0.5439488 0.5797751 2.436904 0.5975366 0.5244607 2.374975 0.598264 0.5793181 2.354219 0.5320747 0.5979034 2.379595 0.6070423 0.5162771 2.383661 0.6009629 0.4512322 2.441311 0.5924884 0.4614284 2.390091 0.585169 0.3933648 2.371534 0.5210157 0.4066124 2.422574 0.5720428 0.4159013 2.411482 0.5338061 0.4238756 2.420064 0.5200412 0.4772425 2.414937 0.5242421 0.5412127 2.369405 0.5034973 0.470434 2.364278 0.5076981 0.5344042 1.808573 -0.273713 0.2940573 1.853899 -0.153743 0.3674258 1.734639 -0.2808555 0.2853016 1.567316 -0.2808555 0.2853016 1.73267 -0.1704852 0.3892816 1.569285 -0.1704852 0.3892816 1.733342 0.05371886 0.4035031 1.568613 0.05371886 0.403503 1.843943 0.02856522 0.3874464 1.458011 0.02856522 0.3874464 1.448056 -0.153743 0.3674258 1.493382 -0.273713 0.2940573 1.732844 -0.2990337 0.5239381 1.732844 -0.2384741 0.5341245 1.847334 -0.2820316 0.5222895 1.732844 -0.2990337 0.4489153 1.732844 -0.2384741 0.4591017 1.847334 -0.2820316 0.4472667 1.842294 -0.2232493 0.4565055 1.842294 -0.2232493 0.5315284 1.839615 -0.2820316 0.3430629 1.650977 -0.2990337 0.3332198 1.831311 -0.2232493 0.3523017 1.839614 -0.2820316 0.2680401 1.650977 -0.2990337 0.258197 1.46234 -0.2820316 0.2680401 1.46234 -0.2820316 0.3430629 1.470643 -0.2232493 0.3523017 1.650977 -0.2384741 0.3434062 1.470643 -0.2232493 0.2772789 1.650977 -0.2384741 0.2683834 1.831311 -0.2232493 0.2772789 1.566214 -0.2990337 0.5239381 1.566214 -0.2384741 0.5341245 1.451724 -0.2820316 0.5222895 1.566214 -0.2990337 0.4489153 1.566214 -0.2384741 0.4591017 1.451724 -0.2820316 0.4472667 1.456764 -0.2232493 0.4565055 1.456764 -0.2232493 0.5315284 2.214163 -0.1617936 0.0864306 2.20646 -0.1664217 0.4046398 2.169698 -0.06793022 -0.2097147 1.947149 -0.2977642 0.04807537 2.373712 0.1549648 0.08550494 2.395794 0.5049942 0.08155995 2.284676 0.1461938 -0.1988703 2.387249 0.16404 0.4077854 2.374544 0.1659198 0.6826071 2.404665 0.5247309 0.4026111 2.385765 0.5145508 0.6779037 2.23437 0.7882102 0.3964891 2.22524 0.7651202 0.08299809 2.217846 0.762807 0.6695064 1.960653 0.8983557 0.3929955 1.941571 0.8637058 0.0656808 1.95839 0.8776147 0.6735261 1.650977 0.8675464 0.3885667 1.650977 0.8437102 0.04937177 1.650977 0.845273 0.6753506 1.341302 0.8983557 0.3929955 1.360383 0.8637058 0.0656808 1.343564 0.8776147 0.6735261 1.067584 0.7882102 0.3964891 1.076715 0.7651202 0.08299809 1.084109 0.762807 0.6695064 0.8972895 0.5247309 0.4026111 0.9161894 0.5145508 0.6779037 0.9061603 0.5049942 0.08155995 0.9147055 0.16404 0.4077854 0.928243 0.1549648 0.08550494 0.927411 0.1659198 0.6826071 1.095494 -0.1664217 0.4046398 1.087792 -0.1617936 0.0864306 1.110751 -0.1424323 0.6774191 1.358136 -0.3395474 0.3938831 1.354806 -0.2977642 0.04807537 1.365442 -0.306473 0.6825357 1.480324 -0.3567839 0.3920724 1.473311 -0.3414706 0.5012218 1.486126 -0.3507233 0.303439 1.488138 -0.3119618 0.3927793 1.493382 -0.3064671 0.3126778 1.4818 -0.2980112 0.4914218 1.439034 -0.1656766 0.388141 1.448056 -0.153743 0.2539336 1.453819 -0.139418 0.5541018 1.418964 0.02898544 0.3866014 1.458011 0.02856522 0.2517073 1.432389 0.03240919 0.5528072 1.650977 0.1294229 0.3909395 1.88299 0.02898544 0.3866014 1.650977 0.06482392 0.5716642 1.650977 0.07245075 0.2385179 1.843943 0.02856522 0.2517073 1.650977 -0.1817673 0.2391499 1.853899 -0.153743 0.2539336 1.650977 -0.3216919 0.3037823 1.808573 -0.3064671 0.3126778 1.650977 -0.3677254 0.2935959 1.650977 -0.3343196 0.02956575 1.815829 -0.3507233 0.303439 1.821631 -0.3567839 0.3920724 1.943819 -0.3395474 0.3938831 1.828644 -0.3414706 0.5012218 1.813816 -0.3119618 0.3927793 1.820155 -0.2980112 0.4914218 1.862921 -0.1656766 0.388141 1.848136 -0.139418 0.5541018 1.650977 -0.1644999 0.559681 1.869566 0.03240919 0.5528072 1.650977 -0.3133992 0.4950487 1.650977 -0.3585636 0.5052351 1.650977 -0.338349 0.6797441 1.650977 -0.2660728 1.021614 1.936512 -0.306473 0.6825357 2.191204 -0.1424323 0.6774191 1.916174 -0.2249734 1.024787 2.153451 -0.08378833 1.018794 1.877425 -0.07640784 1.249759 1.650977 -0.09908163 1.252577 2.052905 0.01931327 1.237139 1.863756 0.1031323 1.338325 1.980107 0.4142383 1.296751 2.127274 0.1850128 1.233545 1.650977 0.05873918 1.344732 1.802981 0.2325432 1.378556 1.795369 0.2739123 1.492218 1.886858 0.4092521 1.341242 1.650977 0.1767497 1.39077 1.650977 0.2182602 1.508641 1.498973 0.2325432 1.378556 1.506586 0.2739123 1.492218 1.415097 0.4092521 1.341242 1.438199 0.1031323 1.338325 1.321848 0.4142383 1.296751 1.17468 0.1850128 1.233545 1.424529 -0.07640784 1.249759 1.385781 -0.2249734 1.024787 1.24905 0.01931327 1.237139 1.148504 -0.08378833 1.018794 0.9933562 0.161951 1.019739 0.982837 0.476703 1.016617 1.169915 0.4124897 1.219124 1.134804 0.6820757 1.01506 1.370164 0.7870125 1.021826 1.228363 0.5750765 1.197521 1.413471 0.6560233 1.212708 1.650977 0.6912661 1.206636 1.489022 0.5473241 1.311903 1.468127 0.5441506 1.427 1.650977 0.5791459 1.3069 1.650977 0.6047793 1.396396 1.812933 0.5473241 1.311903 1.833827 0.5441506 1.427 1.888484 0.6560233 1.212708 1.93179 0.7870125 1.021826 2.073592 0.5750765 1.197521 2.16715 0.6820757 1.01506 2.13204 0.4124897 1.219124 2.319118 0.476703 1.016617 2.308598 0.161951 1.019739 1.650977 0.7667164 1.024218 1.88439 0.4265848 1.459006 1.790675 0.533708 1.477159 1.650977 0.5737718 1.456524 1.824471 0.4589992 1.494664 1.766357 0.3596152 1.516247 1.650977 0.4661545 1.502725 1.650977 0.3224885 1.525179 1.477484 0.4589992 1.494664 1.535597 0.3596152 1.516247 1.51128 0.533708 1.477159 1.417564 0.4265848 1.459006 1.650977 -0.08593857 -0.3309229 1.943475 -0.1453869 -0.2626869 1.650977 0.1684442 -0.4661854 1.836397 0.02893424 -0.4501014 1.35848 -0.1453869 -0.2626869 1.465557 0.02893424 -0.4501014 1.502784 0.1722198 -0.4981502 1.305827 -0.001818418 -0.4144331 1.382206 0.1649634 -0.603597 1.343024 0.2182675 -0.7549811 1.42238 0.2398312 -0.6329694 1.287929 0.1483662 -0.5810462 1.276332 0.2080327 -0.7414549 1.199327 0.1753861 -0.5679196 1.213138 0.2239797 -0.7299405 1.163243 0.2503612 -0.5714329 1.16282 0.04790866 -0.3897999 1.105947 0.1924793 -0.3943338 1.132256 -0.06793022 -0.2097147 1.017279 0.1461938 -0.1988703 1.022059 0.444597 -0.2000983 1.150928 0.6489589 -0.2089001 1.124404 0.378429 -0.3969303 1.205263 0.4868525 -0.3958176 1.175777 0.3432852 -0.5727633 1.202205 0.3310217 -0.7387567 1.2299 0.4052137 -0.5712519 1.237859 0.3744375 -0.7331641 1.320966 0.4242873 -0.5841175 1.303207 0.383631 -0.7446545 1.40569 0.4039893 -0.6036018 1.348917 0.5144196 -0.421117 1.492409 0.4874162 -0.4485934 1.389622 0.706189 -0.2505795 1.650977 0.6436983 -0.3411694 1.912332 0.706189 -0.2505795 1.650977 0.3861251 -0.4849122 1.809546 0.4874162 -0.4485934 1.789984 0.3571553 -0.5097211 1.953038 0.5144196 -0.421117 1.896265 0.4039893 -0.6036018 1.938967 0.369186 -0.7547229 1.980988 0.4242873 -0.5841175 1.87087 0.3335801 -0.6348692 1.927127 0.321273 -0.7859834 1.879575 0.2398312 -0.6329694 1.934713 0.2619759 -0.7852774 1.919748 0.1649634 -0.603597 1.79917 0.1722198 -0.4981502 1.95893 0.2182675 -0.7549811 2.014026 0.1483662 -0.5810462 2.025622 0.2080327 -0.7414549 2.102627 0.1753861 -0.5679196 1.996128 -0.001818418 -0.4144331 2.139135 0.04790866 -0.3897999 2.196008 0.1924793 -0.3943338 2.17755 0.378429 -0.3969303 2.138712 0.2503612 -0.5714329 2.109775 0.270923 -0.7376574 2.126178 0.3432852 -0.5727633 2.09975 0.3310217 -0.7387567 2.072055 0.4052137 -0.5712519 2.064095 0.3744375 -0.7331641 2.096692 0.4868525 -0.3958176 2.151026 0.6489589 -0.2089001 2.279896 0.444597 -0.2000983 1.998748 0.383631 -0.7446545 2.049786 0.3436654 -0.922376 2.018716 0.338887 -0.931629 2.060184 0.3178439 -0.9369558 2.02478 0.3099626 -0.9625779 2.06628 0.2815676 -0.9362686 2.030721 0.2823749 -0.9618004 2.064167 0.2536126 -0.9204746 2.03338 0.2524918 -0.9298075 2.088817 0.2239797 -0.7299405 2.000487 0.2513195 -0.9216717 1.992929 0.2755339 -0.9431532 1.987485 0.3103346 -0.9439111 1.987752 0.3360702 -0.9222334 1.511971 0.3571553 -0.5097211 1.431084 0.3335801 -0.6348692 1.374828 0.321273 -0.7859834 1.367242 0.2619759 -0.7852774 1.362988 0.369186 -0.7547229 1.31447 0.3103346 -0.9439111 1.309026 0.2755339 -0.9431532 1.277175 0.3099626 -0.9625779 1.314203 0.3360702 -0.9222334 1.283239 0.338887 -0.931629 1.252169 0.3436654 -0.922376 1.24177 0.3178439 -0.9369558 1.235675 0.2815676 -0.9362686 1.271234 0.2823749 -0.9618004 1.237788 0.2536126 -0.9204746 1.19218 0.270923 -0.7376574 1.268574 0.2524918 -0.9298075 1.301468 0.2513195 -0.9216717 2.362999 0.5630034 0.4191952 2.361407 0.5976515 0.5723178 2.428344 0.5691149 0.3628827 2.349863 0.6025357 0.4199315 2.348392 0.634543 0.5613838 2.410228 0.6081815 0.3679109 2.470635 0.6630644 0.3147712 2.419853 0.6572046 0.5531585 2.492114 0.7329713 0.558431 2.438763 0.6221826 0.563414 2.516986 0.7042005 0.5691216 2.493735 0.628526 0.3053588 2.579693 0.8025043 0.4747803 2.538884 0.7083439 0.2773219 2.62122 0.864116 0.3761436 2.550042 0.8237828 0.4712802 2.512343 0.7367988 0.2888712 2.591442 0.8822401 0.381906 2.572888 0.8432261 0.2951889 2.646072 0.9342423 0.3495249 2.604424 0.8235519 0.2841608 2.390949 0.550677 0.6736359 2.462822 0.5781306 0.7342765 2.362488 0.5581888 0.5473641 2.368987 0.6045856 0.677713 2.431502 0.6177819 0.7214637 2.340342 0.6150342 0.5798636 2.438915 0.6644372 0.5729169 2.492441 0.7116456 0.6221056 2.478078 0.6367524 0.5466142 2.532484 0.7053666 0.6126173 2.499481 0.6307526 0.747293 2.55704 0.7480773 0.674379 2.552715 0.7235827 0.7499518 2.567775 0.805328 0.7183502 2.523868 0.7479299 0.6782509 2.518008 0.7220783 0.7292764 2.46645 0.6549881 0.7298398 1.900061 0.5446214 1.867894 1.933409 0.5599529 1.899354 1.810117 0.5039642 1.858866 1.900749 0.5781357 1.855291 1.933099 0.5944001 1.885859 1.807582 0.5502316 1.840263 1.873653 0.5821505 2.009162 1.702281 0.5085433 1.853157 1.75674 0.5318827 2.079565 1.622862 0.4745041 1.894125 1.706365 0.4586547 1.873126 1.760824 0.4819942 2.099534 1.626946 0.4246155 1.914094 1.632789 0.4271186 2.093086 1.556814 0.3945569 1.906755 1.529637 0.3829079 2.01811 1.495966 0.3684777 1.873425 1.55273 0.4444455 1.886785 1.525553 0.4327964 1.99814 1.491882 0.4183663 1.853456 1.452369 0.4014306 1.90287 1.433728 0.3676221 1.794528 1.456453 0.3515421 1.922839 1.628705 0.4770072 2.073117 1.877752 0.5321186 2.029958 1.99096 0.5821749 1.924504 1.942993 0.5724522 1.909728 2.080006 0.6441391 1.973563 1.987272 0.6099404 1.911578 1.94151 0.6000309 1.898087 2.078552 0.6929084 1.955672 1.859704 0.6890822 1.993793 2.124428 0.7133157 1.999609 1.864721 0.6935781 2.133225 2.168807 0.7234124 2.096845 2.128512 0.6634271 2.019579 1.868806 0.6436896 2.153195 2.172891 0.6735239 2.116815 1.966528 0.6380164 2.239736 2.198673 0.6630114 2.174228 2.098433 0.6139499 2.292569 2.272144 0.6270458 2.229047 2.194589 0.7129 2.154258 2.09435 0.6638384 2.272599 2.26806 0.6769344 2.209077 2.253857 0.6563464 2.287541 2.367274 0.5963389 2.265204 2.257941 0.6064578 2.30751 1.962444 0.6879049 2.219767 1.863802 0.639136 2.013781 1.936579 0.5646817 1.884158 1.988003 0.5904423 1.910359 1.931443 0.5574146 1.770757 1.919908 0.5853864 1.880652 1.971332 0.6111471 1.906854 1.926981 0.6002302 1.753387 2.063602 0.7563485 1.824308 1.924712 0.5739921 1.655671 2.136005 0.8002843 1.766134 1.982973 0.5899541 1.556479 1.928652 0.524968 1.674749 2.136724 0.7483389 1.787752 1.987057 0.5400657 1.576448 2.195215 0.7466163 1.694083 2.07503 0.5502391 1.501949 2.221302 0.6722024 1.575461 2.167937 0.549308 1.456734 2.070946 0.6001276 1.481979 2.217218 0.722091 1.555491 2.163853 0.5991964 1.436765 2.237875 0.6436454 1.462659 2.256397 0.5487371 1.379929 2.241959 0.5937568 1.482628 2.191132 0.7965048 1.674113 2.057623 0.7073556 1.84539</float_array>
          <technique_common>
            <accessor source="#NurbsPath_024-mesh-positions-array" count="796" stride="3">
              <param name="X" type="float"/>
              <param name="Y" type="float"/>
              <param name="Z" type="float"/>
            </accessor>
          </technique_common>
        </source>
        <source id="NurbsPath_024-mesh-normals">
          <float_array id="NurbsPath_024-mesh-normals-array" count="2388">0.9529963 -0.07776319 -0.2928329 0.3534457 -0.9342613 0.04724407 0.05871838 -0.9867685 0.1511297 0.1897385 0.9386516 -0.2879801 0.276808 0.9424288 -0.1876312 0.8936548 0.06137353 -0.4445385 0.04791516 0.8976617 -0.4380728 0.7035362 -0.04336822 -0.709335 0.3373298 -0.9394451 0.0604282 -0.1802789 0.8068146 -0.5626277 0.3310154 -0.2286832 -0.9154959 0.3733413 -0.9205809 0.1146606 -0.4306247 0.6892437 -0.582671 -0.06772267 -0.3706591 -0.9262967 0.403894 -0.9113099 0.07989984 -0.6359007 0.6067242 -0.4769865 -0.394823 -0.5240095 -0.7546714 0.4431381 -0.8932344 0.07590109 -0.7432053 0.536132 -0.4002603 -0.5279766 -0.5933175 -0.6076309 0.4336223 -0.9003278 0.03717285 0.7775439 0.06006222 0.6259538 0.6265307 0.0343647 0.7786388 0.01760947 0.9439862 0.3295147 -0.06677621 0.9100242 0.4091416 0.2938671 -0.1132864 0.9491093 -0.2479104 0.8350154 0.4912124 -0.1383128 -0.2854763 0.9483528 -0.4565633 0.7369408 0.4984658 -0.4986503 -0.4528412 0.7391096 -0.6520346 0.6607629 0.3718107 -0.6787204 -0.5343028 0.5038444 -0.7250815 0.6434419 0.2454375 -0.8749273 -0.2867593 0.3902198 -0.7139436 0.6699039 0.2037484 0.1999019 0.5253913 0.8270449 -0.8679419 0.3552767 0.3470669 0.1167058 0.3042164 0.945427 0.9127941 -0.2624027 0.3129728 0.8360918 -0.4015047 0.3738242 0.2853547 -0.7726551 -0.5670776 -0.757083 -0.3054639 -0.5775097 0.3502675 -0.6464856 -0.6777676 -0.6850922 -0.07382559 -0.7247059 0.2065274 0.5464264 0.8116433 -0.7556917 0.6266555 0.1903497 0.8338533 -0.3787162 0.4015753 0.2677452 -0.7516887 -0.6027244 -0.6820775 0.7240112 0.1028503 0.2059725 0.5496467 0.8096073 0.7059404 -0.4991421 0.5024992 -0.6624801 -0.04141449 -0.7479339 0.1817412 -0.8208415 -0.5414697 -0.5644484 0.8254467 -0.005981683 0.1651107 0.5307958 0.8312607 0.5227118 -0.6051151 0.6005066 -0.5854867 0.01956301 -0.8104461 0.1139296 -0.8518019 -0.5113254 -0.4148473 0.9039479 -0.1038262 0.06286966 0.5105262 0.8575608 0.2640808 -0.6881117 0.675843 -0.4433564 0.08975774 -0.8918401 0.07153648 -0.8562102 -0.5116509 -0.2209899 0.9588235 -0.178385 -0.1130722 0.5090538 0.8532755 -0.09988969 -0.7310289 0.6749956 -0.2123808 0.1581487 -0.9643046 0.06637936 -0.8457798 -0.5293868 0.03912484 0.9786409 -0.2018197 -0.3492912 0.5563023 0.754005 -0.5299308 -0.6857911 0.4988626 0.1394428 0.1912646 -0.971583 0.1179263 -0.8406827 -0.528532 0.338852 0.9346126 -0.1080676 0.50043 0.8634913 0.06287038 -0.5703725 0.6044319 0.5561811 0.1436246 -0.8956245 -0.4209856 0.8754415 -0.03106844 -0.4823245 0.5799149 0.1313827 -0.8040132 -0.4080113 0.8059512 0.4289169 -0.8674902 -0.4736786 0.1519519 -0.7772637 -0.5776985 0.2492505 0.3379696 -0.863266 -0.3748978 0.963366 0.06103819 -0.2611519 -0.7178833 -0.6900798 -0.09183359 -0.7997226 -0.2363094 0.5519075 0.008118033 -0.9962328 -0.08633834 0.3830197 -0.7384498 0.5549666 -0.110417 -0.267131 0.9573135 -0.3442537 -0.7981926 0.4943459 0.08148759 -0.5639127 0.8218042 0.1443868 -0.9313271 0.334339 0.5359827 -0.7632611 0.3607705 0.6481917 -0.341751 -0.6804807 0.6735957 -0.3542703 0.6486613 0.8989094 -0.08093661 -0.4305939 0.2169281 -0.1356564 0.9667158 0.747591 0.1886373 0.6368075 0.4583725 0.5835331 0.6703611 0.8030487 0.3825262 -0.4569317 0.4862274 0.7432882 -0.4594623 0.2283124 0.3019546 -0.9255793 0.1220785 0.2570668 -0.958652 0.1908966 0.8491621 -0.4924249 0.05600225 0.8196474 -0.5701245 0.047091 0.7541585 0.6550018 -0.2010301 0.7530007 0.6265596 0.1775301 0.0669896 0.9818328 -0.05237019 0.2005692 0.9782788 -0.3941805 0.1948624 0.8981372 -0.4165282 0.7209283 0.5538653 -0.5728752 0.01681602 0.8194701 -0.7687366 0.4972419 0.402237 -0.0587809 0.8339815 -0.5486528 -0.3610997 0.6879267 -0.6295745 0.2404882 0.335066 -0.9109864 0.2620058 0.2700017 -0.9265269 -0.6031236 0.3079098 -0.7358217 0.09854578 0.3223415 -0.9414801 -0.6049214 -0.09161865 -0.790997 -0.8888719 -0.342334 0.3044902 -0.9505533 0.04187244 0.3077258 -0.4823304 -0.2962834 0.8243626 -0.5576857 -0.2065265 0.8039488 -0.3577455 -0.460534 0.8123587 -0.6393476 -0.7118003 0.2908179 -0.2559688 -0.9540768 0.15562 -0.4448518 -0.4480563 -0.7754692 -0.08780407 -0.4428353 -0.8922934 0.03180044 0.1213423 -0.9921013 0.08374321 0.2558685 -0.9630777 0.1179878 -0.5025928 -0.8564342 0.2346273 0.18183 -0.9549283 0.3651958 -0.5765431 -0.7309105 -0.04934889 -0.9737638 0.2221464 -0.06320536 -0.6483207 0.7587394 -0.1822915 -0.6539668 0.7342324 0.2651518 0.2610927 -0.9281839 0.3839047 0.234878 -0.8930003 -0.05514717 -0.4258574 -0.9031081 -0.2781843 0.1852222 -0.9425001 0.2823324 -0.3963518 -0.8736097 0.3848449 -0.9137091 0.1304993 -0.3311036 0.1253426 -0.9352325 0.424857 -0.08136403 -0.9015967 0.7602066 -0.6254636 0.1757304 -0.3951047 0.0802356 -0.9151255 0.3922956 0.2843792 -0.8747758 0.1560463 0.6168303 -0.7714728 0.9552027 -0.2386023 0.175091 0.9571273 0.2509937 0.1446021 0.6664348 0.03289902 0.7448371 0.6847727 0.664538 0.2991245 0.3492294 0.8076865 0.4750593 0.550112 0.2268201 0.8036975 0.1316576 0.7985211 0.5873929 0.3609479 0.2838265 0.8883463 -0.06494587 0.7408958 -0.6684725 -0.3813096 0.0427882 -0.9234567 -0.3044907 0.04529058 -0.951438 -0.1842427 0.7457911 -0.6401956 -0.1897668 0.1485052 -0.9705333 -0.3210609 0.7891629 -0.5235857 -0.2887137 0.2692118 -0.918787 -0.6730677 0.6567094 -0.3401656 -0.3749298 0.513518 0.7718335 -0.07492333 0.7501797 0.6569756 0.05456876 -0.008423328 0.9984745 0.1023313 0.1903185 0.9763746 0.1760363 -0.08804863 0.9804381 -0.5131152 0.0948224 0.8530659 -0.4417047 -0.2602069 0.8585973 -0.9491223 0.2073792 -0.236983 -0.9415208 -0.2310617 -0.2452532 -0.4904484 0.1543676 -0.8576895 -0.4625249 -0.1044687 -0.8804301 -0.7402776 -0.5881386 -0.3257026 -0.4112201 -0.7590819 -0.504671 -0.2772054 -0.5856013 0.7617273 3.96749e-4 -0.7667031 0.6420017 0.2438801 -0.1424643 0.9592843 0.1904093 -0.8191353 0.5410749 0.2613651 -0.20344 0.9435574 0.3427345 -0.5592402 0.75484 -0.1347726 -0.7531519 -0.6438933 -0.2870949 0.2734223 -0.9180506 -0.3529193 -0.1235095 -0.9274662 0.4721055 -0.4309958 0.7689988 0.6196207 -0.1870184 0.7622955 0.6878959 -0.7027586 -0.1814653 0.2077138 -0.8054633 0.5550531 0.2830065 -0.9246771 -0.254715 0.950336 -0.2556895 -0.1774383 0.5555785 -0.6142066 0.5604311 0.5249322 -0.5177296 -0.6755756 0.6884576 -0.195477 -0.6984375 0.2226728 -0.6366134 -0.7383361 0.7900283 -0.248612 0.5603995 0.9356636 0.2870044 -0.2053344 0.8137692 0.2182137 0.5386674 0.6679431 0.1870826 -0.720314 0.2223302 -0.02374368 0.9746823 0.1793608 -0.1155148 0.9769781 0.09711074 -0.202309 0.9744951 0.002533078 -0.2199211 0.9755144 0.002594053 -0.823394 0.5674643 0.001770079 -0.2018231 0.9794204 0.01208549 -0.9590882 -0.2828496 -0.2804973 -0.9290503 -0.2412198 -0.1966087 -0.8117356 0.5499367 0.005371332 -0.2336535 0.9723051 -0.09354048 -0.2185766 0.9713261 -0.5585064 -0.6163714 0.5551187 -0.6957722 -0.6960163 -0.1773764 -0.1634613 -0.1072142 0.9807067 -0.7813063 -0.2613103 0.5668134 -0.2048743 -0.02932876 0.9783488 -0.8354736 0.1428316 0.530644 -0.9473818 0.2000544 -0.2498924 -0.9463403 -0.2627095 -0.188212 -0.6656199 0.1528393 -0.7304728 -0.6942584 -0.1748464 -0.6981649 -0.5386046 -0.5010659 -0.6773759 -0.2248672 -0.6221694 -0.7498933 -0.1858944 -0.153208 -0.9705517 -0.1101443 -0.2402484 -0.9644423 -0.2129328 -0.07230007 -0.9743882 -0.2044191 0.06375509 -0.9768051 -0.4520153 0.5042026 -0.735841 -0.6605964 0.7101602 -0.2434852 -0.1487501 0.6493552 -0.7457957 -0.2324023 0.9474021 -0.2200422 -0.1186267 0.1722483 -0.9778846 -0.03119057 0.6304352 -0.775615 -0.04556512 0.215435 -0.9754546 -0.02026444 0.9784317 -0.2055744 0.0070194 0.2241027 -0.9745403 -0.0280469 0.215006 -0.9762099 0.1093515 0.6733223 -0.7312178 0.1092581 0.1885465 -0.9759677 0.1796982 0.9645352 -0.1933404 0.5972666 0.7807803 -0.1834527 0.433991 0.5533843 -0.7109273 0.548767 0.6130711 0.5683299 0.1963005 0.792893 0.5768769 0.2270604 0.114873 0.9670822 -0.01986777 0.7971534 0.60345 0.1049551 0.2763504 0.9553089 -0.1312951 0.2435155 0.9609692 -0.01782292 0.2989313 0.9541082 -0.2401289 0.7812736 0.5761507 -0.241713 0.08682745 0.9664553 -0.6177361 0.574216 0.5372879 0.1896765 0.06402915 -0.9797567 0.2052125 -0.08926928 -0.9746378 0.1784142 -0.169106 -0.969315 0.01239067 -0.6351599 -0.7722814 0.1062659 -0.2467737 -0.9632292 -0.002075254 -0.2873333 -0.9578284 0.5835283 -0.3799038 0.717752 0.3398587 -0.9394943 0.04297059 0.7090481 -0.7050806 0.01059007 0.3166667 -0.576934 0.7529074 0.1175914 0.2202892 0.9683207 0.1179252 0.1228387 0.9853956 0.7044188 -0.08096802 0.7051513 0.9560621 -0.2931635 -7.01932e-4 0.02591073 0.2397891 0.9704791 -0.06613451 0.1877219 0.9799933 0.4130156 0.6045537 0.6811262 0.6666406 0.2971698 0.6835791 0.9632843 0.2683877 -0.007172048 0.6375818 0.770372 -0.004059076 0.9618464 0.2722627 0.02691799 0.6350107 0.7719194 0.03003078 0.9585817 -0.2807168 0.04815948 0.1620574 0.9867804 0.001403868 0.1637674 0.9857481 0.03848499 0.09283965 0.7062773 0.7018215 -0.004669368 0.9998357 0.01751792 -0.005859553 0.9975334 0.06994879 -0.06878924 0.08401811 0.9940871 -0.02749782 0.6112398 0.7909677 -0.01763975 0.02026438 0.999639 -0.03482174 -0.05294978 0.99799 -0.03665322 -0.03622597 0.9986714 -0.1471948 0.6894929 0.7091779 0.07000982 0.06308209 0.9955498 -0.6837228 0.7266634 -0.0669592 -0.1734728 0.9846813 -0.01760971 -0.6879946 0.7256553 0.009369373 -0.1765824 0.9826176 0.05728399 -0.9813731 0.1920263 -0.005737543 -0.9811558 0.1867458 -0.04959338 -0.4822385 0.6002269 0.6381016 -0.9496246 -0.3113839 0.03540182 -0.6713092 0.2873421 0.6832119 -0.9469705 -0.3212723 -0.005584955 -0.6949596 -0.06460976 0.7161402 0.1264086 0.2416168 0.962103 -0.5827097 -0.3741086 0.7214515 -0.01425248 0.2805329 0.9597387 -0.3164205 -0.5767167 0.7531773 -0.1201235 0.2287108 0.9660547 -0.3386382 -0.9399224 0.04324531 -0.7054237 -0.7086282 0.01495444 -0.3380014 -0.9365463 0.09293133 -0.713359 -0.6969702 0.07315486 0 -0.9984341 0.05594158 0 -0.9999911 0.004242122 0.3402259 -0.9357738 0.09259462 0 -0.6652538 0.7466174 0 0.06183105 0.9980868 -0.1182606 0.1230216 0.9853326 0.7192702 -0.6911318 0.07062077 0.3428259 -0.928923 0.1399015 0.7242029 -0.6818415 0.1030651 0 -0.994741 0.1024222 0.2029836 -0.7408246 -0.6402941 0.4682982 -0.574233 -0.6715307 0 -0.7185938 -0.6954301 -0.07907402 -0.02087479 -0.9966502 -0.1056261 -0.09631782 -0.9897302 -0.05639952 -0.1377943 -0.9888538 0.673713 -0.2901162 -0.6796642 0.00576806 -0.1542123 -0.988021 0.7040407 0.09775203 -0.7033998 0.9608309 0.2756785 0.02838265 0.9592702 -0.2731137 0.07217717 0.6397639 0.7684918 0.01107829 0.47064 0.4854114 -0.7367998 0.1736848 0.9841224 0.03656196 0.1174396 0.6742402 -0.7291145 0.01980692 -0.09863805 -0.9949263 -0.00601226 -0.06274765 -0.9980114 0.02881002 0.6730997 -0.7389905 0.03427314 -0.01901346 -0.9992317 0.05441498 0.008423149 -0.9984829 -0.1024512 0.7229879 -0.6832221 -0.001220703 0.994486 0.1048626 -0.1894013 0.9782274 0.08484297 -0.5061895 0.4639511 -0.726995 -0.02264487 -0.08011168 -0.9965288 -0.9793554 0.2017918 0.01196342 -0.7282457 0.01629716 -0.6851223 -0.6921179 0.7217522 0.006836295 -0.9521217 -0.2980759 0.06793457 -0.6703578 -0.3326306 -0.6633079 -0.06134343 -0.1980997 -0.9782605 0.04348897 -0.1739255 -0.9837981 -0.4635807 -0.5820243 -0.6680873 0.1081607 -0.1010802 -0.9889814 -0.2003259 -0.741212 -0.6406828 0.07892251 -0.02078354 -0.9966641 -0.7200167 -0.6860485 0.1044683 -0.340166 -0.9298869 0.1399912 0 0.01864695 -0.9998262 -0.3477067 0.3477067 -0.870747 0.3477067 -0.3477067 -0.870747 -0.3477067 -0.3477067 -0.870747 -0.877672 -0.3461796 -0.3314388 -0.3461796 -0.877672 -0.3314388 0.3461796 -0.877672 -0.3314388 -0.877672 -0.3461796 0.3314388 -0.3461796 -0.877672 0.3314388 0.3461796 -0.877672 0.3314388 -0.3477067 -0.3477067 0.870747 0.3477067 -0.3477067 0.870747 0.877672 -0.3461796 0.3314388 0.3477067 0.3477067 0.870747 0.877672 0.3461796 0.3314388 -0.3477067 0.3477067 0.870747 0.3461796 0.877672 0.3314388 -0.3461796 0.877672 0.3314388 0.3461796 0.877672 -0.3314388 0.877672 0.3461796 -0.3314388 0.3477067 0.3477067 -0.870747 0.877672 -0.3461796 -0.3314388 -0.3461796 0.877672 -0.3314388 -0.877672 0.3461796 -0.3314388 -0.877672 0.3461796 0.3314388 0.6763098 -0.6531456 0.3405964 0.6437429 0.4012367 0.6516168 0.5683349 -0.3450844 0.7469353 0.4444875 0.5822224 0.6807702 0.4432616 -0.477077 0.7588918 0.2044189 0.9741181 0.09647178 0.7901072 0.5549275 0.2603579 0.8376593 0.4970655 -0.2263911 0.7664328 0.1987116 -0.6108146 0.2519376 0.9408825 -0.2264234 0.6499701 -0.5730308 -0.4991741 0.6245785 0.3213077 -0.7118028 0.7110785 -0.6996336 -0.06985956 0.3332343 -0.9381161 -0.09430295 0.3024799 -0.9154968 0.2652765 0.07815927 -0.6442877 0.760779 0.08084601 -0.3865289 0.918727 -0.009521961 -0.6857657 0.7277601 -0.08084601 -0.3865289 0.918727 0.05978655 -0.06335723 0.9961985 -0.05978655 -0.06335723 0.9961985 0.1479858 -0.07361137 0.9862463 -0.1479858 -0.07361137 0.9862463 -0.2100344 -0.3107483 0.9269958 -0.07815927 -0.6442877 0.760779 0.009521961 -0.6857657 0.7277601 -0.6998984 -0.7142425 0 -0.629378 0.5759685 -0.5216739 -0.5350562 -0.5806209 -0.6136727 0.1468882 -0.9891532 0 0.07703042 -0.6225002 -0.7788195 -0.137763 0.9904653 0 -0.7258798 0.6878217 0 0.03543281 -0.758769 0.6503953 0 0.6333026 0.7739043 0 -0.7882747 0.6153236 0.08975696 -0.9959637 0 -0.08975696 -0.9959637 0 -0.03543281 -0.758769 0.6503953 0.08411127 0.9964564 0 0.0906111 0.6160885 0.7824479 -0.08411127 0.9964564 0 -0.0906111 0.6160885 0.7824479 0.6998984 -0.7142425 0 0.629378 0.5759685 -0.5216739 0.7258645 0.6878378 0 -0.1468882 -0.9891532 0 0.5350562 -0.5806209 -0.6136727 -0.07703042 -0.6225002 -0.7788195 0.137763 0.9904653 0 0.7131733 -0.6830204 -0.1576929 0.3399783 -0.9402202 0.02002024 0.2958492 -0.9178832 -0.2645064 0.9535573 -0.2527255 -0.1638855 0.7337054 -0.6775811 0.05060034 0.6385313 -0.6507696 -0.4108244 0.1884267 -0.8101066 -0.5551782 0.9084138 -0.2162308 -0.3578109 0.8570287 0.2392673 -0.4563475 0.9423592 0.2497047 -0.2227261 0.9619935 -0.2725968 0.01611405 0.9626431 0.2701578 0.01825058 0.7117095 -0.6878129 0.1427692 0.9484655 0.2809872 0.1464905 0.9548162 -0.2746706 0.1135 0.631383 0.754101 0.1807962 0.6370199 0.7707535 0.0120244 0.6058379 0.7562673 -0.2470229 0.1391652 0.9901786 -0.01339769 0.1318727 0.9532923 -0.2717414 0.153603 0.9731653 0.1713347 0 0.9999813 -0.006134271 0 0.9619982 -0.273056 -0.1318727 0.9532923 -0.2717414 -0.153603 0.9731653 0.1713347 0 0.9875417 0.1573572 -0.6058379 0.7562673 -0.2470229 -0.1391652 0.9901786 -0.01339769 -0.6370199 0.7707535 0.0120244 -0.9626431 0.2701578 0.01825058 -0.631383 0.754101 0.1807962 -0.9484655 0.2809872 0.1464905 -0.9619935 -0.2725968 0.01611405 -0.9548162 -0.2746706 0.1135 -0.9423592 0.2497047 -0.2227261 -0.9535573 -0.2527255 -0.1638855 -0.7337054 -0.6775811 0.05060034 -0.7117095 -0.6878129 0.1427692 -0.7131882 -0.6830041 -0.1576961 -0.3399783 -0.9402202 0.02002024 -0.3360156 -0.9260114 0.1720363 0.1571116 -0.9676645 0.1973356 -0.2958492 -0.9178832 -0.2645064 0.1644068 -0.976858 -0.1368175 0.9962437 0.05948221 0.06293094 0.565026 -0.8227577 0.06177014 0.7189612 0.1436213 0.6800498 0.979396 0.2019464 -0.001098692 0.7513825 0.1227481 -0.6483497 0.6802715 0.2067671 0.7031914 0.8686941 -0.4915397 0.06131273 0.6470366 0.213451 -0.7319715 0.5746842 -0.4650272 0.6734151 0 -0.9997131 0.02395743 0.6733859 -0.4375604 -0.5958964 -0.6733859 -0.4375604 -0.5958964 -0.8686941 -0.4915397 0.06131273 -0.5746842 -0.4650272 0.6734151 0 0.2242532 0.974531 0 -0.607697 0.794169 -0.7189612 0.1436213 0.6800498 0 0.08933037 0.9960021 -0.1571116 -0.9676645 0.1973356 0 -0.8425186 0.5386675 0 -0.9457347 -0.3249399 -0.565026 -0.8227577 0.06177014 -0.1644068 -0.976858 -0.1368175 -0.9962437 0.05948221 0.06293094 -0.979396 0.2019464 -0.001098692 -0.6802715 0.2067671 0.7031914 -0.7513825 0.1227481 -0.6483497 -0.6470366 0.213451 -0.7319715 0 0.2361896 -0.9717071 0 -0.5841906 -0.8116166 0 0.0761457 -0.9970967 0 -0.8327961 -0.5535799 0 -0.9865954 0.1631863 0.3360156 -0.9260114 0.1720363 0 -0.9140895 0.4055126 -0.3116639 -0.8625386 0.3986135 0.3116639 -0.8625386 0.3986135 0 -0.6836578 0.7298027 0.5349696 -0.4392921 0.7216855 0.2300843 -0.6440162 0.729592 0 -0.4251297 0.9051325 0.271165 -0.2590182 0.9270271 0.6156983 -0.1325762 0.7767492 0.4063655 0.1894643 0.8938515 0.5364602 -0.4106004 0.7373046 0.7759597 0.1188431 0.619486 0 -0.6537272 0.7567304 0.5669666 -0.5045841 0.6511097 0 -0.6796606 0.7335268 -0.271165 -0.2590182 0.9270271 -0.5364602 -0.4106004 0.7373046 -0.5669666 -0.5045841 0.6511097 -0.7759597 0.1188431 0.619486 -0.4063655 0.1894643 0.8938515 -0.6156983 -0.1325762 0.7767492 -0.5349696 -0.4392921 0.7216855 -0.2300843 -0.6440162 0.729592 -0.6569936 -0.6504624 0.3811277 -0.869896 -0.258103 0.4203139 -0.8600516 0.2560531 0.4413025 -0.5996076 0.1512829 0.7858653 -0.5749809 0.6965387 0.4292214 -0.4497005 0.4930073 0.7447907 -0.1638279 0.8936986 0.417688 -0.2153716 0.6871626 0.6938462 0 0.9365561 0.3505181 0 0.8205131 0.5716277 -0.4586445 0.7545905 0.4692957 0 0.9518007 0.3067175 -0.6571738 0.7183957 0.2281018 0 0.995503 0.09473133 0.4586445 0.7545905 0.4692957 0.6571738 0.7183957 0.2281018 0.8979282 0.01632761 0.439839 0.2153716 0.6871626 0.6938462 0.1638279 0.8936986 0.417688 0.4497005 0.4930073 0.7447907 0.5749809 0.6965387 0.4292214 0.5996076 0.1512829 0.7858653 0.8600516 0.2560531 0.4413025 0.869896 -0.258103 0.4203139 0.6569936 -0.6504624 0.3811277 0.2868798 0.5985412 0.7479629 0.4039607 0.2294482 0.8855334 0 0.2617614 0.9651327 0 0.7261613 0.6875246 0.2283113 -0.02212613 0.9733368 -0.2283113 -0.02212613 0.9733368 0 -0.04516816 0.9989795 -0.2868798 0.5985412 0.7479629 -0.8979282 0.01632761 0.439839 -0.4039607 0.2294482 0.8855334 0 -0.7100914 -0.7041096 -0.1884267 -0.8101066 -0.5551782 -0.1523821 -0.6190508 -0.7704257 0 -0.2636545 -0.9646173 -0.4715299 -0.2805679 -0.8360271 0.1523821 -0.6190508 -0.7704257 0.4715299 -0.2805679 -0.8360271 -0.1992289 -0.7461622 -0.6352557 0.3609872 -0.7337855 -0.5755408 -0.1561074 -0.846673 -0.5086997 0.8145504 -0.3219748 -0.4825349 0.437892 -0.8344607 -0.3345534 0.8595261 -0.3769182 -0.3451777 -0.09717249 -0.9563434 -0.2756171 -0.646158 -0.7232196 -0.2437894 -0.6186189 -0.5833696 -0.5262991 -0.9505594 -0.1464324 -0.2738512 -0.9719173 -0.1301953 -0.1960254 -0.904105 -0.1423116 -0.4029164 -0.6367873 -0.6469197 -0.4195197 -0.6385313 -0.6507696 -0.4108244 -0.9084138 -0.2162308 -0.3578109 -0.8570287 0.2392673 -0.4563475 -0.8493912 0.3160916 -0.4226356 -0.5275221 0.6598223 -0.5351214 -0.5083628 0.6646225 -0.5475803 -0.512081 0.8013111 -0.3093117 -0.8831606 0.3961374 -0.2512024 -0.8952549 0.4068841 -0.1815596 -0.4958798 0.8474637 -0.1894952 -0.05557525 0.929368 -0.3649475 0.01220756 0.9727324 -0.2316088 -0.1199399 0.7805859 -0.613433 0.469302 0.7436134 -0.47623 0.5646073 0.7572453 -0.3283268 0.1259207 0.6295427 -0.7666944 -0.1315377 0.8012813 -0.583649 0 0.7209017 -0.6930374 0.1315377 0.8012813 -0.583649 -0.1259207 0.6295427 -0.7666944 0.1199399 0.7805859 -0.613433 0 0.2378939 -0.9712911 0.5120238 0.1996883 -0.8354378 -0.5120238 0.1996883 -0.8354378 -0.469302 0.7436134 -0.47623 -0.8704599 0.189858 -0.4541516 -0.01220756 0.9727324 -0.2316088 0.05557525 0.929368 -0.3649475 -0.5646073 0.7572453 -0.3283268 -0.8595261 -0.3769182 -0.3451777 -0.9230492 0.1532667 -0.3528309 -0.8145504 -0.3219748 -0.4825349 -0.437892 -0.8344607 -0.3345534 -0.3609872 -0.7337855 -0.5755408 0.09717249 -0.9563434 -0.2756171 0.1561074 -0.846673 -0.5086997 0.1992289 -0.7461622 -0.6352557 0.646158 -0.7232196 -0.2437894 0.6186189 -0.5833696 -0.5262991 0.6367873 -0.6469197 -0.4195197 0.904105 -0.1423116 -0.4029164 0.9505594 -0.1464324 -0.2738512 0.8493912 0.3160916 -0.4226356 0.8831606 0.3961374 -0.2512024 0.9719173 -0.1301953 -0.1960254 0.4958798 0.8474637 -0.1894952 0.8952549 0.4068841 -0.1815596 0.512081 0.8013111 -0.3093117 0.5083628 0.6646225 -0.5475803 0.5275221 0.6598223 -0.5351214 0.4195174 0.7845885 -0.4565372 -0.07849574 0.8307672 -0.5510574 0.7194575 0.3844493 -0.5784287 0.01959311 0.3322901 -0.9429737 0.1303174 -0.3372993 -0.9323341 0.7921504 -0.1702958 -0.5860863 0.08386611 -0.8378679 -0.5393923 0.5874705 -0.6669129 -0.4583729 -0.6176477 -0.4149697 -0.6680655 -0.3919619 -0.8076069 -0.4406099 -0.6944306 0.2151288 -0.6866483 -0.5431886 0.7011888 -0.4618232 0.8704599 0.189858 -0.4541516 0.9230492 0.1532667 -0.3528309 0.6944306 0.2151288 -0.6866483 0.5431886 0.7011888 -0.4618232 -0.01959311 0.3322901 -0.9429737 0.6176477 -0.4149697 -0.6680655 -0.1303174 -0.3372993 -0.9323341 0.07849574 0.8307672 -0.5510574 -0.7194575 0.3844493 -0.5784287 -0.4195174 0.7845885 -0.4565372 -0.7921504 -0.1702958 -0.5860863 -0.08386611 -0.8378679 -0.5393923 -0.5874705 -0.6669129 -0.4583729 0.3919619 -0.8076069 -0.4406099 -0.1713969 -0.9348704 -0.3108707 0.3692563 -0.509921 0.7769367 0.2410423 -0.4475978 0.8611359 -0.7248672 0.2906976 -0.6245498 0.03473097 -0.8608583 -0.5076583 -0.5395792 0.6399873 -0.5470563 -0.4380489 0.6983817 0.5660179 -0.3971775 0.6547294 0.6431015 -0.7594683 0.2336238 -0.6071473 0.2877342 -0.6478598 -0.7053273 0.5602515 -0.1580314 0.8131079 0.8318678 0.1082524 0.5443139 0.6216766 -0.09155768 -0.7779045 0.8929637 -0.07126247 0.4444523 -0.3773737 0.8175871 0.434903 -0.3406559 0.8082414 0.480312 -0.5470629 0.5429123 -0.6371566 -0.69862 0.3256422 -0.6370929 0.5207569 0.8535431 0.01663321 0.4239818 -0.3818033 -0.8212587 0.1697778 -0.9395917 0.2972255 -0.6271941 0.3038157 0.7171638 -0.561802 0.5786486 0.5912227 0.4900149 -0.1134395 -0.8643014 0.2242246 -0.7203145 0.6564072 -0.3863708 0.7883063 -0.4788434 -0.4239441 0.7815086 -0.457729 0.2572115 -0.3735487 -0.8912372 -0.4390837 0.8382174 -0.3234149 0.731275 0.2470239 -0.6357799 0.5140969 -0.05768138 0.8557904 0.4613826 -0.3542312 0.8134165 -0.5950683 0.7636272 -0.2505342 0.7703638 0.2706741 -0.5772998 0.3585103 0.9153657 0.1832379 -0.6946306 0.4647555 0.5490817 -0.6167547 0.4619022 0.6373854 0.8592706 -0.4161306 0.2974715 0.306963 -0.7520562 -0.583254 0.4041696 -0.7894476 -0.4619735 -0.1581506 0.4909629 -0.8567053 -0.1069705 0.7241033 -0.6813457 0.2298387 0.9593045 0.1640397 0.3087619 0.8395505 0.4470136 -0.3972659 0.4299823 -0.8107374 -0.1209805 0.7702893 0.6261138 -0.4711003 0.6797016 0.5622013 0.1183232 -0.788801 -0.6031523 -0.4243646 0.5370097 -0.7290648 0.7251908 -0.3476716 0.5943256 -0.08948236 -0.5461415 0.8329001 0.3341808 -0.4190841 0.8442109 -0.346973 -0.6728571 0.6533553 0.2891945 -0.8212562 -0.4918382 -0.03640967 0.6135631 -0.7888059 -0.5423654 -0.7622902 0.3532044 0.4762247 -0.7517234 -0.456204 0.1220769 0.6774357 -0.7253814 -0.6664184 0.6257972 0.4052957 -0.823235 0.5330854 0.1952032 -0.427119 -0.1979793 -0.8822548 0.5301571 -0.7438253 -0.4070103 0.3779231 -0.8914749 0.2498937 -0.7301138 -0.6827783 -0.02734529 -0.5301241 -0.8373947 0.1331872 0.2499517 0.3282943 -0.9109045 0.5675352 -0.7769885 -0.2723839 -0.7317864 0.5550199 -0.3955272 -0.5604617 0.3132531 -0.766652 0.5657331 0.6418478 -0.5176655 0.3679953 0.4607418 -0.8076487 0.6563812 -0.6791793 -0.32845 -0.3331817 0.7332622 0.5927197 -0.7220285 0.6376728 0.2684183 0.6094049 0.7609322 -0.2227282 0.6788 -0.6457176 -0.3496848 -0.6951024 -0.5874006 0.4144795 -0.409997 -0.5876807 0.6975198 -0.205824 -0.6767104 0.7068943 0.5836791 0.7948108 -0.1661158 0.3851805 -0.7168001 -0.5812347 0.05426293 -0.6234136 0.7800071 0.6738312 0.5789473 -0.4590988 0.02899336 -0.7553845 -0.6546401 -0.1179259 0.6832624 0.7205873 0.2114945 0.7040051 0.6779726 0.9253803 -0.3752366 0.05356162 0.7981602 -0.4808554 0.3629305 -0.3676019 -0.9216754 0.1240294 0.6165792 -0.1445693 0.7739056 -0.9539448 0.2862109 0.08984911 -0.09030568 -0.9936069 0.06775212 -0.3074546 0.7026836 0.6416444 -0.9254208 0.3782191 -0.02337735 -0.2423821 0.8082661 0.5366162 -0.9254137 0.224105 -0.3055922 -0.417713 -0.9081526 0.02783328 0.1506435 0.9344112 0.3227728 -0.7416408 0.2555656 -0.6202059 -0.2318235 -0.9333979 -0.2739094 0.7221744 -0.1803376 0.6677893 0.8709487 -0.2327982 0.4327276 0.8399059 -0.3521989 0.4129334 -0.1425859 -0.9435026 -0.2991191 0.7895117 -0.4404284 0.4274271 -0.5410804 0.2643905 -0.7983294 -0.1404785 -0.9761166 -0.1657176 0.5208998 0.7573921 -0.3937267 0.429373 0.8968643 -0.1061758 0.5970431 0.653137 -0.4657809 0.5017987 -0.4323367 -0.7491883 -0.4200058 0.3049483 -0.8547525 0.6882432 0.7237069 0.05069273 0.07205474 -0.3455944 0.9356135 0.09186255 0.3233197 -0.9418204 0.1890949 0.2443951 -0.9510595 -0.2277059 0.2248371 0.9474167 0.02972537 0.1784438 -0.983501 0.1392266 0.1770089 -0.974312 -0.1241516 -0.6203309 0.7744522 0.2293518 0.2566666 0.938893 -0.2420775 0.06912577 -0.9677913 0.2237387 -0.0909177 0.9703994 -0.5238965 -0.01348954 -0.8516751 0.2403995 -0.2443671 0.939411 -0.2295336 -0.09161812 -0.9689791 0.4626721 -0.684242 -0.563691 0.2100344 -0.3107483 0.9269958 -0.1203371 0.7554106 -0.6441071 0 -1 0 0 1 0 0.1203371 0.7554106 -0.6441071 -0.2020378 0.8273786 0.5240471</float_array>
          <technique_common>
            <accessor source="#NurbsPath_024-mesh-normals-array" count="796" stride="3">
              <param name="X" type="float"/>
              <param name="Y" type="float"/>
              <param name="Z" type="float"/>
            </accessor>
          </technique_common>
        </source>
        <source id="NurbsPath_024-mesh-map-0">
          <float_array id="NurbsPath_024-mesh-map-0-array" count="8250">0.3676272 0.01105159 0.4006916 0.01685112 0.3650637 0.01805049 0.3994724 0.00494498 0.3676272 0.01105159 0.3641166 0.003170907 0.3996065 0.01110583 0.4449419 0.003845274 0.4454308 0.009790956 0.4006916 0.01685112 0.4454308 0.009790956 0.4461846 0.01534914 0.4454308 0.009790956 0.4878256 0.003476917 0.4886223 0.009376168 0.4461846 0.01534914 0.4886223 0.009376168 0.4884259 0.01503843 0.4886223 0.009376168 0.5268231 0.003107905 0.5272048 0.009060621 0.4884259 0.01503843 0.5272048 0.009060621 0.5279165 0.01482194 0.5272048 0.009060621 0.568353 0.002932369 0.5688932 0.009045004 0.5279165 0.01482194 0.5688932 0.009045004 0.5691606 0.01510316 0.5688932 0.009045004 0.6119215 0.003237187 0.6122308 0.009122908 0.5691606 0.01510316 0.6122308 0.009122908 0.6131545 0.0152949 0.5691606 0.01510316 0.613695 0.022695 0.5689544 0.02221739 0.5689544 0.02221739 0.6127369 0.03012168 0.5683236 0.02874839 0.5282438 0.02149254 0.5691606 0.01510316 0.5689544 0.02221739 0.5282438 0.02149254 0.5683236 0.02874839 0.5275043 0.02814841 0.4884259 0.01503843 0.5282438 0.02149254 0.4877921 0.02166509 0.4877921 0.02166509 0.5275043 0.02814841 0.4875526 0.02798169 0.4461846 0.01534914 0.4877921 0.02166509 0.4466119 0.02249103 0.4466119 0.02249103 0.4875526 0.02798169 0.4461395 0.02885907 0.4015998 0.02370071 0.4461846 0.01534914 0.4466119 0.02249103 0.4015998 0.02370071 0.4461395 0.02885907 0.4011575 0.03024518 0.3650637 0.01805049 0.4015998 0.02370071 0.3601704 0.02708786 0.3601704 0.02708786 0.4011575 0.03024518 0.3601549 0.03592145 0.3656103 0.04257369 0.4011575 0.03024518 0.4004963 0.03571242 0.4011575 0.03024518 0.4455367 0.03411614 0.4004963 0.03571242 0.4461395 0.02885907 0.4878584 0.03321886 0.4455367 0.03411614 0.4875526 0.02798169 0.5265889 0.03356951 0.4878584 0.03321886 0.5275043 0.02814841 0.5678316 0.03425431 0.5265889 0.03356951 0.5683236 0.02874839 0.6114598 0.03598642 0.5678316 0.03425431 0.4552747 0.9519451 0.5143345 0.9383244 0.5113297 0.9510824 0.455344 0.9623085 0.5113297 0.9510824 0.5101695 0.9617171 0.5099076 0.9722824 0.455344 0.9623085 0.5101695 0.9617171 0.5109343 0.9836041 0.4554166 0.9728431 0.5099076 0.9722824 0.5148761 0.9970138 0.4553262 0.9833047 0.5109343 0.9836041 0.4011417 0.9530864 0.4549442 0.9419988 0.4552747 0.9519451 0.4011704 0.9628006 0.4552747 0.9519451 0.455344 0.9623085 0.4554166 0.9728431 0.4011704 0.9628006 0.455344 0.9623085 0.4553262 0.9833047 0.4011977 0.972336 0.4554166 0.9728431 0.4009057 0.9911214 0.4553262 0.9833047 0.4549772 0.9933359 0.3563763 0.9532741 0.4010224 0.943777 0.4011417 0.9530864 0.4011704 0.9628006 0.3563763 0.9532741 0.4011417 0.9530864 0.4011977 0.972336 0.3564147 0.9626324 0.4011704 0.9628006 0.4011308 0.9818194 0.3564591 0.9719926 0.4011977 0.972336 0.3564383 0.9903877 0.4011308 0.9818194 0.4009057 0.9911214 0.3149812 0.952941 0.3564471 0.9441774 0.3563763 0.9532741 0.3564147 0.9626324 0.3149812 0.952941 0.3563763 0.9532741 0.3564591 0.9719926 0.3148862 0.9623429 0.3564147 0.9626324 0.3564633 0.9812914 0.3149443 0.971894 0.3564591 0.9719926 0.3151689 0.9906349 0.3564633 0.9812914 0.3564383 0.9903877 0.2732025 0.9519584 0.3152335 0.9436758 0.3149812 0.952941 0.2729091 0.9621037 0.3149812 0.952941 0.3148862 0.9623429 0.3149443 0.971894 0.2729091 0.9621037 0.3148862 0.9623429 0.3150174 0.9813632 0.2730047 0.97214 0.3149443 0.971894 0.2734549 0.9917539 0.3150174 0.9813632 0.3151689 0.9906349 0.2287678 0.9506327 0.2736398 0.942258 0.2732025 0.9519584 0.2283988 0.9616929 0.2732025 0.9519584 0.2729091 0.9621037 0.2730047 0.97214 0.2283988 0.9616929 0.2729091 0.9621037 0.2731521 0.9820498 0.2285898 0.972503 0.2730047 0.97214 0.2291774 0.9934725 0.2731521 0.9820498 0.2734549 0.9917539 0.1794911 0.9496447 0.2293322 0.9402238 0.2287678 0.9506327 0.1795802 0.9613772 0.2287678 0.9506327 0.2283988 0.9616929 0.2285898 0.972503 0.1795802 0.9613772 0.2283988 0.9616929 0.2287881 0.9830958 0.1795998 0.9731957 0.2285898 0.972503 0.1797937 0.9955065 0.2287881 0.9830958 0.2291774 0.9934725 0.1794911 0.9496447 0.1201264 0.9411361 0.179391 0.9382648 0.1795802 0.9613772 0.1219127 0.9516432 0.1794911 0.9496447 0.122614 0.973043 0.1795802 0.9613772 0.1795998 0.9731957 0.1215427 0.9834393 0.1795998 0.9731957 0.1796346 0.9846037 0.1212301 0.9946374 0.1796346 0.9846037 0.1797937 0.9955065 0.05004227 0.9548839 0.1201264 0.9411361 0.1219127 0.9516432 0.05257546 0.9639537 0.1219127 0.9516432 0.1232137 0.9626373 0.122614 0.973043 0.05257546 0.9639537 0.1232137 0.9626373 0.1215427 0.9834393 0.04916656 0.9738726 0.122614 0.973043 0.1212301 0.9946374 0.04427158 0.9810159 0.1215427 0.9834393 0.5148761 0.9970138 0.5207017 0.9815501 0.5239916 0.9912064 0.5207017 0.9815501 0.5099076 0.9722824 0.5187913 0.9717238 0.5187913 0.9717238 0.5101695 0.9617171 0.5184287 0.9620984 0.5184287 0.9620984 0.5113297 0.9510824 0.5191341 0.952926 0.5113297 0.9510824 0.5226042 0.94436 0.5191341 0.952926 0.5239916 0.9912064 0.5207017 0.9815501 0.5290924 0.9844585 0.5207017 0.9815501 0.5187913 0.9717238 0.5270164 0.9755449 0.5187913 0.9717238 0.5184287 0.9620984 0.5257752 0.9664905 0.5184287 0.9620984 0.5191341 0.952926 0.5252748 0.9576316 0.5191341 0.952926 0.5226042 0.94436 0.526632 0.9508797 0.9721976 0.4740304 0.9611044 0.5302549 0.9627143 0.4744725 0.9611044 0.5302549 0.9570372 0.4752365 0.9627143 0.4744725 0.965358 0.3910159 0.9721976 0.4740304 0.9627143 0.4744725 0.9627143 0.4744725 0.9594125 0.3923773 0.965358 0.3910159 0.9713963 0.3180443 0.965358 0.3910159 0.9618194 0.318292 0.9603161 0.2446077 0.9713963 0.3180443 0.9618194 0.318292 0.965358 0.3910159 0.9561195 0.3197554 0.9618194 0.318292 0.9618194 0.318292 0.9545734 0.2462227 0.9603161 0.2446077 0.9594125 0.3923773 0.9469291 0.3200637 0.9561195 0.3197554 0.9469291 0.3200637 0.9545734 0.2462227 0.9561195 0.3197554 0.9545734 0.2462227 0.9407194 0.1790181 0.9499405 0.1775508 0.9407194 0.1790181 0.9406274 0.1151176 0.9499405 0.1775508 0.9603161 0.2446077 0.9499405 0.1775508 0.955601 0.1760748 0.955601 0.1760748 0.9406274 0.1151176 0.946758 0.113822 0.955601 0.1760748 0.9694832 0.2443425 0.9603161 0.2446077 0.946758 0.113822 0.9646443 0.1750637 0.955601 0.1760748 0.9451624 0.04809975 0.946758 0.113822 0.9354147 0.04871493 0.9501956 0.9085071 0.9348236 0.973568 0.9417366 0.9076976 0.9417366 0.9076976 0.9286193 0.9720289 0.9363079 0.9062393 0.946758 0.113822 0.9292799 0.04992902 0.9354147 0.04871493 0.9286193 0.9720289 0.9276093 0.9053259 0.9363079 0.9062393 0.9406274 0.1151176 0.9203324 0.0528472 0.9292799 0.04992902 0.9276093 0.9053259 0.941309 0.8434817 0.9363079 0.9062393 0.9328347 0.843055 0.9466837 0.7750788 0.941309 0.8434817 0.952454 0.7764548 0.941309 0.8434817 0.9466837 0.7750788 0.9363079 0.9062393 0.9467409 0.8450095 0.9417366 0.9076976 0.96138 0.7779833 0.9467409 0.8450095 0.952454 0.7764548 0.955535 0.8461275 0.9417366 0.9076976 0.9467409 0.8450095 0.9677061 0.72 0.952454 0.7764548 0.9584794 0.7193123 0.9589516 0.6600235 0.9677061 0.72 0.9584794 0.7193123 0.9589516 0.6600235 0.9529988 0.7184286 0.9531819 0.6593123 0.9466837 0.7750788 0.9584794 0.7193123 0.952454 0.7764548 0.9442166 0.7180848 0.9531819 0.6593123 0.9529988 0.7184286 0.9466837 0.7750788 0.9442166 0.7180848 0.9529988 0.7184286 0.9443507 0.6590591 0.9525584 0.5929911 0.9531819 0.6593123 0.9525584 0.5929911 0.9470729 0.5303284 0.9549332 0.5299813 0.9525584 0.5929911 0.9611044 0.5302549 0.9583724 0.5934971 0.9583724 0.5934971 0.9531819 0.6593123 0.9525584 0.5929911 0.9704841 0.5319712 0.9583724 0.5934971 0.9611044 0.5302549 0.9583724 0.5934971 0.9678499 0.6598529 0.9589516 0.6600235 0.9549332 0.5299813 0.9484351 0.4746491 0.9570372 0.4752365 0.9570372 0.4752365 0.9505167 0.392957 0.9594125 0.3923773 0.4385941 0.9125058 0.3770776 0.9143595 0.3713048 0.9051222 0.3713048 0.9051222 0.4381123 0.908152 0.4385941 0.9125058 0.3713048 0.9051222 0.3152154 0.9123719 0.3155534 0.9040467 0.3155534 0.9040467 0.3707504 0.9012216 0.3713048 0.9051222 0.3155534 0.9040467 0.2472766 0.9149828 0.2468902 0.9065061 0.2472766 0.9149828 0.182389 0.9115154 0.2468902 0.9065061 0.2468902 0.9065061 0.3149342 0.9000734 0.3155534 0.9040467 0.182389 0.9115154 0.2464164 0.9025348 0.2468902 0.9065061 0.2458581 0.8934679 0.3149342 0.9000734 0.2464164 0.9025348 0.1820662 0.9074699 0.2458581 0.8934679 0.2464164 0.9025348 0.1215586 0.915767 0.1812608 0.8988902 0.1820662 0.9074699 0.06601798 0.9262365 0.120629 0.9074732 0.1215586 0.915767 0.182389 0.9115154 0.1215586 0.915767 0.1820662 0.9074699 0.1216517 0.9195967 0.06601798 0.9262365 0.1215586 0.915767 0.183367 0.9196496 0.1216517 0.9195967 0.182389 0.9115154 0.1232388 0.9274881 0.06595915 0.9300546 0.1216517 0.9195967 0.06595915 0.9300546 0.01211935 0.9498464 0.009034812 0.9421495 0.9181406 0.9311445 0.8524034 0.9457646 0.8515301 0.9372473 0.8523221 0.9332199 0.9181406 0.9311445 0.8515301 0.9372473 0.009144723 0.938302 0.06595915 0.9300546 0.009034812 0.9421495 0.8517793 0.9244278 0.9192303 0.9267551 0.8523221 0.9332199 0.008807659 0.9296041 0.06601798 0.9262365 0.009144723 0.938302 0.7873761 0.9266963 0.8523221 0.9332199 0.7873663 0.9363256 0.7123671 0.9342498 0.7873761 0.9266963 0.7873663 0.9363256 0.7123671 0.9342498 0.7868232 0.9406392 0.7120929 0.9388836 0.8515301 0.9372473 0.7873663 0.9363256 0.8523221 0.9332199 0.7871115 0.9502917 0.7120929 0.9388836 0.7868232 0.9406392 0.8515301 0.9372473 0.7871115 0.9502917 0.7868232 0.9406392 0.7120929 0.9388836 0.6358029 0.9442871 0.6365122 0.9347038 0.6358029 0.9442871 0.5723971 0.9293785 0.6365122 0.9347038 0.5723971 0.9293785 0.6365847 0.9303363 0.6365122 0.9347038 0.6365122 0.9347038 0.7123671 0.9342498 0.7120929 0.9388836 0.5722944 0.9249711 0.6371955 0.9206553 0.6365847 0.9303363 0.6371955 0.9206553 0.7123671 0.9342498 0.6365847 0.9303363 0.511563 0.9182843 0.5730128 0.9155346 0.5722944 0.9249711 0.4414958 0.8999148 0.511563 0.9182843 0.4381123 0.908152 0.4385941 0.9125058 0.511563 0.9182843 0.5118529 0.9225897 0.5118529 0.9225897 0.5722944 0.9249711 0.5723971 0.9293785 0.5118529 0.9225897 0.4403212 0.9217445 0.4385941 0.9125058 0.5714079 0.9386306 0.5118529 0.9225897 0.5723971 0.9293785 0.3758334 0.892968 0.4381123 0.908152 0.3707504 0.9012216 0.3144102 0.8913071 0.3707504 0.9012216 0.3149342 0.9000734 0.7625332 0.4732212 0.7996791 0.5349541 0.7556667 0.532084 0.7595205 0.4062786 0.8027406 0.4738581 0.7625332 0.4732212 0.7595205 0.4062786 0.7149873 0.4669609 0.7090331 0.4127765 0.7625332 0.4732212 0.7058454 0.521598 0.7149873 0.4669609 0.8055906 0.401969 0.7562201 0.3422964 0.8025788 0.334284 0.7595205 0.4062786 0.7037783 0.3524987 0.7562201 0.3422964 0.8055906 0.401969 0.8122116 0.3332478 0.8145283 0.4033792 0.8027406 0.4738581 0.8145283 0.4033792 0.8104186 0.4757502 0.7996791 0.5349541 0.8104186 0.4757502 0.8067376 0.5365924 0.7944491 0.5939524 0.8067376 0.5365924 0.8014113 0.5946816 0.7556667 0.532084 0.7944491 0.5939524 0.7473689 0.588732 0.7434529 0.6457655 0.7944491 0.5939524 0.7870113 0.6528564 0.7944491 0.5939524 0.7942769 0.6525721 0.7870113 0.6528564 0.7870113 0.6528564 0.7849718 0.7102704 0.7770056 0.7107651 0.7383925 0.7018206 0.7870113 0.6528564 0.7770056 0.7107651 0.7770056 0.7107651 0.7746364 0.7776064 0.7655588 0.7772074 0.7655588 0.7772074 0.7570067 0.8477402 0.7476217 0.8466445 0.7655588 0.7772074 0.70046 0.8293169 0.7206264 0.7625922 0.7206264 0.7625922 0.7770056 0.7107651 0.7655588 0.7772074 0.7206264 0.7625922 0.6487636 0.8025419 0.6719114 0.7437523 0.6909238 0.695683 0.7206264 0.7625922 0.6719114 0.7437523 0.6909238 0.695683 0.7434529 0.6457655 0.7383925 0.7018206 0.6929731 0.6434174 0.6839937 0.692503 0.686616 0.6411372 0.6909238 0.695683 0.6641771 0.7401822 0.6839937 0.692503 0.6719114 0.7437523 0.6404184 0.7983519 0.6641771 0.7401822 0.6154733 0.8558656 0.6404184 0.7983519 0.6487636 0.8025419 0.6154733 0.8558656 0.70046 0.8293169 0.6778303 0.8989215 0.6406524 0.1154043 0.6793959 0.02200722 0.7072931 0.09133452 0.6406524 0.1154043 0.6078431 0.0651344 0.6137709 0.05739778 0.6538997 0.1796253 0.6336785 0.1199559 0.6406524 0.1154043 0.6406524 0.1154043 0.724878 0.1552686 0.6538997 0.1796253 0.6538997 0.1796253 0.6696558 0.240917 0.6467465 0.1818113 0.6773613 0.2403469 0.6867119 0.2982007 0.6696558 0.240917 0.6538997 0.1796253 0.7401466 0.2162029 0.6773613 0.2403469 0.6773613 0.2403469 0.7511942 0.280364 0.6949014 0.2981833 0.7401466 0.2162029 0.8024157 0.2689481 0.7511942 0.280364 0.724878 0.1552686 0.7989436 0.2034548 0.7401466 0.2162029 0.7989436 0.2034548 0.8105844 0.266444 0.8024157 0.2689481 0.7897828 0.1385644 0.8066753 0.2009232 0.7989436 0.2034548 0.7897828 0.1385644 0.7747987 0.07369059 0.7977076 0.1365811 0.7660564 0.07469546 0.753202 0.004442512 0.7747987 0.07369059 0.7072931 0.09133452 0.7423874 0.002989411 0.7660564 0.07469546 0.724878 0.1552686 0.7660564 0.07469546 0.7897828 0.1385644 0.6778303 0.8989215 0.7476217 0.8466445 0.7412649 0.9173595 0.7412649 0.9173595 0.7570067 0.8477402 0.7507934 0.9165647 0.8024157 0.2689481 0.8122116 0.3332478 0.8025788 0.334284 0.7511942 0.280364 0.8025788 0.334284 0.7562201 0.3422964 0.6949014 0.2981833 0.7562201 0.3422964 0.7037783 0.3524987 0.6949014 0.2981833 0.6947866 0.3532539 0.6867119 0.2982007 0.7090331 0.4127765 0.6947866 0.3532539 0.7037783 0.3524987 0.7149873 0.4669609 0.7008165 0.4143291 0.7090331 0.4127765 0.7058454 0.521598 0.7075136 0.4683613 0.7149873 0.4669609 0.695523 0.5816337 0.6990507 0.5222738 0.7058454 0.521598 0.7556667 0.532084 0.695523 0.5816337 0.7058454 0.521598 0.6929731 0.6434174 0.7473689 0.588732 0.7434529 0.6457655 0.695523 0.5816337 0.686616 0.6411372 0.689262 0.580972 0.9056114 0.4735413 0.894507 0.5326864 0.8867956 0.4724952 0.9151951 0.5337469 0.9193346 0.4738842 0.9275688 0.5341681 0.8960013 0.4062228 0.8867956 0.4724952 0.8796521 0.4038752 0.9056114 0.4735413 0.9107376 0.4059379 0.9193346 0.4738842 0.8960013 0.4062228 0.9021343 0.3295656 0.9107376 0.4059379 0.88258 0.2720593 0.9021343 0.3295656 0.8863754 0.330616 0.8796521 0.4038752 0.8863754 0.330616 0.8960013 0.4062228 0.88258 0.2720593 0.8725665 0.3294031 0.8692576 0.2709342 0.8692576 0.2709342 0.8584911 0.3284716 0.8554008 0.2697817 0.8646309 0.4018846 0.8725665 0.3294031 0.8796521 0.4038752 0.8714317 0.2147109 0.8554008 0.2697817 0.8570842 0.2137405 0.8845141 0.2152708 0.8692576 0.2709342 0.8714317 0.2147109 0.8771357 0.1464899 0.8570842 0.2137405 0.8610581 0.1458972 0.8771357 0.1464899 0.8845141 0.2152708 0.8714317 0.2147109 0.8845141 0.2152708 0.8970906 0.2691279 0.88258 0.2720593 0.8920141 0.1467226 0.8977394 0.2118744 0.8845141 0.2152708 0.8920141 0.1467226 0.9032261 0.07579118 0.9045709 0.1466952 0.890803 0.07152247 0.9109315 0.01482802 0.9032261 0.07579118 0.8820847 0.004552662 0.890803 0.07152247 0.8778322 0.0711646 0.8771357 0.1464899 0.890803 0.07152247 0.8920141 0.1467226 0.8778322 0.0711646 0.8654298 0.004256725 0.8820847 0.004552662 0.8771357 0.1464899 0.8626666 0.07082706 0.8778322 0.0711646 0.875943 0.9146454 0.8647133 0.8488332 0.8793386 0.8476986 0.8793386 0.8476986 0.8905397 0.9117256 0.875943 0.9146454 0.871003 0.7752432 0.8793386 0.8476986 0.8647133 0.8488332 0.8930094 0.8461261 0.8860265 0.7733359 0.9022462 0.7708743 0.9022462 0.7708743 0.9070649 0.8463332 0.8930094 0.8461261 0.8930094 0.8461261 0.9063833 0.9086528 0.8905397 0.9117256 0.9095855 0.7069095 0.9167226 0.7703722 0.9022462 0.7708743 0.9171389 0.6465188 0.9232245 0.7057418 0.9095855 0.7069095 0.8964722 0.6482932 0.9095855 0.7069095 0.8908329 0.7084422 0.8908329 0.7084422 0.9022462 0.7708743 0.8860265 0.7733359 0.8908329 0.7084422 0.8804286 0.6494808 0.8964722 0.6482932 0.8860265 0.7733359 0.8753461 0.7094563 0.8908329 0.7084422 0.8964722 0.6482932 0.8805124 0.590725 0.8973168 0.5904403 0.8973168 0.5904403 0.9171389 0.6465188 0.8964722 0.6482932 0.894507 0.5326864 0.8805124 0.590725 0.8784481 0.5320453 0.9151951 0.5337469 0.8973168 0.5904403 0.894507 0.5326864 0.9198737 0.5900539 0.9275688 0.5341681 0.931184 0.5898581 0.9198737 0.5900539 0.9295 0.6456606 0.9171389 0.6465188 0.8867956 0.4724952 0.8784481 0.5320453 0.8712454 0.4717574 0.8712454 0.4717574 0.8637483 0.5314333 0.8570907 0.4713796 0.8784481 0.5320453 0.8656992 0.5909734 0.8637483 0.5314333 0.8570907 0.4713796 0.8449229 0.5305895 0.8404139 0.4708815 0.8637483 0.5314333 0.8447533 0.5913187 0.8449229 0.5305895 0.8447533 0.5913187 0.8323255 0.533156 0.8449229 0.5305895 0.8449229 0.5305895 0.8266323 0.4733046 0.8404139 0.4708815 0.8404139 0.4708815 0.8221905 0.4011933 0.8369954 0.399174 0.8369954 0.399174 0.8179354 0.3278704 0.8338704 0.3271095 0.8369954 0.399174 0.8454623 0.3276399 0.8508701 0.4004974 0.8508701 0.4004974 0.8404139 0.4708815 0.8369954 0.399174 0.8646309 0.4018846 0.8570907 0.4713796 0.8508701 0.4004974 0.8508701 0.4004974 0.8584911 0.3284716 0.8646309 0.4018846 0.8554008 0.2697817 0.8454623 0.3276399 0.8424323 0.26888 0.8424323 0.26888 0.8338704 0.3271095 0.8316264 0.268001 0.8570842 0.2137405 0.8424323 0.26888 0.843244 0.2132792 0.843244 0.2132792 0.8316264 0.268001 0.8325066 0.2125038 0.8325066 0.2125038 0.8172517 0.2656151 0.8197398 0.2082828 0.8316264 0.268001 0.8179354 0.3278704 0.8172517 0.2656151 0.8341981 0.1444894 0.8197398 0.2082828 0.8214705 0.143577 0.8341981 0.1444894 0.8251166 0.0729351 0.8376057 0.06971383 0.846001 0.145116 0.8325066 0.2125038 0.8341981 0.1444894 0.8341981 0.1444894 0.8483161 0.06995987 0.846001 0.145116 0.8376119 0.003245055 0.8483161 0.06995987 0.8376057 0.06971383 0.8376057 0.06971383 0.8230969 0.01003199 0.8376119 0.003245055 0.846001 0.145116 0.8626666 0.07082706 0.8610581 0.1458972 0.8483161 0.06995987 0.8654298 0.004256725 0.8626666 0.07082706 0.8599935 0.9159386 0.8511562 0.8500479 0.8647133 0.8488332 0.8391458 0.8507242 0.844825 0.9191323 0.8318166 0.9201267 0.8573307 0.7768734 0.8647133 0.8488332 0.8511562 0.8500479 0.8511562 0.8500479 0.8433327 0.7785453 0.8573307 0.7768734 0.8433327 0.7785453 0.8248038 0.8488888 0.8287853 0.7759106 0.8318166 0.9201267 0.8248038 0.8488888 0.8391458 0.8507242 0.8445739 0.7113559 0.8287853 0.7759106 0.8309439 0.7086172 0.8469125 0.6520814 0.8309439 0.7086172 0.8342179 0.6498844 0.8469125 0.6520814 0.861192 0.710364 0.8445739 0.7113559 0.8445739 0.7113559 0.8573307 0.7768734 0.8433327 0.7785453 0.871003 0.7752432 0.861192 0.710364 0.8753461 0.7094563 0.8753461 0.7094563 0.8657349 0.6506032 0.8804286 0.6494808 0.8804286 0.6494808 0.8656992 0.5909734 0.8805124 0.590725 0.8447533 0.5913187 0.8657349 0.6506032 0.8469125 0.6520814 0.8447533 0.5913187 0.8342179 0.6498844 0.8326443 0.5915151 0.8570842 0.2137405 0.846001 0.145116 0.8610581 0.1458972 0.8796521 0.4038752 0.8712454 0.4717574 0.8646309 0.4018846 0.5571667 0.6997066 0.5830454 0.7287996 0.5555595 0.7271926 0.5427114 0.7513098 0.5283161 0.7164305 0.5555595 0.7271926 0.5555595 0.7271926 0.5597872 0.7528026 0.5427114 0.7513098 0.5775288 0.7525745 0.5555595 0.7271926 0.5830454 0.7287996 0.5597872 0.7528026 0.5436423 0.76925 0.5427114 0.7513098 0.5605008 0.768594 0.5775288 0.7525745 0.5782427 0.768366 0.5549843 0.792369 0.5436423 0.76925 0.5605008 0.768594 0.5605008 0.768594 0.5824701 0.7939761 0.5549843 0.792369 0.5775288 0.7525745 0.5953184 0.7698588 0.5782427 0.768366 0.5824701 0.7939761 0.5782427 0.768366 0.5953184 0.7698588 0.6097136 0.8047381 0.5953184 0.7698588 0.6205767 0.7739393 0.5808631 0.8214619 0.5549843 0.792369 0.5824701 0.7939761 0.5533772 0.8198549 0.5770676 0.8475795 0.5547298 0.8472781 0.5808631 0.8214619 0.6017451 0.8450004 0.5770676 0.8475795 0.6017451 0.8450004 0.5774837 0.8675497 0.5770676 0.8475795 0.5953184 0.7698588 0.6205767 0.7467827 0.6205767 0.7739393 0.578836 0.894973 0.5774837 0.8675497 0.600682 0.8719967 0.5830454 0.7287996 0.6205767 0.7467827 0.5943874 0.7519186 0.5830454 0.7287996 0.5943874 0.7519186 0.5775288 0.7525745 0.578836 0.894973 0.5551458 0.8672483 0.5774837 0.8675497 0.5770676 0.8475795 0.5551458 0.8672483 0.5547298 0.8472781 0.5513503 0.893366 0.5304684 0.8698274 0.5551458 0.8672483 0.5551458 0.8672483 0.5315313 0.8428311 0.5547298 0.8472781 0.5533772 0.8198549 0.5547298 0.8472781 0.5315313 0.8428311 0.517453 0.7743858 0.5549843 0.792369 0.5295941 0.8021212 0.517453 0.7743858 0.5427114 0.7513098 0.5436423 0.76925 0.1181377 0.03493225 0.1292936 0.0420295 0.1198499 0.04401791 0.1198499 0.04401791 0.1315712 0.05076044 0.1155101 0.05434489 0.1415304 0.03269082 0.1292936 0.0420295 0.1300979 0.03148359 0.1303976 0.02195346 0.1415304 0.03269082 0.1300979 0.03148359 0.1288714 0.01243811 0.1404452 0.01830023 0.1303976 0.02195346 0.1198616 0.01222562 0.1308413 0.00340408 0.1288714 0.01243811 0.1198616 0.01222562 0.1303976 0.02195346 0.1177372 0.02358466 0.1071405 0.02142876 0.1198616 0.01222562 0.1177372 0.02358466 0.1177372 0.02358466 0.1300979 0.03148359 0.1181377 0.03493225 0.1177372 0.02358466 0.1071405 0.03593599 0.1071405 0.02142876 0.1198499 0.04401791 0.1071405 0.03593599 0.1181377 0.03493225 0.07519155 0.5940665 0.04792261 0.5780093 0.07791215 0.5790694 0.04757976 0.5461407 0.07791215 0.5790694 0.04792261 0.5780093 0.04757976 0.5461407 0.002937853 0.5788879 0.002937853 0.5452424 0.04792261 0.5780093 0.008912682 0.6017201 0.002937853 0.5788879 0.04757976 0.5461407 0.008794426 0.5225272 0.04607009 0.5214852 0.04757976 0.5461407 0.07508784 0.5299524 0.07789361 0.5450754 0.7892118 0.04114282 0.7814282 0.025123 0.7936485 0.0267502 0.8084631 0.003567993 0.7936485 0.0267502 0.7934023 0.003513038 0.7814282 0.025123 0.7934023 0.003513038 0.7936485 0.0267502 0.7663713 0.003286719 0.7814282 0.025123 0.7663713 0.02547675 0.4136607 0.8372155 0.4516082 0.8265578 0.4516082 0.8391267 0.4516082 0.8391267 0.4137126 0.8523645 0.4136607 0.8372155 0.4895036 0.8523645 0.4516082 0.8391267 0.4895555 0.8372155 0.4516082 0.8265578 0.4895555 0.8372155 0.4516082 0.8391267 0.4516082 0.8265578 0.4876694 0.8110875 0.4885819 0.8256005 0.4155469 0.8110875 0.4516082 0.8265578 0.4146345 0.8256005 0.939309 0.003241539 0.9315257 0.0192604 0.9270893 0.004868626 0.9585593 0.04081428 0.9437454 0.01763331 0.9588055 0.01757842 0.9434993 0.04086929 0.9315257 0.0192604 0.9437454 0.01763331 0.9315257 0.0192604 0.9164697 0.04109555 0.9164697 0.01890665 0.3681448 0.4603659 0.316461 0.4261944 0.3645433 0.4144797 0.3770446 0.5141924 0.3234584 0.4678885 0.3681448 0.4603659 0.4219259 0.4556989 0.3645433 0.4144797 0.4261549 0.4077928 0.3770446 0.5141924 0.4219259 0.4556989 0.4277914 0.5013614 0.3770446 0.5141924 0.435806 0.560726 0.3796383 0.5696517 0.328521 0.5201125 0.3796383 0.5696517 0.3293569 0.5730879 0.328521 0.5201125 0.2872315 0.474443 0.3234584 0.4678885 0.328521 0.5201125 0.2887138 0.5691932 0.2900683 0.5211181 0.2818572 0.6144317 0.3293569 0.5730879 0.3268374 0.6228177 0.3811861 0.6223064 0.3293569 0.5730879 0.3796383 0.5696517 0.3222199 0.6787716 0.3811861 0.6223064 0.3926401 0.6809244 0.2648222 0.6660431 0.3268374 0.6228177 0.3222199 0.6787716 0.3131111 0.7601699 0.3926401 0.6809244 0.4119933 0.7530043 0.3131111 0.7601699 0.2648222 0.6660431 0.3222199 0.6787716 0.1819043 0.1124173 0.07196307 0.1043245 0.1500405 0.046386 0.07196307 0.1043245 0.0959841 0.2053893 0.02684921 0.1737726 0.2110518 0.163529 0.1307535 0.1591749 0.1819043 0.1124173 0.1700758 0.1980577 0.0959841 0.2053893 0.1307535 0.1591749 0.2110518 0.163529 0.2039259 0.2337312 0.1700758 0.1980577 0.2039259 0.2337312 0.1417443 0.233165 0.1700758 0.1980577 0.1759116 0.2627482 0.2374318 0.2741193 0.2078592 0.2980701 0.2374318 0.2741193 0.2438199 0.2039434 0.2776882 0.2472847 0.2776882 0.2472847 0.2673521 0.3168715 0.2374318 0.2741193 0.2374318 0.2741193 0.2358884 0.3350999 0.2078592 0.2980701 0.3057891 0.2936896 0.2890239 0.3534054 0.2673521 0.3168715 0.2673521 0.3168715 0.2539952 0.3691397 0.2358884 0.3350999 0.3070636 0.3655551 0.2890239 0.3534054 0.3326812 0.3308054 0.2890239 0.3534054 0.2813725 0.3731974 0.2539952 0.3691397 0.2961007 0.3725335 0.2813725 0.3731974 0.2949101 0.367227 0.3040983 0.3711985 0.2949101 0.367227 0.3070636 0.3655551 0.03911942 0.6844843 0.04753035 0.7197456 0.0252276 0.6952459 0.04753035 0.7197456 0.01113742 0.7119286 0.0252276 0.6952459 0.0712704 0.703081 0.07280075 0.7490052 0.04753035 0.7197456 0.07280075 0.7490052 0.02419966 0.7474714 0.04753035 0.7197456 0.09600549 0.7334147 0.1034349 0.7801766 0.07280075 0.7490052 0.1034349 0.7801766 0.05064469 0.7739878 0.07280075 0.7490052 0.1129842 0.8324638 0.1034349 0.7801766 0.1365002 0.8087566 0.1034349 0.7801766 0.1505762 0.7846032 0.1365002 0.8087566 0.1531546 0.7271717 0.1505762 0.7846032 0.1217186 0.7606848 0.1531546 0.7271717 0.09600549 0.7334147 0.1193227 0.7038317 0.1959629 0.7290077 0.1531546 0.7271717 0.1741765 0.7047609 0.1531546 0.7271717 0.1485872 0.6845683 0.1741765 0.7047609 0.3234258 0.4046576 0.3130532 0.3861182 0.3178721 0.3841245 0.3130532 0.3861182 0.3070636 0.3655551 0.3178721 0.3841245 0.3539322 0.3702126 0.3234258 0.4046576 0.3178721 0.3841245 0.3539322 0.3702126 0.3070636 0.3655551 0.3326812 0.3308054 0.316461 0.4261944 0.3234258 0.4046576 0.3645433 0.4144797 0.3122985 0.4117232 0.3172886 0.4022171 0.3234258 0.4046576 0.316461 0.4261944 0.2967242 0.4152213 0.3122985 0.4117232 0.2967242 0.4152213 0.3096785 0.4066247 0.3122985 0.4117232 0.2030414 0.8382464 0.1673148 0.8321058 0.1824284 0.8073494 0.1774412 0.867925 0.1673148 0.8321058 0.1931895 0.8527975 0.1824284 0.8073494 0.1365002 0.8087566 0.1505762 0.7846032 0.1411364 0.8571605 0.1365002 0.8087566 0.1673148 0.8321058 0.0575639 0.8829979 0.05179286 0.8352311 0.08673721 0.8589822 0.08673721 0.8589822 0.0814796 0.8035829 0.1129842 0.8324638 0.003754973 0.832524 0.05179286 0.8352311 0.02825123 0.8603282 0.02585744 0.8018757 0.0814796 0.8035829 0.05179286 0.8352311 0.2967242 0.4152213 0.2899715 0.3941263 0.2991246 0.408744 0.2813725 0.3731974 0.2899715 0.3941263 0.285608 0.3957096 0.2967242 0.4152213 0.2671719 0.4024654 0.285608 0.3957096 0.2671719 0.4024654 0.2813725 0.3731974 0.285608 0.3957096 0.278569 0.4364249 0.2271448 0.4172393 0.2671719 0.4024654 0.2539952 0.3691397 0.2271448 0.4172393 0.2140147 0.3870502 0.3234584 0.4678885 0.278569 0.4364249 0.316461 0.4261944 0.2872315 0.474443 0.2366755 0.4488241 0.278569 0.4364249 0.2366755 0.4488241 0.1915999 0.430289 0.2271448 0.4172393 0.2366755 0.4488241 0.2110465 0.4852386 0.2031973 0.4598158 0.163594 0.4405137 0.2031973 0.4598158 0.1759514 0.4769999 0.1759514 0.4769999 0.2110465 0.4852386 0.2087072 0.5105147 0.2087072 0.5105147 0.17087 0.5411196 0.1759514 0.4769999 0.1467084 0.486965 0.17087 0.5411196 0.1502001 0.5345673 0.1396974 0.4491958 0.1759514 0.4769999 0.1467084 0.486965 0.1102764 0.5269107 0.1196678 0.4801622 0.1467084 0.486965 0.1467084 0.486965 0.1199688 0.456323 0.1396974 0.4491958 0.1496631 0.4046942 0.1396974 0.4491958 0.1209996 0.41573 0.1199688 0.456323 0.1209996 0.41573 0.1396974 0.4491958 0.104535 0.4381766 0.06752288 0.4081708 0.1209996 0.41573 0.1049681 0.3592468 0.1209996 0.41573 0.09345209 0.3773394 0.1049681 0.3592468 0.1531423 0.3582646 0.1496631 0.4046942 0.1711 0.3759309 0.1496631 0.4046942 0.1531423 0.3582646 0.1814511 0.4002892 0.163594 0.4405137 0.1496631 0.4046942 0.2140147 0.3870502 0.1711 0.3759309 0.1983121 0.3573349 0.1915999 0.430289 0.2140147 0.3870502 0.2271448 0.4172393 0.1983121 0.3573349 0.1531423 0.3582646 0.1770147 0.3291652 0.2358884 0.3350999 0.2140147 0.3870502 0.1983121 0.3573349 0.2358884 0.3350999 0.1770147 0.3291652 0.2078592 0.2980701 0.1479744 0.3012358 0.2078592 0.2980701 0.1770147 0.3291652 0.1263883 0.3364422 0.1770147 0.3291652 0.1531423 0.3582646 0.1759116 0.2627482 0.1150512 0.2831653 0.1417443 0.233165 0.1479744 0.3012358 0.1026988 0.3198796 0.1150512 0.2831653 0.0959841 0.2053893 0.1150512 0.2831653 0.06951665 0.2725276 0.1026988 0.3198796 0.06951665 0.2725276 0.1150512 0.2831653 0.1026988 0.3198796 0.1049681 0.3592468 0.0628947 0.3215328 0.0628947 0.3215328 0.002945899 0.2695398 0.06951665 0.2725276 0.005065023 0.3227505 0.05682802 0.3608161 0.01280331 0.3621158 0.05682802 0.3608161 0.1049681 0.3592468 0.09345209 0.3773394 0.06752288 0.4081708 0.06244254 0.4470629 0.03577238 0.4428245 0.03577238 0.4428245 0.05881148 0.4783562 0.03982782 0.4851884 0.06369996 0.5204285 0.05881148 0.4783562 0.08155637 0.500159 0.1324923 0.5712856 0.1171724 0.6347878 0.09740728 0.599109 0.1102764 0.5269107 0.08155637 0.500159 0.1010237 0.4985691 0.1324923 0.5712856 0.17087 0.5411196 0.1628832 0.5978298 0.1504506 0.6775581 0.1628832 0.5978298 0.2001488 0.6314825 0.2001488 0.6314825 0.1948022 0.5730676 0.2283943 0.5933636 0.1948022 0.5730676 0.17087 0.5411196 0.2022902 0.5447869 0.2419523 0.5578494 0.1948022 0.5730676 0.2022902 0.5447869 0.2460336 0.5173671 0.2022902 0.5447869 0.2087072 0.5105147 0.2900683 0.5211181 0.2419523 0.5578494 0.2460336 0.5173671 0.2283943 0.5933636 0.2887138 0.5691932 0.2818572 0.6144317 0.2460336 0.5173671 0.2872315 0.474443 0.2900683 0.5211181 0.2440009 0.4818384 0.2087072 0.5105147 0.2110465 0.4852386 0.2648222 0.6660431 0.2283943 0.5933636 0.2818572 0.6144317 0.2321372 0.7361978 0.2001488 0.6314825 0.2648222 0.6660431 0.02684921 0.1737726 0.06951665 0.2725276 0.002945899 0.2695398 0.05881148 0.4783562 0.08325278 0.4898166 0.08155637 0.500159 0.08155637 0.500159 0.09441834 0.4904068 0.1010237 0.4985691 0.08584016 0.468625 0.08325278 0.4898166 0.06979477 0.4744022 0.1010237 0.4985691 0.1052697 0.4788576 0.1196678 0.4801622 0.08584016 0.468625 0.1052697 0.4788576 0.09441834 0.4904068 0.08584016 0.468625 0.09428226 0.4483569 0.1052252 0.4616408 0.07033979 0.453949 0.08584016 0.468625 0.06979477 0.4744022 0.09428226 0.4483569 0.07845062 0.4358837 0.104535 0.4381766 0.07856458 0.4463788 0.06244254 0.4470629 0.07845062 0.4358837 0.07033979 0.453949 0.05881148 0.4783562 0.06244254 0.4470629 0.1052252 0.4616408 0.104535 0.4381766 0.1199688 0.456323 0.1196678 0.4801622 0.1052252 0.4616408 0.1199688 0.456323 0.4261549 0.4077928 0.3539322 0.3702126 0.4356775 0.3400014 0.3838165 0.2953189 0.3539322 0.3702126 0.3326812 0.3308054 0.4901108 0.3798482 0.4261549 0.4077928 0.4356775 0.3400014 0.4901108 0.3798482 0.5157892 0.3098731 0.5352213 0.3586848 0.5157892 0.3098731 0.4503073 0.2743562 0.498068 0.2604753 0.4503073 0.2743562 0.3838165 0.2953189 0.4097381 0.2521848 0.4767531 0.2063573 0.498068 0.2604753 0.4503073 0.2743562 0.4456707 0.1939465 0.4503073 0.2743562 0.4097381 0.2521848 0.5077906 0.1999887 0.4942037 0.1525536 0.5115676 0.1465483 0.4767531 0.2063573 0.4733622 0.1455322 0.4942037 0.1525536 0.4456707 0.1939465 0.4549592 0.1357323 0.4733622 0.1455322 0.3804698 0.2279152 0.4456707 0.1939465 0.4097381 0.2521848 0.4549592 0.1357323 0.4057433 0.1552436 0.4466549 0.1221041 0.362917 0.1938214 0.4201902 0.1774952 0.3804698 0.2279152 0.4097381 0.2521848 0.3493825 0.2621074 0.3804698 0.2279152 0.3804698 0.2279152 0.3240954 0.223982 0.362917 0.1938214 0.3493825 0.2621074 0.3326812 0.3308054 0.3057891 0.2936896 0.3493825 0.2621074 0.2776882 0.2472847 0.3240954 0.223982 0.2776882 0.2472847 0.2916105 0.1743168 0.3240954 0.223982 0.3240954 0.223982 0.3410914 0.1507691 0.362917 0.1938214 0.2655247 0.1322857 0.2438199 0.2039434 0.2110518 0.163529 0.2916105 0.1743168 0.3253168 0.1182982 0.3410914 0.1507691 0.3410914 0.1507691 0.4057433 0.1552436 0.362917 0.1938214 0.3812304 0.1066433 0.3410914 0.1507691 0.3253168 0.1182982 0.4466549 0.1221041 0.3912402 0.1298099 0.4368916 0.1059674 0.3912402 0.1298099 0.4282558 0.09181356 0.4368916 0.1059674 0.4282558 0.09181356 0.3774724 0.07860505 0.4257231 0.07258611 0.3231198 0.0781843 0.3812304 0.1066433 0.3253168 0.1182982 0.4257231 0.07258611 0.3801575 0.05327802 0.4248858 0.05492806 0.3801575 0.05327802 0.3231198 0.0781843 0.3271148 0.03647232 0.2542316 0.07748007 0.3271148 0.03647232 0.3231198 0.0781843 0.2655247 0.1322857 0.3231198 0.0781843 0.3253168 0.1182982 0.2542316 0.07748007 0.1500405 0.046386 0.2639373 0.003213882 0.2655247 0.1322857 0.1819043 0.1124173 0.2542316 0.07748007 0.4119933 0.7530043 0.4714541 0.6596919 0.5284144 0.7102134 0.5546515 0.6424817 0.4714541 0.6596919 0.523745 0.6132442 0.6358347 0.3115611 0.5843183 0.2838935 0.6666263 0.2525551 0.6043449 0.2290323 0.5843183 0.2838935 0.5607998 0.2407044 0.5954601 0.3318573 0.628112 0.3655486 0.6094193 0.3808842 0.523745 0.6132442 0.583918 0.5941342 0.5546515 0.6424817 0.6056519 0.5489515 0.583918 0.5941342 0.5649358 0.5766279 0.6424863 0.4084291 0.6094193 0.3808842 0.628112 0.3655486 0.6212588 0.4355697 0.6094193 0.3808842 0.6349787 0.4235585 0.5954601 0.3318573 0.5827559 0.3977743 0.5352213 0.3586848 0.6041353 0.4426286 0.5827559 0.3977743 0.6212588 0.4355697 0.5352213 0.3586848 0.5551236 0.4136271 0.4901108 0.3798482 0.5954601 0.3318573 0.5157892 0.3098731 0.5843183 0.2838935 0.5930655 0.4618403 0.5551236 0.4136271 0.6041353 0.4426286 0.4901108 0.3798482 0.5399026 0.4436513 0.4741592 0.4233673 0.5856708 0.4815289 0.5399026 0.4436513 0.5930655 0.4618403 0.4680293 0.4611155 0.5399026 0.4436513 0.5315364 0.4730233 0.4741592 0.4233673 0.4219259 0.4556989 0.4261549 0.4077928 0.4680293 0.4611155 0.4277914 0.5013614 0.4219259 0.4556989 0.4772532 0.4986258 0.5315364 0.4730233 0.5353652 0.4995054 0.4891703 0.5458814 0.4277914 0.5013614 0.4772532 0.4986258 0.4891703 0.5458814 0.5353652 0.4995054 0.5412666 0.5284815 0.5884657 0.4973928 0.5412666 0.5284815 0.5353652 0.4995054 0.5856708 0.4815289 0.5353652 0.4995054 0.5315364 0.4730233 0.5947245 0.5326573 0.5412666 0.5284815 0.5918282 0.5161469 0.4891703 0.5458814 0.5490857 0.5527721 0.4987089 0.5811283 0.5947245 0.5326573 0.5649358 0.5766279 0.5490857 0.5527721 0.523745 0.6132442 0.5490857 0.5527721 0.5649358 0.5766279 0.523745 0.6132442 0.4436902 0.6101796 0.4987089 0.5811283 0.4987089 0.5811283 0.435806 0.560726 0.4891703 0.5458814 0.3926401 0.6809244 0.4436902 0.6101796 0.4714541 0.6596919 0.4436902 0.6101796 0.3796383 0.5696517 0.435806 0.560726 0.6056519 0.5489515 0.6471491 0.5142672 0.6534011 0.5211497 0.5918282 0.5161469 0.6471491 0.5142672 0.5947245 0.5326573 0.6573688 0.5145859 0.6476967 0.5058636 0.6573124 0.5034005 0.6557208 0.4976311 0.6476967 0.5058636 0.6461725 0.4967542 0.5918282 0.5161469 0.6461725 0.4967542 0.6476967 0.5058636 0.6461725 0.4967542 0.653091 0.4864751 0.6557208 0.4976311 0.5884657 0.4973928 0.6431849 0.4886443 0.6461725 0.4967542 0.5930655 0.4618403 0.6431849 0.4886443 0.5856708 0.4815289 0.6665748 0.4941532 0.653091 0.4864751 0.6636479 0.4839132 0.5930655 0.4618403 0.6487093 0.4710004 0.6482031 0.4807854 0.6212588 0.4355697 0.6487093 0.4710004 0.6041353 0.4426286 0.6665748 0.4941532 0.6573124 0.5034005 0.6557208 0.4976311 0.6212588 0.4355697 0.665273 0.4619435 0.6580969 0.469034 0.6573688 0.5145859 0.6678203 0.5053195 0.6675699 0.5159836 0.6349787 0.4235585 0.6671904 0.4525704 0.665273 0.4619435 0.6056519 0.5489515 0.6548829 0.5302481 0.6168336 0.5629227 0.5607998 0.2407044 0.5157892 0.3098731 0.498068 0.2604753 0.5077906 0.1999887 0.5607998 0.2407044 0.498068 0.2604753 0.5607998 0.2407044 0.5627892 0.1940166 0.6043449 0.2290323 0.5387734 0.1949682 0.5115676 0.1465483 0.5296554 0.1464424 0.5451771 0.1527289 0.5387734 0.1949682 0.5296554 0.1464424 0.5115676 0.1465483 0.5269138 0.09807121 0.5296554 0.1464424 0.5296554 0.1464424 0.5344911 0.1037619 0.5451771 0.1527289 0.4938257 0.07257008 0.506749 0.0733658 0.4964217 0.07789105 0.5003634 0.06426835 0.486546 0.06423687 0.4931972 0.05652278 0.4744548 0.05425804 0.4257231 0.07258611 0.4248858 0.05492806 0.486546 0.06423687 0.485081 0.07703751 0.4791743 0.07116264 0.4257231 0.07258611 0.4791743 0.07116264 0.4282558 0.09181356 0.4791743 0.07116264 0.4368916 0.1059674 0.4282558 0.09181356 0.485081 0.07703751 0.4964217 0.07789105 0.4899134 0.08479195 0.4368916 0.1059674 0.4899134 0.08479195 0.4466549 0.1221041 0.5017743 0.0878874 0.4899134 0.08479195 0.4964217 0.07789105 0.4466549 0.1221041 0.4930067 0.09276372 0.4549592 0.1357323 0.4930067 0.09276372 0.4733622 0.1455322 0.4549592 0.1357323 0.506749 0.0733658 0.5017743 0.0878874 0.4964217 0.07789105 0.4733622 0.1455322 0.5086778 0.1022309 0.4942037 0.1525536 0.5086778 0.1022309 0.5115676 0.1465483 0.4942037 0.1525536 0.6628758 0.6567219 0.6570369 0.6214175 0.6740151 0.6237322 0.6628758 0.6567219 0.6468679 0.6635771 0.6466308 0.6556743 0.6632583 0.6662345 0.6581217 0.7026804 0.6468679 0.6635771 0.6468679 0.6635771 0.6375272 0.714408 0.6289151 0.6632639 0.6468679 0.6635771 0.6300116 0.6564453 0.6466308 0.6556743 0.658252 0.6124088 0.6740151 0.6237322 0.6570369 0.6214175 0.6377271 0.6152996 0.658252 0.6124088 0.6570369 0.6214175 0.6466308 0.6556743 0.6377271 0.6152996 0.6570369 0.6214175 0.6300116 0.6564453 0.6096032 0.6186748 0.6377271 0.6152996 0.6096032 0.6186748 0.6362842 0.6076132 0.6377271 0.6152996 0.6096032 0.6186748 0.5893343 0.6559227 0.5864595 0.6320386 0.5841817 0.624084 0.6096032 0.6186748 0.5864595 0.6320386 0.6057299 0.7049608 0.6289151 0.6632639 0.6375272 0.714408 0.6057299 0.7049608 0.5890092 0.6648309 0.6136438 0.663726 0.58375 0.6878158 0.5641539 0.6839361 0.5890092 0.6648309 0.5679568 0.6333935 0.5841817 0.624084 0.5864595 0.6320386 0.5864595 0.6320386 0.5893343 0.6559227 0.5679568 0.6333935 0.5893343 0.6559227 0.5890092 0.6648309 0.5593999 0.6642372 0.6136438 0.663726 0.5893343 0.6559227 0.6153207 0.6570956 0.6289151 0.6632639 0.6153207 0.6570956 0.6300116 0.6564453 0.4956659 0.803784 0.511172 0.7851925 0.5109398 0.805603 0.4956659 0.803784 0.4710548 0.7813166 0.4999122 0.7830019 0.4336544 0.7767905 0.4627563 0.7788464 0.4492802 0.7965532 0.4622765 0.8059008 0.4627563 0.7788464 0.4710548 0.7813166 0.436739 0.7581083 0.4685749 0.7641332 0.4627563 0.7788464 0.4710548 0.7813166 0.4685749 0.7641332 0.4760314 0.7651878 0.4760314 0.7651878 0.4999122 0.7830019 0.4710548 0.7813166 0.4760314 0.7651878 0.4969451 0.7531764 0.5014242 0.7724273 0.4760314 0.7651878 0.4747295 0.750037 0.4824308 0.7516539 0.4824308 0.7516539 0.49153 0.7375016 0.4969451 0.7531764 0.4872941 0.7351599 0.4824308 0.7516539 0.4747295 0.750037 0.4747295 0.750037 0.4649813 0.7406787 0.4826892 0.7333518 0.4685749 0.7641332 0.4649813 0.7406787 0.4747295 0.750037 0.5014242 0.7724273 0.5052839 0.7529228 0.5106793 0.7723249 0.4969451 0.7531764 0.49153 0.7375016 0.5052839 0.7529228 0.5014242 0.7724273 0.511172 0.7851925 0.4999122 0.7830019 0.1805739 0.7759802 0.2062364 0.7948623 0.1861212 0.7857046 0.1861212 0.7857046 0.1995679 0.8037912 0.1801643 0.7915534 0.8082191 0.8077319 0.8139914 0.8353648 0.7821197 0.8166536 0.7821197 0.8166536 0.8086538 0.8576099 0.7649939 0.8402904 0.2062364 0.7948623 0.2251404 0.8095152 0.1995679 0.8037912 0.8086538 0.8576099 0.7628847 0.8681976 0.7649939 0.8402904 0.2298715 0.7986747 0.2467741 0.8068944 0.2251404 0.8095152 0.2050138 0.7592252 0.2298715 0.7986747 0.2062364 0.7948623 0.2525808 0.7601374 0.2298715 0.7986747 0.2297937 0.7546394 0.2719266 0.7726993 0.2500955 0.794756 0.2525808 0.7601374 0.2500955 0.794756 0.2646811 0.8071154 0.2467741 0.8068944 0.2873558 0.7869415 0.2677862 0.7953822 0.2719266 0.7726993 0.2677862 0.7953822 0.2814756 0.8095338 0.2646811 0.8071154 0.7983872 0.873825 0.7750867 0.8923814 0.7628847 0.8681976 0.7979903 0.8892042 0.7921258 0.9105643 0.7750867 0.8923814 0.7921258 0.9105643 0.803017 0.9032044 0.8132979 0.9197607 0.2835876 0.7980276 0.3032605 0.8070917 0.2814756 0.8095338 0.2873558 0.7869415 0.3032605 0.8070917 0.2835876 0.7980276 0.3032605 0.8070917 0.2873558 0.7869415 0.2967825 0.7829681 0.2873558 0.7869415 0.279538 0.7636547 0.2967825 0.7829681 0.2525808 0.7601374 0.279538 0.7636547 0.2719266 0.7726993 0.2297937 0.7546394 0.2546298 0.7495455 0.2525808 0.7601374 0.2050138 0.7592252 0.225775 0.7446156 0.2297937 0.7546394 0.1805739 0.7759802 0.1964861 0.7524027 0.2050138 0.7592252 0.5786594 0.1544235 0.607972 0.1381335 0.5876872 0.1598424 0.5729922 0.157464 0.5621469 0.1347028 0.5786594 0.1544235 0.4209933 0.7954691 0.4201105 0.7612255 0.4288191 0.7656145 0.4209933 0.7954691 0.3805775 0.7608531 0.3939144 0.7602013 0.5621469 0.1347028 0.5455688 0.1270637 0.5553042 0.1219114 0.3754196 0.8155475 0.3805775 0.7608531 0.4015681 0.8155475 0.5553042 0.1219114 0.541394 0.1049545 0.5516663 0.09943264 0.607972 0.1381335 0.5553042 0.1219114 0.6100398 0.1120665 0.5553042 0.1219114 0.6004183 0.09128558 0.6100398 0.1120665 0.5516663 0.09943264 0.5832664 0.07176214 0.6004183 0.09128558 0.5516663 0.09943264 0.5418424 0.09152525 0.5520106 0.08458435 0.5520106 0.08458435 0.5626254 0.05343103 0.5832664 0.07176214 0.5520106 0.08458435 0.541394 0.06964439 0.5497565 0.06206005 0.3478484 0.8070797 0.3607833 0.7692104 0.3754196 0.8155475 0.3213731 0.7889338 0.3491848 0.774553 0.3478484 0.8070797 0.3213731 0.7889338 0.3016707 0.7718681 0.3294776 0.7745826 0.5497565 0.06206005 0.541394 0.06964439 0.544217 0.0406844 0.5626254 0.05343103 0.5497565 0.06206005 0.544217 0.0406844 0.544217 0.0406844 0.5697903 0.04568958 0.5626254 0.05343103 0.5697903 0.04568958 0.5832664 0.07176214 0.5626254 0.05343103 0.5922454 0.06684839 0.6004183 0.09128558 0.5832664 0.07176214 0.6112267 0.08920997 0.6100398 0.1120665 0.6004183 0.09128558 0.6202114 0.1141057 0.607972 0.1381335 0.6100398 0.1120665 0.607972 0.1381335 0.5928199 0.163215 0.5876872 0.1598424 0.08861482 0.007896125 0.08958017 0.03948771 0.05670523 0.007545113 0.1016377 0.01871544 0.08958017 0.03948771 0.09682154 0.01669085 0.009465694 0.6272724 0.030312 0.6516581 0.007507622 0.6397835 0.04343968 0.6097373 0.04385018 0.666754 0.030312 0.6516581 0.09786665 0.04542917 0.08147138 0.05606555 0.08958017 0.03948771 0.06314539 0.6037814 0.06679672 0.6706194 0.04385018 0.666754 0.08777177 0.06356322 0.06761264 0.07194983 0.08147138 0.05606555 0.08958017 0.03948771 0.03744697 0.01442569 0.05670523 0.007545113 0.03744697 0.01442569 0.06761264 0.07194983 0.02225142 0.02931505 0.06761264 0.07194983 0.01550579 0.05717074 0.02225142 0.02931505 0.07161229 0.08205664 0.04815697 0.08403056 0.06761264 0.07194983 0.04815697 0.08403056 0.01299673 0.08194726 0.01550579 0.05717074 0.05130726 0.09464412 0.02804774 0.09175848 0.04815697 0.08403056 0.1030499 0.6307517 0.06679672 0.6706194 0.08383548 0.6096493 0.1186751 0.6498824 0.08995717 0.669502 0.1030499 0.6307517 0.1186751 0.6498824 0.1339324 0.6703116 0.110346 0.665908 0.02804774 0.09175848 0.03141146 0.1024565 0.006777167 0.1034378 0.01299673 0.08194726 0.02804774 0.09175848 0.006777167 0.1034378 0.006777167 0.1034378 0.002952337 0.07802993 0.01299673 0.08194726 0.002952337 0.07802993 0.01550579 0.05717074 0.01299673 0.08194726 0.005334556 0.05251157 0.02225142 0.02931505 0.01550579 0.05717074 0.02225142 0.02931505 0.02823042 0.008840203 0.03744697 0.01442569 0.03744697 0.01442569 0.04661685 0.002933144 0.05670523 0.007545113 0.05670523 0.007545113 0.08673691 0.002933144 0.08861482 0.007896125 0.3676272 0.01105159 0.3996065 0.01110583 0.4006916 0.01685112 0.3994724 0.00494498 0.3996065 0.01110583 0.3676272 0.01105159 0.3996065 0.01110583 0.3994724 0.00494498 0.4449419 0.003845274 0.4006916 0.01685112 0.3996065 0.01110583 0.4454308 0.009790956 0.4454308 0.009790956 0.4449419 0.003845274 0.4878256 0.003476917 0.4461846 0.01534914 0.4454308 0.009790956 0.4886223 0.009376168 0.4886223 0.009376168 0.4878256 0.003476917 0.5268231 0.003107905 0.4884259 0.01503843 0.4886223 0.009376168 0.5272048 0.009060621 0.5272048 0.009060621 0.5268231 0.003107905 0.568353 0.002932369 0.5279165 0.01482194 0.5272048 0.009060621 0.5688932 0.009045004 0.5688932 0.009045004 0.568353 0.002932369 0.6119215 0.003237187 0.5691606 0.01510316 0.5688932 0.009045004 0.6122308 0.009122908 0.5691606 0.01510316 0.6131545 0.0152949 0.613695 0.022695 0.5689544 0.02221739 0.613695 0.022695 0.6127369 0.03012168 0.5282438 0.02149254 0.5279165 0.01482194 0.5691606 0.01510316 0.5282438 0.02149254 0.5689544 0.02221739 0.5683236 0.02874839 0.4884259 0.01503843 0.5279165 0.01482194 0.5282438 0.02149254 0.4877921 0.02166509 0.5282438 0.02149254 0.5275043 0.02814841 0.4461846 0.01534914 0.4884259 0.01503843 0.4877921 0.02166509 0.4466119 0.02249103 0.4877921 0.02166509 0.4875526 0.02798169 0.4015998 0.02370071 0.4006916 0.01685112 0.4461846 0.01534914 0.4015998 0.02370071 0.4466119 0.02249103 0.4461395 0.02885907 0.3650637 0.01805049 0.4006916 0.01685112 0.4015998 0.02370071 0.3601704 0.02708786 0.4015998 0.02370071 0.4011575 0.03024518 0.3656103 0.04257369 0.3601549 0.03592145 0.4011575 0.03024518 0.4011575 0.03024518 0.4461395 0.02885907 0.4455367 0.03411614 0.4461395 0.02885907 0.4875526 0.02798169 0.4878584 0.03321886 0.4875526 0.02798169 0.5275043 0.02814841 0.5265889 0.03356951 0.5275043 0.02814841 0.5683236 0.02874839 0.5678316 0.03425431 0.5683236 0.02874839 0.6127369 0.03012168 0.6114598 0.03598642 0.4552747 0.9519451 0.4549442 0.9419988 0.5143345 0.9383244 0.455344 0.9623085 0.4552747 0.9519451 0.5113297 0.9510824 0.5099076 0.9722824 0.4554166 0.9728431 0.455344 0.9623085 0.5109343 0.9836041 0.4553262 0.9833047 0.4554166 0.9728431 0.5148761 0.9970138 0.4549772 0.9933359 0.4553262 0.9833047 0.4011417 0.9530864 0.4010224 0.943777 0.4549442 0.9419988 0.4011704 0.9628006 0.4011417 0.9530864 0.4552747 0.9519451 0.4554166 0.9728431 0.4011977 0.972336 0.4011704 0.9628006 0.4553262 0.9833047 0.4011308 0.9818194 0.4011977 0.972336 0.4009057 0.9911214 0.4011308 0.9818194 0.4553262 0.9833047 0.3563763 0.9532741 0.3564471 0.9441774 0.4010224 0.943777 0.4011704 0.9628006 0.3564147 0.9626324 0.3563763 0.9532741 0.4011977 0.972336 0.3564591 0.9719926 0.3564147 0.9626324 0.4011308 0.9818194 0.3564633 0.9812914 0.3564591 0.9719926 0.3564383 0.9903877 0.3564633 0.9812914 0.4011308 0.9818194 0.3149812 0.952941 0.3152335 0.9436758 0.3564471 0.9441774 0.3564147 0.9626324 0.3148862 0.9623429 0.3149812 0.952941 0.3564591 0.9719926 0.3149443 0.971894 0.3148862 0.9623429 0.3564633 0.9812914 0.3150174 0.9813632 0.3149443 0.971894 0.3151689 0.9906349 0.3150174 0.9813632 0.3564633 0.9812914 0.2732025 0.9519584 0.2736398 0.942258 0.3152335 0.9436758 0.2729091 0.9621037 0.2732025 0.9519584 0.3149812 0.952941 0.3149443 0.971894 0.2730047 0.97214 0.2729091 0.9621037 0.3150174 0.9813632 0.2731521 0.9820498 0.2730047 0.97214 0.2734549 0.9917539 0.2731521 0.9820498 0.3150174 0.9813632 0.2287678 0.9506327 0.2293322 0.9402238 0.2736398 0.942258 0.2283988 0.9616929 0.2287678 0.9506327 0.2732025 0.9519584 0.2730047 0.97214 0.2285898 0.972503 0.2283988 0.9616929 0.2731521 0.9820498 0.2287881 0.9830958 0.2285898 0.972503 0.2291774 0.9934725 0.2287881 0.9830958 0.2731521 0.9820498 0.1794911 0.9496447 0.179391 0.9382648 0.2293322 0.9402238 0.1795802 0.9613772 0.1794911 0.9496447 0.2287678 0.9506327 0.2285898 0.972503 0.1795998 0.9731957 0.1795802 0.9613772 0.2287881 0.9830958 0.1796346 0.9846037 0.1795998 0.9731957 0.1797937 0.9955065 0.1796346 0.9846037 0.2287881 0.9830958 0.1794911 0.9496447 0.1219127 0.9516432 0.1201264 0.9411361 0.1795802 0.9613772 0.1232137 0.9626373 0.1219127 0.9516432 0.122614 0.973043 0.1232137 0.9626373 0.1795802 0.9613772 0.1215427 0.9834393 0.122614 0.973043 0.1795998 0.9731957 0.1212301 0.9946374 0.1215427 0.9834393 0.1796346 0.9846037 0.05004227 0.9548839 0.04467731 0.9484817 0.1201264 0.9411361 0.05257546 0.9639537 0.05004227 0.9548839 0.1219127 0.9516432 0.122614 0.973043 0.04916656 0.9738726 0.05257546 0.9639537 0.1215427 0.9834393 0.04427158 0.9810159 0.04916656 0.9738726 0.1212301 0.9946374 0.04459351 0.9917613 0.04427158 0.9810159 0.5148761 0.9970138 0.5109343 0.9836041 0.5207017 0.9815501 0.5207017 0.9815501 0.5109343 0.9836041 0.5099076 0.9722824 0.5187913 0.9717238 0.5099076 0.9722824 0.5101695 0.9617171 0.5184287 0.9620984 0.5101695 0.9617171 0.5113297 0.9510824 0.5113297 0.9510824 0.5143345 0.9383244 0.5226042 0.94436 0.9721976 0.4740304 0.9704841 0.5319712 0.9611044 0.5302549 0.9611044 0.5302549 0.9549332 0.5299813 0.9570372 0.4752365 0.965358 0.3910159 0.97406 0.3909348 0.9721976 0.4740304 0.9627143 0.4744725 0.9570372 0.4752365 0.9594125 0.3923773 0.9713963 0.3180443 0.97406 0.3909348 0.965358 0.3910159 0.9603161 0.2446077 0.9694832 0.2443425 0.9713963 0.3180443 0.965358 0.3910159 0.9594125 0.3923773 0.9561195 0.3197554 0.9618194 0.318292 0.9561195 0.3197554 0.9545734 0.2462227 0.9594125 0.3923773 0.9505167 0.392957 0.9469291 0.3200637 0.9469291 0.3200637 0.9460577 0.2471091 0.9545734 0.2462227 0.9545734 0.2462227 0.9460577 0.2471091 0.9407194 0.1790181 0.9407194 0.1790181 0.9312393 0.1163446 0.9406274 0.1151176 0.9603161 0.2446077 0.9545734 0.2462227 0.9499405 0.1775508 0.955601 0.1760748 0.9499405 0.1775508 0.9406274 0.1151176 0.955601 0.1760748 0.9646443 0.1750637 0.9694832 0.2443425 0.946758 0.113822 0.9561511 0.1118409 0.9646443 0.1750637 0.9451624 0.04809975 0.9561511 0.1118409 0.946758 0.113822 0.9501956 0.9085071 0.9440194 0.9727748 0.9348236 0.973568 0.9417366 0.9076976 0.9348236 0.973568 0.9286193 0.9720289 0.946758 0.113822 0.9406274 0.1151176 0.9292799 0.04992902 0.9286193 0.9720289 0.9201887 0.9688871 0.9276093 0.9053259 0.9406274 0.1151176 0.9312393 0.1163446 0.9203324 0.0528472 0.9276093 0.9053259 0.9328347 0.843055 0.941309 0.8434817 0.9328347 0.843055 0.9383031 0.7747051 0.9466837 0.7750788 0.952454 0.7764548 0.9467409 0.8450095 0.941309 0.8434817 0.9363079 0.9062393 0.941309 0.8434817 0.9467409 0.8450095 0.96138 0.7779833 0.955535 0.8461275 0.9467409 0.8450095 0.955535 0.8461275 0.9501956 0.9085071 0.9417366 0.9076976 0.9677061 0.72 0.96138 0.7779833 0.952454 0.7764548 0.9589516 0.6600235 0.9678499 0.6598529 0.9677061 0.72 0.9589516 0.6600235 0.9584794 0.7193123 0.9529988 0.7184286 0.9466837 0.7750788 0.9529988 0.7184286 0.9584794 0.7193123 0.9442166 0.7180848 0.9443507 0.6590591 0.9531819 0.6593123 0.9466837 0.7750788 0.9383031 0.7747051 0.9442166 0.7180848 0.9443507 0.6590591 0.9439496 0.5927381 0.9525584 0.5929911 0.9525584 0.5929911 0.9439496 0.5927381 0.9470729 0.5303284 0.9525584 0.5929911 0.9549332 0.5299813 0.9611044 0.5302549 0.9583724 0.5934971 0.9589516 0.6600235 0.9531819 0.6593123 0.9704841 0.5319712 0.967151 0.5935381 0.9583724 0.5934971 0.9583724 0.5934971 0.967151 0.5935381 0.9678499 0.6598529 0.9549332 0.5299813 0.9470729 0.5303284 0.9484351 0.4746491 0.9570372 0.4752365 0.9484351 0.4746491 0.9505167 0.392957 0.4385941 0.9125058 0.4403212 0.9217445 0.3770776 0.9143595 0.3713048 0.9051222 0.3707504 0.9012216 0.4381123 0.908152 0.3713048 0.9051222 0.3770776 0.9143595 0.3152154 0.9123719 0.3155534 0.9040467 0.3149342 0.9000734 0.3707504 0.9012216 0.3155534 0.9040467 0.3152154 0.9123719 0.2472766 0.9149828 0.2472766 0.9149828 0.183367 0.9196496 0.182389 0.9115154 0.2468902 0.9065061 0.2464164 0.9025348 0.3149342 0.9000734 0.182389 0.9115154 0.1820662 0.9074699 0.2464164 0.9025348 0.2458581 0.8934679 0.3144102 0.8913071 0.3149342 0.9000734 0.1820662 0.9074699 0.1812608 0.8988902 0.2458581 0.8934679 0.1215586 0.915767 0.120629 0.9074732 0.1812608 0.8988902 0.06601798 0.9262365 0.06476628 0.9177844 0.120629 0.9074732 0.182389 0.9115154 0.1216517 0.9195967 0.1215586 0.915767 0.1216517 0.9195967 0.06595915 0.9300546 0.06601798 0.9262365 0.183367 0.9196496 0.1232388 0.9274881 0.1216517 0.9195967 0.1232388 0.9274881 0.06741547 0.9382048 0.06595915 0.9300546 0.06595915 0.9300546 0.06741547 0.9382048 0.01211935 0.9498464 0.9181406 0.9311445 0.9171377 0.9402643 0.8524034 0.9457646 0.8523221 0.9332199 0.9192303 0.9267551 0.9181406 0.9311445 0.009144723 0.938302 0.06601798 0.9262365 0.06595915 0.9300546 0.8517793 0.9244278 0.916812 0.9175283 0.9192303 0.9267551 0.008807659 0.9296041 0.06476628 0.9177844 0.06601798 0.9262365 0.7873761 0.9266963 0.8517793 0.9244278 0.8523221 0.9332199 0.7123671 0.9342498 0.712764 0.924996 0.7873761 0.9266963 0.7123671 0.9342498 0.7873663 0.9363256 0.7868232 0.9406392 0.8515301 0.9372473 0.7868232 0.9406392 0.7873663 0.9363256 0.7871115 0.9502917 0.7117473 0.9478742 0.7120929 0.9388836 0.8515301 0.9372473 0.8524034 0.9457646 0.7871115 0.9502917 0.7120929 0.9388836 0.7117473 0.9478742 0.6358029 0.9442871 0.6358029 0.9442871 0.5714079 0.9386306 0.5723971 0.9293785 0.5723971 0.9293785 0.5722944 0.9249711 0.6365847 0.9303363 0.6365122 0.9347038 0.6365847 0.9303363 0.7123671 0.9342498 0.5722944 0.9249711 0.5730128 0.9155346 0.6371955 0.9206553 0.6371955 0.9206553 0.712764 0.924996 0.7123671 0.9342498 0.511563 0.9182843 0.5120854 0.9089768 0.5730128 0.9155346 0.4414958 0.8999148 0.5120854 0.9089768 0.511563 0.9182843 0.4385941 0.9125058 0.4381123 0.908152 0.511563 0.9182843 0.5118529 0.9225897 0.511563 0.9182843 0.5722944 0.9249711 0.5118529 0.9225897 0.5104097 0.9314837 0.4403212 0.9217445 0.5714079 0.9386306 0.5104097 0.9314837 0.5118529 0.9225897 0.3758334 0.892968 0.4414958 0.8999148 0.4381123 0.908152 0.3144102 0.8913071 0.3758334 0.892968 0.3707504 0.9012216 0.7625332 0.4732212 0.8027406 0.4738581 0.7996791 0.5349541 0.7595205 0.4062786 0.8055906 0.401969 0.8027406 0.4738581 0.7595205 0.4062786 0.7625332 0.4732212 0.7149873 0.4669609 0.7625332 0.4732212 0.7556667 0.532084 0.7058454 0.521598 0.8055906 0.401969 0.7595205 0.4062786 0.7562201 0.3422964 0.7595205 0.4062786 0.7090331 0.4127765 0.7037783 0.3524987 0.8055906 0.401969 0.8025788 0.334284 0.8122116 0.3332478 0.8027406 0.4738581 0.8055906 0.401969 0.8145283 0.4033792 0.7996791 0.5349541 0.8027406 0.4738581 0.8104186 0.4757502 0.7944491 0.5939524 0.7996791 0.5349541 0.8067376 0.5365924 0.7556667 0.532084 0.7996791 0.5349541 0.7944491 0.5939524 0.7434529 0.6457655 0.7473689 0.588732 0.7944491 0.5939524 0.7944491 0.5939524 0.8014113 0.5946816 0.7942769 0.6525721 0.7870113 0.6528564 0.7942769 0.6525721 0.7849718 0.7102704 0.7383925 0.7018206 0.7434529 0.6457655 0.7870113 0.6528564 0.7770056 0.7107651 0.7849718 0.7102704 0.7746364 0.7776064 0.7655588 0.7772074 0.7746364 0.7776064 0.7570067 0.8477402 0.7655588 0.7772074 0.7476217 0.8466445 0.70046 0.8293169 0.7206264 0.7625922 0.7383925 0.7018206 0.7770056 0.7107651 0.7206264 0.7625922 0.70046 0.8293169 0.6487636 0.8025419 0.6909238 0.695683 0.7383925 0.7018206 0.7206264 0.7625922 0.6909238 0.695683 0.6929731 0.6434174 0.7434529 0.6457655 0.6929731 0.6434174 0.6909238 0.695683 0.6839937 0.692503 0.6909238 0.695683 0.6719114 0.7437523 0.6641771 0.7401822 0.6719114 0.7437523 0.6487636 0.8025419 0.6404184 0.7983519 0.6154733 0.8558656 0.6082408 0.8494347 0.6404184 0.7983519 0.6154733 0.8558656 0.6487636 0.8025419 0.70046 0.8293169 0.6406524 0.1154043 0.6137709 0.05739778 0.6793959 0.02200722 0.6406524 0.1154043 0.6336785 0.1199559 0.6078431 0.0651344 0.6538997 0.1796253 0.6467465 0.1818113 0.6336785 0.1199559 0.6406524 0.1154043 0.7072931 0.09133452 0.724878 0.1552686 0.6538997 0.1796253 0.6773613 0.2403469 0.6696558 0.240917 0.6773613 0.2403469 0.6949014 0.2981833 0.6867119 0.2982007 0.6538997 0.1796253 0.724878 0.1552686 0.7401466 0.2162029 0.6773613 0.2403469 0.7401466 0.2162029 0.7511942 0.280364 0.7401466 0.2162029 0.7989436 0.2034548 0.8024157 0.2689481 0.724878 0.1552686 0.7897828 0.1385644 0.7989436 0.2034548 0.7989436 0.2034548 0.8066753 0.2009232 0.8105844 0.266444 0.7897828 0.1385644 0.7977076 0.1365811 0.8066753 0.2009232 0.7897828 0.1385644 0.7660564 0.07469546 0.7747987 0.07369059 0.7660564 0.07469546 0.7423874 0.002989411 0.753202 0.004442512 0.7072931 0.09133452 0.6793959 0.02200722 0.7423874 0.002989411 0.724878 0.1552686 0.7072931 0.09133452 0.7660564 0.07469546 0.6778303 0.8989215 0.70046 0.8293169 0.7476217 0.8466445 0.7412649 0.9173595 0.7476217 0.8466445 0.7570067 0.8477402 0.8024157 0.2689481 0.8105844 0.266444 0.8122116 0.3332478 0.7511942 0.280364 0.8024157 0.2689481 0.8025788 0.334284 0.6949014 0.2981833 0.7511942 0.280364 0.7562201 0.3422964 0.6949014 0.2981833 0.7037783 0.3524987 0.6947866 0.3532539 0.7090331 0.4127765 0.7008165 0.4143291 0.6947866 0.3532539 0.7149873 0.4669609 0.7075136 0.4683613 0.7008165 0.4143291 0.7058454 0.521598 0.6990507 0.5222738 0.7075136 0.4683613 0.695523 0.5816337 0.689262 0.580972 0.6990507 0.5222738 0.7556667 0.532084 0.7473689 0.588732 0.695523 0.5816337 0.6929731 0.6434174 0.695523 0.5816337 0.7473689 0.588732 0.695523 0.5816337 0.6929731 0.6434174 0.686616 0.6411372 0.9056114 0.4735413 0.9151951 0.5337469 0.894507 0.5326864 0.9151951 0.5337469 0.9056114 0.4735413 0.9193346 0.4738842 0.8960013 0.4062228 0.9056114 0.4735413 0.8867956 0.4724952 0.9056114 0.4735413 0.8960013 0.4062228 0.9107376 0.4059379 0.8960013 0.4062228 0.8863754 0.330616 0.9021343 0.3295656 0.88258 0.2720593 0.8970906 0.2691279 0.9021343 0.3295656 0.8796521 0.4038752 0.8725665 0.3294031 0.8863754 0.330616 0.88258 0.2720593 0.8863754 0.330616 0.8725665 0.3294031 0.8692576 0.2709342 0.8725665 0.3294031 0.8584911 0.3284716 0.8646309 0.4018846 0.8584911 0.3284716 0.8725665 0.3294031 0.8714317 0.2147109 0.8692576 0.2709342 0.8554008 0.2697817 0.8845141 0.2152708 0.88258 0.2720593 0.8692576 0.2709342 0.8771357 0.1464899 0.8714317 0.2147109 0.8570842 0.2137405 0.8771357 0.1464899 0.8920141 0.1467226 0.8845141 0.2152708 0.8845141 0.2152708 0.8977394 0.2118744 0.8970906 0.2691279 0.8920141 0.1467226 0.9045709 0.1466952 0.8977394 0.2118744 0.8920141 0.1467226 0.890803 0.07152247 0.9032261 0.07579118 0.890803 0.07152247 0.8973677 0.006486654 0.9109315 0.01482802 0.8820847 0.004552662 0.8973677 0.006486654 0.890803 0.07152247 0.8771357 0.1464899 0.8778322 0.0711646 0.890803 0.07152247 0.8778322 0.0711646 0.8626666 0.07082706 0.8654298 0.004256725 0.8771357 0.1464899 0.8610581 0.1458972 0.8626666 0.07082706 0.875943 0.9146454 0.8599935 0.9159386 0.8647133 0.8488332 0.8793386 0.8476986 0.8930094 0.8461261 0.8905397 0.9117256 0.871003 0.7752432 0.8860265 0.7733359 0.8793386 0.8476986 0.8930094 0.8461261 0.8793386 0.8476986 0.8860265 0.7733359 0.9022462 0.7708743 0.9167226 0.7703722 0.9070649 0.8463332 0.8930094 0.8461261 0.9070649 0.8463332 0.9063833 0.9086528 0.9095855 0.7069095 0.9232245 0.7057418 0.9167226 0.7703722 0.9171389 0.6465188 0.9295 0.6456606 0.9232245 0.7057418 0.8964722 0.6482932 0.9171389 0.6465188 0.9095855 0.7069095 0.8908329 0.7084422 0.9095855 0.7069095 0.9022462 0.7708743 0.8908329 0.7084422 0.8753461 0.7094563 0.8804286 0.6494808 0.8860265 0.7733359 0.871003 0.7752432 0.8753461 0.7094563 0.8964722 0.6482932 0.8804286 0.6494808 0.8805124 0.590725 0.8973168 0.5904403 0.9198737 0.5900539 0.9171389 0.6465188 0.894507 0.5326864 0.8973168 0.5904403 0.8805124 0.590725 0.9151951 0.5337469 0.9198737 0.5900539 0.8973168 0.5904403 0.9198737 0.5900539 0.9151951 0.5337469 0.9275688 0.5341681 0.9198737 0.5900539 0.931184 0.5898581 0.9295 0.6456606 0.8867956 0.4724952 0.894507 0.5326864 0.8784481 0.5320453 0.8712454 0.4717574 0.8784481 0.5320453 0.8637483 0.5314333 0.8784481 0.5320453 0.8805124 0.590725 0.8656992 0.5909734 0.8570907 0.4713796 0.8637483 0.5314333 0.8449229 0.5305895 0.8637483 0.5314333 0.8656992 0.5909734 0.8447533 0.5913187 0.8447533 0.5913187 0.8326443 0.5915151 0.8323255 0.533156 0.8449229 0.5305895 0.8323255 0.533156 0.8266323 0.4733046 0.8404139 0.4708815 0.8266323 0.4733046 0.8221905 0.4011933 0.8369954 0.399174 0.8221905 0.4011933 0.8179354 0.3278704 0.8369954 0.399174 0.8338704 0.3271095 0.8454623 0.3276399 0.8508701 0.4004974 0.8570907 0.4713796 0.8404139 0.4708815 0.8646309 0.4018846 0.8712454 0.4717574 0.8570907 0.4713796 0.8508701 0.4004974 0.8454623 0.3276399 0.8584911 0.3284716 0.8554008 0.2697817 0.8584911 0.3284716 0.8454623 0.3276399 0.8424323 0.26888 0.8454623 0.3276399 0.8338704 0.3271095 0.8570842 0.2137405 0.8554008 0.2697817 0.8424323 0.26888 0.843244 0.2132792 0.8424323 0.26888 0.8316264 0.268001 0.8325066 0.2125038 0.8316264 0.268001 0.8172517 0.2656151 0.8316264 0.268001 0.8338704 0.3271095 0.8179354 0.3278704 0.8341981 0.1444894 0.8325066 0.2125038 0.8197398 0.2082828 0.8341981 0.1444894 0.8214705 0.143577 0.8251166 0.0729351 0.846001 0.145116 0.843244 0.2132792 0.8325066 0.2125038 0.8341981 0.1444894 0.8376057 0.06971383 0.8483161 0.06995987 0.8376119 0.003245055 0.8500118 0.002942442 0.8483161 0.06995987 0.8376057 0.06971383 0.8251166 0.0729351 0.8230969 0.01003199 0.846001 0.145116 0.8483161 0.06995987 0.8626666 0.07082706 0.8483161 0.06995987 0.8500118 0.002942442 0.8654298 0.004256725 0.8599935 0.9159386 0.844825 0.9191323 0.8511562 0.8500479 0.8391458 0.8507242 0.8511562 0.8500479 0.844825 0.9191323 0.8573307 0.7768734 0.871003 0.7752432 0.8647133 0.8488332 0.8511562 0.8500479 0.8391458 0.8507242 0.8433327 0.7785453 0.8433327 0.7785453 0.8391458 0.8507242 0.8248038 0.8488888 0.8318166 0.9201267 0.8174887 0.9150325 0.8248038 0.8488888 0.8445739 0.7113559 0.8433327 0.7785453 0.8287853 0.7759106 0.8469125 0.6520814 0.8445739 0.7113559 0.8309439 0.7086172 0.8469125 0.6520814 0.8657349 0.6506032 0.861192 0.710364 0.8445739 0.7113559 0.861192 0.710364 0.8573307 0.7768734 0.871003 0.7752432 0.8573307 0.7768734 0.861192 0.710364 0.8753461 0.7094563 0.861192 0.710364 0.8657349 0.6506032 0.8804286 0.6494808 0.8657349 0.6506032 0.8656992 0.5909734 0.8447533 0.5913187 0.8656992 0.5909734 0.8657349 0.6506032 0.8447533 0.5913187 0.8469125 0.6520814 0.8342179 0.6498844 0.8570842 0.2137405 0.843244 0.2132792 0.846001 0.145116 0.8796521 0.4038752 0.8867956 0.4724952 0.8712454 0.4717574 0.5571667 0.6997066 0.5846525 0.7013138 0.5830454 0.7287996 0.5427114 0.7513098 0.517453 0.7472292 0.5283161 0.7164305 0.5775288 0.7525745 0.5597872 0.7528026 0.5555595 0.7271926 0.5597872 0.7528026 0.5605008 0.768594 0.5436423 0.76925 0.5605008 0.768594 0.5597872 0.7528026 0.5775288 0.7525745 0.5605008 0.768594 0.5782427 0.768366 0.5824701 0.7939761 0.5775288 0.7525745 0.5943874 0.7519186 0.5953184 0.7698588 0.6097136 0.8047381 0.5824701 0.7939761 0.5953184 0.7698588 0.5808631 0.8214619 0.5533772 0.8198549 0.5549843 0.792369 0.5533772 0.8198549 0.5808631 0.8214619 0.5770676 0.8475795 0.6017451 0.8450004 0.600682 0.8719967 0.5774837 0.8675497 0.5953184 0.7698588 0.5943874 0.7519186 0.6205767 0.7467827 0.5830454 0.7287996 0.6084357 0.7190473 0.6205767 0.7467827 0.578836 0.894973 0.5513503 0.893366 0.5551458 0.8672483 0.5770676 0.8475795 0.5774837 0.8675497 0.5551458 0.8672483 0.5551458 0.8672483 0.5304684 0.8698274 0.5315313 0.8428311 0.517453 0.7743858 0.5436423 0.76925 0.5549843 0.792369 0.517453 0.7743858 0.517453 0.7472292 0.5427114 0.7513098 0.1181377 0.03493225 0.1300979 0.03148359 0.1292936 0.0420295 0.1198499 0.04401791 0.1292936 0.0420295 0.1315712 0.05076044 0.1415304 0.03269082 0.1370815 0.04687523 0.1292936 0.0420295 0.1303976 0.02195346 0.1404452 0.01830023 0.1415304 0.03269082 0.1288714 0.01243811 0.1354262 0.006257772 0.1404452 0.01830023 0.1198616 0.01222562 0.1157337 0.003042876 0.1308413 0.00340408 0.1198616 0.01222562 0.1288714 0.01243811 0.1303976 0.02195346 0.1071405 0.02142876 0.111059 0.007034361 0.1198616 0.01222562 0.1177372 0.02358466 0.1303976 0.02195346 0.1300979 0.03148359 0.1177372 0.02358466 0.1181377 0.03493225 0.1071405 0.03593599 0.1198499 0.04401791 0.1112381 0.05079805 0.1071405 0.03593599 0.07519155 0.5940665 0.04642421 0.6026363 0.04792261 0.5780093 0.04757976 0.5461407 0.07789361 0.5450754 0.07791215 0.5790694 0.04757976 0.5461407 0.04792261 0.5780093 0.002937853 0.5788879 0.04792261 0.5780093 0.04642421 0.6026363 0.008912682 0.6017201 0.04757976 0.5461407 0.002937853 0.5452424 0.008794426 0.5225272 0.04757976 0.5461407 0.04607009 0.5214852 0.07508784 0.5299524 0.7892118 0.04114282 0.7769914 0.03951561 0.7814282 0.025123 0.8084631 0.003567993 0.8087093 0.0268051 0.7936485 0.0267502 0.7814282 0.025123 0.7814281 0.002932965 0.7934023 0.003513038 0.7663713 0.003286719 0.7814281 0.002932965 0.7814282 0.025123 0.4136607 0.8372155 0.4146345 0.8256005 0.4516082 0.8265578 0.4516082 0.8391267 0.4516082 0.8541685 0.4137126 0.8523645 0.4895036 0.8523645 0.4516082 0.8541685 0.4516082 0.8391267 0.4516082 0.8265578 0.4885819 0.8256005 0.4895555 0.8372155 0.4516082 0.8265578 0.4516082 0.8111696 0.4876694 0.8110875 0.4155469 0.8110875 0.4516082 0.8111696 0.4516082 0.8265578 0.939309 0.003241539 0.9437454 0.01763331 0.9315257 0.0192604 0.9585593 0.04081428 0.9434993 0.04086929 0.9437454 0.01763331 0.9434993 0.04086929 0.9315257 0.04144924 0.9315257 0.0192604 0.9315257 0.0192604 0.9315257 0.04144924 0.9164697 0.04109555 0.3681448 0.4603659 0.3234584 0.4678885 0.316461 0.4261944 0.3770446 0.5141924 0.328521 0.5201125 0.3234584 0.4678885 0.4219259 0.4556989 0.3681448 0.4603659 0.3645433 0.4144797 0.3770446 0.5141924 0.3681448 0.4603659 0.4219259 0.4556989 0.3770446 0.5141924 0.4277914 0.5013614 0.435806 0.560726 0.328521 0.5201125 0.3770446 0.5141924 0.3796383 0.5696517 0.328521 0.5201125 0.2900683 0.5211181 0.2872315 0.474443 0.328521 0.5201125 0.3293569 0.5730879 0.2887138 0.5691932 0.2818572 0.6144317 0.2887138 0.5691932 0.3293569 0.5730879 0.3811861 0.6223064 0.3268374 0.6228177 0.3293569 0.5730879 0.3222199 0.6787716 0.3268374 0.6228177 0.3811861 0.6223064 0.2648222 0.6660431 0.2818572 0.6144317 0.3268374 0.6228177 0.3131111 0.7601699 0.3222199 0.6787716 0.3926401 0.6809244 0.3131111 0.7601699 0.2321372 0.7361978 0.2648222 0.6660431 0.1819043 0.1124173 0.1307535 0.1591749 0.07196307 0.1043245 0.07196307 0.1043245 0.1307535 0.1591749 0.0959841 0.2053893 0.2110518 0.163529 0.1700758 0.1980577 0.1307535 0.1591749 0.1700758 0.1980577 0.1417443 0.233165 0.0959841 0.2053893 0.2110518 0.163529 0.2438199 0.2039434 0.2039259 0.2337312 0.2039259 0.2337312 0.1759116 0.2627482 0.1417443 0.233165 0.1759116 0.2627482 0.2039259 0.2337312 0.2374318 0.2741193 0.2374318 0.2741193 0.2039259 0.2337312 0.2438199 0.2039434 0.2776882 0.2472847 0.3057891 0.2936896 0.2673521 0.3168715 0.2374318 0.2741193 0.2673521 0.3168715 0.2358884 0.3350999 0.3057891 0.2936896 0.3326812 0.3308054 0.2890239 0.3534054 0.2673521 0.3168715 0.2890239 0.3534054 0.2539952 0.3691397 0.3070636 0.3655551 0.2949101 0.367227 0.2890239 0.3534054 0.2890239 0.3534054 0.2949101 0.367227 0.2813725 0.3731974 0.2961007 0.3725335 0.2873278 0.3765135 0.2813725 0.3731974 0.3040983 0.3711985 0.2961007 0.3725335 0.2949101 0.367227 0.03911942 0.6844843 0.0712704 0.703081 0.04753035 0.7197456 0.04753035 0.7197456 0.02419966 0.7474714 0.01113742 0.7119286 0.0712704 0.703081 0.09600549 0.7334147 0.07280075 0.7490052 0.07280075 0.7490052 0.05064469 0.7739878 0.02419966 0.7474714 0.09600549 0.7334147 0.1217186 0.7606848 0.1034349 0.7801766 0.1034349 0.7801766 0.0814796 0.8035829 0.05064469 0.7739878 0.1129842 0.8324638 0.0814796 0.8035829 0.1034349 0.7801766 0.1034349 0.7801766 0.1217186 0.7606848 0.1505762 0.7846032 0.1531546 0.7271717 0.1786088 0.7594432 0.1505762 0.7846032 0.1531546 0.7271717 0.1217186 0.7606848 0.09600549 0.7334147 0.1959629 0.7290077 0.1786088 0.7594432 0.1531546 0.7271717 0.1531546 0.7271717 0.1193227 0.7038317 0.1485872 0.6845683 0.3234258 0.4046576 0.3172886 0.4022171 0.3130532 0.3861182 0.3130532 0.3861182 0.3040983 0.3711985 0.3070636 0.3655551 0.3539322 0.3702126 0.3645433 0.4144797 0.3234258 0.4046576 0.3539322 0.3702126 0.3178721 0.3841245 0.3070636 0.3655551 0.316461 0.4261944 0.3122985 0.4117232 0.3234258 0.4046576 0.3122985 0.4117232 0.3096785 0.4066247 0.3172886 0.4022171 0.316461 0.4261944 0.278569 0.4364249 0.2967242 0.4152213 0.2967242 0.4152213 0.2991246 0.408744 0.3096785 0.4066247 0.2030414 0.8382464 0.1931895 0.8527975 0.1673148 0.8321058 0.1774412 0.867925 0.1411364 0.8571605 0.1673148 0.8321058 0.1824284 0.8073494 0.1673148 0.8321058 0.1365002 0.8087566 0.1411364 0.8571605 0.1129842 0.8324638 0.1365002 0.8087566 0.0575639 0.8829979 0.02825123 0.8603282 0.05179286 0.8352311 0.08673721 0.8589822 0.05179286 0.8352311 0.0814796 0.8035829 0.003754973 0.832524 0.02585744 0.8018757 0.05179286 0.8352311 0.02585744 0.8018757 0.05064469 0.7739878 0.0814796 0.8035829 0.2967242 0.4152213 0.285608 0.3957096 0.2899715 0.3941263 0.2813725 0.3731974 0.2873278 0.3765135 0.2899715 0.3941263 0.2967242 0.4152213 0.278569 0.4364249 0.2671719 0.4024654 0.2671719 0.4024654 0.2539952 0.3691397 0.2813725 0.3731974 0.278569 0.4364249 0.2366755 0.4488241 0.2271448 0.4172393 0.2539952 0.3691397 0.2671719 0.4024654 0.2271448 0.4172393 0.3234584 0.4678885 0.2872315 0.474443 0.278569 0.4364249 0.2872315 0.474443 0.2440009 0.4818384 0.2366755 0.4488241 0.2366755 0.4488241 0.2031973 0.4598158 0.1915999 0.430289 0.2366755 0.4488241 0.2440009 0.4818384 0.2110465 0.4852386 0.163594 0.4405137 0.1915999 0.430289 0.2031973 0.4598158 0.1759514 0.4769999 0.2031973 0.4598158 0.2110465 0.4852386 0.2087072 0.5105147 0.2022902 0.5447869 0.17087 0.5411196 0.1467084 0.486965 0.1759514 0.4769999 0.17087 0.5411196 0.1396974 0.4491958 0.163594 0.4405137 0.1759514 0.4769999 0.1102764 0.5269107 0.1010237 0.4985691 0.1196678 0.4801622 0.1467084 0.486965 0.1196678 0.4801622 0.1199688 0.456323 0.1496631 0.4046942 0.163594 0.4405137 0.1396974 0.4491958 0.1199688 0.456323 0.104535 0.4381766 0.1209996 0.41573 0.104535 0.4381766 0.07845062 0.4358837 0.06752288 0.4081708 0.1049681 0.3592468 0.1496631 0.4046942 0.1209996 0.41573 0.1049681 0.3592468 0.1263883 0.3364422 0.1531423 0.3582646 0.1711 0.3759309 0.1814511 0.4002892 0.1496631 0.4046942 0.1814511 0.4002892 0.1915999 0.430289 0.163594 0.4405137 0.2140147 0.3870502 0.1814511 0.4002892 0.1711 0.3759309 0.1915999 0.430289 0.1814511 0.4002892 0.2140147 0.3870502 0.1983121 0.3573349 0.1711 0.3759309 0.1531423 0.3582646 0.2358884 0.3350999 0.2539952 0.3691397 0.2140147 0.3870502 0.2358884 0.3350999 0.1983121 0.3573349 0.1770147 0.3291652 0.1479744 0.3012358 0.1759116 0.2627482 0.2078592 0.2980701 0.1263883 0.3364422 0.1479744 0.3012358 0.1770147 0.3291652 0.1759116 0.2627482 0.1479744 0.3012358 0.1150512 0.2831653 0.1479744 0.3012358 0.1263883 0.3364422 0.1026988 0.3198796 0.0959841 0.2053893 0.1417443 0.233165 0.1150512 0.2831653 0.1026988 0.3198796 0.0628947 0.3215328 0.06951665 0.2725276 0.1026988 0.3198796 0.1263883 0.3364422 0.1049681 0.3592468 0.0628947 0.3215328 0.005065023 0.3227505 0.002945899 0.2695398 0.005065023 0.3227505 0.0628947 0.3215328 0.05682802 0.3608161 0.05682802 0.3608161 0.0628947 0.3215328 0.1049681 0.3592468 0.06752288 0.4081708 0.07845062 0.4358837 0.06244254 0.4470629 0.03577238 0.4428245 0.06244254 0.4470629 0.05881148 0.4783562 0.06369996 0.5204285 0.03982782 0.4851884 0.05881148 0.4783562 0.1324923 0.5712856 0.1628832 0.5978298 0.1171724 0.6347878 0.1102764 0.5269107 0.06369996 0.5204285 0.08155637 0.500159 0.1324923 0.5712856 0.1502001 0.5345673 0.17087 0.5411196 0.1504506 0.6775581 0.1171724 0.6347878 0.1628832 0.5978298 0.2001488 0.6314825 0.1628832 0.5978298 0.1948022 0.5730676 0.1948022 0.5730676 0.1628832 0.5978298 0.17087 0.5411196 0.2419523 0.5578494 0.2283943 0.5933636 0.1948022 0.5730676 0.2460336 0.5173671 0.2419523 0.5578494 0.2022902 0.5447869 0.2900683 0.5211181 0.2887138 0.5691932 0.2419523 0.5578494 0.2283943 0.5933636 0.2419523 0.5578494 0.2887138 0.5691932 0.2460336 0.5173671 0.2440009 0.4818384 0.2872315 0.474443 0.2440009 0.4818384 0.2460336 0.5173671 0.2087072 0.5105147 0.2648222 0.6660431 0.2001488 0.6314825 0.2283943 0.5933636 0.2321372 0.7361978 0.1504506 0.6775581 0.2001488 0.6314825 0.02684921 0.1737726 0.0959841 0.2053893 0.06951665 0.2725276 0.05881148 0.4783562 0.06979477 0.4744022 0.08325278 0.4898166 0.08155637 0.500159 0.08325278 0.4898166 0.09441834 0.4904068 0.08584016 0.468625 0.09441834 0.4904068 0.08325278 0.4898166 0.1010237 0.4985691 0.09441834 0.4904068 0.1052697 0.4788576 0.08584016 0.468625 0.1052252 0.4616408 0.1052697 0.4788576 0.08584016 0.468625 0.07856458 0.4463788 0.09428226 0.4483569 0.07033979 0.453949 0.07856458 0.4463788 0.08584016 0.468625 0.09428226 0.4483569 0.07856458 0.4463788 0.07845062 0.4358837 0.07856458 0.4463788 0.07033979 0.453949 0.06244254 0.4470629 0.07033979 0.453949 0.06979477 0.4744022 0.05881148 0.4783562 0.1052252 0.4616408 0.09428226 0.4483569 0.104535 0.4381766 0.1196678 0.4801622 0.1052697 0.4788576 0.1052252 0.4616408 0.4261549 0.4077928 0.3645433 0.4144797 0.3539322 0.3702126 0.3838165 0.2953189 0.4356775 0.3400014 0.3539322 0.3702126 0.4901108 0.3798482 0.4741592 0.4233673 0.4261549 0.4077928 0.4901108 0.3798482 0.4356775 0.3400014 0.5157892 0.3098731 0.5157892 0.3098731 0.4356775 0.3400014 0.4503073 0.2743562 0.4503073 0.2743562 0.4356775 0.3400014 0.3838165 0.2953189 0.4767531 0.2063573 0.5077906 0.1999887 0.498068 0.2604753 0.4456707 0.1939465 0.4767531 0.2063573 0.4503073 0.2743562 0.5077906 0.1999887 0.4767531 0.2063573 0.4942037 0.1525536 0.4767531 0.2063573 0.4456707 0.1939465 0.4733622 0.1455322 0.4456707 0.1939465 0.4201902 0.1774952 0.4549592 0.1357323 0.3804698 0.2279152 0.4201902 0.1774952 0.4456707 0.1939465 0.4549592 0.1357323 0.4201902 0.1774952 0.4057433 0.1552436 0.362917 0.1938214 0.4057433 0.1552436 0.4201902 0.1774952 0.4097381 0.2521848 0.3838165 0.2953189 0.3493825 0.2621074 0.3804698 0.2279152 0.3493825 0.2621074 0.3240954 0.223982 0.3493825 0.2621074 0.3838165 0.2953189 0.3326812 0.3308054 0.3493825 0.2621074 0.3057891 0.2936896 0.2776882 0.2472847 0.2776882 0.2472847 0.2438199 0.2039434 0.2916105 0.1743168 0.3240954 0.223982 0.2916105 0.1743168 0.3410914 0.1507691 0.2655247 0.1322857 0.2916105 0.1743168 0.2438199 0.2039434 0.2916105 0.1743168 0.2655247 0.1322857 0.3253168 0.1182982 0.3410914 0.1507691 0.3912402 0.1298099 0.4057433 0.1552436 0.3812304 0.1066433 0.3912402 0.1298099 0.3410914 0.1507691 0.4466549 0.1221041 0.4057433 0.1552436 0.3912402 0.1298099 0.3912402 0.1298099 0.3812304 0.1066433 0.4282558 0.09181356 0.4282558 0.09181356 0.3812304 0.1066433 0.3774724 0.07860505 0.3231198 0.0781843 0.3774724 0.07860505 0.3812304 0.1066433 0.4257231 0.07258611 0.3774724 0.07860505 0.3801575 0.05327802 0.3801575 0.05327802 0.3774724 0.07860505 0.3231198 0.0781843 0.2542316 0.07748007 0.2639373 0.003213882 0.3271148 0.03647232 0.2655247 0.1322857 0.2542316 0.07748007 0.3231198 0.0781843 0.2542316 0.07748007 0.1819043 0.1124173 0.1500405 0.046386 0.2655247 0.1322857 0.2110518 0.163529 0.1819043 0.1124173 0.4119933 0.7530043 0.3926401 0.6809244 0.4714541 0.6596919 0.5546515 0.6424817 0.5284144 0.7102134 0.4714541 0.6596919 0.6358347 0.3115611 0.5954601 0.3318573 0.5843183 0.2838935 0.6043449 0.2290323 0.6666263 0.2525551 0.5843183 0.2838935 0.5954601 0.3318573 0.6358347 0.3115611 0.628112 0.3655486 0.523745 0.6132442 0.5649358 0.5766279 0.583918 0.5941342 0.6056519 0.5489515 0.6168336 0.5629227 0.583918 0.5941342 0.6424863 0.4084291 0.6349787 0.4235585 0.6094193 0.3808842 0.6212588 0.4355697 0.5827559 0.3977743 0.6094193 0.3808842 0.5954601 0.3318573 0.6094193 0.3808842 0.5827559 0.3977743 0.6041353 0.4426286 0.5551236 0.4136271 0.5827559 0.3977743 0.5352213 0.3586848 0.5827559 0.3977743 0.5551236 0.4136271 0.5954601 0.3318573 0.5352213 0.3586848 0.5157892 0.3098731 0.5930655 0.4618403 0.5399026 0.4436513 0.5551236 0.4136271 0.4901108 0.3798482 0.5551236 0.4136271 0.5399026 0.4436513 0.5856708 0.4815289 0.5315364 0.4730233 0.5399026 0.4436513 0.4680293 0.4611155 0.4741592 0.4233673 0.5399026 0.4436513 0.4741592 0.4233673 0.4680293 0.4611155 0.4219259 0.4556989 0.4680293 0.4611155 0.4772532 0.4986258 0.4277914 0.5013614 0.4772532 0.4986258 0.4680293 0.4611155 0.5315364 0.4730233 0.4891703 0.5458814 0.435806 0.560726 0.4277914 0.5013614 0.4891703 0.5458814 0.4772532 0.4986258 0.5353652 0.4995054 0.5884657 0.4973928 0.5918282 0.5161469 0.5412666 0.5284815 0.5856708 0.4815289 0.5884657 0.4973928 0.5353652 0.4995054 0.5947245 0.5326573 0.5490857 0.5527721 0.5412666 0.5284815 0.4891703 0.5458814 0.5412666 0.5284815 0.5490857 0.5527721 0.5947245 0.5326573 0.6056519 0.5489515 0.5649358 0.5766279 0.523745 0.6132442 0.4987089 0.5811283 0.5490857 0.5527721 0.523745 0.6132442 0.4714541 0.6596919 0.4436902 0.6101796 0.4987089 0.5811283 0.4436902 0.6101796 0.435806 0.560726 0.3926401 0.6809244 0.3811861 0.6223064 0.4436902 0.6101796 0.4436902 0.6101796 0.3811861 0.6223064 0.3796383 0.5696517 0.6056519 0.5489515 0.5947245 0.5326573 0.6471491 0.5142672 0.5918282 0.5161469 0.6476967 0.5058636 0.6471491 0.5142672 0.6573688 0.5145859 0.6471491 0.5142672 0.6476967 0.5058636 0.6557208 0.4976311 0.6573124 0.5034005 0.6476967 0.5058636 0.5918282 0.5161469 0.5884657 0.4973928 0.6461725 0.4967542 0.6461725 0.4967542 0.6431849 0.4886443 0.653091 0.4864751 0.5884657 0.4973928 0.5856708 0.4815289 0.6431849 0.4886443 0.5930655 0.4618403 0.6482031 0.4807854 0.6431849 0.4886443 0.6665748 0.4941532 0.6557208 0.4976311 0.653091 0.4864751 0.5930655 0.4618403 0.6041353 0.4426286 0.6487093 0.4710004 0.6212588 0.4355697 0.6580969 0.469034 0.6487093 0.4710004 0.6665748 0.4941532 0.6678203 0.5053195 0.6573124 0.5034005 0.6212588 0.4355697 0.6349787 0.4235585 0.665273 0.4619435 0.6573688 0.5145859 0.6573124 0.5034005 0.6678203 0.5053195 0.6349787 0.4235585 0.6424863 0.4084291 0.6671904 0.4525704 0.6056519 0.5489515 0.6534011 0.5211497 0.6548829 0.5302481 0.5607998 0.2407044 0.5843183 0.2838935 0.5157892 0.3098731 0.5077906 0.1999887 0.5387734 0.1949682 0.5607998 0.2407044 0.5607998 0.2407044 0.5387734 0.1949682 0.5627892 0.1940166 0.5387734 0.1949682 0.5077906 0.1999887 0.5115676 0.1465483 0.5451771 0.1527289 0.5627892 0.1940166 0.5387734 0.1949682 0.5115676 0.1465483 0.5169345 0.09752434 0.5269138 0.09807121 0.5296554 0.1464424 0.5269138 0.09807121 0.5344911 0.1037619 0.4938257 0.07257008 0.5003634 0.06426835 0.506749 0.0733658 0.5003634 0.06426835 0.4938257 0.07257008 0.486546 0.06423687 0.4744548 0.05425804 0.4793072 0.06197214 0.4257231 0.07258611 0.486546 0.06423687 0.4938257 0.07257008 0.485081 0.07703751 0.4257231 0.07258611 0.4793072 0.06197214 0.4791743 0.07116264 0.4791743 0.07116264 0.485081 0.07703751 0.4368916 0.1059674 0.485081 0.07703751 0.4938257 0.07257008 0.4964217 0.07789105 0.4368916 0.1059674 0.485081 0.07703751 0.4899134 0.08479195 0.5017743 0.0878874 0.4930067 0.09276372 0.4899134 0.08479195 0.4466549 0.1221041 0.4899134 0.08479195 0.4930067 0.09276372 0.4930067 0.09276372 0.5018853 0.09530407 0.4733622 0.1455322 0.506749 0.0733658 0.5112814 0.08287692 0.5017743 0.0878874 0.4733622 0.1455322 0.5018853 0.09530407 0.5086778 0.1022309 0.5086778 0.1022309 0.5169345 0.09752434 0.5115676 0.1465483 0.6628758 0.6567219 0.6466308 0.6556743 0.6570369 0.6214175 0.6628758 0.6567219 0.6632583 0.6662345 0.6468679 0.6635771 0.6632583 0.6662345 0.6746835 0.6975556 0.6581217 0.7026804 0.6468679 0.6635771 0.6581217 0.7026804 0.6375272 0.714408 0.6468679 0.6635771 0.6289151 0.6632639 0.6300116 0.6564453 0.658252 0.6124088 0.675208 0.6146013 0.6740151 0.6237322 0.6377271 0.6152996 0.6362842 0.6076132 0.658252 0.6124088 0.6466308 0.6556743 0.6300116 0.6564453 0.6377271 0.6152996 0.6300116 0.6564453 0.6153207 0.6570956 0.6096032 0.6186748 0.6096032 0.6186748 0.6065026 0.6116829 0.6362842 0.6076132 0.6096032 0.6186748 0.6153207 0.6570956 0.5893343 0.6559227 0.5841817 0.624084 0.6065026 0.6116829 0.6096032 0.6186748 0.6057299 0.7049608 0.6136438 0.663726 0.6289151 0.6632639 0.6057299 0.7049608 0.58375 0.6878158 0.5890092 0.6648309 0.6136438 0.663726 0.5890092 0.6648309 0.5893343 0.6559227 0.6289151 0.6632639 0.6136438 0.663726 0.6153207 0.6570956 0.4956659 0.803784 0.4999122 0.7830019 0.511172 0.7851925 0.4956659 0.803784 0.4622765 0.8059008 0.4710548 0.7813166 0.4336544 0.7767905 0.436739 0.7581083 0.4627563 0.7788464 0.4622765 0.8059008 0.4492802 0.7965532 0.4627563 0.7788464 0.436739 0.7581083 0.4458909 0.7501456 0.4685749 0.7641332 0.4710548 0.7813166 0.4627563 0.7788464 0.4685749 0.7641332 0.4760314 0.7651878 0.5014242 0.7724273 0.4999122 0.7830019 0.4760314 0.7651878 0.4824308 0.7516539 0.4969451 0.7531764 0.4760314 0.7651878 0.4685749 0.7641332 0.4747295 0.750037 0.4685749 0.7641332 0.4458909 0.7501456 0.4649813 0.7406787 0.5014242 0.7724273 0.4969451 0.7531764 0.5052839 0.7529228 0.5014242 0.7724273 0.5106793 0.7723249 0.511172 0.7851925 0.1805739 0.7759802 0.2050138 0.7592252 0.2062364 0.7948623 0.1861212 0.7857046 0.2062364 0.7948623 0.1995679 0.8037912 0.8082191 0.8077319 0.8135324 0.8156197 0.8139914 0.8353648 0.7821197 0.8166536 0.8139914 0.8353648 0.8086538 0.8576099 0.2062364 0.7948623 0.2298715 0.7986747 0.2251404 0.8095152 0.8086538 0.8576099 0.7983872 0.873825 0.7628847 0.8681976 0.2298715 0.7986747 0.2500955 0.794756 0.2467741 0.8068944 0.2050138 0.7592252 0.2297937 0.7546394 0.2298715 0.7986747 0.2525808 0.7601374 0.2500955 0.794756 0.2298715 0.7986747 0.2719266 0.7726993 0.2677862 0.7953822 0.2500955 0.794756 0.2500955 0.794756 0.2677862 0.7953822 0.2646811 0.8071154 0.2873558 0.7869415 0.2835876 0.7980276 0.2677862 0.7953822 0.2677862 0.7953822 0.2835876 0.7980276 0.2814756 0.8095338 0.7983872 0.873825 0.7979903 0.8892042 0.7750867 0.8923814 0.7979903 0.8892042 0.803017 0.9032044 0.7921258 0.9105643 0.2873558 0.7869415 0.2719266 0.7726993 0.279538 0.7636547 0.2525808 0.7601374 0.2546298 0.7495455 0.279538 0.7636547 0.2297937 0.7546394 0.225775 0.7446156 0.2546298 0.7495455 0.2050138 0.7592252 0.1964861 0.7524027 0.225775 0.7446156 0.1805739 0.7759802 0.1730906 0.7724168 0.1964861 0.7524027 0.5786594 0.1544235 0.5621469 0.1347028 0.607972 0.1381335 0.5729922 0.157464 0.5519721 0.1391814 0.5621469 0.1347028 0.4209933 0.7954691 0.3939144 0.7602013 0.4201105 0.7612255 0.4209933 0.7954691 0.4015681 0.8155475 0.3805775 0.7608531 0.5621469 0.1347028 0.5519721 0.1391814 0.5455688 0.1270637 0.3754196 0.8155475 0.3607833 0.7692104 0.3805775 0.7608531 0.5553042 0.1219114 0.5455688 0.1270637 0.541394 0.1049545 0.607972 0.1381335 0.5621469 0.1347028 0.5553042 0.1219114 0.5553042 0.1219114 0.5516663 0.09943264 0.6004183 0.09128558 0.5516663 0.09943264 0.5520106 0.08458435 0.5832664 0.07176214 0.5516663 0.09943264 0.541394 0.1049545 0.5418424 0.09152525 0.5520106 0.08458435 0.5497565 0.06206005 0.5626254 0.05343103 0.5520106 0.08458435 0.5418424 0.09152525 0.541394 0.06964439 0.3478484 0.8070797 0.3491848 0.774553 0.3607833 0.7692104 0.3213731 0.7889338 0.3294776 0.7745826 0.3491848 0.774553 0.5697903 0.04568958 0.5922454 0.06684839 0.5832664 0.07176214 0.5922454 0.06684839 0.6112267 0.08920997 0.6004183 0.09128558 0.6112267 0.08920997 0.6202114 0.1141057 0.6100398 0.1120665 0.6202114 0.1141057 0.6177886 0.1433135 0.607972 0.1381335 0.607972 0.1381335 0.6177886 0.1433135 0.5928199 0.163215 0.08861482 0.007896125 0.09682154 0.01669085 0.08958017 0.03948771 0.1016377 0.01871544 0.09786665 0.04542917 0.08958017 0.03948771 0.009465694 0.6272724 0.04343968 0.6097373 0.030312 0.6516581 0.04343968 0.6097373 0.06314539 0.6037814 0.04385018 0.666754 0.09786665 0.04542917 0.08777177 0.06356322 0.08147138 0.05606555 0.06314539 0.6037814 0.08383548 0.6096493 0.06679672 0.6706194 0.08777177 0.06356322 0.07161229 0.08205664 0.06761264 0.07194983 0.08958017 0.03948771 0.08147138 0.05606555 0.03744697 0.01442569 0.03744697 0.01442569 0.08147138 0.05606555 0.06761264 0.07194983 0.06761264 0.07194983 0.04815697 0.08403056 0.01550579 0.05717074 0.07161229 0.08205664 0.05130726 0.09464412 0.04815697 0.08403056 0.04815697 0.08403056 0.02804774 0.09175848 0.01299673 0.08194726 0.05130726 0.09464412 0.03141146 0.1024565 0.02804774 0.09175848 0.1030499 0.6307517 0.08995717 0.669502 0.06679672 0.6706194 0.1186751 0.6498824 0.110346 0.665908 0.08995717 0.669502 0.002952337 0.07802993 0.005334556 0.05251157 0.01550579 0.05717074 0.005334556 0.05251157 0.01274949 0.02422428 0.02225142 0.02931505 0.02225142 0.02931505 0.01274949 0.02422428 0.02823042 0.008840203 0.03744697 0.01442569 0.02823042 0.008840203 0.04661685 0.002933144 0.05670523 0.007545113 0.04661685 0.002933144 0.08673691 0.002933144</float_array>
          <technique_common>
            <accessor source="#NurbsPath_024-mesh-map-0-array" count="4125" stride="2">
              <param name="S" type="float"/>
              <param name="T" type="float"/>
            </accessor>
          </technique_common>
        </source>
        <vertices id="NurbsPath_024-mesh-vertices">
          <input semantic="POSITION" source="#NurbsPath_024-mesh-positions"/>
        </vertices>
        <triangles material="Sprout-material" count="1375">
          <input semantic="VERTEX" source="#NurbsPath_024-mesh-vertices" offset="0"/>
          <input semantic="NORMAL" source="#NurbsPath_024-mesh-normals" offset="1"/>
          <input semantic="TEXCOORD" source="#NurbsPath_024-mesh-map-0" offset="2" set="0"/>
          <p>0 0 0 5 1 1 1 2 2 4 3 3 0 0 4 2 4 5 3 5 6 7 6 7 6 7 8 5 1 9 6 7 10 8 8 11 6 7 12 10 9 13 9 10 14 8 8 15 9 10 16 11 11 17 9 10 18 13 12 19 12 13 20 11 11 21 12 13 22 14 14 23 12 13 24 16 15 25 15 16 26 14 14 27 15 16 28 17 17 29 15 16 30 19 18 31 18 19 32 17 17 33 18 19 34 20 20 35 17 17 36 21 21 37 23 22 38 23 22 39 22 23 40 24 24 41 25 25 42 17 17 43 23 22 44 25 25 45 24 24 46 26 26 47 11 11 48 25 25 49 27 27 50 27 27 51 26 26 52 28 28 53 8 8 54 27 27 55 29 29 56 29 29 57 28 28 58 30 30 59 31 31 60 8 8 61 29 29 62 31 31 63 30 30 64 32 32 65 1 2 66 31 31 67 33 33 68 33 33 69 32 32 70 34 34 71 2 4 72 32 32 73 4 3 74 32 32 75 7 6 76 4 3 77 30 30 78 10 9 79 7 6 80 28 28 81 13 12 82 10 9 83 26 26 84 16 15 85 13 12 86 24 24 87 19 18 88 16 15 89 40 35 90 86 36 91 85 37 92 41 38 93 85 37 94 87 39 95 88 40 96 41 38 97 87 39 98 89 41 99 42 42 100 88 40 101 86 36 102 43 43 103 89 41 104 45 44 105 44 45 106 40 35 107 46 46 108 40 35 109 41 38 110 42 42 111 46 46 112 41 38 113 43 43 114 47 47 115 42 42 116 49 48 117 43 43 118 44 45 119 50 49 120 49 48 121 45 44 122 46 46 123 50 49 124 45 44 125 47 47 126 51 50 127 46 46 128 48 51 129 52 52 130 47 47 131 54 53 132 48 51 133 49 48 134 55 54 135 54 53 136 50 49 137 51 50 138 55 54 139 50 49 140 52 52 141 56 55 142 51 50 143 53 56 144 57 57 145 52 52 146 59 58 147 53 56 148 54 53 149 60 59 150 59 58 151 55 54 152 61 60 153 55 54 154 56 55 155 57 57 156 61 60 157 56 55 158 58 61 159 62 62 160 57 57 161 64 63 162 58 61 163 59 58 164 65 64 165 64 63 166 60 59 167 66 65 168 60 59 169 61 60 170 62 62 171 66 65 172 61 60 173 63 66 174 67 67 175 62 62 176 69 68 177 63 66 178 64 63 179 70 69 180 69 68 181 65 64 182 71 70 183 65 64 184 66 65 185 67 67 186 71 70 187 66 65 188 68 71 189 72 72 190 67 67 191 74 73 192 68 71 193 69 68 194 70 69 195 79 74 196 74 73 197 71 70 198 75 75 199 70 69 200 77 76 201 71 70 202 72 72 203 78 77 204 72 72 205 73 78 206 79 74 207 73 78 208 74 73 209 80 79 210 79 74 211 75 75 212 81 80 213 75 75 214 76 81 215 77 76 216 81 80 217 76 81 218 78 77 219 82 82 220 77 76 221 79 74 222 83 83 223 78 77 224 86 36 225 38 84 226 39 85 227 38 84 228 88 40 229 37 86 230 37 86 231 87 39 232 36 87 233 36 87 234 85 37 235 35 88 236 85 37 237 39 85 238 35 88 239 39 85 240 38 84 241 90 89 242 38 84 243 37 86 244 90 89 245 37 86 246 36 87 247 90 89 248 36 87 249 35 88 250 90 89 251 35 88 252 39 85 253 90 89 254 95 90 255 92 91 256 91 92 257 92 91 258 94 93 259 91 92 260 93 94 261 95 90 262 91 92 263 91 92 264 103 95 265 93 94 266 98 96 267 93 94 268 100 97 269 101 98 270 98 96 271 100 97 272 93 94 273 102 99 274 100 97 275 100 97 276 104 100 277 101 98 278 103 95 279 105 101 280 102 99 281 105 101 282 104 100 283 102 99 284 104 100 285 108 102 286 110 103 287 108 102 288 111 104 289 110 103 290 101 98 291 110 103 292 112 105 293 112 105 294 111 104 295 113 106 296 112 105 297 99 107 298 101 98 299 113 106 300 114 108 301 112 105 302 116 109 303 113 106 304 118 110 305 117 111 306 118 110 307 119 112 308 119 112 309 120 113 310 121 114 311 113 106 312 120 113 313 118 110 314 120 113 315 123 115 316 121 114 317 111 104 318 122 116 319 120 113 320 123 115 321 126 117 322 121 114 323 124 118 324 127 119 325 126 117 326 129 120 327 126 117 328 127 119 329 121 114 330 128 121 331 119 112 332 131 122 333 128 121 334 129 120 335 130 123 336 119 112 337 128 121 338 132 124 339 129 120 340 134 125 341 135 126 342 132 124 343 134 125 344 135 126 345 136 127 346 137 128 347 127 119 348 134 125 349 129 120 350 138 129 351 137 128 352 136 127 353 127 119 354 138 129 355 136 127 356 139 130 357 142 131 358 137 128 359 142 131 360 141 132 361 143 133 362 142 131 363 92 91 364 144 134 365 144 134 366 137 128 367 142 131 368 96 135 369 144 134 370 92 91 371 144 134 372 133 136 373 135 126 374 143 133 375 146 137 376 94 93 377 94 93 378 106 138 379 103 95 380 148 139 381 151 140 382 147 141 383 147 141 384 199 142 385 148 139 386 147 141 387 153 143 388 149 144 389 149 144 390 150 145 391 147 141 392 149 144 393 154 146 394 156 147 395 154 146 396 157 148 397 156 147 398 156 147 399 159 149 400 149 144 401 157 148 402 158 150 403 156 147 404 161 151 405 159 149 406 158 150 407 160 152 408 161 151 409 158 150 410 166 153 411 163 154 412 160 152 413 167 155 414 164 156 415 166 153 416 157 148 417 166 153 418 160 152 419 168 157 420 167 155 421 166 153 422 155 158 423 168 157 424 157 148 425 170 159 426 169 160 427 168 157 428 169 160 429 172 161 430 174 162 431 174 162 432 173 163 433 175 164 434 177 165 435 174 162 436 175 164 437 176 166 438 169 160 439 174 162 440 179 167 441 176 166 442 177 165 443 178 168 444 167 155 445 176 166 446 180 169 447 177 165 448 182 170 449 183 171 450 180 169 451 182 170 452 183 171 453 184 172 454 185 173 455 175 164 456 182 170 457 177 165 458 186 174 459 185 173 460 184 172 461 175 164 462 186 174 463 184 172 464 185 173 465 188 175 466 190 176 467 188 175 468 191 177 469 190 176 470 191 177 471 192 178 472 190 176 473 190 176 474 183 171 475 185 173 476 193 179 477 194 180 478 192 178 479 194 180 480 183 171 481 192 178 482 198 181 483 195 182 484 193 179 485 197 183 486 198 181 487 199 142 488 148 139 489 198 181 490 200 184 491 200 184 492 193 179 493 191 177 494 200 184 495 152 185 496 148 139 497 189 186 498 200 184 499 191 177 500 202 187 501 199 142 502 150 145 503 162 188 504 150 145 505 159 149 506 203 189 507 217 190 508 206 191 509 207 192 510 204 193 511 203 189 512 207 192 513 205 194 514 209 195 515 203 189 516 271 196 517 205 194 518 210 197 519 208 198 520 211 199 521 207 192 522 265 200 523 208 198 524 210 197 525 213 201 526 212 202 527 204 193 528 212 202 529 214 203 530 217 190 531 214 203 532 215 204 533 218 205 534 215 204 535 216 206 536 206 191 537 218 205 538 219 207 539 222 208 540 218 205 541 220 209 542 218 205 543 223 210 544 220 209 545 220 209 546 224 211 547 221 212 548 232 213 549 220 209 550 221 212 551 221 212 552 225 214 553 227 215 554 227 215 555 226 216 556 228 217 557 227 215 558 230 218 559 229 219 560 229 219 561 221 212 562 227 215 563 229 219 564 240 220 565 231 221 566 233 222 567 229 219 568 231 221 569 233 222 570 222 208 571 232 213 572 234 223 573 235 224 574 236 225 575 233 222 576 237 226 577 235 224 578 231 221 579 238 227 580 237 226 581 241 228 582 238 227 583 240 220 584 241 228 585 230 218 586 242 229 587 243 230 588 242 229 589 245 231 590 243 230 591 239 232 592 241 228 593 244 233 594 246 234 595 243 230 596 243 230 597 254 235 598 244 233 599 244 233 600 248 236 601 247 237 602 250 238 603 249 239 604 248 236 605 244 233 606 252 240 607 250 238 608 250 238 609 253 241 610 251 242 611 252 240 612 256 243 613 253 241 614 254 235 615 255 244 616 252 240 617 255 244 618 259 245 619 256 243 620 257 246 621 258 247 622 255 244 623 257 246 624 261 248 625 260 249 626 263 250 627 262 251 628 261 248 629 245 231 630 264 252 631 263 250 632 254 235 633 263 250 634 257 246 635 242 229 636 228 217 637 264 252 638 264 252 639 226 216 640 262 251 641 256 243 642 213 201 643 211 199 644 253 241 645 211 199 646 208 198 647 251 242 648 208 198 649 265 200 650 251 242 651 266 253 652 249 239 653 209 195 654 266 253 655 265 200 656 205 194 657 267 254 658 209 195 659 271 196 660 268 255 661 205 194 662 272 256 663 269 257 664 271 196 665 206 191 666 272 256 667 271 196 668 234 223 669 219 207 670 222 208 671 272 256 672 236 225 673 270 258 674 273 259 675 321 260 676 276 261 677 274 262 678 277 263 679 278 264 680 275 265 681 276 261 682 286 266 683 273 259 684 279 267 685 277 263 686 275 265 687 280 268 688 279 267 689 283 269 690 280 268 691 282 270 692 286 266 693 282 270 694 275 265 695 283 269 696 284 271 697 287 272 698 287 272 699 285 273 700 288 274 701 340 275 702 284 271 703 286 266 704 289 276 705 288 274 706 290 277 707 292 278 708 287 272 709 289 276 710 291 279 711 290 277 712 370 280 713 291 279 714 292 278 715 289 276 716 292 278 717 281 281 718 283 269 719 293 282 720 294 283 721 292 278 722 293 282 723 296 284 724 295 285 725 298 286 726 297 287 727 296 284 728 302 288 729 298 286 730 300 289 731 291 279 732 298 286 733 293 282 734 300 289 735 303 290 736 302 288 737 291 279 738 301 291 739 300 289 740 302 288 741 305 292 742 304 293 743 304 293 744 299 294 745 302 288 746 369 295 747 304 293 748 305 292 749 307 296 750 306 297 751 308 298 752 308 298 753 309 299 754 307 296 755 307 296 756 297 287 757 299 294 758 313 300 759 310 301 760 308 298 761 314 302 762 311 303 763 313 300 764 317 304 765 313 300 766 315 305 767 315 305 768 308 298 769 306 297 770 315 305 771 318 306 772 317 304 773 306 297 774 316 307 775 315 305 776 317 304 777 320 308 778 319 309 779 319 309 780 314 302 781 317 304 782 321 260 783 320 308 784 324 310 785 274 262 786 319 309 787 321 260 788 322 311 789 278 264 790 323 312 791 322 311 792 312 313 793 314 302 794 276 261 795 324 310 796 325 314 797 325 314 798 326 315 799 327 316 800 324 310 801 328 317 802 326 315 803 327 316 804 329 318 805 331 319 806 326 315 807 330 320 808 329 318 809 330 320 810 332 321 811 329 318 812 329 318 813 334 322 814 331 319 815 331 319 816 335 323 817 337 324 818 337 324 819 336 325 820 338 326 821 337 324 822 341 327 823 339 328 824 339 328 825 331 319 826 337 324 827 340 275 828 327 316 829 339 328 830 339 328 831 285 273 832 340 275 833 288 274 834 341 327 835 342 329 836 342 329 837 338 326 838 344 330 839 290 277 840 342 329 841 343 331 842 343 331 843 344 330 844 345 332 845 345 332 846 346 333 847 347 334 848 344 330 849 336 325 850 346 333 851 350 335 852 347 334 853 348 336 854 350 335 855 349 337 856 352 338 857 351 339 858 345 332 859 350 335 860 350 335 861 354 340 862 351 339 863 353 341 864 354 340 865 352 338 866 352 338 867 362 342 868 353 341 869 351 339 870 301 291 871 370 280 872 354 340 873 303 290 874 301 291 875 303 290 876 356 343 877 305 292 878 358 344 879 355 345 880 353 341 881 357 346 882 305 292 883 356 343 884 356 343 885 359 347 886 357 346 887 359 347 888 360 348 889 361 349 890 353 341 891 360 348 892 358 344 893 365 350 894 361 349 895 363 351 896 366 352 897 363 351 898 364 353 899 366 352 900 367 354 901 365 350 902 365 350 903 357 346 904 359 347 905 369 295 906 367 354 907 316 307 908 316 307 909 368 355 910 318 306 911 318 306 912 328 317 913 320 308 914 330 320 915 368 355 916 366 352 917 330 320 918 364 353 919 333 356 920 290 277 921 351 339 922 370 280 923 286 266 924 325 314 925 340 275 926 372 357 927 374 358 928 371 359 929 373 360 930 372 357 931 371 359 932 371 359 933 375 361 934 373 360 935 376 362 936 371 359 937 374 358 938 375 361 939 379 363 940 373 360 941 377 364 942 376 362 943 380 365 944 378 366 945 379 363 946 377 364 947 377 364 948 382 367 949 378 366 950 376 362 951 381 368 952 380 365 953 382 367 954 380 365 955 381 368 956 383 369 957 381 368 958 386 370 959 383 369 960 378 366 961 382 367 962 384 371 963 385 372 964 393 373 965 383 369 966 386 370 967 385 372 968 386 370 969 389 374 970 385 372 971 381 368 972 387 375 973 386 370 974 388 376 975 389 374 976 387 375 977 374 358 978 387 375 979 390 377 980 374 358 981 390 377 982 376 362 983 388 376 984 391 378 985 389 374 986 385 372 987 391 378 988 393 373 989 372 357 990 392 379 991 391 378 992 391 378 993 394 380 994 393 373 995 384 371 996 393 373 997 394 380 998 394 380 999 378 366 1000 384 371 1001 394 380 1002 373 360 1003 379 363 1004 408 381 1005 395 382 1006 396 383 1007 396 383 1008 398 384 1009 399 385 1010 400 386 1011 395 382 1012 397 387 1013 402 388 1014 400 386 1015 397 387 1016 405 389 1017 401 390 1018 402 388 1019 406 391 1020 403 392 1021 405 389 1022 406 391 1023 402 388 1024 407 393 1025 409 394 1026 406 391 1027 407 393 1028 407 393 1029 397 387 1030 408 381 1031 407 393 1032 410 395 1033 409 394 1034 396 383 1035 410 395 1036 408 381 1037 411 396 1038 415 397 1039 413 398 1040 416 399 1041 413 398 1042 415 397 1043 416 399 1044 417 400 1045 418 401 1046 415 397 1047 419 402 1048 417 400 1049 416 399 1050 420 403 1051 421 404 1052 416 399 1053 422 405 1054 414 406 1055 423 407 1056 427 408 1057 426 409 1058 425 410 1059 426 409 1060 428 411 1061 427 408 1062 428 411 1063 426 409 1064 430 412 1065 427 408 1066 424 413 1067 431 414 1068 439 415 1069 432 416 1070 432 416 1071 434 417 1072 431 414 1073 436 418 1074 432 416 1075 437 419 1076 439 415 1077 437 419 1078 432 416 1079 439 415 1080 440 420 1081 438 421 1082 442 422 1083 439 415 1084 433 423 1085 443 424 1086 447 425 1087 444 426 1088 445 427 1089 446 428 1090 443 424 1091 448 429 1092 447 425 1093 446 428 1094 447 425 1095 450 430 1096 444 426 1097 451 431 1098 514 432 1099 454 433 1100 455 434 1101 452 435 1102 451 431 1103 453 436 1104 454 433 1105 586 437 1106 455 434 1107 453 436 1108 457 438 1109 455 434 1110 650 439 1111 456 440 1112 458 441 1113 456 440 1114 460 442 1115 458 441 1116 527 443 1117 452 435 1118 458 441 1119 461 444 1120 459 445 1121 464 446 1122 460 442 1123 462 447 1124 463 448 1125 460 442 1126 456 440 1127 465 449 1128 463 448 1129 466 450 1130 467 451 1131 462 447 1132 465 449 1133 468 452 1134 466 450 1135 469 453 1136 468 452 1137 467 451 1138 465 449 1139 472 454 1140 468 452 1141 469 453 1142 468 452 1143 473 455 1144 470 456 1145 475 457 1146 471 458 1147 472 454 1148 474 459 1149 473 455 1150 471 458 1151 475 457 1152 477 460 1153 474 459 1154 477 460 1155 476 461 1156 474 459 1157 478 462 1158 480 463 1159 482 464 1160 480 463 1161 479 465 1162 481 466 1163 481 466 1164 483 467 1165 480 463 1166 480 463 1167 485 468 1168 482 464 1169 484 469 1170 486 470 1171 483 467 1172 483 467 1173 488 471 1174 485 468 1175 491 472 1176 486 470 1177 487 473 1178 486 470 1179 490 474 1180 488 471 1181 492 475 1182 490 474 1183 489 476 1184 493 477 1185 489 476 1186 491 472 1187 493 477 1188 495 478 1189 492 475 1190 495 478 1191 494 479 1192 492 475 1193 496 480 1194 498 481 1195 495 478 1196 498 481 1197 497 482 1198 495 478 1199 499 483 1200 501 484 1201 498 481 1202 501 484 1203 500 485 1204 498 481 1205 521 486 1206 501 484 1207 502 487 1208 501 484 1209 505 488 1210 502 487 1211 506 489 1212 505 488 1213 504 490 1214 506 489 1215 499 483 1216 496 480 1217 509 491 1218 506 489 1219 508 492 1220 506 489 1221 493 477 1222 508 492 1223 512 493 1224 508 492 1225 510 494 1226 508 492 1227 491 472 1228 510 494 1229 511 495 1230 512 493 1231 510 494 1232 511 495 1233 491 472 1234 487 473 1235 514 432 1236 512 493 1237 454 433 1238 513 496 1239 509 491 1240 512 493 1241 514 432 1242 515 497 1243 513 496 1244 515 497 1245 516 498 1246 513 496 1247 509 491 1248 518 499 1249 507 500 1250 517 501 1251 518 499 1252 516 498 1253 507 500 1254 502 487 1255 505 488 1256 519 502 1257 502 487 1258 518 499 1259 517 501 1260 520 503 1261 519 502 1262 519 502 1263 503 504 1264 521 486 1265 494 479 1266 520 503 1267 522 505 1268 497 482 1269 503 504 1270 520 503 1271 515 497 1272 522 505 1273 517 501 1274 490 474 1275 522 505 1276 523 506 1277 515 497 1278 524 507 1279 523 506 1280 524 507 1281 490 474 1282 523 506 1283 526 508 1284 525 509 1285 524 507 1286 488 471 1287 525 509 1288 549 510 1289 452 435 1290 526 508 1291 514 432 1292 527 443 1293 528 511 1294 526 508 1295 528 511 1296 531 512 1297 525 509 1298 528 511 1299 532 513 1300 530 514 1301 536 515 1302 530 514 1303 533 516 1304 533 516 1305 532 513 1306 535 517 1307 535 517 1308 534 518 1309 533 516 1310 537 519 1311 534 518 1312 539 520 1313 540 521 1314 533 516 1315 537 519 1316 539 520 1317 538 522 1318 537 519 1319 537 519 1320 541 523 1321 540 521 1322 545 524 1323 540 521 1324 542 525 1325 541 523 1326 542 525 1327 540 521 1328 543 526 1329 544 527 1330 542 525 1331 546 528 1332 542 525 1333 544 527 1334 546 528 1335 547 529 1336 545 524 1337 550 530 1338 545 524 1339 547 529 1340 548 531 1341 536 515 1342 545 524 1343 549 510 1344 550 530 1345 551 532 1346 531 512 1347 549 510 1348 525 509 1349 551 532 1350 547 529 1351 552 533 1352 485 468 1353 549 510 1354 551 532 1355 485 468 1356 552 533 1357 482 464 1358 553 534 1359 482 464 1360 552 533 1361 554 535 1362 552 533 1363 547 529 1364 478 462 1365 555 536 1366 476 461 1367 553 534 1368 557 537 1369 555 536 1370 473 455 1371 555 536 1372 556 538 1373 557 537 1374 556 538 1375 555 536 1376 557 537 1377 546 528 1378 558 539 1379 558 539 1380 573 540 1381 556 538 1382 559 541 1383 560 542 1384 562 543 1385 560 542 1386 546 528 1387 544 527 1388 544 527 1389 561 544 1390 560 542 1391 560 542 1392 563 545 1393 562 543 1394 564 546 1395 563 545 1396 565 547 1397 564 546 1398 559 541 1399 562 543 1400 539 520 1401 565 547 1402 574 548 1403 564 546 1404 534 518 1405 566 549 1406 573 540 1407 566 549 1408 567 550 1409 567 550 1410 568 551 1411 569 552 1412 568 551 1413 534 518 1414 570 553 1415 571 554 1416 568 551 1417 570 553 1418 572 555 1419 570 553 1420 535 517 1421 459 445 1422 571 554 1423 572 555 1424 569 552 1425 461 444 1426 464 446 1427 572 555 1428 527 443 1429 459 445 1430 529 556 1431 535 517 1432 532 513 1433 467 451 1434 569 552 1435 464 446 1436 470 456 1437 567 550 1438 467 451 1439 470 456 1440 556 538 1441 573 540 1442 563 545 1443 575 557 1444 565 547 1445 565 547 1446 577 558 1447 574 548 1448 579 559 1449 575 557 1450 576 560 1451 574 548 1452 578 561 1453 538 522 1454 579 559 1455 578 561 1456 577 558 1457 579 559 1458 582 562 1459 580 563 1460 583 564 1461 579 559 1462 576 560 1463 582 562 1464 584 565 1465 543 526 1466 581 566 1467 561 544 1468 584 565 1469 583 564 1470 563 545 1471 561 544 1472 580 563 1473 543 526 1474 541 523 1475 538 522 1476 580 563 1477 541 523 1478 586 437 1479 511 495 1480 585 567 1481 589 568 1482 511 495 1483 487 473 1484 588 569 1485 586 437 1486 585 567 1487 588 569 1488 587 570 1489 633 571 1490 587 570 1491 590 572 1492 591 573 1493 590 572 1494 589 568 1495 592 574 1496 593 575 1497 591 573 1498 590 572 1499 596 576 1500 590 572 1501 592 574 1502 595 577 1503 594 578 1504 668 579 1505 593 575 1506 597 580 1507 594 578 1508 596 576 1509 599 581 1510 597 580 1511 601 582 1512 596 576 1513 592 574 1514 599 581 1515 600 583 1516 680 584 1517 602 585 1518 598 586 1519 601 582 1520 592 574 1521 603 587 1522 601 582 1523 601 582 1524 604 588 1525 602 585 1526 603 587 1527 487 473 1528 484 469 1529 603 587 1530 481 466 1531 604 588 1532 481 466 1533 605 589 1534 604 588 1535 604 588 1536 607 590 1537 602 585 1538 606 591 1539 479 465 1540 475 457 1541 605 589 1542 608 592 1543 607 590 1544 607 590 1545 600 583 1546 602 585 1547 611 593 1548 607 590 1549 608 592 1550 680 584 1551 609 594 1552 610 595 1553 609 594 1554 612 596 1555 610 595 1556 612 596 1557 613 597 1558 614 598 1559 616 599 1560 611 593 1561 608 592 1562 614 598 1563 615 600 1564 669 601 1565 615 600 1566 616 599 1567 617 602 1568 618 603 1569 617 602 1570 616 599 1571 606 591 1572 616 599 1573 608 592 1574 618 603 1575 469 453 1576 619 604 1577 606 591 1578 472 454 1579 618 603 1580 469 453 1581 620 605 1582 619 604 1583 622 606 1584 620 605 1585 624 607 1586 622 606 1587 621 608 1588 619 604 1589 617 602 1590 621 608 1591 665 609 1592 623 610 1593 625 611 1594 628 612 1595 624 607 1596 625 611 1597 622 606 1598 651 613 1599 625 611 1600 627 614 1601 626 615 1602 628 612 1603 625 611 1604 631 616 1605 628 612 1606 629 617 1607 623 610 1608 630 618 1609 633 571 1610 634 619 1611 630 618 1612 631 616 1613 633 571 1614 632 620 1615 588 569 1616 623 610 1617 587 570 1618 621 608 1619 636 621 1620 632 620 1621 634 619 1622 588 569 1623 635 622 1624 638 623 1625 660 624 1626 635 622 1627 636 621 1628 639 625 1629 635 622 1630 637 626 1631 638 623 1632 453 436 1633 586 437 1634 639 625 1635 457 438 1636 453 436 1637 640 627 1638 637 626 1639 642 628 1640 641 629 1641 457 438 1642 640 627 1643 641 629 1644 642 628 1645 644 630 1646 643 631 1647 644 630 1648 642 628 1649 660 624 1650 642 628 1651 637 626 1652 647 632 1653 644 630 1654 645 633 1655 641 629 1656 646 634 1657 648 635 1658 647 632 1659 627 614 1660 646 634 1661 624 607 1662 646 634 1663 627 614 1664 624 607 1665 649 636 1666 648 635 1667 648 635 1668 650 439 1669 641 629 1670 466 450 1671 649 636 1672 620 605 1673 649 636 1674 456 440 1675 650 439 1676 651 613 1677 652 637 1678 653 638 1679 645 633 1680 652 637 1681 647 632 1682 653 638 1683 654 639 1684 655 640 1685 657 641 1686 654 639 1687 656 642 1688 645 633 1689 656 642 1690 654 639 1691 656 642 1692 659 643 1693 657 641 1694 643 631 1695 658 644 1696 656 642 1697 636 621 1698 658 644 1699 660 624 1700 662 645 1701 659 643 1702 661 646 1703 636 621 1704 661 646 1705 659 643 1706 631 616 1707 661 646 1708 634 619 1709 662 645 1710 655 640 1711 657 641 1712 631 616 1713 663 647 1714 662 645 1715 653 638 1716 663 647 1717 664 648 1718 629 617 1719 664 648 1720 663 647 1721 651 613 1722 664 648 1723 626 615 1724 665 609 1725 587 570 1726 591 573 1727 595 577 1728 665 609 1729 591 573 1730 665 609 1731 615 600 1732 617 602 1733 666 649 1734 668 579 1735 667 650 1736 669 601 1737 666 649 1738 667 650 1739 668 579 1740 670 651 1741 667 650 1742 667 650 1743 673 652 1744 669 601 1745 672 653 1746 671 654 1747 678 655 1748 670 651 1749 674 656 1750 673 652 1751 673 652 1752 614 598 1753 669 601 1754 674 656 1755 676 657 1756 675 658 1757 614 598 1758 675 658 1759 612 596 1760 675 658 1761 610 595 1762 612 596 1763 676 657 1764 678 655 1765 677 659 1766 610 595 1767 677 659 1768 680 584 1769 681 660 1770 677 659 1771 678 655 1772 680 584 1773 679 661 1774 599 581 1775 679 661 1776 597 580 1777 599 581 1778 671 654 1779 681 660 1780 678 655 1781 597 580 1782 682 662 1783 594 578 1784 682 662 1785 668 579 1786 594 578 1787 683 663 1788 692 664 1789 684 665 1790 683 663 1791 688 666 1792 685 667 1793 686 668 1794 690 669 1795 688 666 1796 688 666 1797 691 670 1798 689 671 1799 688 666 1800 694 672 1801 685 667 1802 690 669 1803 684 665 1804 692 664 1805 693 673 1806 690 669 1807 692 664 1808 685 667 1809 693 673 1810 692 664 1811 694 672 1812 695 674 1813 693 673 1814 695 674 1815 691 670 1816 693 673 1817 695 674 1818 703 675 1819 697 676 1820 700 677 1821 695 674 1822 697 676 1823 698 678 1824 689 671 1825 691 670 1826 698 678 1827 701 679 1828 699 680 1829 700 677 1830 702 681 1831 701 679 1832 702 681 1833 700 677 1834 697 676 1835 697 676 1836 703 675 1837 702 681 1838 703 675 1839 701 679 1840 702 681 1841 699 680 1842 703 675 1843 696 682 1844 689 671 1845 696 682 1846 694 672 1847 704 683 1848 708 684 1849 707 685 1850 704 683 1851 712 686 1852 705 687 1853 707 685 1854 710 688 1855 709 689 1856 706 690 1857 710 688 1858 712 686 1859 708 684 1860 711 691 1861 710 688 1862 712 686 1863 711 691 1864 713 692 1865 713 692 1866 705 687 1867 712 686 1868 713 692 1869 716 693 1870 714 694 1871 713 692 1872 718 695 1873 715 696 1874 715 696 1875 717 697 1876 716 693 1877 717 697 1878 715 696 1879 718 695 1880 718 695 1881 719 698 1882 717 697 1883 711 691 1884 719 698 1885 718 695 1886 714 694 1887 719 698 1888 720 699 1889 716 693 1890 717 697 1891 719 698 1892 714 694 1893 708 684 1894 705 687 1895 722 700 1896 723 701 1897 721 702 1898 721 702 1899 726 703 1900 724 704 1901 725 705 1902 726 703 1903 727 706 1904 727 706 1905 728 707 1906 729 708 1907 723 701 1908 728 707 1909 726 703 1910 728 707 1911 744 709 1912 729 708 1913 731 710 1914 730 711 1915 728 707 1916 745 712 1917 731 710 1918 723 701 1919 734 713 1920 731 710 1921 732 714 1922 736 715 1923 733 716 1924 734 713 1925 733 716 1926 738 717 1927 730 711 1928 743 718 1929 735 719 1930 736 715 1931 735 719 1932 740 720 1933 738 717 1934 730 711 1935 739 721 1936 744 709 1937 738 717 1938 741 722 1939 739 721 1940 741 722 1941 740 720 1942 742 723 1943 737 724 1944 742 723 1945 740 720 1946 743 718 1947 742 723 1948 737 724 1949 742 723 1950 743 718 1951 741 722 1952 743 718 1953 739 721 1954 741 722 1955 734 713 1956 739 721 1957 736 715 1958 732 714 1959 744 709 1960 734 713 1961 745 712 1962 729 708 1963 732 714 1964 722 700 1965 727 706 1966 745 712 1967 746 725 1968 770 726 1969 747 727 1970 749 728 1971 748 729 1972 746 725 1973 752 730 1974 749 728 1975 750 731 1976 752 730 1977 753 732 1978 751 733 1979 748 729 1980 753 732 1981 756 734 1982 769 735 1983 753 732 1984 754 736 1985 756 734 1986 755 737 1987 758 738 1988 770 726 1989 756 734 1990 757 739 1991 756 734 1992 759 740 1993 757 739 1994 758 738 1995 761 741 1996 759 740 1997 758 738 1998 763 742 1999 760 743 2000 760 743 2001 768 744 2002 761 741 2003 760 743 2004 765 745 2005 762 746 2006 764 747 2007 755 737 2008 769 735 2009 766 748 2010 763 742 2011 764 747 2012 766 748 2013 767 749 2014 765 745 2015 762 746 2016 765 745 2017 767 749 2018 768 744 2019 762 746 2020 767 749 2021 767 749 2022 766 748 2023 768 744 2024 766 748 2025 761 741 2026 768 744 2027 764 747 2028 759 740 2029 761 741 2030 769 735 2031 757 739 2032 759 740 2033 754 736 2034 770 726 2035 757 739 2036 770 726 2037 750 731 2038 747 727 2039 772 750 2040 773 751 2041 795 752 2042 774 753 2043 773 751 2044 771 754 2045 775 755 2046 776 756 2047 774 753 2048 777 757 2049 778 758 2050 776 756 2051 776 756 2052 781 759 2053 773 751 2054 779 760 2055 780 761 2056 778 758 2057 778 758 2058 783 762 2059 781 759 2060 773 751 2061 782 763 2062 795 752 2063 782 763 2064 783 762 2065 784 764 2066 783 762 2067 786 765 2068 784 764 2069 780 761 2070 785 766 2071 783 762 2072 785 766 2073 793 767 2074 786 765 2075 788 768 2076 787 769 2077 785 766 2078 789 770 2079 780 761 2080 794 771 2081 791 772 2082 788 768 2083 789 770 2084 791 772 2085 792 773 2086 790 774 2087 787 769 2088 790 774 2089 792 773 2090 793 767 2091 787 769 2092 792 773 2093 792 773 2094 791 772 2095 793 767 2096 791 772 2097 786 765 2098 793 767 2099 789 770 2100 784 764 2101 786 765 2102 784 764 2103 779 760 2104 782 763 2105 782 763 2106 777 757 2107 795 752 2108 795 752 2109 775 755 2110 772 750 2111 0 0 2112 3 5 2113 5 1 2114 4 3 2115 3 5 2116 0 0 2117 3 5 2118 4 3 2119 7 6 2120 5 1 2121 3 5 2122 6 7 2123 6 7 2124 7 6 2125 10 9 2126 8 8 2127 6 7 2128 9 10 2129 9 10 2130 10 9 2131 13 12 2132 11 11 2133 9 10 2134 12 13 2135 12 13 2136 13 12 2137 16 15 2138 14 14 2139 12 13 2140 15 16 2141 15 16 2142 16 15 2143 19 18 2144 17 17 2145 15 16 2146 18 19 2147 17 17 2148 20 20 2149 21 21 2150 23 22 2151 21 21 2152 22 23 2153 25 25 2154 14 14 2155 17 17 2156 25 25 2157 23 22 2158 24 24 2159 11 11 2160 14 14 2161 25 25 2162 27 27 2163 25 25 2164 26 26 2165 8 8 2166 11 11 2167 27 27 2168 29 29 2169 27 27 2170 28 28 2171 31 31 2172 5 1 2173 8 8 2174 31 31 2175 29 29 2176 30 30 2177 1 2 2178 5 1 2179 31 31 2180 33 33 2181 31 31 2182 32 32 2183 2 4 2184 34 34 2185 32 32 2186 32 32 2187 30 30 2188 7 6 2189 30 30 2190 28 28 2191 10 9 2192 28 28 2193 26 26 2194 13 12 2195 26 26 2196 24 24 2197 16 15 2198 24 24 2199 22 23 2200 19 18 2201 40 35 2202 44 45 2203 86 36 2204 41 38 2205 40 35 2206 85 37 2207 88 40 2208 42 42 2209 41 38 2210 89 41 2211 43 43 2212 42 42 2213 86 36 2214 44 45 2215 43 43 2216 45 44 2217 49 48 2218 44 45 2219 46 46 2220 45 44 2221 40 35 2222 42 42 2223 47 47 2224 46 46 2225 43 43 2226 48 51 2227 47 47 2228 49 48 2229 48 51 2230 43 43 2231 50 49 2232 54 53 2233 49 48 2234 46 46 2235 51 50 2236 50 49 2237 47 47 2238 52 52 2239 51 50 2240 48 51 2241 53 56 2242 52 52 2243 54 53 2244 53 56 2245 48 51 2246 55 54 2247 59 58 2248 54 53 2249 51 50 2250 56 55 2251 55 54 2252 52 52 2253 57 57 2254 56 55 2255 53 56 2256 58 61 2257 57 57 2258 59 58 2259 58 61 2260 53 56 2261 60 59 2262 64 63 2263 59 58 2264 61 60 2265 60 59 2266 55 54 2267 57 57 2268 62 62 2269 61 60 2270 58 61 2271 63 66 2272 62 62 2273 64 63 2274 63 66 2275 58 61 2276 65 64 2277 69 68 2278 64 63 2279 66 65 2280 65 64 2281 60 59 2282 62 62 2283 67 67 2284 66 65 2285 63 66 2286 68 71 2287 67 67 2288 69 68 2289 68 71 2290 63 66 2291 70 69 2292 74 73 2293 69 68 2294 71 70 2295 70 69 2296 65 64 2297 67 67 2298 72 72 2299 71 70 2300 68 71 2301 73 78 2302 72 72 2303 74 73 2304 73 78 2305 68 71 2306 70 69 2307 75 75 2308 79 74 2309 71 70 2310 76 81 2311 75 75 2312 77 76 2313 76 81 2314 71 70 2315 78 77 2316 77 76 2317 72 72 2318 79 74 2319 78 77 2320 73 78 2321 80 79 2322 84 775 2323 79 74 2324 81 80 2325 80 79 2326 75 75 2327 77 76 2328 82 82 2329 81 80 2330 78 77 2331 83 83 2332 82 82 2333 79 74 2334 84 775 2335 83 83 2336 86 36 2337 89 41 2338 38 84 2339 38 84 2340 89 41 2341 88 40 2342 37 86 2343 88 40 2344 87 39 2345 36 87 2346 87 39 2347 85 37 2348 85 37 2349 86 36 2350 39 85 2351 95 90 2352 96 135 2353 92 91 2354 92 91 2355 143 133 2356 94 93 2357 93 94 2358 97 776 2359 95 90 2360 91 92 2361 94 93 2362 103 95 2363 98 96 2364 97 776 2365 93 94 2366 101 98 2367 99 107 2368 98 96 2369 93 94 2370 103 95 2371 102 99 2372 100 97 2373 102 99 2374 104 100 2375 103 95 2376 106 138 2377 105 101 2378 105 101 2379 107 777 2380 104 100 2381 104 100 2382 107 777 2383 108 102 2384 108 102 2385 109 778 2386 111 104 2387 101 98 2388 104 100 2389 110 103 2390 112 105 2391 110 103 2392 111 104 2393 112 105 2394 114 108 2395 99 107 2396 113 106 2397 115 779 2398 114 108 2399 116 109 2400 115 779 2401 113 106 2402 117 111 2403 116 109 2404 118 110 2405 119 112 2406 118 110 2407 120 113 2408 113 106 2409 111 104 2410 120 113 2411 120 113 2412 122 116 2413 123 115 2414 111 104 2415 109 778 2416 122 116 2417 123 115 2418 124 118 2419 126 117 2420 124 118 2421 125 780 2422 127 119 2423 129 120 2424 128 121 2425 126 117 2426 121 114 2427 126 117 2428 128 121 2429 131 122 2430 130 123 2431 128 121 2432 130 123 2433 117 111 2434 119 112 2435 132 124 2436 131 122 2437 129 120 2438 135 126 2439 133 136 2440 132 124 2441 135 126 2442 134 125 2443 136 127 2444 127 119 2445 136 127 2446 134 125 2447 138 129 2448 139 130 2449 137 128 2450 127 119 2451 125 780 2452 138 129 2453 139 130 2454 140 781 2455 142 131 2456 142 131 2457 140 781 2458 141 132 2459 142 131 2460 143 133 2461 92 91 2462 144 134 2463 135 126 2464 137 128 2465 96 135 2466 145 782 2467 144 134 2468 144 134 2469 145 782 2470 133 136 2471 143 133 2472 141 132 2473 146 137 2474 94 93 2475 146 137 2476 106 138 2477 148 139 2478 152 185 2479 151 140 2480 147 141 2481 150 145 2482 199 142 2483 147 141 2484 151 140 2485 153 143 2486 149 144 2487 159 149 2488 150 145 2489 149 144 2490 153 143 2491 154 146 2492 154 146 2493 155 158 2494 157 148 2495 156 147 2496 158 150 2497 159 149 2498 157 148 2499 160 152 2500 158 150 2501 161 151 2502 162 188 2503 159 149 2504 160 152 2505 163 154 2506 161 151 2507 166 153 2508 164 156 2509 163 154 2510 167 155 2511 165 783 2512 164 156 2513 157 148 2514 168 157 2515 166 153 2516 168 157 2517 169 160 2518 167 155 2519 155 158 2520 170 159 2521 168 157 2522 170 159 2523 171 784 2524 169 160 2525 169 160 2526 171 784 2527 172 161 2528 174 162 2529 172 161 2530 173 163 2531 177 165 2532 176 166 2533 174 162 2534 176 166 2535 167 155 2536 169 160 2537 179 167 2538 178 168 2539 176 166 2540 178 168 2541 165 783 2542 167 155 2543 180 169 2544 179 167 2545 177 165 2546 183 171 2547 181 785 2548 180 169 2549 183 171 2550 182 170 2551 184 172 2552 175 164 2553 184 172 2554 182 170 2555 186 174 2556 187 786 2557 185 173 2558 175 164 2559 173 163 2560 186 174 2561 185 173 2562 187 786 2563 188 175 2564 188 175 2565 189 186 2566 191 177 2567 191 177 2568 193 179 2569 192 178 2570 190 176 2571 192 178 2572 183 171 2573 193 179 2574 195 182 2575 194 180 2576 194 180 2577 181 785 2578 183 171 2579 198 181 2580 196 787 2581 195 182 2582 197 183 2583 196 787 2584 198 181 2585 148 139 2586 199 142 2587 198 181 2588 200 184 2589 198 181 2590 193 179 2591 200 184 2592 201 788 2593 152 185 2594 189 186 2595 201 788 2596 200 184 2597 202 187 2598 197 183 2599 199 142 2600 162 188 2601 202 187 2602 150 145 2603 203 189 2604 204 193 2605 217 190 2606 207 192 2607 210 197 2608 204 193 2609 207 192 2610 203 189 2611 205 194 2612 203 189 2613 206 191 2614 271 196 2615 210 197 2616 207 192 2617 208 198 2618 207 192 2619 209 195 2620 265 200 2621 210 197 2622 211 199 2623 213 201 2624 204 193 2625 210 197 2626 212 202 2627 217 190 2628 204 193 2629 214 203 2630 218 205 2631 217 190 2632 215 204 2633 206 191 2634 217 190 2635 218 205 2636 222 208 2637 219 207 2638 218 205 2639 218 205 2640 216 206 2641 223 210 2642 220 209 2643 223 210 2644 224 211 2645 232 213 2646 222 208 2647 220 209 2648 221 212 2649 224 211 2650 225 214 2651 227 215 2652 225 214 2653 226 216 2654 227 215 2655 228 217 2656 230 218 2657 229 219 2658 232 213 2659 221 212 2660 229 219 2661 230 218 2662 240 220 2663 233 222 2664 232 213 2665 229 219 2666 233 222 2667 234 223 2668 222 208 2669 234 223 2670 233 222 2671 235 224 2672 233 222 2673 231 221 2674 237 226 2675 231 221 2676 240 220 2677 238 227 2678 241 228 2679 239 232 2680 238 227 2681 241 228 2682 240 220 2683 230 218 2684 243 230 2685 241 228 2686 242 229 2687 243 230 2688 246 234 2689 239 232 2690 244 233 2691 247 237 2692 246 234 2693 243 230 2694 245 231 2695 254 235 2696 244 233 2697 250 238 2698 248 236 2699 250 238 2700 251 242 2701 249 239 2702 244 233 2703 254 235 2704 252 240 2705 250 238 2706 252 240 2707 253 241 2708 252 240 2709 255 244 2710 256 243 2711 254 235 2712 257 246 2713 255 244 2714 255 244 2715 258 247 2716 259 245 2717 257 246 2718 260 249 2719 258 247 2720 257 246 2721 263 250 2722 261 248 2723 263 250 2724 264 252 2725 262 251 2726 245 231 2727 242 229 2728 264 252 2729 254 235 2730 245 231 2731 263 250 2732 242 229 2733 230 218 2734 228 217 2735 264 252 2736 228 217 2737 226 216 2738 256 243 2739 259 245 2740 213 201 2741 253 241 2742 256 243 2743 211 199 2744 251 242 2745 253 241 2746 208 198 2747 251 242 2748 265 200 2749 266 253 2750 209 195 2751 267 254 2752 266 253 2753 205 194 2754 268 255 2755 267 254 2756 271 196 2757 269 257 2758 268 255 2759 272 256 2760 270 258 2761 269 257 2762 206 191 2763 219 207 2764 272 256 2765 234 223 2766 272 256 2767 219 207 2768 272 256 2769 234 223 2770 236 225 2771 273 259 2772 274 262 2773 321 260 2774 274 262 2775 273 259 2776 277 263 2777 275 265 2778 273 259 2779 276 261 2780 273 259 2781 275 265 2782 279 267 2783 275 265 2784 282 270 2785 280 268 2786 283 269 2787 281 281 2788 280 268 2789 286 266 2790 284 271 2791 282 270 2792 283 269 2793 282 270 2794 284 271 2795 287 272 2796 284 271 2797 285 273 2798 340 275 2799 285 273 2800 284 271 2801 289 276 2802 287 272 2803 288 274 2804 292 278 2805 283 269 2806 287 272 2807 291 279 2808 289 276 2809 290 277 2810 291 279 2811 293 282 2812 292 278 2813 292 278 2814 294 283 2815 281 281 2816 293 282 2817 295 285 2818 294 283 2819 293 282 2820 298 286 2821 296 284 2822 298 286 2823 299 294 2824 297 287 2825 302 288 2826 299 294 2827 298 286 2828 291 279 2829 300 289 2830 298 286 2831 300 289 2832 301 291 2833 303 290 2834 291 279 2835 370 280 2836 301 291 2837 302 288 2838 303 290 2839 305 292 2840 304 293 2841 307 296 2842 299 294 2843 369 295 2844 306 297 2845 304 293 2846 307 296 2847 304 293 2848 306 297 2849 308 298 2850 310 301 2851 309 299 2852 307 296 2853 309 299 2854 297 287 2855 313 300 2856 311 303 2857 310 301 2858 314 302 2859 312 313 2860 311 303 2861 317 304 2862 314 302 2863 313 300 2864 315 305 2865 313 300 2866 308 298 2867 315 305 2868 316 307 2869 318 306 2870 306 297 2871 369 295 2872 316 307 2873 317 304 2874 318 306 2875 320 308 2876 319 309 2877 322 311 2878 314 302 2879 321 260 2880 319 309 2881 320 308 2882 274 262 2883 322 311 2884 319 309 2885 322 311 2886 274 262 2887 278 264 2888 322 311 2889 323 312 2890 312 313 2891 276 261 2892 321 260 2893 324 310 2894 325 314 2895 324 310 2896 326 315 2897 324 310 2898 320 308 2899 328 317 2900 327 316 2901 326 315 2902 329 318 2903 326 315 2904 328 317 2905 330 320 2906 330 320 2907 333 356 2908 332 321 2909 329 318 2910 332 321 2911 334 322 2912 331 319 2913 334 322 2914 335 323 2915 337 324 2916 335 323 2917 336 325 2918 337 324 2919 338 326 2920 341 327 2921 339 328 2922 327 316 2923 331 319 2924 340 275 2925 325 314 2926 327 316 2927 339 328 2928 341 327 2929 285 273 2930 288 274 2931 285 273 2932 341 327 2933 342 329 2934 341 327 2935 338 326 2936 290 277 2937 288 274 2938 342 329 2939 343 331 2940 342 329 2941 344 330 2942 345 332 2943 344 330 2944 346 333 2945 344 330 2946 338 326 2947 336 325 2948 350 335 2949 345 332 2950 347 334 2951 350 335 2952 348 336 2953 349 337 2954 351 339 2955 343 331 2956 345 332 2957 350 335 2958 352 338 2959 354 340 2960 353 341 2961 355 345 2962 354 340 2963 352 338 2964 349 337 2965 362 342 2966 351 339 2967 354 340 2968 301 291 2969 354 340 2970 355 345 2971 303 290 2972 303 290 2973 355 345 2974 356 343 2975 358 344 2976 356 343 2977 355 345 2978 357 346 2979 369 295 2980 305 292 2981 356 343 2982 358 344 2983 359 347 2984 359 347 2985 358 344 2986 360 348 2987 353 341 2988 362 342 2989 360 348 2990 365 350 2991 359 347 2992 361 349 2993 366 352 2994 365 350 2995 363 351 2996 366 352 2997 368 355 2998 367 354 2999 365 350 3000 367 354 3001 357 346 3002 369 295 3003 357 346 3004 367 354 3005 316 307 3006 367 354 3007 368 355 3008 318 306 3009 368 355 3010 328 317 3011 330 320 3012 328 317 3013 368 355 3014 330 320 3015 366 352 3016 364 353 3017 290 277 3018 343 331 3019 351 339 3020 286 266 3021 276 261 3022 325 314 3023 372 357 3024 388 376 3025 374 358 3026 373 360 3027 392 379 3028 372 357 3029 376 362 3030 375 361 3031 371 359 3032 375 361 3033 377 364 3034 379 363 3035 377 364 3036 375 361 3037 376 362 3038 377 364 3039 380 365 3040 382 367 3041 376 362 3042 390 377 3043 381 368 3044 383 369 3045 382 367 3046 381 368 3047 383 369 3048 384 371 3049 378 366 3050 384 371 3051 383 369 3052 385 372 3053 386 370 3054 387 375 3055 389 374 3056 381 368 3057 390 377 3058 387 375 3059 374 358 3060 388 376 3061 387 375 3062 388 376 3063 372 357 3064 391 378 3065 385 372 3066 389 374 3067 391 378 3068 391 378 3069 392 379 3070 394 380 3071 394 380 3072 379 363 3073 378 366 3074 394 380 3075 392 379 3076 373 360 3077 408 381 3078 397 387 3079 395 382 3080 396 383 3081 395 382 3082 398 384 3083 400 386 3084 398 384 3085 395 382 3086 402 388 3087 401 390 3088 400 386 3089 405 389 3090 403 392 3091 401 390 3092 406 391 3093 404 789 3094 403 392 3095 406 391 3096 405 389 3097 402 388 3098 409 394 3099 404 789 3100 406 391 3101 407 393 3102 402 388 3103 397 387 3104 407 393 3105 408 381 3106 410 395 3107 396 383 3108 399 385 3109 410 395 3110 411 396 3111 412 790 3112 415 397 3113 416 399 3114 414 406 3115 413 398 3116 416 399 3117 415 397 3118 417 400 3119 415 397 3120 412 790 3121 419 402 3122 416 399 3123 418 401 3124 420 403 3125 416 399 3126 421 404 3127 422 405 3128 423 407 3129 424 413 3130 427 408 3131 425 410 3132 423 407 3133 426 409 3134 427 408 3135 429 791 3136 428 411 3137 430 412 3138 429 791 3139 427 408 3140 431 414 3141 433 423 3142 439 415 3143 432 416 3144 435 792 3145 434 417 3146 436 418 3147 435 792 3148 432 416 3149 439 415 3150 438 421 3151 437 419 3152 439 415 3153 441 793 3154 440 420 3155 442 422 3156 441 793 3157 439 415 3158 443 424 3159 446 428 3160 447 425 3161 445 427 3162 448 429 3163 446 428 3164 448 429 3165 449 794 3166 447 425 3167 447 425 3168 449 794 3169 450 430 3170 451 431 3171 452 435 3172 514 432 3173 455 434 3174 458 441 3175 452 435 3176 453 436 3177 451 431 3178 454 433 3179 455 434 3180 451 431 3181 453 436 3182 455 434 3183 457 438 3184 650 439 3185 458 441 3186 455 434 3187 456 440 3188 458 441 3189 459 445 3190 527 443 3191 458 441 3192 460 442 3193 461 444 3194 464 446 3195 461 444 3196 460 442 3197 463 448 3198 462 447 3199 460 442 3200 465 449 3201 462 447 3202 463 448 3203 467 451 3204 464 446 3205 462 447 3206 468 452 3207 465 449 3208 466 450 3209 468 452 3210 470 456 3211 467 451 3212 472 454 3213 471 458 3214 468 452 3215 468 452 3216 471 458 3217 473 455 3218 475 457 3219 474 459 3220 471 458 3221 474 459 3222 476 461 3223 473 455 3224 475 457 3225 479 465 3226 477 460 3227 477 460 3228 478 462 3229 476 461 3230 478 462 3231 477 460 3232 480 463 3233 480 463 3234 477 460 3235 479 465 3236 481 466 3237 484 469 3238 483 467 3239 480 463 3240 483 467 3241 485 468 3242 484 469 3243 487 473 3244 486 470 3245 483 467 3246 486 470 3247 488 471 3248 491 472 3249 489 476 3250 486 470 3251 486 470 3252 489 476 3253 490 474 3254 492 475 3255 494 479 3256 490 474 3257 493 477 3258 492 475 3259 489 476 3260 493 477 3261 496 480 3262 495 478 3263 495 478 3264 497 482 3265 494 479 3266 496 480 3267 499 483 3268 498 481 3269 498 481 3270 500 485 3271 497 482 3272 499 483 3273 504 490 3274 501 484 3275 501 484 3276 503 504 3277 500 485 3278 521 486 3279 503 504 3280 501 484 3281 501 484 3282 504 490 3283 505 488 3284 506 489 3285 507 500 3286 505 488 3287 506 489 3288 504 490 3289 499 483 3290 509 491 3291 507 500 3292 506 489 3293 506 489 3294 496 480 3295 493 477 3296 512 493 3297 509 491 3298 508 492 3299 508 492 3300 493 477 3301 491 472 3302 511 495 3303 454 433 3304 512 493 3305 511 495 3306 510 494 3307 491 472 3308 514 432 3309 513 496 3310 512 493 3311 513 496 3312 516 498 3313 509 491 3314 514 432 3315 526 508 3316 515 497 3317 515 497 3318 517 501 3319 516 498 3320 509 491 3321 516 498 3322 518 499 3323 517 501 3324 519 502 3325 518 499 3326 507 500 3327 518 499 3328 502 487 3329 519 502 3330 521 486 3331 502 487 3332 517 501 3333 522 505 3334 520 503 3335 519 502 3336 520 503 3337 503 504 3338 494 479 3339 497 482 3340 520 503 3341 497 482 3342 500 485 3343 503 504 3344 515 497 3345 523 506 3346 522 505 3347 490 474 3348 494 479 3349 522 505 3350 515 497 3351 526 508 3352 524 507 3353 524 507 3354 488 471 3355 490 474 3356 526 508 3357 528 511 3358 525 509 3359 488 471 3360 524 507 3361 525 509 3362 452 435 3363 527 443 3364 526 508 3365 527 443 3366 529 556 3367 528 511 3368 528 511 3369 530 514 3370 531 512 3371 528 511 3372 529 556 3373 532 513 3374 536 515 3375 531 512 3376 530 514 3377 533 516 3378 530 514 3379 532 513 3380 535 517 3381 570 553 3382 534 518 3383 537 519 3384 533 516 3385 534 518 3386 540 521 3387 536 515 3388 533 516 3389 539 520 3390 574 548 3391 538 522 3392 537 519 3393 538 522 3394 541 523 3395 545 524 3396 536 515 3397 540 521 3398 541 523 3399 543 526 3400 542 525 3401 543 526 3402 584 565 3403 544 527 3404 546 528 3405 545 524 3406 542 525 3407 546 528 3408 554 535 3409 547 529 3410 550 530 3411 548 531 3412 545 524 3413 548 531 3414 531 512 3415 536 515 3416 549 510 3417 548 531 3418 550 530 3419 531 512 3420 548 531 3421 549 510 3422 551 532 3423 550 530 3424 547 529 3425 485 468 3426 488 471 3427 549 510 3428 485 468 3429 551 532 3430 552 533 3431 553 534 3432 478 462 3433 482 464 3434 554 535 3435 553 534 3436 552 533 3437 478 462 3438 553 534 3439 555 536 3440 553 534 3441 554 535 3442 557 537 3443 473 455 3444 476 461 3445 555 536 3446 557 537 3447 558 539 3448 556 538 3449 557 537 3450 554 535 3451 546 528 3452 558 539 3453 559 541 3454 573 540 3455 559 541 3456 558 539 3457 560 542 3458 560 542 3459 558 539 3460 546 528 3461 544 527 3462 584 565 3463 561 544 3464 560 542 3465 561 544 3466 563 545 3467 564 546 3468 562 543 3469 563 545 3470 564 546 3471 566 549 3472 559 541 3473 539 520 3474 564 546 3475 565 547 3476 564 546 3477 539 520 3478 534 518 3479 573 540 3480 559 541 3481 566 549 3482 567 550 3483 566 549 3484 568 551 3485 568 551 3486 566 549 3487 534 518 3488 571 554 3489 569 552 3490 568 551 3491 572 555 3492 571 554 3493 570 553 3494 459 445 3495 461 444 3496 571 554 3497 569 552 3498 571 554 3499 461 444 3500 572 555 3501 529 556 3502 527 443 3503 529 556 3504 572 555 3505 535 517 3506 467 451 3507 567 550 3508 569 552 3509 470 456 3510 573 540 3511 567 550 3512 470 456 3513 473 455 3514 556 538 3515 563 545 3516 576 560 3517 575 557 3518 565 547 3519 575 557 3520 577 558 3521 579 559 3522 577 558 3523 575 557 3524 574 548 3525 577 558 3526 578 561 3527 579 559 3528 580 563 3529 578 561 3530 579 559 3531 581 566 3532 582 562 3533 583 564 3534 581 566 3535 579 559 3536 582 562 3537 581 566 3538 584 565 3539 581 566 3540 583 564 3541 561 544 3542 583 564 3543 576 560 3544 563 545 3545 580 563 3546 582 562 3547 543 526 3548 538 522 3549 578 561 3550 580 563 3551 586 437 3552 454 433 3553 511 495 3554 589 568 3555 585 567 3556 511 495 3557 588 569 3558 638 623 3559 586 437 3560 588 569 3561 585 567 3562 587 570 3563 587 570 3564 585 567 3565 590 572 3566 590 572 3567 585 567 3568 589 568 3569 593 575 3570 595 577 3571 591 573 3572 596 576 3573 593 575 3574 590 572 3575 595 577 3576 593 575 3577 594 578 3578 593 575 3579 596 576 3580 597 580 3581 596 576 3582 598 586 3583 599 581 3584 601 582 3585 598 586 3586 596 576 3587 599 581 3588 598 586 3589 600 583 3590 602 585 3591 600 583 3592 598 586 3593 592 574 3594 589 568 3595 603 587 3596 601 582 3597 603 587 3598 604 588 3599 603 587 3600 589 568 3601 487 473 3602 603 587 3603 484 469 3604 481 466 3605 481 466 3606 479 465 3607 605 589 3608 604 588 3609 605 589 3610 607 590 3611 606 591 3612 605 589 3613 479 465 3614 605 589 3615 606 591 3616 608 592 3617 607 590 3618 609 594 3619 600 583 3620 611 593 3621 609 594 3622 607 590 3623 680 584 3624 600 583 3625 609 594 3626 609 594 3627 611 593 3628 612 596 3629 612 596 3630 611 593 3631 613 597 3632 616 599 3633 613 597 3634 611 593 3635 614 598 3636 613 597 3637 615 600 3638 615 600 3639 613 597 3640 616 599 3641 618 603 3642 619 604 3643 617 602 3644 606 591 3645 618 603 3646 616 599 3647 618 603 3648 472 454 3649 469 453 3650 606 591 3651 475 457 3652 472 454 3653 469 453 3654 466 450 3655 620 605 3656 622 606 3657 619 604 3658 620 605 3659 622 606 3660 623 610 3661 621 608 3662 617 602 3663 619 604 3664 621 608 3665 623 610 3666 622 606 3667 625 611 3668 624 607 3669 627 614 3670 625 611 3671 651 613 3672 626 615 3673 625 611 3674 626 615 3675 629 617 3676 628 612 3677 631 616 3678 630 618 3679 628 612 3680 623 610 3681 628 612 3682 630 618 3683 634 619 3684 632 620 3685 630 618 3686 633 571 3687 630 618 3688 632 620 3689 623 610 3690 633 571 3691 587 570 3692 636 621 3693 635 622 3694 632 620 3695 588 569 3696 632 620 3697 635 622 3698 660 624 3699 637 626 3700 635 622 3701 639 625 3702 638 623 3703 635 622 3704 638 623 3705 639 625 3706 453 436 3707 639 625 3708 640 627 3709 457 438 3710 640 627 3711 639 625 3712 637 626 3713 641 629 3714 650 439 3715 457 438 3716 641 629 3717 640 627 3718 642 628 3719 643 631 3720 645 633 3721 644 630 3722 660 624 3723 643 631 3724 642 628 3725 647 632 3726 646 634 3727 644 630 3728 641 629 3729 644 630 3730 646 634 3731 647 632 3732 651 613 3733 627 614 3734 624 607 3735 648 635 3736 646 634 3737 624 607 3738 620 605 3739 649 636 3740 648 635 3741 649 636 3742 650 439 3743 466 450 3744 463 448 3745 649 636 3746 649 636 3747 463 448 3748 456 440 3749 651 613 3750 647 632 3751 652 637 3752 645 633 3753 654 639 3754 652 637 3755 653 638 3756 652 637 3757 654 639 3758 657 641 3759 655 640 3760 654 639 3761 645 633 3762 643 631 3763 656 642 3764 656 642 3765 658 644 3766 659 643 3767 643 631 3768 660 624 3769 658 644 3770 636 621 3771 659 643 3772 658 644 3773 662 645 3774 657 641 3775 659 643 3776 636 621 3777 634 619 3778 661 646 3779 631 616 3780 662 645 3781 661 646 3782 662 645 3783 663 647 3784 655 640 3785 631 616 3786 629 617 3787 663 647 3788 653 638 3789 655 640 3790 663 647 3791 629 617 3792 626 615 3793 664 648 3794 651 613 3795 653 638 3796 664 648 3797 665 609 3798 621 608 3799 587 570 3800 595 577 3801 666 649 3802 665 609 3803 665 609 3804 666 649 3805 615 600 3806 666 649 3807 595 577 3808 668 579 3809 669 601 3810 615 600 3811 666 649 3812 668 579 3813 671 654 3814 670 651 3815 667 650 3816 670 651 3817 673 652 3818 672 653 3819 670 651 3820 671 654 3821 670 651 3822 672 653 3823 674 656 3824 673 652 3825 674 656 3826 614 598 3827 674 656 3828 672 653 3829 676 657 3830 614 598 3831 674 656 3832 675 658 3833 675 658 3834 676 657 3835 610 595 3836 676 657 3837 672 653 3838 678 655 3839 610 595 3840 676 657 3841 677 659 3842 681 660 3843 679 661 3844 677 659 3845 680 584 3846 677 659 3847 679 661 3848 679 661 3849 681 660 3850 597 580 3851 671 654 3852 682 662 3853 681 660 3854 597 580 3855 681 660 3856 682 662 3857 682 662 3858 671 654 3859 668 579 3860 683 663 3861 685 667 3862 692 664 3863 683 663 3864 686 668 3865 688 666 3866 686 668 3867 687 795 3868 690 669 3869 688 666 3870 690 669 3871 691 670 3872 688 666 3873 689 671 3874 694 672 3875 690 669 3876 687 795 3877 684 665 3878 693 673 3879 691 670 3880 690 669 3881 685 667 3882 694 672 3883 693 673 3884 694 672 3885 696 682 3886 695 674 3887 695 674 3888 698 678 3889 691 670 3890 695 674 3891 696 682 3892 703 675 3893 700 677 3894 698 678 3895 695 674 3896 698 678 3897 699 680 3898 689 671 3899 698 678 3900 700 677 3901 701 679 3902 699 680 3903 701 679 3904 703 675 3905 689 671 3906 699 680 3907 696 682 3908 704 683 3909 705 687 3910 708 684 3911 704 683 3912 706 690 3913 712 686 3914 707 685 3915 708 684 3916 710 688 3917 706 690 3918 709 689 3919 710 688 3920 708 684 3921 720 699 3922 711 691 3923 712 686 3924 710 688 3925 711 691 3926 713 692 3927 714 694 3928 705 687 3929 713 692 3930 715 696 3931 716 693 3932 713 692 3933 711 691 3934 718 695 3935 711 691 3936 720 699 3937 719 698 3938 714 694 3939 716 693 3940 719 698 3941 714 694 3942 720 699 3943 708 684 3944 722 700 3945 745 712 3946 723 701 3947 721 702 3948 723 701 3949 726 703 3950 725 705 3951 724 704 3952 726 703 3953 727 706 3954 726 703 3955 728 707 3956 723 701 3957 731 710 3958 728 707 3959 728 707 3960 730 711 3961 744 709 3962 731 710 3963 733 716 3964 730 711 3965 745 712 3966 732 714 3967 731 710 3968 734 713 3969 733 716 3970 731 710 3971 736 715 3972 735 719 3973 733 716 3974 733 716 3975 735 719 3976 738 717 3977 743 718 3978 737 724 3979 735 719 3980 735 719 3981 737 724 3982 740 720 3983 730 711 3984 738 717 3985 739 721 3986 738 717 3987 740 720 3988 741 722 3989 743 718 3990 736 715 3991 739 721 3992 734 713 3993 744 709 3994 739 721 3995 732 714 3996 729 708 3997 744 709 3998 745 712 3999 727 706 4000 729 708 4001 722 700 4002 725 705 4003 727 706 4004 746 725 4005 748 729 4006 770 726 4007 749 728 4008 751 733 4009 748 729 4010 752 730 4011 751 733 4012 749 728 4013 752 730 4014 754 736 4015 753 732 4016 748 729 4017 751 733 4018 753 732 4019 769 735 4020 755 737 4021 753 732 4022 756 734 4023 753 732 4024 755 737 4025 770 726 4026 748 729 4027 756 734 4028 756 734 4029 758 738 4030 759 740 4031 758 738 4032 760 743 4033 761 741 4034 758 738 4035 755 737 4036 763 742 4037 760 743 4038 762 746 4039 768 744 4040 760 743 4041 763 742 4042 765 745 4043 764 747 4044 763 742 4045 755 737 4046 766 748 4047 765 745 4048 763 742 4049 766 748 4050 764 747 4051 761 741 4052 764 747 4053 769 735 4054 759 740 4055 769 735 4056 754 736 4057 757 739 4058 754 736 4059 752 730 4060 770 726 4061 770 726 4062 752 730 4063 750 731 4064 772 750 4065 771 754 4066 773 751 4067 774 753 4068 776 756 4069 773 751 4070 775 755 4071 777 757 4072 776 756 4073 777 757 4074 779 760 4075 778 758 4076 776 756 4077 778 758 4078 781 759 4079 779 760 4080 794 771 4081 780 761 4082 778 758 4083 780 761 4084 783 762 4085 773 751 4086 781 759 4087 782 763 4088 782 763 4089 781 759 4090 783 762 4091 783 762 4092 785 766 4093 786 765 4094 780 761 4095 788 768 4096 785 766 4097 785 766 4098 787 769 4099 793 767 4100 788 768 4101 790 774 4102 787 769 4103 789 770 4104 788 768 4105 780 761 4106 791 772 4107 790 774 4108 788 768 4109 791 772 4110 789 770 4111 786 765 4112 789 770 4113 794 771 4114 784 764 4115 784 764 4116 794 771 4117 779 760 4118 782 763 4119 779 760 4120 777 757 4121 795 752 4122 777 757 4123 775 755 4124</p>
        </triangles>
      </mesh>
    </geometry>
    <geometry id="Cube_003-mesh" name="Cube.003">
      <mesh>
        <source id="Cube_003-mesh-positions">
          <float_array id="Cube_003-mesh-positions-array" count="6018">0.4725611 0.1415257 -2.312299 0.5249988 -0.2012035 -2.313339 0.6142814 0.4525074 -2.30935 0.4725611 0.1415257 -2.403704 0.5474351 0.1292827 -2.254355 0.5921488 -0.1629627 -2.255243 0.6682801 0.3944571 -2.251841 0.908525 0.5312727 -2.24866 1.176404 0.4874706 -2.246027 0.8960273 0.6129571 -2.305619 1.210181 0.5615885 -2.302531 0.8960273 0.6129571 -2.397024 1.210181 0.5615885 -2.393936 0.6142814 0.4525074 -2.400755 0.9096948 0.5236269 -2.496249 1.173243 0.480533 -2.493659 0.6733345 0.3890234 -2.499379 0.9292061 0.3961024 -2.591436 1.120511 0.3648213 -2.589556 0.7576364 0.2983962 -2.593708 0.9528172 0.2417811 -2.611748 1.056698 0.2247951 -2.610727 0.8596526 0.1887254 -2.612982 0.9658499 0.1566002 -2.801649 1.021475 0.1475046 -2.801103 0.9159628 0.1281902 -2.80231 0.9808731 0.05840945 -2.801947 1.070877 0.04369258 -2.801063 1.045783 -0.01137119 -2.801585 0.9958963 -0.03978115 -2.802245 0.9402708 -0.0306856 -2.802792 0.9001539 0.01244121 -2.803016 0.8908692 0.07312643 -2.802832 1.061592 0.1043778 -2.800879 1.131617 0.1442555 -2.610309 1.148956 0.03092557 -2.610653 1.258479 0.2165014 -2.588785 1.290411 0.007795751 -2.589419 1.363312 0.2762024 -2.492597 1.407303 -0.01131772 -2.49347 1.436747 0.3180227 -2.392671 1.489185 -0.02470666 -2.393712 1.436747 0.3180227 -2.301266 1.489185 -0.02470666 -2.302306 1.369597 0.2797818 -2.244948 1.414311 -0.01246368 -2.245835 1.293466 -0.2776381 -2.248349 1.053221 -0.4144537 -2.251531 1.347465 -0.3356884 -2.305255 1.065719 -0.4961382 -2.308986 1.347465 -0.3356884 -2.396661 1.065719 -0.4961382 -2.400391 1.288412 -0.2722044 -2.495944 1.052051 -0.4068079 -2.499073 1.20411 -0.1815772 -2.591215 1.03254 -0.2792834 -2.593486 1.102094 -0.07190638 -2.611628 1.008929 -0.1249622 -2.612862 0.905048 -0.1079761 -2.613883 0.8301296 -0.02743643 -2.614301 0.8412354 -0.2480022 -2.595367 0.7032676 -0.09968233 -2.596137 0.7885034 -0.363714 -2.501664 0.5984341 -0.1593833 -2.502725 0.7515649 -0.4447695 -2.403479 0.5249988 -0.2012035 -2.404744 0.7515649 -0.4447695 -2.312074 0.7853418 -0.3706516 -2.254164 0.5544434 0.1281368 -2.501853 0.6713355 0.1090232 -2.595504 0.8127902 0.08589339 -2.613957 1.119629 -0.6794987 -1.843226 1.135131 -0.6543345 -1.95866 1.070749 -0.7011439 -1.858597 1.032798 -0.7341551 -1.710399 1.11726 -0.6447377 -1.835163 1.1364 -0.6187064 -1.954439 1.024375 -0.7032483 -1.693906 0.9278842 -0.7509095 -1.634425 0.8300128 -0.7883827 -1.662918 0.9394473 -0.7794873 -1.654709 0.8423112 -0.8176407 -1.681701 0.9301578 -0.7768631 -1.724682 0.840602 -0.8170769 -1.743527 1.007437 -0.7403661 -1.761405 0.9133042 -0.7447148 -1.74143 0.8312799 -0.7835761 -1.757378 0.9840418 -0.7110543 -1.7733 1.04129 -0.6764303 -1.860515 1.043241 -0.6608539 -1.945989 0.9958721 -0.6546398 -2.028882 1.074214 -0.6832382 -1.953337 1.02251 -0.6779478 -2.04359 1.07592 -0.6541045 -2.058653 0.9551551 -0.6797731 -2.097128 0.9772722 -0.6607255 -2.133671 0.9365736 -0.6560198 -2.076218 0.8812237 -0.6817559 -2.138941 0.7844315 -0.6976916 -2.149471 0.8716904 -0.663265 -2.194586 0.8712584 -0.6586273 -2.112552 0.7827787 -0.6750359 -2.121973 0.714084 -0.7103472 -2.082286 0.6809149 -0.7728308 -1.992143 0.7104914 -0.735955 -2.104917 0.6752008 -0.7270205 -2.142528 0.6729552 -0.8052355 -2.006098 0.6676425 -0.8478163 -1.91699 0.6216097 -0.8149542 -2.013631 0.6076869 -0.862198 -1.908512 0.6013998 -0.7889132 -2.004184 0.5885419 -0.8358245 -1.898197 0.658574 -0.6976522 -2.138692 0.7467132 -0.6484928 -2.208414 0.8590205 -0.6320222 -2.197181 0.7612548 -0.6796713 -2.206945 0.9719038 -0.6285845 -2.133445 1.076422 -0.6197009 -2.055448 0.6378824 -0.8491927 -1.8082 0.7313767 -0.8292099 -1.733329 0.6545375 -0.8773293 -1.81814 0.7080348 -0.863124 -1.835567 0.7450616 -0.8615935 -1.74677 0.770745 -0.8510448 -1.784872 0.771941 -0.8134225 -1.792538 0.7178958 -0.8250536 -1.836549 0.6797043 -0.8116666 -1.910623 0.909608 -0.7737061 -1.98657 0.8872134 -0.7320343 -1.994262 0.889096 -0.7925992 -1.967038 1.000599 -0.7681557 -1.931423 0.9792376 -0.7831504 -1.913615 1.078645 -0.7390999 -1.850661 1.008486 -0.730183 -1.928925 1.081887 -0.6889237 -1.846457 1.137272 -0.6379923 -1.748964 1.131175 -0.6967107 -1.765982 1.111494 -0.6738083 -1.709594 1.067888 -0.7051158 -1.717779 1.112867 -0.7127328 -1.748347 1.080712 -0.7349559 -1.756215 1.058951 -0.752725 -1.832439 1.036708 -0.7671031 -1.818889 0.9590261 -0.7946349 -1.899407 1.019553 -0.740675 -1.789159 0.9434319 -0.7710615 -1.874072 0.8732032 -0.7701239 -1.914476 0.9020051 -0.7963789 -1.935048 0.8581992 -0.7531955 -1.959814 -2.408957 -0.1602305 -1.974859 -2.47311 -0.02006024 -1.894759 -2.395565 -0.2461106 -1.855347 -2.321457 -0.2710838 -2.034122 -2.368342 -0.0936324 -2.10037 -2.294268 -0.2265 -2.118144 -2.420131 0.06681191 -2.058478 -2.279902 -0.05645489 -2.212772 -2.235062 -0.2016118 -2.193391 -2.304768 0.1153071 -2.205098 -2.157102 -0.05435818 -2.294952 -2.152854 -0.2002082 -2.248406 -2.144584 0.1180422 -2.312296 -2.018637 -0.08766138 -2.3344 -2.06016 -0.2225028 -2.274814 -1.963967 0.07460069 -2.363753 -1.885586 -0.1512944 -2.32511 -1.97109 -0.2651016 -2.268595 -1.790412 -0.008403778 -2.351634 -1.778207 -0.2355697 -2.268496 -1.899205 -0.3215191 -2.230695 -1.650343 -0.1183345 -2.277786 -1.712845 -0.3276572 -2.173177 -1.855449 -0.3831665 -2.166885 -1.565084 -0.2384557 -2.15345 -1.699452 -0.4135372 -2.053665 -1.846483 -0.4406584 -2.086878 -1.547614 -0.3504799 -1.997555 -1.740067 -0.4801355 -1.928154 -1.873673 -0.4852422 -2.002856 -1.600594 -0.4373524 -1.833835 -1.828507 -0.517313 -1.815752 -1.932878 -0.5101304 -1.927609 -1.715957 -0.4858476 -1.687216 -1.951308 -0.5194098 -1.733572 -2.015086 -0.5115341 -1.872594 -1.87614 -0.4885826 -1.580018 -2.089773 -0.4861065 -1.694124 -2.107781 -0.4892394 -1.846186 -2.056758 -0.445141 -1.528561 -2.222824 -0.4224734 -1.703414 -2.196851 -0.4466406 -1.852405 -2.230313 -0.3621364 -1.540679 -2.330203 -0.338198 -1.760029 -2.268736 -0.390223 -1.890305 -2.370382 -0.2522056 -1.614528 -2.33437 -0.1055085 -1.485186 -2.455641 -0.1320844 -1.738864 -2.426654 0.02450972 -1.619766 -2.324293 0.1723396 -1.534827 -2.445563 0.1457635 -1.788505 -2.388219 0.2397936 -1.965714 -2.341763 0.2843638 -1.690722 -2.209749 0.3569205 -1.630903 -2.288783 0.371236 -1.854441 -2.16676 0.4274104 -1.763748 -2.17342 0.4197311 -2.001061 -2.263351 0.2922846 -2.124414 -2.073153 0.4667603 -1.882718 -2.013236 0.4224663 -2.108259 -2.089969 0.2952449 -2.240444 -1.943177 0.4689796 -1.9697 -1.832619 0.3790248 -2.159716 -1.89447 0.2482241 -2.296141 -1.79662 0.4337303 -2.011453 -1.659065 0.2960203 -2.147598 -1.706616 0.1583807 -2.283024 -1.655795 0.3663789 -2.00162 -1.518996 0.1860894 -2.073749 -1.555006 0.03939241 -2.203091 -1.54214 0.277179 -1.941698 -1.433736 0.06596827 -1.949413 -1.462723 -0.0906257 -2.06851 -1.472959 0.1797103 -1.840809 -1.416266 -0.04605585 -1.793518 -1.443813 -0.2118798 -1.899771 -1.458784 0.08881181 -1.714313 -1.469246 -0.1329283 -1.629799 -1.501158 -0.3059099 -1.722563 -1.501772 0.01832187 -1.581468 -1.584609 -0.1814236 -1.483179 -1.626026 -0.3584007 -1.563863 -1.59538 -0.02102804 -1.462498 -1.744793 -0.1841586 -1.375981 -1.799408 -0.361361 -1.447832 -1.725356 -0.0232473 -1.375516 -1.92541 -0.140717 -1.324524 -1.994907 -0.3143402 -1.392136 -1.871913 0.01200199 -1.333763 -2.098965 -0.05771237 -1.336642 -2.182761 -0.2244967 -1.405253 -2.012738 0.07935351 -1.343596 -2.239034 0.05221837 -1.410491 -2.126393 0.1685534 -1.403518 -2.195574 0.2660221 -1.504407 -2.000506 0.2584033 -1.442349 -1.923702 0.1981252 -1.401856 -2.047256 0.3242689 -1.510526 -2.056835 0.3856948 -1.596007 -2.027785 0.4333292 -1.685779 -1.964528 0.4599205 -1.766175 -1.876695 0.4614202 -1.824954 -1.777658 0.4376 -1.853169 -1.682493 0.3920864 -1.846524 -1.60569 0.3318083 -1.806031 -1.55894 0.2659426 -1.737854 -1.54936 0.2045168 -1.652373 -1.578411 0.1568822 -1.562601 -1.641667 0.1302911 -1.482206 -1.7295 0.1287914 -1.423426 -1.828538 0.1526116 -1.395211 -2.312492 -0.3285757 -1.954115 -2.200959 -0.4186988 -2.000419 -2.224101 -0.3860944 -2.034167 -2.16294 -0.4485372 -1.980374 -2.115833 -0.471067 -1.977085 -2.066807 -0.4828583 -1.991052 -2.023329 -0.482116 -2.020148 -1.992016 -0.468953 -2.059945 -1.977636 -0.4453732 -2.104383 -1.982378 -0.4149667 -2.146698 -2.00552 -0.3823623 -2.180446 -2.043538 -0.3525239 -2.200491 -2.090646 -0.329994 -2.20378 -2.139671 -0.3182027 -2.189813 -2.18315 -0.3189451 -2.160717 -2.214462 -0.3321081 -2.12092 -2.228842 -0.3556879 -2.076482 -2.197421 -0.4104992 -1.994923 -2.210861 -0.4416491 -2.015801 -2.225305 -0.3474882 -2.070986 -2.112295 -0.4628674 -1.971589 -2.125735 -0.4940174 -1.992467 -2.019791 -0.4739164 -2.014653 -2.033231 -0.5050663 -2.035531 -1.974098 -0.4371736 -2.098888 -1.987538 -0.4683236 -2.119766 -2.001982 -0.3741627 -2.174951 -2.015422 -0.4053126 -2.195828 -2.087108 -0.3217944 -2.198285 -2.100548 -0.3529443 -2.219162 -2.179612 -0.3107455 -2.155221 -2.193052 -0.3418954 -2.176099 -2.238745 -0.3786382 -2.091864 -2.172936 -0.390521 -2.164076 -2.113457 -0.3976253 -2.191765 -2.202316 -0.4141461 -2.109914 -2.204665 -0.4698221 -2.19484 -2.148636 -0.4855163 -2.225974 -2.225717 -0.4727091 -2.132364 -2.241711 -0.5778412 -2.181173 -2.190097 -0.6063762 -2.210779 -2.252106 -0.5497282 -2.122381 -2.267244 -0.6653741 -2.129693 -2.217491 -0.7003716 -2.155278 -2.273147 -0.6216587 -2.080612 -2.286153 -0.7421672 -2.053097 -2.236426 -0.7772666 -2.078594 -2.291992 -0.6982061 -2.004228 -2.305516 -0.8146453 -1.994457 -2.254144 -0.8439684 -2.023713 -2.315325 -0.7846301 -1.936511 -2.339759 -0.9183308 -1.96947 -2.284535 -0.9361986 -2.00087 -2.358866 -0.9159709 -1.90635 -2.391785 -1.055087 -1.9983 -2.331521 -1.060405 -2.02466 -2.423061 -1.083024 -1.947348 -2.44122 -1.16353 -2.094797 -2.378953 -1.164649 -2.116626 -2.47733 -1.201605 -2.054782 -2.47299 -1.211091 -2.228775 -2.408485 -1.208307 -2.242178 -2.514775 -1.258507 -2.209225 -2.477748 -1.185786 -2.357915 -2.412566 -1.185111 -2.35348 -2.522314 -1.228028 -2.381151 -2.45656 -1.093443 -2.474102 -2.394848 -1.102641 -2.459039 -2.494625 -1.111099 -2.522917 -2.425692 -0.9925593 -2.530745 -2.367916 -1.010382 -2.513119 -2.455876 -0.988412 -2.585553 -2.383233 -0.8745669 -2.538673 -2.328008 -0.8950211 -2.524623 -2.410942 -0.8666457 -2.588593 -2.336207 -0.7694262 -2.546907 -2.292221 -0.671386 -2.583891 -2.28938 -0.7837131 -2.534631 -2.360811 -0.766671 -2.588649 -2.348826 -0.7770633 -2.635217 -2.313028 -0.6783785 -2.612071 -2.306759 -0.6950843 -2.643105 -2.279759 -0.6115891 -2.651974 -2.278237 -0.6340852 -2.668309 -2.261315 -0.5961075 -2.637884 -2.254447 -0.5722319 -2.723009 -2.241841 -0.5752363 -2.776737 -2.253629 -0.5855348 -2.724689 -2.245214 -0.5626398 -2.722521 -2.231305 -0.5622991 -2.723458 -2.220838 -0.5713428 -2.725229 -2.233689 -0.5967171 -2.634295 -2.213157 -0.6133009 -2.643233 -2.256301 -0.6783141 -2.575599 -2.226469 -0.6948606 -2.591194 -2.247483 -0.8011023 -2.556762 -2.220639 -0.7113632 -2.622333 -2.235323 -0.8114728 -2.602588 -2.241883 -0.7182462 -2.650311 -2.211682 -0.6358938 -2.659535 -2.230108 -0.6512681 -2.673655 -2.219974 -0.5845398 -2.726838 -2.229253 -0.5942378 -2.727397 -2.243207 -0.5946821 -2.72653 -2.25768 -0.6505445 -2.677275 -2.277373 -0.7114791 -2.658705 -2.306965 -0.7944275 -2.65851 -2.259955 -0.8087916 -2.645088 -2.34422 -0.8946453 -2.67179 -2.394906 -0.8753165 -2.644096 -2.28846 -0.9133197 -2.655919 -2.389788 -1.021295 -2.674964 -2.440992 -1.000324 -2.645301 -2.332227 -1.039155 -2.657382 -2.437266 -1.176115 -2.604771 -2.486726 -1.145337 -2.57707 -2.375258 -1.185133 -2.589451 -2.472176 -1.329284 -2.426738 -2.520143 -1.287473 -2.409667 -2.406455 -1.328062 -2.422295 -2.459579 -1.366255 -2.194493 -2.509207 -1.322762 -2.195078 -2.394993 -1.363539 -2.207764 -2.414184 -1.296228 -2.010879 -2.466132 -1.256571 -2.020022 -2.351918 -1.297347 -2.032708 -2.353079 -1.163311 -1.887976 -2.407029 -1.127853 -1.90165 -2.292815 -1.168629 -1.914336 -2.271675 -0.9534096 -1.829771 -2.330666 -0.9305009 -1.848485 -2.216452 -0.9712774 -1.861171 -2.214984 -0.7829584 -1.867249 -2.277826 -0.7715048 -1.88382 -2.163612 -0.8122813 -1.896506 -2.186035 -0.6768121 -1.947803 -2.250521 -0.671135 -1.960614 -2.136308 -0.7119116 -1.9733 -2.167281 -0.6006125 -2.023886 -2.231741 -0.5948337 -2.036785 -2.117527 -0.6356101 -2.049471 -2.152592 -0.5507466 -2.051923 -2.215191 -0.5385051 -2.068844 -2.100978 -0.5792817 -2.08153 -2.141277 -0.5175683 -2.056695 -2.199461 -0.4924861 -2.075142 -2.085247 -0.5332626 -2.087828 -2.129652 -0.4883334 -2.046003 -2.184387 -0.4546613 -2.061007 -2.070173 -0.4954377 -2.073693 -2.040793 -0.4718126 -2.127854 -2.058722 -0.4312974 -2.176762 -2.064195 -0.5303756 -2.150305 -2.090451 -0.5105985 -2.207526 -2.090583 -0.6073947 -2.140321 -2.127498 -0.6186177 -2.193858 -2.111624 -0.6793254 -2.098552 -2.153031 -0.7061504 -2.142379 -2.130469 -0.7558725 -2.022169 -2.17194 -0.7829437 -2.065783 -2.153803 -0.8422966 -1.954452 -2.191303 -0.8554218 -2.007143 -2.197344 -0.9736375 -1.924291 -2.225545 -0.9591073 -1.982156 -2.261539 -1.140691 -1.965288 -2.277571 -1.095863 -2.010986 -2.315807 -1.259272 -2.072722 -2.327006 -1.204307 -2.107482 -2.353296 -1.316159 -2.227161 -2.358936 -1.25181 -2.241444 -2.362019 -1.285256 -2.398955 -2.364662 -1.22616 -2.370476 -2.337295 -1.167269 -2.540392 -2.345447 -1.133112 -2.486444 -2.301887 -1.043389 -2.602657 -2.316583 -1.031513 -2.542864 -2.26011 -0.9204958 -2.605346 -2.276255 -0.9127597 -2.550556 -1.196996 -0.5023809 -1.963121 -0.8723402 -0.6329522 -1.976077 -1.416675 -0.2379758 -1.867378 -1.245592 -0.572856 -1.979657 -1.226773 -0.4903181 -2.339821 -0.8846362 -0.7133259 -2.007146 -1.494388 -0.2770717 -1.872808 -1.618212 0.1321114 -1.720893 -1.491017 -0.2259978 -2.248631 -1.592786 0.1373724 -2.109034 -1.415529 -0.184534 -2.236378 -1.507139 0.139782 -2.092494 -1.179594 -0.4208665 -2.31695 -0.7747281 -0.5283651 -2.311708 -0.325227 -0.455585 -2.221476 -0.7833684 -0.6060191 -2.350126 -0.3247674 -0.5238131 -2.275115 -0.3932146 -0.7899004 -1.970883 0.121527 -0.5536476 -2.276184 0.07646536 -0.8302642 -1.960735 0.5385294 -0.6344664 -2.227768 0.1227248 -0.4872713 -2.220166 0.5329837 -0.5585983 -2.180587 0.8582007 -0.5465785 -2.105512 1.16407 -0.4682973 -2.033459 0.883397 -0.6259689 -2.134567 1.213049 -0.5378087 -2.0444 0.7986933 -0.7842552 -1.804612 1.135575 -0.6203531 -1.695544 0.4056298 -0.8156394 -1.915492 0.7699386 -0.7077152 -1.783016 1.088325 -0.5509722 -1.688366 0.4077546 -0.7554199 -1.886797 0.07772284 -0.7600253 -1.910421 -0.3935776 -0.717166 -1.923581 1.343558 -0.321486 -1.646006 1.479678 0.1414005 -1.648095 1.414455 -0.3715054 -1.638094 1.44068 -0.3506813 -2.005775 1.565972 0.131245 -1.644794 1.615684 0.02679032 -2.028618 1.612937 0.5560153 -1.691038 1.261994 0.9226391 -1.616482 1.499576 0.4896527 -2.055876 1.536093 0.5185017 -1.673663 1.220056 0.8507542 -1.591406 0.656461 1.079966 -1.514114 0.06472438 1.169534 -1.512087 0.6770238 1.160833 -1.538262 0.5799444 1.027751 -1.946201 0.0675038 1.253173 -1.535815 0.002504587 1.148833 -1.932788 -0.565456 1.210054 -1.501816 -0.5799863 1.048638 -1.911106 -1.11314 1.029282 -1.523093 -0.547607 1.128834 -1.476576 -1.077315 0.9563784 -1.492403 -1.507485 0.6354868 -1.580724 -1.532682 0.1266325 -1.706257 -1.570975 0.6866518 -1.610821 -1.386445 0.5658942 -2.011581 -1.006793 0.8918178 -1.940768 -1.320871 0.519917 -1.97709 -0.9721288 0.8208088 -1.903984 -0.5616074 0.9697294 -1.879373 0.001810312 1.066977 -1.903082 0.5607882 0.9485168 -1.915838 1.129038 0.7589666 -1.993329 1.422524 0.4555552 -2.033736 1.170796 0.828899 -2.024374 1.529913 0.04194176 -2.028449 1.368797 -0.3016067 -2.00888 0.3008732 -0.7547125 -2.088241 0.4123695 -0.8503478 -1.951037 0.2909643 -0.6516188 -2.273413 0.3015169 -0.6975302 -2.064064 0.4095142 -0.7893477 -1.932284 0.2926471 -0.5985769 -2.243136 0.3969728 -0.5184323 -2.329484 0.5808318 -0.6142011 -2.264754 0.3987197 -0.5687493 -2.362683 0.58832 -0.6696411 -2.298509 0.4801327 -0.7570847 -2.136596 0.6930205 -0.6442434 -2.191025 0.8131602 -0.6640215 -2.139011 0.620727 -0.7484789 -2.037397 0.6851928 -0.6052525 -2.17054 0.7984253 -0.6140027 -2.108144 0.9139576 -0.6688299 -2.087873 1.004765 -0.6531462 -2.007179 0.9311298 -0.7213466 -2.112544 1.033289 -0.7107473 -2.033919 0.8790544 -0.787656 -1.94413 0.8536916 -0.8657616 -1.778611 0.9937683 -0.7443442 -1.893975 0.7668927 -0.8006945 -1.993756 0.7387506 -0.8561241 -1.834969 0.5703039 -0.8023532 -1.860917 0.7256838 -0.7916109 -1.831008 0.8421732 -0.8041327 -1.769289 0.559493 -0.7453153 -1.841283 0.9299187 -0.7018744 -1.737836 0.9928343 -0.6240792 -1.710718 0.9464479 -0.7689151 -1.743907 1.019025 -0.6839126 -1.725375 1.057723 -0.667092 -1.827068 1.076744 -0.6349809 -1.922799 1.026024 -0.5960587 -1.807563 1.043176 -0.5680599 -1.902862 0.9488211 -0.6795848 1.324966 0.8847234 -0.6070966 1.60755 0.6514707 -0.7277354 1.38417 1.2616 -0.5928329 1.383241 1.048055 -0.7281241 0.8448028 1.072033 -0.7543123 0.5456207 1.308846 -0.6154317 1.143551 0.6700928 -0.8394923 0.9443998 1.349938 -0.6125802 0.9520624 1.039989 -0.2168664 1.112878 0.7106572 -0.1779872 1.421971 1.261544 -0.3418812 1.217872 1.06837 -0.2867563 1.800605 0.9418811 -0.03145974 0.9095968 1.262688 -0.3404018 1.00691 1.102591 -0.04331189 0.6810364 1.377852 -0.298417 0.6249591 1.143584 -0.02592033 0.4630436 1.476116 -0.2521874 0.4039149 1.385791 -0.6105842 0.5936626 1.480703 -0.5475608 0.3583673 1.240321 -0.6940733 0.05864208 1.676088 -0.453334 0.24321 1.718892 -0.513472 -0.07347756 1.89826 -0.3523036 0.3373069 1.656717 -0.1723108 0.2489802 1.655856 0.07078975 -0.03104692 2.063186 -0.02698856 0.1248602 1.873233 -0.1472749 0.3519755 2.07046 -0.1020991 0.569822 2.185379 -0.08427119 0.3034973 2.434556 -0.06204819 0.2639417 2.177694 -0.07995134 0.4588896 2.437555 -0.06515437 0.341175 2.224354 -0.2936635 0.1572598 2.192153 -0.2444396 0.4427422 2.12416 -0.2716063 -0.2876609 2.464565 -0.1940542 0.236657 2.467564 -0.1971604 0.3138906 2.334205 -0.1910924 0.6269673 2.16254 -0.213177 0.7939038 2.319164 -0.07239168 0.6285456 2.149278 -0.08747309 0.7904583 2.087614 -0.2540615 0.5677374 2.486178 -0.1077384 -0.05013662 2.456551 0.07861649 -0.2575058 2.41698 -0.01687657 0.1203067 2.389325 0.15167 -0.0711227 2.015172 0.1175509 -0.06916105 2.423951 0.3786154 -0.09786272 2.044141 0.3686425 -0.1144141 2.462975 0.3603874 -0.2624125 2.389325 0.6013289 -0.03994423 2.41698 0.7517014 0.1782604 2.015033 0.6114349 -0.03777688 2.456551 0.6239351 -0.2106811 1.977445 0.6684523 -0.4226248 2.486178 0.8058294 0.02471679 1.992373 0.8818273 -0.1586952 2.467564 0.9026493 0.3961629 2.352593 0.8951227 0.6616896 2.098851 0.9540582 0.1808634 2.437555 0.7910616 0.407673 2.335489 0.7858854 0.6550262 2.134283 0.7960097 0.371698 2.063186 0.7494205 0.1859112 1.873126 0.833835 0.4714209 2.177694 0.7962594 0.5337027 2.07046 0.8059244 0.6597984 2.287953 0.791113 0.7105095 2.192153 0.9334276 0.5475069 2.087614 0.935585 0.6710634 2.302994 0.8999745 0.7200797 2.16254 0.8935526 0.8687018 2.149278 0.7778441 0.8585129 1.896033 1.00575 0.485628 1.665404 1.061522 0.4188085 1.624707 1.028709 0.05994552 1.475666 1.09518 0.5380454 1.656286 0.828831 0.3781886 1.599006 0.5886999 0.02672576 1.475238 0.8437043 0.5381876 1.277841 0.567686 0.2833684 1.3771 0.8282433 0.7433113 1.143584 0.5555554 0.5089665 1.262528 0.7912342 1.08025 1.38365 1.094091 0.7548674 1.336296 1.040639 1.103792 1.086065 1.133087 0.7310208 1.041073 1.074054 1.101823 1.198235 1.123551 0.2831552 0.713451 1.151673 0.737901 0.351372 1.128963 0.7650002 0.6631219 1.096992 1.143903 0.7596143 1.126562 0.2855671 0.386946 1.143533 0.3057416 0.7707325 1.013161 -0.1223678 0.3991015 1.067276 -0.09365653 1.146866 0.9492585 -0.1864088 0.7233056 0.8592817 -0.1773368 0.6513341 0.6462902 -0.1329593 0.3633407 0.8953732 -0.1447433 1.076001 0.8017171 -0.2733128 1.569407 0.6724557 -0.4259843 1.032777 0.6040561 -0.2501266 1.273771 0.5142245 -0.4357444 0.9664452 0.3350739 -0.3226068 0.6107371 0.3612438 -0.1377688 1.146261 0.3252142 -0.464959 0.9422338 0.065692 -0.4243873 0.620824 0.004945337 -0.2166976 1.172939 0.1246385 -0.5674715 0.9905809 -0.1840717 -0.5175582 0.6669558 -0.2730547 -0.2900655 1.202148 -0.07568019 -0.6195775 1.095 -0.3794449 -0.5918403 1.175419 -0.5273405 -0.5608044 0.7284214 -0.4985215 -0.3347259 1.395177 -0.1534425 -0.6676589 1.671266 -0.2647933 -0.635058 1.435534 0.1935827 -0.6054406 1.692933 0.2489778 -0.5712183 2.012888 0.2764048 -0.5211482 2.075996 -0.1183896 -0.5038774 1.664286 -0.4747353 -0.4915763 1.221999 -0.640985 -0.4390799 0.78098 -0.8274662 -0.3105086 0.4013316 -0.9114152 -0.2104798 0.7763209 -0.9126808 0.09964293 0.7555431 -0.6719847 -0.3917927 0.3741451 -0.7864064 -0.2435866 0 -0.8322906 -0.2376073 0.351154 -0.6119397 -0.1762607 0 -0.6702394 -0.1755523 0.3261667 -0.3582059 -0.1410592 0 -0.4187726 -0.1027948 0.3103911 -0.03258806 -0.1046075 0 -0.06159895 -0.05580675 0.3160429 0.3507943 -0.06801128 0 0.3337594 -0.03184175 0.3220097 0.6527677 -0.09181559 0 0.641582 -0.0684539 0 0.8771024 -0.1293284 -0.3220097 0.6527677 -0.09181559 -0.3633407 0.8953732 -0.1447433 -0.6513341 0.6462902 -0.1329593 -0.3160429 0.3507943 -0.06801128 -0.6107371 0.3612438 -0.1377688 -0.3103911 -0.03258806 -0.1046075 -0.620824 0.004945337 -0.2166976 -0.3261667 -0.3582059 -0.1410592 -0.6669558 -0.2730547 -0.2900655 -0.351154 -0.6119397 -0.1762607 -0.3741451 -0.7864064 -0.2435866 -0.7284214 -0.4985215 -0.3347259 -0.7555431 -0.6719847 -0.3917927 -1.095 -0.3794449 -0.5918403 -1.175419 -0.5273405 -0.5608044 -1.395177 -0.1534425 -0.6676589 -0.9905809 -0.1840717 -0.5175582 -1.202148 -0.07568019 -0.6195775 -0.9422338 0.065692 -0.4243873 -1.172939 0.1246385 -0.5674715 -0.9664452 0.3350739 -0.3226068 -1.146261 0.3252142 -0.464959 -1.032777 0.6040561 -0.2501266 -1.076001 0.8017171 -0.2733128 -1.273771 0.5142245 -0.4357444 -1.569407 0.6724557 -0.4259843 -1.435534 0.1935827 -0.6054406 -1.692933 0.2489778 -0.5712183 -2.012888 0.2764048 -0.5211482 -1.671266 -0.2647933 -0.635058 -2.075996 -0.1183896 -0.5038774 -1.748587 -0.4704825 -0.4262239 -2.201174 -0.2975253 -0.1984372 -1.712636 -0.4862693 -0.1205299 -1.221999 -0.640985 -0.4390799 -0.78098 -0.8274662 -0.3105086 -1.240321 -0.6940733 0.05864208 -1.072033 -0.7543123 0.5456207 -1.480703 -0.5475608 0.3583673 -0.7763209 -0.9126808 0.09964293 -0.3973335 -1.01322 0.1354794 -0.7157605 -0.9042695 0.5297664 -0.3523503 -0.9832429 0.527491 -0.6647354 -0.8318932 0.9930414 -0.3368819 -0.883815 1.004797 -0.6514707 -0.7277354 1.38417 -1.025538 -0.7306488 0.9729226 -1.337193 -0.6289911 0.9997376 -0.9488211 -0.6795848 1.324966 -0.8847234 -0.6070966 1.60755 -1.2616 -0.5928329 1.383241 -1.114262 -0.5228635 1.6928 -1.260549 -0.3431676 1.401319 -1.162183 -0.3142937 1.605692 -1.262688 -0.3404018 1.00691 -0.9975046 -0.2224763 1.296954 -1.102591 -0.04331189 0.6810364 -1.377852 -0.298417 0.6249591 -1.143584 -0.02592033 0.4630436 -1.476116 -0.2521874 0.4039149 -1.385791 -0.6105842 0.5936626 -1.280348 0.005374789 0.2307966 -1.686095 -0.164549 0.2489803 -1.655856 0.07078975 -0.03104692 -1.676088 -0.453334 0.24321 -2.180264 -0.02575814 0.1378136 -1.873233 -0.1472749 0.3519755 -2.07046 -0.1020991 0.569822 -1.89826 -0.3523036 0.3373069 -2.134283 -0.07795083 0.2962352 -2.437555 -0.06515437 0.341175 -2.177694 -0.07995134 0.4588896 -2.319164 -0.07239168 0.6285456 -2.149278 -0.08747309 0.7904583 -2.334205 -0.1910924 0.6269673 -2.467564 -0.1971604 0.3138906 -2.16254 -0.213177 0.7939038 -2.192153 -0.2444396 0.4427422 -2.167713 -0.3031519 0.09584975 -2.087614 -0.2540615 0.5677374 -2.465059 -0.1625767 -0.009781002 -2.395861 -0.07171493 0.1606622 -2.419927 -0.008737981 0.08618754 -2.119408 0.1250742 -0.06157404 -2.389325 0.15167 -0.0711227 -2.044141 0.3686425 -0.1144141 -2.423951 0.3786154 -0.09786272 -1.68101 0.3374469 -0.08936876 -2.015033 0.6114349 -0.03777688 -2.389325 0.6013289 -0.03994423 -2.063186 0.7494205 0.1859112 -1.599006 0.5886999 0.02672576 -1.656286 0.828831 0.3781886 -1.277841 0.567686 0.2833684 -1.475238 0.8437043 0.5381876 -1.218363 0.2813684 0.1669351 -1.143584 0.5555554 0.5089665 -1.3771 0.8282433 0.7433113 -1.047123 0.2653288 0.4261019 -1.102591 0.5470383 0.7232983 -0.9418811 0.516289 0.9337828 -1.262528 0.7912342 1.08025 -1.001128 0.2584543 0.6536569 -0.9046032 0.2485085 0.8295792 -0.7052249 0.2304429 0.9237437 -0.9418811 -0.03145974 0.9095968 -0.7075996 -0.0280373 1.022825 -0.381541 -0.05778372 1.060364 -0.7106572 -0.1779872 1.421971 -0.3813028 -0.1899037 1.485484 -0.7452602 -0.2589598 2.068763 -0.9784202 -0.2949153 1.896085 -0.3774141 -0.2436147 2.213474 -0.7456866 -0.467131 2.05761 -0.9790599 -0.5095326 1.883355 -0.3775781 -0.4477398 2.203534 -0.6390494 -0.5977466 1.763095 -0.3032225 -0.5820923 1.877454 0 -0.5865476 1.885257 -0.3264846 -0.7536035 1.432087 0 -0.7565814 1.464979 0.3264846 -0.7536035 1.432087 0 -0.8973497 1.032541 0.3368819 -0.883815 1.004797 0 -1.010408 0.5319535 0.3523503 -0.9832429 0.527491 0 -1.048448 0.1391745 0.3973335 -1.01322 0.1354794 0 -0.9523367 -0.1901677 -0.4013316 -0.9114152 -0.2104798 0.7157605 -0.9042695 0.5297664 0.3032225 -0.5820923 1.877454 0.6390494 -0.5977466 1.763095 0.3775781 -0.4477398 2.203534 0.7456866 -0.467131 2.05761 0 -0.446679 2.23206 0.3774141 -0.2436147 2.213474 0.7452602 -0.2589598 2.068763 0 -0.2435737 2.241653 0.3813028 -0.1899037 1.485484 0 -0.2150692 1.499648 0.381541 -0.05778372 1.060364 0.7075996 -0.0280373 1.022825 0 -0.1054352 1.06902 0.3800194 0.192491 0.9579713 0.7052249 0.2304429 0.9237437 0 0.1405791 0.9659857 0.381541 0.4368415 1.062853 0.7075996 0.483348 1.034183 0 0.3865126 1.06902 0.3813028 0.5349611 1.487904 0.7106572 0.5913497 1.434031 0 0.5011959 1.499648 0.3774141 0.6277689 2.223627 0.7452602 0.6651899 2.083146 0 0.6216768 2.250532 0.3775781 0.8276563 2.223112 0.7456866 0.8644841 2.082631 0 0.8218351 2.250017 0.3032225 0.9011244 1.91943 0 0.8951233 1.926324 0.6390494 0.938224 1.810746 0.3264822 1.016668 1.519793 0 0.987914 1.547873 0.651297 1.032989 1.470694 0.3359199 1.080645 1.169077 0 1.037898 1.194496 0 1.083451 0.7792249 -0.3359199 1.080645 1.169077 -0.6631219 1.096992 1.143903 -0.3264822 1.016668 1.519793 -0.351372 1.128963 0.7650002 -0.713451 1.151673 0.737901 -0.386946 1.143533 0.3057416 0 1.128129 0.3178649 -0.7596143 1.126562 0.2855671 -0.3991015 1.067276 -0.09365653 0 1.062135 -0.06766664 -0.7707325 1.013161 -0.1223678 -1.146866 0.9492585 -0.1864088 -0.7233056 0.8592817 -0.1773368 -1.198235 1.123551 0.2831552 -1.553413 0.9200758 -0.203266 -1.992373 0.8818273 -0.1586952 -1.624707 1.028709 0.05994552 -1.665404 1.061522 0.4188085 -2.098851 0.9540582 0.1808634 -2.192153 0.9334276 0.5475069 -1.896033 1.00575 0.485628 -2.467564 0.9026493 0.3961629 -2.334205 0.8939189 0.704158 -2.486178 0.8058294 0.02471679 -2.437555 0.7910616 0.407673 -2.319164 0.7850576 0.694588 -2.41698 0.7517014 0.1782604 -2.134283 0.7960097 0.371698 -1.873126 0.833835 0.4714209 -2.177694 0.7962594 0.5337027 -2.07046 0.8059244 0.6597984 -2.149278 0.7778441 0.8585129 -2.087614 0.935585 0.6710634 -2.16254 0.8935526 0.8687018 -2.456551 0.6239351 -0.2106811 -1.977445 0.6684523 -0.4226248 -2.462975 0.3603874 -0.2624125 -2.456551 0.07861649 -0.2575058 -2.489997 -0.0969116 -0.07302623 -1.475666 1.09518 0.5380454 -1.38365 1.094091 0.7548674 -1.336296 1.040639 1.103792 -1.086065 1.133087 0.7310208 -1.041073 1.074054 1.101823 -0.9626433 1.02124 1.404051 -0.8847234 0.9694724 1.662027 -0.651297 1.032989 1.470694 -1.261555 0.9765372 1.442709 -1.069009 0.9228935 1.82346 -1.260549 0.7527145 1.442712 -1.06837 0.7300916 1.823975 -0.8552114 0.6704174 2.002453 -0.9893412 0.658661 1.41764 -0.7079433 0.6192548 1.782356 -0.3803207 0.5584 1.673713 -0.7075996 0.483348 1.034183 -0.7031797 0.6609091 2.099216 -0.6390494 0.938224 1.810746 -0.8556805 0.868409 2.001938 -0.3032225 0.9011244 1.91943 -0.703576 0.8602712 2.098701 -0.3775781 0.8276563 2.223112 -0.3774141 0.6277689 2.223627 -0.381541 0.4368415 1.062853 -0.3800194 0.192491 0.9579713 0.9626433 1.02124 1.404051 0.8847234 0.9694724 1.662027 1.261555 0.9765372 1.442709 1.069009 0.9228935 1.82346 1.260549 0.7527145 1.442712 1.06837 0.7300916 1.823975 0.9975046 0.6636553 1.326443 0.9418811 0.516289 0.9337828 1.102591 0.5470383 0.7232983 0.9046032 0.2485085 0.8295792 1.001128 0.2584543 0.6536569 1.047123 0.2653288 0.4261019 1.218363 0.2813684 0.1669351 1.280348 0.005374789 0.2307966 1.68101 0.3374469 -0.08936876 1.069009 -0.5013737 1.787875 1.553413 0.9200758 -0.203266 1.260549 -0.3431676 1.401319 -0.1987894 -0.5321353 -0.2851967 -0.1824391 -0.4986979 -0.3806183 -0.5525369 -0.5391723 -0.3745616 -0.193912 -0.606884 -0.2153432 -0.5791965 -0.6644137 -0.2819178 -0.1691141 -0.7029151 -0.1897751 -0.5609866 -0.8184038 -0.2513492 -0.13104 -0.7944973 -0.2153431 -0.5027864 -0.9598811 -0.2910466 -0.08989185 -0.8570912 -0.2851966 -0.4201906 -1.050937 -0.3903731 -0.05669516 -0.8739247 -0.380618 -0.3353306 -1.067173 -0.5227141 -0.04034489 -0.8404874 -0.4760396 -0.2709447 -1.004239 -0.6526092 -0.04522222 -0.7657387 -0.5458931 -0.2442849 -0.8789977 -0.745253 -0.07002019 -0.6697076 -0.5714613 -0.2624948 -0.7250075 -0.7758218 -0.1080942 -0.5781254 -0.5458933 -0.320695 -0.5835301 -0.7361244 -0.1492424 -0.5155315 -0.4760399 -0.4032908 -0.4924742 -0.6367979 -0.4881508 -0.4762381 -0.5044568 -0.52951 -0.4993212 -0.7456929 -0.4347199 -0.5941692 -0.8451712 -0.6356104 -0.4851835 -0.61785 -0.6415207 -0.5169514 -0.8447361 -0.5509725 -0.609327 -0.9434367 -0.7477891 -0.5037479 -0.722232 -0.7923648 -0.5453578 -0.9583073 -0.726607 -0.6289804 -1.05989 -0.8732355 -0.5336137 -0.8359655 -1.002705 -0.5755335 -1.035033 -0.9848698 -0.6451379 -1.136786 -1.028393 -0.5676045 -0.9139176 -1.228516 -0.6033744 -0.9911381 -1.253351 -0.6571753 -1.070448 -1.203414 -0.6000946 -0.8967652 -1.383457 -0.626227 -0.904874 -1.427828 -0.6682429 -0.9590525 -1.334555 -0.625714 -0.8404287 -1.484392 -0.6463244 -0.789706 -1.533696 -0.679647 -0.8209368 -1.428723 -0.6470907 -0.7528438 -1.54541 -0.6600382 -0.6527879 -1.593969 -0.688171 -0.6669555 -1.489922 -0.6610724 -0.6367388 -1.535068 -0.6862746 -0.5221864 -1.577259 -0.7106767 -0.5177932 -1.486747 -0.6863943 -0.5291461 -1.502757 -0.7065756 -0.4164293 -1.537744 -0.7288625 -0.4042913 -1.462959 -0.7057448 -0.4330207 -1.445456 -0.7332718 -0.3342263 -1.470402 -0.7526643 -0.3181205 -1.417649 -0.7313719 -0.3556967 -1.37476 -0.7605817 -0.2741246 -1.388996 -0.77751 -0.2560097 -1.359918 -0.7574198 -0.2980324 -1.304678 -0.7808215 -0.2487879 -1.31041 -0.7970749 -0.2303004 -1.30047 -0.7762551 -0.2731297 -1.226398 -0.8002403 -0.2546986 -1.224604 -0.8164926 -0.238131 -1.231898 -0.7941926 -0.2764936 -1.161724 -0.823981 -0.2952782 -1.156596 -0.8371028 -0.2846882 -1.171056 -0.818283 -0.3091016 -1.118851 -0.8659564 -0.3703806 -1.118702 -0.8662233 -0.3702284 -1.119102 -0.8658282 -0.3705741 -1.119386 -0.8658729 -0.3707567 -1.18209 -0.8215355 -0.3224544 -1.119629 -0.8660787 -0.3708797 -1.191871 -0.8328672 -0.3317587 -1.119766 -0.8663904 -0.37091 -1.197776 -0.8492415 -0.3345216 -1.119758 -0.8667244 -0.3708396 -1.198225 -0.8662711 -0.3300026 -1.119609 -0.8669912 -0.3706873 -1.193097 -0.879393 -0.3194125 -1.119359 -0.8671194 -0.3704939 -1.183765 -0.8850911 -0.3055891 -1.119074 -0.8670747 -0.3703112 -1.172731 -0.8818385 -0.2922363 -1.118831 -0.8668689 -0.3701882 -1.16295 -0.8705069 -0.282932 -1.118695 -0.8665573 -0.3701579 -1.157045 -0.8541325 -0.2801691 -1.226995 -0.8385946 -0.2312301 -1.31613 -0.8206604 -0.2226209 -1.232932 -0.8606241 -0.2358451 -1.320305 -0.8452582 -0.2278071 -1.240823 -0.8766784 -0.2507392 -1.321815 -0.8642774 -0.2444694 -1.248553 -0.8824557 -0.2719218 -1.320258 -0.8726218 -0.2681432 -1.254053 -0.876408 -0.2937167 -1.316049 -0.8680556 -0.2924849 -1.255847 -0.8601557 -0.3102843 -1.310317 -0.8518022 -0.3109725 -1.253456 -0.8380537 -0.3171852 -1.304597 -0.8282167 -0.318652 -1.247519 -0.8160241 -0.3125703 -1.300423 -0.8036189 -0.3134658 -1.239628 -0.7999699 -0.2976762 -1.298912 -0.7845996 -0.2968035 -1.348447 -0.7688717 -0.3213269 -1.394433 -0.7474739 -0.3767789 -1.34342 -0.7918688 -0.3377664 -1.382028 -0.7772631 -0.3918238 -1.346184 -0.8202489 -0.3429459 -1.383759 -0.8127575 -0.3968003 -1.356 -0.8464078 -0.3354777 -1.39916 -0.8444465 -0.3903748 -1.370235 -0.8633361 -0.3173627 -1.424107 -0.863839 -0.3742691 -1.385077 -0.8664979 -0.293455 -1.451913 -0.8657388 -0.3527987 -1.396548 -0.855046 -0.2701604 -1.475129 -0.8496369 -0.3317165 -1.401575 -0.832049 -0.2537209 -1.487534 -0.8198477 -0.3166716 -1.398811 -0.8036689 -0.2485414 -1.485804 -0.7843533 -0.3116951 -1.558547 -0.7666338 -0.399859 -1.602015 -0.7530622 -0.5171437 -1.559591 -0.8097686 -0.40432 -1.602703 -0.8020738 -0.5204119 -1.540596 -0.846709 -0.4164789 -1.579138 -0.8445791 -0.5267221 -1.506653 -0.867557 -0.4330779 -1.537635 -0.8691887 -0.5343835 -1.466856 -0.8667262 -0.4496692 -1.489315 -0.8693085 -0.5413432 -1.431868 -0.8444393 -0.4618072 -1.447124 -0.8449064 -0.5457364 -1.411065 -0.8066681 -0.4662396 -1.422367 -0.8025209 -0.546386 -1.410021 -0.7635333 -0.4617786 -1.421679 -0.7535093 -0.5431178 -1.429016 -0.7265928 -0.4496197 -1.445244 -0.711004 -0.5368075 -1.442373 -0.6909968 -0.6231089 -1.381607 -0.6817407 -0.7202274 -1.415504 -0.7417929 -0.6155498 -1.355667 -0.7409897 -0.7005964 -1.416515 -0.7998502 -0.6160874 -1.357854 -0.8089621 -0.6992108 -1.445134 -0.8496121 -0.6245775 -1.387583 -0.8674448 -0.716442 -1.493694 -0.8777449 -0.6387451 -1.436887 -0.9007673 -0.7476728 -1.549182 -0.8767107 -0.654794 -1.492555 -0.9000009 -0.7845349 -1.596731 -0.8467863 -0.6684239 -1.539672 -0.8653511 -0.8171513 -1.6236 -0.7959902 -0.675983 -1.565612 -0.806102 -0.8367823 -1.622589 -0.7379329 -0.6754453 -1.563425 -0.7381296 -0.8381679 -1.455779 -0.7405037 -0.9884471 -1.271264 -0.7470813 -1.113444 -1.459819 -0.8236472 -0.9851816 -1.277456 -0.8490023 -1.108606 -1.438867 -0.8953949 -0.9501309 -1.270267 -0.9356285 -1.057229 -1.398537 -0.9365224 -0.8926869 -1.251623 -0.9837486 -0.9730805 -1.349635 -0.9360094 -0.8282417 -1.226521 -0.9804688 -0.8787077 -1.305264 -0.8939935 -0.7740632 -1.201686 -0.9266679 -0.7993976 -1.277313 -0.8217328 -0.7446686 -1.183773 -0.8367619 -0.7564014 -1.273272 -0.7385894 -0.7479341 -1.177581 -0.7348409 -0.7612399 -1.294224 -0.6668415 -0.7829847 -1.18477 -0.6482147 -0.8126165 -1.055049 -0.6234755 -0.8058932 -0.9475499 -0.5968948 -0.7256459 -1.075531 -0.7281758 -0.7399049 -0.9953954 -0.7182448 -0.6569086 -1.084351 -0.8536511 -0.733634 -1.003952 -0.8651483 -0.6481718 -1.079146 -0.9662804 -0.7887607 -0.9709269 -0.9982424 -0.7017763 -1.06131 -1.035885 -0.890514 -0.9051691 -1.081865 -0.803359 -1.035623 -1.043814 -1.011629 -0.8242984 -1.093609 -0.9257007 -1.008967 -0.9879429 -1.119653 -0.7499841 -1.030328 -1.03602 -0.9884849 -0.8832426 -1.185642 -0.7021386 -0.9089782 -1.104758 -0.9796647 -0.7577673 -1.191913 -0.6935819 -0.7620747 -1.113494 -0.5004065 -0.7561229 -0.9918869 -0.376639 -0.7443132 -0.8896301 -0.503372 -0.9180051 -0.9771046 -0.37083 -0.9095223 -0.8671566 -0.5590744 -1.051597 -0.9030508 -0.4188494 -1.045529 -0.7837726 -0.6525881 -1.121104 -0.789568 -0.5078304 -1.11589 -0.6618207 -0.7588564 -1.1079 -0.6670638 -0.6139306 -1.101752 -0.5339779 -0.8494048 -1.015525 -0.5683633 -0.7087207 -1.006904 -0.4344994 -0.8999707 -0.8687291 -0.519913 -0.7668017 -0.8567602 -0.3900405 -0.8970053 -0.706847 -0.5346953 -0.7726108 -0.6915512 -0.4125139 -0.841303 -0.5732546 -0.608749 -0.7245915 -0.5555447 -0.4958979 0.1987894 -0.5321353 -0.2851967 0.1824391 -0.4986979 -0.3806183 0.5525369 -0.5391723 -0.3745616 0.193912 -0.606884 -0.2153432 0.5791965 -0.6644137 -0.2819178 0.1691141 -0.7029151 -0.1897751 0.5609866 -0.8184038 -0.2513492 0.13104 -0.7944973 -0.2153431 0.5027864 -0.9598811 -0.2910466 0.08989185 -0.8570912 -0.2851966 0.4201906 -1.050937 -0.3903731 0.05669516 -0.8739247 -0.380618 0.3353306 -1.067173 -0.5227141 0.04034489 -0.8404874 -0.4760396 0.2709447 -1.004239 -0.6526092 0.04522222 -0.7657387 -0.5458931 0.2442849 -0.8789977 -0.745253 0.07002019 -0.6697076 -0.5714613 0.2624948 -0.7250075 -0.7758218 0.1080942 -0.5781254 -0.5458933 0.320695 -0.5835301 -0.7361244 0.1492424 -0.5155315 -0.4760399 0.4032908 -0.4924742 -0.6367979 0.4881508 -0.4762381 -0.5044568 0.52951 -0.4993212 -0.7456929 0.4347199 -0.5941692 -0.8451712 0.6356104 -0.4851835 -0.61785 0.6415207 -0.5169514 -0.8447361 0.5509725 -0.609327 -0.9434367 0.7477891 -0.5037479 -0.722232 0.7923648 -0.5453578 -0.9583073 0.726607 -0.6289804 -1.05989 0.8732355 -0.5336137 -0.8359655 1.002705 -0.5755335 -1.035033 0.9848698 -0.6451379 -1.136786 1.028393 -0.5676045 -0.9139176 1.228516 -0.6033744 -0.9911381 1.253351 -0.6571753 -1.070448 1.203414 -0.6000946 -0.8967652 1.383457 -0.626227 -0.904874 1.427828 -0.6682429 -0.9590525 1.334555 -0.625714 -0.8404287 1.484392 -0.6463244 -0.789706 1.533696 -0.679647 -0.8209368 1.428723 -0.6470907 -0.7528438 1.54541 -0.6600382 -0.6527879 1.593969 -0.688171 -0.6669555 1.489922 -0.6610724 -0.6367388 1.535068 -0.6862746 -0.5221864 1.577259 -0.7106767 -0.5177932 1.486747 -0.6863943 -0.5291461 1.502757 -0.7065756 -0.4164293 1.537744 -0.7288625 -0.4042913 1.462959 -0.7057448 -0.4330207 1.445456 -0.7332718 -0.3342263 1.470402 -0.7526643 -0.3181205 1.417649 -0.7313719 -0.3556967 1.37476 -0.7605817 -0.2741246 1.388996 -0.77751 -0.2560097 1.359918 -0.7574198 -0.2980324 1.304678 -0.7808215 -0.2487879 1.31041 -0.7970749 -0.2303004 1.30047 -0.7762551 -0.2731297 1.226398 -0.8002403 -0.2546986 1.224604 -0.8164926 -0.238131 1.231898 -0.7941926 -0.2764936 1.161724 -0.823981 -0.2952782 1.156596 -0.8371028 -0.2846882 1.171056 -0.818283 -0.3091016 1.118851 -0.8659564 -0.3703806 1.118702 -0.8662233 -0.3702284 1.119102 -0.8658282 -0.3705741 1.119386 -0.8658729 -0.3707567 1.18209 -0.8215355 -0.3224544 1.119629 -0.8660787 -0.3708797 1.191871 -0.8328672 -0.3317587 1.119766 -0.8663904 -0.37091 1.197776 -0.8492415 -0.3345216 1.119758 -0.8667244 -0.3708396 1.198225 -0.8662711 -0.3300026 1.119609 -0.8669912 -0.3706873 1.193097 -0.879393 -0.3194125 1.119359 -0.8671194 -0.3704939 1.183765 -0.8850911 -0.3055891 1.119074 -0.8670747 -0.3703112 1.172731 -0.8818385 -0.2922363 1.118831 -0.8668689 -0.3701882 1.16295 -0.8705069 -0.282932 1.118695 -0.8665573 -0.3701579 1.157045 -0.8541325 -0.2801691 1.226995 -0.8385946 -0.2312301 1.31613 -0.8206604 -0.2226209 1.232932 -0.8606241 -0.2358451 1.320305 -0.8452582 -0.2278071 1.240823 -0.8766784 -0.2507392 1.321815 -0.8642774 -0.2444694 1.248553 -0.8824557 -0.2719218 1.320258 -0.8726218 -0.2681432 1.254053 -0.876408 -0.2937167 1.316049 -0.8680556 -0.2924849 1.255847 -0.8601557 -0.3102843 1.310317 -0.8518022 -0.3109725 1.253456 -0.8380537 -0.3171852 1.304597 -0.8282167 -0.318652 1.247519 -0.8160241 -0.3125703 1.300423 -0.8036189 -0.3134658 1.239628 -0.7999699 -0.2976762 1.298912 -0.7845996 -0.2968035 1.348447 -0.7688717 -0.3213269 1.394433 -0.7474739 -0.3767789 1.34342 -0.7918688 -0.3377664 1.382028 -0.7772631 -0.3918238 1.346184 -0.8202489 -0.3429459 1.383759 -0.8127575 -0.3968003 1.356 -0.8464078 -0.3354777 1.39916 -0.8444465 -0.3903748 1.370235 -0.8633361 -0.3173627 1.424107 -0.863839 -0.3742691 1.385077 -0.8664979 -0.293455 1.451913 -0.8657388 -0.3527987 1.396548 -0.855046 -0.2701604 1.475129 -0.8496369 -0.3317165 1.401575 -0.832049 -0.2537209 1.487534 -0.8198477 -0.3166716 1.398811 -0.8036689 -0.2485414 1.485804 -0.7843533 -0.3116951 1.558547 -0.7666338 -0.399859 1.602015 -0.7530622 -0.5171437 1.559591 -0.8097686 -0.40432 1.602703 -0.8020738 -0.5204119 1.540596 -0.846709 -0.4164789 1.579138 -0.8445791 -0.5267221 1.506653 -0.867557 -0.4330779 1.537635 -0.8691887 -0.5343835 1.466856 -0.8667262 -0.4496692 1.489315 -0.8693085 -0.5413432 1.431868 -0.8444393 -0.4618072 1.447124 -0.8449064 -0.5457364 1.411065 -0.8066681 -0.4662396 1.422367 -0.8025209 -0.546386 1.410021 -0.7635333 -0.4617786 1.421679 -0.7535093 -0.5431178 1.429016 -0.7265928 -0.4496197 1.445244 -0.711004 -0.5368075 1.442373 -0.6909968 -0.6231089 1.381607 -0.6817407 -0.7202274 1.415504 -0.7417929 -0.6155498 1.355667 -0.7409897 -0.7005964 1.416515 -0.7998502 -0.6160874 1.357854 -0.8089621 -0.6992108 1.445134 -0.8496121 -0.6245775 1.387583 -0.8674448 -0.716442 1.493694 -0.8777449 -0.6387451 1.436887 -0.9007673 -0.7476728 1.549182 -0.8767107 -0.654794 1.492555 -0.9000009 -0.7845349 1.596731 -0.8467863 -0.6684239 1.539672 -0.8653511 -0.8171513 1.6236 -0.7959902 -0.675983 1.565612 -0.806102 -0.8367823 1.622589 -0.7379329 -0.6754453 1.563425 -0.7381296 -0.8381679 1.455779 -0.7405037 -0.9884471 1.271264 -0.7470813 -1.113444 1.459819 -0.8236472 -0.9851816 1.277456 -0.8490023 -1.108606 1.438867 -0.8953949 -0.9501309 1.270267 -0.9356285 -1.057229 1.398537 -0.9365224 -0.8926869 1.251623 -0.9837486 -0.9730805 1.349635 -0.9360094 -0.8282417 1.226521 -0.9804688 -0.8787077 1.305264 -0.8939935 -0.7740632 1.201686 -0.9266679 -0.7993976 1.277313 -0.8217328 -0.7446686 1.183773 -0.8367619 -0.7564014 1.273272 -0.7385894 -0.7479341 1.177581 -0.7348409 -0.7612399 1.294224 -0.6668415 -0.7829847 1.18477 -0.6482147 -0.8126165 1.055049 -0.6234755 -0.8058932 0.9475499 -0.5968948 -0.7256459 1.075531 -0.7281758 -0.7399049 0.9953954 -0.7182448 -0.6569086 1.084351 -0.8536511 -0.733634 1.003952 -0.8651483 -0.6481718 1.079146 -0.9662804 -0.7887607 0.9709269 -0.9982424 -0.7017763 1.06131 -1.035885 -0.890514 0.9051691 -1.081865 -0.803359 1.035623 -1.043814 -1.011629 0.8242984 -1.093609 -0.9257007 1.008967 -0.9879429 -1.119653 0.7499841 -1.030328 -1.03602 0.9884849 -0.8832426 -1.185642 0.7021386 -0.9089782 -1.104758 0.9796647 -0.7577673 -1.191913 0.6935819 -0.7620747 -1.113494 0.5004065 -0.7561229 -0.9918869 0.376639 -0.7443132 -0.8896301 0.503372 -0.9180051 -0.9771046 0.37083 -0.9095223 -0.8671566 0.5590744 -1.051597 -0.9030508 0.4188494 -1.045529 -0.7837726 0.6525881 -1.121104 -0.789568 0.5078304 -1.11589 -0.6618207 0.7588564 -1.1079 -0.6670638 0.6139306 -1.101752 -0.5339779 0.8494048 -1.015525 -0.5683633 0.7087207 -1.006904 -0.4344994 0.8999707 -0.8687291 -0.519913 0.7668017 -0.8567602 -0.3900405 0.8970053 -0.706847 -0.5346953 0.7726108 -0.6915512 -0.4125139 0.841303 -0.5732546 -0.608749 0.7245915 -0.5555447 -0.4958979 0.4905259 -1.08236 -0.533369 0.3364771 -1.157189 -0.5228418 0.7549268 -0.9440527 -0.8459191 0.295531 -0.9267205 -0.4421741 0.482684 -0.7686071 -0.692103 0.6771333 -1.129132 -0.6674895 0.8076795 -1.171795 -0.68951 0.653818 -1.222624 -0.6957033 0.7337269 -1.098302 -0.8157433 0.7054424 -1.184067 -0.805073 0.6814293 -1.178096 -0.8290843 0.6781847 -1.21654 -0.7623621 0.4809026 -1.16202 -0.7005721 0.3707474 -1.296528 -0.6467739 0.3831862 -1.251683 -0.7245516 0.6053946 -1.295063 -0.8830443 0.909614 -1.163205 -1.232911 0.5341345 -1.480831 -1.106634 0.5771611 -1.316768 -1.086671 0.7631172 -1.168953 -0.8966258 0.824745 -1.023066 -1.020148 0.7727612 -0.9227643 -1.211318 0.7954231 -1.122019 -1.315999 0.6952058 -0.7765405 -1.048558 0.6735891 -0.737722 -1.245129 0.644118 -0.744696 -0.8795813 0.6278926 -0.6900781 -1.471783 0.5574494 -0.6960013 -1.643479 0.6912279 -0.8996546 -1.546577 0.8012372 -1.11362 -1.706282 0.5710061 -0.9425665 -1.691999 0.5045651 -1.147484 -1.629657 0.5640889 -0.931751 -2.004747 0.36985 -1.083532 -1.779207 0.5008738 -0.7196412 -1.795022 0.3872272 -0.7782462 -1.781719 0.2867484 -0.7534703 -1.854064 0.1495616 -0.7545246 -1.831207 0.2717264 -1.070935 -2.117406 0.3162193 -1.318383 -1.584882 0.0996387 -1.133495 -1.885607 0 -1.284659 -1.570117 0 -1.159294 -2.086896 0.1447157 -1.343735 -1.514393 0.1371783 -1.371106 -1.206898 0.4437625 -1.411271 -1.587007 0 -1.479625 -1.74101 0 -1.381676 -1.043146 -0.1371783 -1.371106 -1.206898 -0.1447157 -1.343735 -1.514393 -0.3162193 -1.318383 -1.584882 -0.4437625 -1.411271 -1.587007 -0.0996387 -1.133495 -1.885607 -0.2717264 -1.070935 -2.117406 -0.1495616 -0.7545246 -1.831207 -0.2867484 -0.7534703 -1.854064 0 -0.7247236 -1.881272 -0.3872272 -0.7782462 -1.781719 -0.5008738 -0.7196412 -1.795022 -0.36985 -1.083532 -1.779207 -0.5640889 -0.931751 -2.004747 -0.5045651 -1.147484 -1.629657 -0.401807 -1.24649 -1.427699 -0.6199558 -1.287234 -1.379604 -0.462724 -1.34905 -1.184129 -0.5771611 -1.316768 -1.086671 -0.2750492 -1.375153 -1.001001 -0.5341345 -1.480831 -1.106634 -0.6053946 -1.295063 -0.8830443 -0.294636 -1.388946 -0.836614 -0.3831862 -1.251683 -0.7245516 -0.4809026 -1.16202 -0.7005721 -0.2081053 -1.323946 -0.627844 -0.3707474 -1.296528 -0.6467739 -0.3364771 -1.157189 -0.5228418 -0.2216559 -1.277547 -0.5399848 0 -1.260329 -0.5321461 -0.09628254 -1.049415 -0.4917449 -0.189263 -0.9927144 -0.4667738 0 -1.09763 -0.4992353 -0.1290645 -0.7897728 -0.6098506 -0.2221528 -0.7454774 -0.5963147 0 -0.839658 -0.6072419 0.1290645 -0.7897728 -0.6098506 0.2221528 -0.7454774 -0.5963147 0.09628254 -1.049415 -0.4917449 0.189263 -0.9927144 -0.4667738 0.2216559 -1.277547 -0.5399848 0.2081053 -1.323946 -0.627844 0.229184 -1.49511 -0.7942777 0.126527 -1.435775 -0.8383721 0.294636 -1.388946 -0.836614 0.1873313 -1.461702 -1.166083 0.2750492 -1.375153 -1.001001 0.462724 -1.34905 -1.184129 0.6199558 -1.287234 -1.379604 0.401807 -1.24649 -1.427699 0 -1.495045 -0.9614921 0 -1.332275 -0.6509954 -0.1873313 -1.461702 -1.166083 -0.126527 -1.435775 -0.8383721 -0.229184 -1.49511 -0.7942777 0.328256 -0.7254803 -0.601639 -0.328256 -0.7254803 -0.601639 -0.482684 -0.7686071 -0.692103 -0.295531 -0.9267205 -0.4421741 -0.4905259 -1.08236 -0.533369 -0.7549268 -0.9440527 -0.8459191 -0.6771333 -1.129132 -0.6674895 -0.8076795 -1.171795 -0.68951 -0.653818 -1.222624 -0.6957033 -0.7337269 -1.098302 -0.8157433 -0.7054424 -1.184067 -0.805073 -0.6814293 -1.178096 -0.8290843 -0.6781847 -1.21654 -0.7623621 -0.7631172 -1.168953 -0.8966258 -0.824745 -1.023066 -1.020148 -0.909614 -1.163205 -1.232911 -0.7954231 -1.122019 -1.315999 -0.7727612 -0.9227643 -1.211318 -0.8012372 -1.11362 -1.706282 -0.6912279 -0.8996546 -1.546577 -0.5710061 -0.9425665 -1.691999 -0.5574494 -0.6960013 -1.643479 -0.6278926 -0.6900781 -1.471783 -0.6735891 -0.737722 -1.245129 -0.6952058 -0.7765405 -1.048558 -0.644118 -0.744696 -0.8795813 1.4676 -0.2063723 -1.410318 1.461891 -0.2530502 -1.093636 1.435981 0.02758347 -1.613376 1.311571 -0.4023649 -1.641452 1.589589 -0.1842483 -1.300376 1.44172 -0.1812267 -1.46423 1.601204 -0.1841926 -1.391433 1.354499 0.02224558 -1.582445 1.43924 -0.2194253 -1.551619 1.352512 -0.05947685 -1.676846 1.604223 -0.2223356 -1.496848 1.448591 -0.3181655 -1.623279 1.358853 -0.2204111 -1.781516 1.606682 -0.3314638 -1.566083 1.451993 -0.4605054 -1.679625 1.389036 -0.4296727 -1.824539 1.597735 -0.4753276 -1.615119 1.457918 -0.5656837 -1.769487 1.578717 -0.5711514 -1.720139 1.407311 -0.539358 -1.881061 1.415068 -0.50112 -1.990556 1.582883 -0.5947793 -1.866033 1.585328 -0.5406261 -2.029085 1.750519 -0.5258616 -1.85831 1.692066 -0.5530785 -1.757941 1.752161 -0.4916111 -1.974517 1.846216 -0.4070509 -1.791275 1.753254 -0.4519755 -1.657614 1.849572 -0.3696131 -1.950627 1.88293 -0.1985386 -1.709282 1.762147 -0.2870509 -1.594385 1.895796 -0.09746813 -1.891849 1.904577 -0.01632773 -1.55523 1.759415 -0.1544822 -1.487025 1.933721 0.1568292 -1.693454 1.916613 0.1177073 -1.338522 1.746014 -0.08451831 -1.323137 1.861889 0.1516775 -1.070861 1.957749 0.3471434 -1.417388 1.917012 0.4214822 -1.099439 1.864675 0.5242136 -1.494361 1.693241 0.5799847 -1.593007 1.7759 0.6785919 -1.183154 1.843244 0.2854119 -1.79763 1.668574 0.3316326 -1.858116 1.801654 -0.01319682 -2.0274 1.634704 0.02113187 -2.082987 1.771893 -0.3328539 -2.091017 1.619926 -0.3164929 -2.150635 1.693608 -0.4597838 -2.078306 1.580437 -0.4475138 -2.123655 1.470715 -0.4655619 -2.081696 1.474205 -0.3402116 -2.093457 1.400037 -0.3854777 -1.971112 1.470151 -0.02643734 -2.035414 1.378844 -0.1240434 -1.923746 1.483274 0.2608539 -1.838463 1.384913 0.1044681 -1.768526 1.505099 0.5245416 -1.615318 1.423814 0.2833529 -1.620313 1.52204 0.7219491 -1.484941 1.506504 0.8535588 -1.151385 1.53107 0.439649 -1.602689 1.280235 0.8029668 -1.648125 1.657804 0.7180408 -1.411992 0.8690198 0.9732222 -1.718415 1.209893 0.9910875 -1.194346 1.246808 0.7184251 -1.985706 1.556541 0.4672678 -1.704127 1.483704 -0.02687281 -1.746563 1.542902 0.3354066 -1.979191 1.531706 -0.07726913 -2.012163 1.487822 0.2388264 -2.225269 1.236216 0.5700609 -2.2356 1.487703 -0.1087435 -2.239019 1.367516 0.1714496 -2.336954 1.186784 0.4110976 -2.337954 1.363953 -0.09184098 -2.339398 1.180665 -0.3013778 -2.343803 1.245903 -0.4013254 -2.265045 0.9395015 -0.4020627 -2.346114 0.9325541 -0.5330033 -2.282851 0.7072502 -0.373543 -2.343334 0.6109263 -0.5087423 -2.274176 0.6100202 -0.1137147 -2.349846 0.5097537 -0.1521494 -2.315254 0.5974554 0.2366163 -2.348934 0.4913554 0.3034236 -2.315637 0.6846682 0.4993137 -2.339725 0.5701821 0.6738785 -2.264322 0.9285665 0.4893669 -2.342812 0.8983937 0.6715909 -2.252679 0.8627694 0.8432144 -2.027897 0.4639594 0.8595198 -2.052646 0.3986538 1.111045 -1.706537 0.4459205 0.3398149 -2.26298 0.2391564 0.7530913 -2.208236 0.002213239 0.7563768 -2.231395 0.2185955 0.9694537 -1.978876 0.2524685 0.3354178 -2.310523 0.002260267 0.3396144 -2.35017 0.2723826 -0.1036379 -2.303078 0.001603662 -0.07908821 -2.33889 0.2746123 -0.5164614 -2.20609 0.4691384 -0.1562647 -2.260332 0.5448904 -0.5730057 -2.168738 0.4525676 -0.818507 -1.696336 0.9300788 -0.6021789 -2.085382 0.94053 -0.6621526 -1.731232 1.281618 -0.4306011 -2.033813 0.8946847 -0.7402166 -1.215045 0.8851223 -0.7386787 -0.6551428 0.4734236 -0.8958563 -1.22177 1.237499 -0.4851553 -1.152451 1.2336 -0.4821207 -0.6773195 1.228993 -0.3530105 -0.1692336 1.463668 -0.2428688 -0.7445586 1.656459 -0.05417555 -0.7992647 1.474827 -0.1490949 -0.4303234 1.625091 -0.02575498 -0.5790126 1.512115 0.08524483 -0.2914206 1.683367 0.147964 -0.5364854 1.51469 0.376358 -0.2841957 1.296483 0.002583503 -0.002401471 1.263146 0.3650985 -0.005112528 1.064679 -0.03348261 0.2734163 0.7245784 -0.07073265 0.4221771 1.037782 0.3035364 0.2768202 1.066913 -0.3165665 0.1947095 0.7556524 -0.3819888 0.3024402 0.871449 -0.609609 -0.1196674 0.3805962 -0.3823705 0.3707774 0 -0.3920172 0.3595262 0.3703218 -0.08630347 0.4849863 0.444849 -0.7011021 -0.05930447 0 -0.7033995 -0.04161214 0.45333 -0.8748258 -0.632085 0 -0.8940376 -0.6404431 0 -0.906637 -1.216136 -0.45333 -0.8748258 -0.632085 -0.8851224 -0.7386787 -0.6551428 -0.4448489 -0.7011021 -0.05930447 -0.4733634 -0.8958101 -1.221739 -0.4436228 -0.8119502 -1.692545 -0.894172 -0.7395732 -1.211828 -0.9220201 -0.6492567 -1.714315 -1.273866 -0.4775252 -1.150568 -1.376572 -0.3784 -1.628953 -1.2336 -0.4821207 -0.6773195 -1.525764 -0.2039347 -1.089644 -1.735941 0.01003372 -1.092102 -1.604472 -0.08622241 -1.397294 -1.464316 -0.2428172 -0.744533 -1.657654 -0.03586828 -0.7952089 -1.474796 -0.1490045 -0.4302934 -1.621985 -0.01560348 -0.5764488 -1.510748 0.08936774 -0.2900685 -1.228993 -0.3530105 -0.1692336 -1.066913 -0.3165665 0.1947095 -0.8714489 -0.609609 -0.1196674 -1.296483 0.002583503 -0.002401471 -1.263091 0.3652644 -0.005057513 -1.064679 -0.03348261 0.2734163 -0.7245784 -0.07073265 0.4221771 -1.037782 0.3035364 0.2768202 -0.7177136 0.2713353 0.4202142 -0.9904803 0.5700129 0.1772267 -0.7211187 0.5902218 0.2763708 -1.140771 0.7195023 -0.1824594 -0.7844306 0.8518453 -0.1320614 -1.157083 0.9067318 -0.6835022 -1.463639 0.679759 -0.4075233 -1.648063 0.6297536 -0.5355435 -1.450147 0.8201062 -0.7135715 -1.509789 0.3912915 -0.2794466 -1.693251 0.4249638 -0.5080159 -1.790271 0.4821942 -0.7427409 -1.675541 0.1719835 -0.5290139 -1.767873 0.2070945 -0.7688458 -1.864866 0.2611554 -1.02468 -1.88165 0.52911 -1.025539 -1.974517 0.3291556 -1.29373 -1.853953 0.1062242 -1.295423 -1.981657 0.5375603 -1.369713 -2.038204 0.2720679 -1.537324 -1.915323 0.09045648 -1.467374 -2.042004 0.4501951 -1.688376 -2.059668 0.0990898 -1.706142 -1.947328 -0.03246158 -1.584337 -2.056089 0.2192287 -1.899095 -2.035433 -0.1398277 -1.785634 -1.950232 -0.2061967 -1.649576 -2.028265 -0.09497046 -1.947902 -1.94934 -0.2721025 -1.853994 -1.897081 -0.3108546 -1.752475 -1.94322 -0.2326377 -1.972033 -1.789738 -0.3584197 -1.863745 -1.606917 -0.3258509 -1.879527 -1.786886 -0.3443613 -1.714957 -1.781574 -0.2986696 -2.028686 -1.607314 -0.2831842 -1.990238 -1.763023 -0.2059295 -2.123655 -1.656921 -0.2391992 -2.081696 -1.87803 -0.2045371 -2.077525 -1.783669 -0.07012414 -2.150707 -1.939544 -0.06599557 -2.090244 -1.642782 -0.1146 -2.093457 -1.748285 0.2725905 -2.090946 -1.940724 0.2932764 -2.037883 -1.560605 0.1457298 -2.037468 -1.730699 0.5635148 -1.863683 -1.92436 0.5540217 -1.801087 -1.533377 0.4262201 -1.841978 -1.693562 0.7179317 -1.560685 -1.502758 0.6245911 -1.594026 -1.868209 0.6826428 -1.448843 -1.623782 0.8137618 -1.349451 -1.725486 0.7851507 -1.095499 -1.494674 0.7962745 -1.438693 -1.46963 0.9187359 -1.082851 -1.524145 0.5047564 -1.58915 -1.250988 0.8117865 -1.63337 -0.8559414 0.9917797 -1.718579 -1.197016 1.011691 -1.167173 -1.166413 0.6145871 -2.09288 -1.536782 0.4878404 -1.696077 -1.535267 -1.37628e-4 -1.743228 -1.50596 0.2622805 -2.067682 -1.552882 -0.09252756 -2.045753 -1.40991 0.1738737 -2.312718 -1.256118 0.09080427 -2.568002 -1.16842 0.427821 -2.321439 -1.42303 -0.131273 -2.334357 -1.237828 -0.1249989 -2.588629 -1.209584 -0.3894601 -2.371715 -1.126471 -0.2875726 -2.604304 -1.302847 -0.4468726 -2.077156 -0.9312583 -0.5043112 -2.388978 -0.9233002 -0.5971968 -2.124937 -0.5332276 -0.5726463 -2.18177 -0.5016192 -0.1627224 -2.279244 -0.64634 -0.468836 -2.366848 -0.2713354 -0.5164793 -2.210491 7.77159e-7 -0.5132216 -2.217706 -0.2671806 -0.1000944 -2.312143 -0.2604587 -0.7006193 -2.018102 0 -0.7388351 -1.98068 0.2621229 -0.700641 -2.015935 0 -0.8527424 -1.629797 -0.2685979 0.3312481 -2.3124 -0.2566556 0.7586342 -2.216292 -0.5615455 0.2680839 -2.252677 -0.5444889 0.7372291 -2.155972 -0.6648855 0.1859282 -2.376558 -0.7269828 0.1198037 -2.563173 -0.6058034 -0.1511853 -2.418323 -0.7302118 0.4585461 -2.312513 -0.8187335 0.2952223 -2.510656 -0.9399406 0.4683933 -2.355158 -0.8607987 0.7234989 -2.123363 -0.9704744 0.3030526 -2.604648 -1.157807 0.2649186 -2.558771 -0.9486334 0.1942294 -2.747265 -1.110298 0.1653917 -2.701531 -0.934989 0.0426287 -2.806443 -0.8192371 0.2003782 -2.681473 -0.7682491 0.07480764 -2.722813 -0.7562076 -0.08043783 -2.736063 -0.7002762 -0.09724801 -2.598583 -0.9275528 -0.1041289 -2.805162 -0.780126 -0.2197039 -2.713881 -0.9169438 -0.2463896 -2.760407 -0.7492616 -0.320679 -2.580132 -0.9272766 -0.3728905 -2.61404 -1.072635 -0.2282954 -2.723166 -1.110647 -0.1120408 -2.737195 -1.127544 0.03170919 -2.728359 -0.3986536 1.13774 -1.706537 0 1.172568 -1.675272 -0.4117044 1.162657 -1.159114 -0.2186248 0.9974135 -1.98063 0 1.047195 -1.947104 -0.4091365 1.046559 -0.6079506 0 1.163253 -1.144408 -0.844215 1.102546 -1.194212 -0.8088797 1.010882 -0.6507969 0 1.048023 -0.5800362 0.4117043 1.162423 -1.159114 0.4091365 1.042672 -0.6079506 0.8442149 1.09751 -1.194212 0.8088799 1.010882 -0.650797 1.163932 0.8927682 -0.6944866 0.7844305 0.8514146 -0.1320614 1.141696 0.7167255 -0.1833806 0.4056993 0.844992 -0.05891072 0.7211187 0.5902218 0.2763708 0.9904802 0.5700129 0.1772267 0.3759976 0.5860493 0.3343997 0.7177136 0.2713353 0.4202142 0.3696027 0.2594626 0.4837129 0 0.2571304 0.4924739 0 -0.08358019 0.4918037 0 0.5488474 0.3523667 -0.3696027 0.2594626 0.4837129 -0.3703218 -0.08630347 0.4849863 -0.3759976 0.5860493 0.3343997 -0.4056993 0.8457884 -0.05891072 0 0.8311042 -0.04090344 -0.3805963 -0.3823705 0.3707774 -0.7556523 -0.3819888 0.3024402 1.474277 0.6516575 -0.4206339 1.670999 0.5792407 -0.5702746 1.477296 0.7709394 -0.761543 1.724964 0.6288697 -0.8117277 1.824576 0.4076625 -0.795761 1.783373 0.1638936 -0.7932447 1.709837 0.3834735 -0.5299296 -1.505974 0.0973168 -1.607413 -1.431143 0.1092129 -1.577634 -1.581449 -0.05783295 -1.451788 -1.445698 0.3559961 -1.617456 -1.451298 0.05990022 -1.672827 -1.430771 0.198186 -1.769464 -1.590874 -0.07739055 -1.540589 -1.501339 -0.0536167 -1.777926 -1.490985 0.04628527 -1.923649 -1.625654 -0.1433262 -1.614299 -1.576953 -0.2253564 -1.821399 -1.576664 -0.1717013 -1.97049 -1.651619 -0.2588952 -1.673133 -1.799032 -0.2555855 -1.606833 -1.664036 -0.3509839 -1.765983 -1.785241 -0.1328167 -1.555325 -1.767557 -0.03273713 -1.483353 -1.742959 -0.0189647 -1.375769 -1.710567 -0.04878675 -1.286606 -1.684308 0.7088094 -0.7436907 1.676005 -0.08818984 -1.108069 0 -0.9324645 -0.1460814 0 -1.020767 -0.1718387 0.1185296 -0.9088677 -0.1655157 0.1283537 -0.9417244 -0.1666616 0.11662 -0.9741722 -0.1682882 0.08517837 -1.001006 -0.1700403 0.03897368 -1.017672 -0.1714776 -0.1185296 -0.9088677 -0.1655157 -0.1283537 -0.9417244 -0.1666616 -0.11662 -0.9741722 -0.1682882 -0.08517837 -1.001006 -0.1700403 -0.03897368 -1.017672 -0.1714776 -0.07783412 -1.090875 -0.2352287 -0.09761428 -1.137555 -0.32487 -0.1621549 -1.057646 -0.2310937 0 -1.098013 -0.2367978 0 -1.148869 -0.3280704 0.07783412 -1.090875 -0.2352287 0.09761428 -1.137555 -0.32487 0.1621549 -1.057646 -0.2310937 0.2039636 -1.09194 -0.3179646 0.2195247 -1.006842 -0.2269697 0.2762065 -1.025929 -0.3118382 0.2408067 -0.9476701 -0.223891 0.3029519 -0.9511358 -0.3077572 0.2227668 -0.8894028 -0.2222429 0.2805375 -0.8783583 -0.3053907 0.2785545 -0.8850042 -0.4007956 0.3009113 -0.9579746 -0.4032604 0.2165192 -0.9103412 -0.4907426 0.1077312 -0.9450577 -0.5565335 0.2342768 -0.9695543 -0.4928727 0.1172326 -0.978996 -0.5582309 0.2123934 -1.030742 -0.4969791 0.2739105 -1.033624 -0.4077779 0.1049433 -1.013306 -0.5608066 0.1538867 -1.085356 -0.5030454 0.2011039 -1.101525 -0.4148674 0.07274633 -1.042671 -0.5638492 0.06828111 -1.122891 -0.5093756 0.09412992 -1.149232 -0.4228399 0.02587705 -1.061564 -0.5664219 0 -1.132899 -0.5124073 0 -1.162125 -0.4268453 0 -1.065856 -0.5673933 -0.06828111 -1.122891 -0.5093756 -0.09412992 -1.149232 -0.4228399 -0.02587705 -1.061564 -0.5664219 -0.1538867 -1.085356 -0.5030454 -0.2011039 -1.101525 -0.4148674 -0.2123934 -1.030742 -0.4969791 -0.07274633 -1.042671 -0.5638492 -0.1049433 -1.013306 -0.5608066 -0.1172326 -0.978996 -0.5582309 -0.2342768 -0.9695543 -0.4928727 -0.1077312 -0.9450577 -0.5565335 -0.2165192 -0.9103412 -0.4907426 -0.2785545 -0.8850042 -0.4007956 -0.2805375 -0.8783583 -0.3053907 -0.3009113 -0.9579746 -0.4032604 -0.3029519 -0.9511358 -0.3077572 -0.2739105 -1.033624 -0.4077779 -0.2762065 -1.025929 -0.3118382 -0.2195247 -1.006842 -0.2269697 -0.2039636 -1.09194 -0.3179646 -0.2408067 -0.9476701 -0.223891 -0.2227668 -0.8894028 -0.2222429 -0.8788487 0.8342462 -0.1231737 -1.17417 0.877488 -0.4273927 -0.9014745 0.9425926 -0.2466768 -0.7921597 0.789968 -0.02810788 -0.9522632 1.182083 -0.4313163 -0.8788487 0.7144124 -0.1231737 -1.17417 0.7576543 -0.4273927 -0.7918939 0.6700218 -0.0278325 -0.6331787 0.6420664 0.01245534 -0.484452 0.6365371 0.02815681 -0.6507713 0.7693398 -0.005768954 -0.5067551 0.7658026 0.005052685 -0.5729812 0.8809443 -0.1283292 -0.6277659 1.190349 -0.2734706 -0.4513087 1.00972 -0.3024297 -0.575824 1.037526 -0.3113207 -0.7999241 1.092342 -0.4876858 -0.4125952 1.097704 -0.4779294 -0.5881522 1.137502 -0.5384095 -0.986273 1.184894 -0.7620914 -0.4509246 1.217559 -0.7103508 -0.625305 1.164946 -0.7201427 -0.858837 1.160933 -0.876128 -0.4640179 1.268267 -0.9622015 -0.6798611 1.169872 -0.9461686 -0.9205405 1.161859 -1.140301 -0.489398 1.184274 -1.323576 -0.6751256 1.087242 -0.9146812 -0.8857601 1.068104 -1.132239 -0.489398 1.064441 -1.323576 -0.2694209 1.157044 -1.089616 1.30949e-7 1.129053 -1.450369 -0.2694209 1.276878 -1.089616 0 1.330906 -1.131471 0 1.248887 -1.450369 -0.2106991 1.414691 -1.086532 -0.2057546 1.183007 -0.6592492 0 1.247593 -0.7661324 0 1.1824 -0.5327731 0.2057548 1.183008 -0.6592492 0.2106989 1.414691 -1.086532 0.4640179 1.268268 -0.9622015 0.4509248 1.21756 -0.7103508 0.2694209 1.276878 -1.089616 0.4893982 1.184275 -1.323576 0.2694211 1.157044 -1.089616 0.4893983 1.064441 -1.323576 0.675126 1.087243 -0.9146812 0.8857604 1.068106 -1.132239 0.6798613 1.169873 -0.9461686 0.9205408 1.16186 -1.140301 0.8588372 1.160934 -0.876128 0.6253052 1.164947 -0.7201427 0.9862731 1.184895 -0.7620914 0.5881525 1.137503 -0.5384095 0.7999245 1.092343 -0.4876858 0.4125955 1.097705 -0.4779294 0.5758244 1.037527 -0.3113207 0.9522633 1.182084 -0.4313163 0.4513092 1.009721 -0.3024297 0.572982 0.8809452 -0.1283292 0.6507721 0.7693409 -0.005768954 0.627766 1.19035 -0.2734706 0.506756 0.7658035 0.005052685 0.2443208 0.9168457 -0.08306884 0.4844531 0.636538 0.02815681 0.6331798 0.6420674 0.01245534 0.224528 0.7886417 -0.0625649 4.16361e-7 0.7734776 -0.001581549 -0.2245271 0.7886413 -0.0625649 3.1942e-7 0.8942492 -0.003879189 1.874e-7 1.058724 -0.1753202 -0.2443202 0.9168453 -0.08306884 -0.2588011 1.006081 -0.2225654 0.2588016 1.006082 -0.2225654 0.2851775 1.344616 -0.5761929 -0.2851775 1.344615 -0.5761929 0.7918949 0.6700231 -0.0278325 0.8788497 0.7144138 -0.1231737 0.7921605 0.7899693 -0.02810788 0.8788494 0.8342476 -0.1231737 1.174171 0.8774899 -0.4273927 0.9014751 0.9425941 -0.2466768 0.9386171 0.9958632 -0.3875966 1.001223 0.9307166 -0.4576492 0.9654394 1.06224 -0.628965 1.058002 1.000793 -0.6920256 0.9331876 1.068291 -0.7982395 0.9127506 0.9966892 -0.7865839 1.057228 0.8811255 -0.6910602 1.001223 0.8108828 -0.4576492 1.174171 0.7576562 -0.4273927 -0.9127501 0.9966877 -0.7865839 -1.057228 0.8811238 -0.6910602 -0.9331872 1.068289 -0.7982395 -1.058002 1.000791 -0.6920256 -0.965439 1.062239 -0.628965 -1.001222 0.930715 -0.4576492 -0.9386166 0.9958617 -0.3875966 -1.001222 0.8108811 -0.4576492</float_array>
          <technique_common>
            <accessor source="#Cube_003-mesh-positions-array" count="2006" stride="3">
              <param name="X" type="float"/>
              <param name="Y" type="float"/>
              <param name="Z" type="float"/>
            </accessor>
          </technique_common>
        </source>
        <source id="Cube_003-mesh-normals">
          <float_array id="Cube_003-mesh-normals-array" count="6000">-0.8179109 -0.3983043 0.4151813 -0.9361951 0.1325126 -0.3255442 -0.8488922 -0.4137186 -0.3289667 -0.9020736 0.1240282 0.4133766 -0.545495 -0.255016 0.7983747 -0.6023643 0.07651245 0.7945459 -0.6922358 0.6409025 -0.3317434 -0.4467981 0.3846004 0.8077463 -0.6699374 0.6117058 0.4207137 -0.1119446 0.5567931 0.8230735 -0.1623622 0.8887804 0.4286118 0.422173 0.7986891 0.4287956 0.2723841 0.5017666 0.8209977 0.4445045 0.8315119 -0.3331724 -0.1624535 0.927264 -0.3373284 -0.1141108 0.6714808 -0.7321833 -0.5087876 0.4705774 -0.7208969 0.3318056 0.6037935 -0.7248024 -0.06640881 0.4126135 -0.9084823 -0.3095822 0.2877613 -0.9062849 0.2104916 0.3705348 -0.9046531 -0.08118009 0.5119537 -0.8551687 -0.3845105 0.3653139 -0.8477603 0.2544701 0.462154 -0.8495051 -0.1031856 0.6066008 -0.7882819 -0.4514741 0.416041 -0.7893548 0.2996369 0.54144 -0.785532 0.01055961 0.00463891 -0.9999335 0.6167011 -0.08029592 -0.7830916 0.4638644 -0.4084106 -0.7861492 0.561513 0.2675572 -0.7830175 0.1171931 -0.6016216 -0.7901376 -0.2876422 -0.5387836 -0.7918171 -0.5521794 -0.2635922 -0.7909596 -0.6070894 0.08716303 -0.7898387 0.4924572 0.2382936 -0.8370796 0.5471469 -0.07056021 -0.8340573 0.3974504 0.1873263 -0.8982996 0.4384067 -0.05423241 -0.8971391 0.6374824 0.3057096 -0.7072185 0.7055093 -0.09317469 -0.702549 0.8506718 0.4142725 -0.3236294 0.9381576 -0.1294621 -0.3210916 0.8987057 -0.1276932 0.4195506 0.8147035 0.3971431 0.4225349 0.5345413 0.2501952 0.8072596 0.5912829 -0.08368414 0.8021108 0.4330126 -0.3926045 0.8113949 0.6641013 -0.6159722 0.4237308 0.0963189 -0.5627453 0.8209996 0.1552827 -0.8909227 0.4267835 0.6966638 -0.6372427 -0.3295167 0.5208445 -0.4624913 -0.7175116 0.1286388 -0.6666327 -0.7342023 0.3264358 -0.278917 -0.9031307 0.08450835 -0.4053595 -0.9102429 0.4012058 -0.3543283 -0.8446807 0.1012012 -0.5054264 -0.8569146 -0.1937658 -0.3648256 -0.9106904 -0.2382644 -0.4598652 -0.8554263 -0.3826503 -0.1808265 -0.9060247 -0.4814726 -0.2338694 -0.8446829 -0.3200262 -0.6020863 -0.7314885 -0.6296759 -0.3025386 -0.7155269 -0.4403346 -0.8319296 -0.3376367 0.1682209 -0.9257342 -0.3387004 -0.4277239 -0.7989266 0.4228103 -0.2860521 -0.5056039 0.8139651 -0.6974555 0.100103 -0.7096022 -0.4234766 0.06250214 -0.9037484 -0.5357652 0.08008247 -0.8405608 -0.01806741 -0.9935571 -0.1118839 0.8482562 -0.5050656 0.1592807 -0.003051877 -0.9621675 -0.2724417 0.8585789 -0.460511 -0.2253265 0.9412139 -0.02166867 0.3371157 0.09985888 -0.8934806 -0.4378592 0.7055352 -0.5996348 0.3777015 0.7184835 -0.1695342 0.6745663 0.4046615 -0.7537466 0.5177983 0.3029325 -0.4670336 0.8307296 -0.1352911 -0.5792526 0.8038426 0.1150566 -0.864054 0.4900742 0.3035452 -0.8153542 -0.4930091 0.5134666 -0.7062302 -0.4874331 0.08401978 -0.4177796 -0.9046551 -0.3447755 -0.5763857 -0.7408843 -0.5754969 -0.7220491 -0.3839901 -0.5782213 -0.8136482 0.06030637 -0.04995918 -0.9987264 0.007049798 -0.4676186 -0.7867907 0.4028564 0.6586023 -0.4730156 -0.5852344 0.4947135 -0.494042 -0.7149693 -0.04852586 -0.9929185 0.1084355 -0.3463045 -0.7606063 0.5491369 0.07483369 -0.9914552 0.1068486 0.3027829 -0.9519609 0.04574853 0.3361712 -0.4785746 -0.8111445 0.3524023 -0.7059947 0.6143159 0.5814276 -0.8064786 -0.1073982 0.9660615 -0.2543488 0.04507714 0.6697227 -0.6878818 -0.2798039 -0.3092862 -0.649031 -0.6950547 -0.03494441 -0.5363442 -0.8432757 -0.3514358 -0.7711751 -0.5308314 0.5681219 -0.7404658 -0.3590933 -0.441761 -0.8805312 -0.1717908 0.9271299 -0.2527953 -0.2766312 -0.7803525 -0.4368863 -0.4474155 -0.6407896 -0.2789187 -0.7152575 0.2688714 0.03341817 -0.9625962 0.5438193 0.09656232 -0.8336284 0.7513223 0.04977685 -0.6580556 0.981727 -0.01245164 -0.1898876 -0.6374885 -0.5713836 0.5168455 -0.3017381 -0.9216639 0.2439052 -0.394587 -0.5038164 0.7684206 -0.04541212 -0.8916412 0.4504595 0.5224983 -0.7492907 -0.4068894 0.5580413 -0.6998023 -0.4459447 0.6007989 -0.1770412 -0.7795493 0.4407545 -0.2354841 -0.8661886 0.7464532 -0.2076262 -0.6322177 0.127843 -0.449114 -0.884281 0.65539 -0.0577414 -0.7530804 0.5818857 -0.5515492 -0.5976643 -0.7238053 -0.5339727 -0.4370116 -0.3596042 -0.8198292 -0.4456064 0.3745666 -0.8927277 -0.250474 0.5261552 -0.8486847 -0.05380576 0.7702095 -0.50036 -0.3954965 0.9365133 -0.3430972 -0.07230007 0.8187869 0.006805658 -0.5740573 0.994597 -0.1037965 0.001800596 0.6954473 -0.4589824 0.5528908 0.6078301 -0.6992061 0.3763688 0.1681007 -0.7407054 0.6504596 0.2384502 -0.8832088 0.4038363 0.1573258 -0.9516759 0.2637457 0.04132324 -0.9905987 0.1304094 -0.3016793 -0.7833592 0.5434501 -0.249159 -0.7934084 0.5553584 -0.1994099 -0.970773 0.1335503 -0.5713561 -0.7653077 0.2964057 -0.8934857 0.1173165 -0.4334974 -0.8807504 -0.3519461 -0.3168797 -0.9899516 -0.04083466 -0.1353832 -0.9581416 -0.2448228 0.1484135 -0.7702506 -0.4995428 -0.396448 -0.8569132 -0.5048457 -0.1040698 -0.80844 -0.2333764 -0.5403334 -0.595395 -0.3589033 -0.7188138 -0.6509763 -0.1671846 -0.7404588 -0.6834473 0.2056079 -0.7004464 -0.4290114 -0.3560701 -0.8301586 -0.4323379 -0.1634619 -0.8867718 -0.3917719 0.2105808 -0.8956398 -0.2413743 -0.401202 -0.8836149 -0.1857991 -0.2227269 -0.9570118 -0.06293118 0.1314779 -0.9893196 -0.06109982 -0.4874256 -0.8710242 0.05105763 -0.3360408 -0.9404626 0.2530379 -0.01962405 -0.9672574 0.2422305 -0.4860787 -0.8396737 0.5080795 -0.2197669 -0.8328012 0.1729525 -0.7263885 -0.665167 0.3586052 -0.6500368 -0.6699661 0.6633058 -0.4385008 -0.6064178 0.1910814 -0.8427602 -0.5032329 0.3824428 -0.8029438 -0.4571857 0.6951318 -0.642456 -0.3225556 0.310133 -0.921518 -0.2337137 0.5986575 -0.8006312 -0.02447611 0.01623594 -0.983376 -0.1808542 0.1526846 -0.9877047 -0.03357046 0.3886026 -0.8889366 0.2424455 -0.06592094 -0.9914392 0.1127066 0.09695923 -0.8939052 0.4376443 -0.3124567 -0.9321515 0.1829327 -0.1501529 -0.9862176 -0.06949144 -0.2318856 -0.8148043 0.531341 -0.5180366 -0.8548794 -0.02862721 -0.5493459 -0.8188611 0.1663907 -0.547883 -0.6636734 0.509276 -0.740547 -0.6687965 0.06558561 -0.8029061 -0.4635297 0.3748096 -0.6635524 -0.7406748 -0.1053529 -0.7287321 -0.1354737 0.6712649 -0.4452124 -0.3579888 0.8207497 -0.9013161 0.1076403 0.4195745 -0.9366735 0.334402 0.1040104 -0.6990441 0.4034038 0.5904259 -0.5400469 0.179395 0.8222936 -0.7316182 0.6122862 0.2997339 -0.8294304 0.5102567 -0.2273402 -0.6328209 0.7742786 -0.005523979 -0.4138755 0.6207065 0.6659059 -0.4392943 0.7837958 0.4389586 -0.3621749 0.9102745 0.2005741 -0.4176937 0.864717 -0.2789203 -0.1941921 0.9808794 -0.01284843 -0.118996 0.8698098 -0.4788227 -0.5959214 0.6084038 -0.5241398 0.03897315 0.9848582 -0.1689244 0.09390717 0.5259962 -0.8452867 0.2177567 0.7888073 -0.5747739 0.301926 0.9216175 -0.243848 0.4452124 0.3579888 -0.8207497 0.5413796 0.6340359 -0.5521835 0.5546292 0.8007681 -0.2261793 0.7287321 0.1354737 -0.6712649 0.8025835 0.4290333 -0.4144759 0.7585492 0.6407154 -0.1186883 0.9013161 -0.1076403 -0.4195745 0.9615611 0.2050569 -0.1826255 0.8826707 0.4658421 0.06231975 0.9941394 -0.003814876 0.1080387 0.9081031 0.3027518 0.2892928 0.8294304 -0.5102567 0.2273402 0.8953462 -0.1658116 0.4133541 0.8309782 0.1762487 0.5276473 0.5959214 -0.6084038 0.5241398 0.680241 -0.2562386 0.6867416 0.6630304 0.1056576 0.7410986 0.3815482 -0.261334 0.8866373 0.4298054 0.1016603 0.8971803 -0.09390717 -0.5259962 0.8452867 0.04474067 -0.1803362 0.9825869 0.1668474 0.1649247 0.9720914 -0.2788572 -0.02554482 0.9599928 -0.08581888 0.2857782 0.9544454 -0.2897186 0.4458243 0.846938 -0.2471476 0.6997532 0.6702712 -0.1471624 0.5588936 0.8160768 0.01705986 0.4299765 0.902679 -0.2676218 0.831126 0.4874507 -0.2054826 0.9329883 0.2954824 -0.0702241 0.9898517 0.1235407 0.11759 0.99306 -0.00213629 0.3293924 0.9421241 -0.06247252 0.5329316 0.8447798 -0.04828184 0.6971873 0.7158652 0.03830194 0.7971634 0.5750136 0.1840922 0.8176484 0.4436317 0.3669362 0.7555279 0.3417821 0.5588941 0.6202424 0.284897 0.7308441 0.4323965 0.2816925 0.8565528 0.2205942 0.3326309 0.9168942 0.2716789 -0.6139479 0.7411199 0.9366735 -0.334402 -0.1040104 -0.2716789 0.6139479 -0.7411199 -0.6931873 -0.6590361 -0.2918266 -0.7521097 -0.6159035 -0.2345078 -0.6187222 -0.763934 -0.1832697 -0.3448939 -0.9323823 -0.1082199 -0.3377582 -0.9410961 -0.01605319 -0.1871721 -0.9703162 -0.1531435 -0.04733556 -0.9679226 -0.2467493 0.1360551 -0.9330063 -0.3331489 0.09964317 -0.8497293 -0.5177175 0.08438414 -0.7519193 -0.6538323 0.009949207 -0.6470342 -0.7623962 0.08438462 -0.6016181 -0.7943142 -0.1123398 -0.551048 -0.8268772 -0.4215688 -0.4406436 -0.7925359 -0.5614354 -0.4430505 -0.6989254 -0.6621801 -0.4853811 -0.5708965 -0.7152261 -0.4092979 -0.5665042 -0.7084372 -0.5612136 -0.4279677 -0.9366705 0.3344009 0.1040406 -0.8018347 -0.4866614 0.3467302 -0.2412852 -0.8314973 0.5003938 0.3678494 -0.9042569 0.2168092 0.668741 -0.6623014 -0.3378497 0.9366705 -0.3344009 -0.1040406 0.4851318 -0.2473574 -0.8387262 -0.07541191 0.0974465 -0.9923796 -0.6845518 0.1702071 -0.7088149 -0.985446 -0.07171869 -0.154119 -0.6620565 -0.03219789 -0.748762 -0.9532175 -0.1759452 -0.2458045 -0.05804705 0.1446599 -0.9877774 -0.152107 -0.120886 -0.9809435 -0.6800902 0.3307673 -0.654271 -0.199231 -0.2645426 -0.94357 -0.7843397 0.03793513 -0.6191706 -0.9394578 0.3393071 0.04785335 -0.8505368 -0.1580279 -0.501612 -0.944826 0.3181871 0.07785296 -0.9439712 0.3247896 0.0585671 -0.2964296 -0.598841 -0.7439886 -0.875256 -0.1801845 -0.4488437 -0.2353014 -0.3809686 -0.8941455 -0.8467754 -0.008545219 -0.5318821 -0.9325613 0.3421456 0.1151777 -0.1079767 0.0067752 -0.9941304 -0.7562794 0.2561217 -0.6020326 -0.9237921 0.3518583 0.15101 0.04852515 0.4181407 -0.9070854 -0.6497226 0.5394569 -0.5355809 -0.9300999 0.3328412 0.1553422 0.2122006 0.7783028 -0.590945 -0.5498117 0.7706215 -0.3222571 -0.9358241 0.3149323 0.1582749 -0.4748755 0.8800457 0.003570675 -0.957376 0.2701222 0.1022991 -0.9474904 0.2891973 0.1364806 0.3256368 0.9409592 -0.09250283 -0.4554728 0.8187462 0.3495702 -0.955683 0.2847761 0.07465034 0.2945434 0.5915589 0.7505348 -0.4787252 0.64475 0.5959192 0.1955049 0.2528197 0.9475548 -0.5506979 0.4045389 0.7301234 -0.9476396 0.3127568 0.06451672 0.1252489 0.04242104 0.9912181 -0.5413861 0.276446 0.794027 -0.9119921 0.3990328 0.09509646 -0.9414028 0.3335775 0.04986876 -0.4854124 0.3891845 0.7828859 -0.8744321 0.471611 0.1138055 -0.4375864 0.562258 0.7017009 0.1691676 0.1719143 0.9704782 0.2433267 0.4078232 0.8800412 -0.8755301 0.4790878 0.06262505 -0.6911323 0.3421174 -0.6366254 -0.6923799 0.3175175 -0.6479141 -0.7333866 0.1965769 -0.65077 -0.8169302 -0.02194309 -0.5763191 -0.8822184 0.4706976 0.01159727 -0.8663482 -0.2892913 -0.407126 -0.3905282 0.7798355 0.4892284 -0.8947581 0.4261988 -0.1332768 -0.08645969 0.06704974 -0.9939965 -0.3650371 0.9302173 0.03799605 0.3396825 0.9397884 0.03760004 0.3260084 0.7240121 0.6078857 0.8656579 0.4908162 -0.09866982 0.8786227 0.3267101 0.3482568 0.8192317 0.1135626 0.562106 0.7627289 -0.05639892 0.6442545 0.9730946 -0.1809159 -0.1426758 0.9775633 -0.1895553 -0.09186303 0.9629515 -0.1880307 -0.1933105 0.5498095 -0.2615219 -0.7932944 0.4904719 -0.4887018 -0.7215318 0.393243 -0.7389977 -0.5470305 0.9162893 -0.2203819 -0.3344335 -0.3305251 -0.7459553 -0.5781901 -0.2430866 -0.4069451 -0.8805139 -0.1443535 -0.09805661 -0.9846557 0.6118449 -0.1230526 -0.7813475 -0.07632899 0.09494584 -0.9925519 -0.07458972 0.09967672 -0.9922203 0.595178 -0.1421261 -0.7909257 -0.754504 0.1184463 -0.6455187 -0.1595833 -0.1431031 -0.9767572 0.5178176 -0.3357712 -0.7868435 -0.2772669 -0.5266392 -0.8036009 0.4351772 -0.617531 -0.655192 -0.3467003 -0.8433119 -0.4106384 -0.842983 -0.1612047 -0.5132182 0.380091 -0.8460641 -0.3737734 -0.8673903 -0.4678921 0.1694434 -0.3179214 -0.9365204 0.1478363 0.3945236 -0.9184187 0.02929854 -0.7923096 -0.3406556 0.5061613 -0.210582 -0.7751554 0.5956419 0.4831839 -0.7960388 0.3644937 -0.07053077 -0.471131 0.879239 0.5859705 -0.5651563 0.5807211 0.09006071 -0.05706995 0.9942999 -0.6831151 -0.1120671 0.721661 0.7040813 -0.2648469 0.6588822 0.2271542 0.3539919 0.9072435 -0.5688735 0.1896143 0.8002684 0.8053025 0.03189224 0.5920058 0.2928926 0.5850834 0.756235 -0.4723781 0.4880651 0.7339288 0.8640939 0.1859848 0.4677088 0.2784538 0.5309362 0.8003564 -0.4444539 0.653176 0.6130431 0.8707699 0.1262268 0.4752123 -0.5477896 0.4207381 0.7231225 0.1969085 0.2571835 0.9460887 0.8179402 -0.06683665 0.5714076 0.0658909 -0.1234196 0.9901647 0.732059 -0.3347018 0.5933502 -0.247209 -0.841762 0.4799212 -0.6465212 0.1574491 0.7464719 0.3474271 -0.9242954 0.1580268 0.5612468 -0.7166502 -0.4140225 0.9309054 -0.3284202 -0.159861 0.5929625 -0.1236953 -0.7956727 0.3335398 -0.3876496 -0.859348 0.9273055 -0.3432531 -0.149271 0.495025 -0.418818 -0.7612764 0.9275694 -0.3502686 -0.1301032 0.9405974 -0.3265844 -0.09283894 0.4602023 -0.656961 -0.5971735 0.4451197 -0.620604 -0.645538 0.9470498 -0.3160291 -0.05676621 0.5300312 -0.5001222 -0.6847954 0.9407452 -0.3350365 -0.05243146 0.6138905 -0.2330129 -0.7542172 0.934413 -0.3527435 -0.04944145 0.7239137 0.04904419 -0.6881452 0.9228435 -0.3785313 -0.07123208 0.834887 0.276261 -0.4760711 0.9116962 -0.3971447 -0.1052908 0.9142055 -0.3828035 -0.1330031 0.9104083 0.3854533 -0.1502749 0.9236978 -0.3553059 -0.1433187 0.881347 0.15916 0.4448547 0.9247968 0.3259465 0.1962393 0.9291673 -0.3342499 -0.1578775 0.8113492 -0.08169949 0.5788245 0.9567939 -0.2681379 -0.1124616 0.7365254 -0.1797899 0.6520782 0.3468187 0.8445237 0.4080399 -0.2811125 -0.5407395 -0.7928283 -0.8104332 -0.5109193 0.2866349 -0.4854407 0.610448 0.6258602 -0.8897218 -0.392719 -0.2327382 -0.439686 -0.7633696 0.4732263 -0.108678 -0.3338164 0.9363523 0.02023404 -0.2419545 0.9700766 -0.6235374 -0.5377175 0.5675042 0.09833228 -0.3260347 0.9402299 -0.6839004 -0.1473457 -0.7145414 -0.385888 -0.4190932 -0.8218585 -0.2348448 -0.8955845 0.3778576 -0.1627601 -0.3151132 0.9349935 -0.720745 0.227186 -0.6549147 -0.01538169 0.3349797 -0.9420999 0.190989 0.2690877 -0.9439889 0.02542209 0.3068358 -0.9514229 -0.005279719 -0.4075793 -0.9131546 0.09494435 0.442799 -0.8915798 0.09030687 -0.05121153 -0.9945965 0.05139505 0.617443 -0.7849348 -0.06311303 -0.9800227 0.1886067 -0.02929866 -0.9958508 0.08615648 0.1103271 0.6382495 -0.761883 0.06704974 -0.07397747 -0.9950034 -0.0257883 -0.969976 0.2418302 0.1846097 0.5352734 -0.8242583 0.1739309 0.3979139 -0.9007845 0.1659642 -0.2971363 -0.9403011 0.09164988 0.2280414 -0.9693284 0.3239584 -0.4185976 -0.8484262 0.1175896 -0.9116628 0.3937558 0.3066331 -0.7378177 0.6013329 -0.1843683 -0.3236594 0.9280372 -0.1106634 -0.1765243 0.9780557 -0.1460961 -0.4167418 0.897208 -0.07532161 -0.5688493 0.8189855 -0.1119455 -0.5315582 0.8395916 -0.1082192 -0.01437425 0.9940233 0.6914736 -0.02337771 0.7220234 -0.03326517 0.04193246 0.9985666 0.7950028 -0.1073982 -0.5970228 0.5413833 -0.4458271 0.7128412 0.6400355 -0.4579007 -0.616994 0.4500329 -0.5424444 -0.7093832 0.5292318 0.2237966 -0.8184308 0.1917239 0.05417221 0.9799527 0.545771 0.7209804 0.4269911 0.2886837 0.1617531 0.9436619 0.1959364 0.4821806 -0.8538799 0.8743516 0.3016542 0.3801502 0.2677483 0.8531445 0.4477223 0.1341628 0.2520588 0.9583667 0.04132246 0.2715871 0.9615263 0.0565831 0.4600812 -0.8860721 0.06869792 0.8868781 0.4568673 -0.002411007 0.5135155 -0.8580769 -0.1813156 0.8765166 0.4459186 -0.04208528 0.2866929 0.9570977 -0.1070317 0.4340781 -0.8944945 -0.4621859 0.7933825 0.3961419 -0.244611 0.2686601 0.9316583 -0.4068514 0.01248234 0.9134091 -0.8365325 -0.1468891 0.5278608 -0.321272 0.3372638 -0.8848941 -0.8507875 0.434046 0.2962512 -0.1217694 0.425369 -0.8967907 0.4142022 -0.09723311 -0.9049764 0.3046467 -0.3136194 -0.8993516 0.1016592 -0.3506953 -0.9309556 -0.03451716 -0.3417232 -0.9391666 -0.1599824 -0.3192324 -0.9340751 -0.2792506 -0.2461983 -0.9281193 -0.2388772 -0.1062999 -0.965214 -0.02310317 -0.0596044 -0.9979547 0.04455739 0.02093583 -0.9987875 -0.7773622 -0.626016 -0.06174093 -0.6356247 -0.2624351 0.7260228 -0.9551085 -0.1050787 0.2769952 0.09567749 -0.8957675 -0.4341043 -0.7469871 -0.3705027 -0.5520308 -0.9331349 0.2002387 -0.2986032 -0.1409657 0.08807688 -0.9860889 -0.189126 0.5361877 -0.8226386 0.5362815 0.4887326 -0.6881444 0.4782613 -0.3753822 -0.7939485 0.552726 -0.224069 -0.802675 0.5062921 0.4785496 -0.7173972 0.4066621 0.5541591 -0.7263152 0.2579743 -0.08182054 -0.9626811 0.1290051 -0.8948876 -0.42724 0.4483937 0.5130648 -0.7319207 0.3955283 -0.3484067 -0.849806 0.7847322 -0.2914859 -0.5470206 0.5460228 0.5488916 -0.6329116 -0.003326535 -0.8896855 -0.456562 0.3328444 -0.9130181 -0.2358233 0.3570449 -0.6227152 0.6962361 0.1444474 -0.873582 0.4647466 -0.2769287 -0.8902981 0.3614966 -0.1813445 -0.8184612 0.5451932 -0.302105 -0.1828072 0.9355823 -0.2987214 -0.146614 0.9430111 -0.288955 -0.3600951 0.8870381 -0.3566421 -0.8919411 0.2779343 0.6432499 -0.2674079 0.7174417 -0.1300424 -0.1562585 0.9791182 0.9526629 -0.214002 0.2159552 0.5906016 -0.80695 -0.00463885 0.8932762 0.3099258 0.3255823 0.6072787 0.07199567 0.7912202 0.8919143 0.4492989 -0.05118012 0.9789121 0.08176165 -0.1872064 0.7625559 -0.5738549 0.2986621 0.1964204 -0.9273819 0.318405 0.2309659 -0.9458985 0.2278836 0.1643148 -0.9430707 0.2891684 0.1312014 -0.9271383 0.3509996 0.2356405 -0.9503143 0.203412 0.8782603 -0.4034986 -0.2566081 0.406512 -0.89512 0.1830525 0.2934373 -0.9486432 0.1181989 0.4096566 -0.9094665 0.07107877 0.7899962 -0.6005924 0.1232681 0.589514 -0.4710374 0.656199 0.5625091 0.7901253 0.2434864 0.8086042 0.5081129 -0.2966154 0.6156423 0.1939523 0.7637847 0.2253571 0.6847389 0.6930707 0.1249458 0.9716722 0.2006031 0.662171 0.5698205 0.4866561 0.4125052 0.6142408 0.6727167 0.8594093 0.4759406 0.1868056 0.5484592 0.5690901 0.612641 0.7750064 0.5430904 0.323138 0.8583656 0.3959621 0.3262247 0.773728 0.5300305 0.3470056 0.6699337 0.3735283 0.6416116 0.5769402 0.5184954 0.6311123 0.6915023 -0.6284193 0.3562498 0.3926296 -0.9196965 -7.32461e-4 0.4259282 -0.643806 0.6356878 0.1082801 0.5256533 0.8437797 -0.1235108 -0.7341986 0.6676059 0.2226358 0.4893715 0.8431779 -0.07874006 0.8571378 0.5090333 -0.01092582 0.5157436 0.8566734 -0.510442 0.570047 0.6438131 -0.03265571 0.9873638 0.1550691 -0.6652266 0.6716356 0.3261585 -0.148202 0.9889489 -0.004059016 -0.3855189 -0.7983525 0.4626105 0.5920398 0.717687 0.3666259 0.7267928 -0.4967973 0.4743044 0.4097826 -0.9113672 0.03857636 0.6397539 0.6909965 -0.3365102 0.5420259 0.723922 0.4267843 0.8608561 -0.3384583 -0.3799644 0.2502562 -0.9560398 0.1528394 0.7161965 -0.5231924 0.4618791 0.547301 -0.7496434 -0.3721513 0.3616833 -0.7770804 -0.5151034 0.9371928 -0.3186236 -0.1419461 -0.2493135 0.5551492 0.7935063 -0.1230834 -0.5308487 0.8384809 0.5742825 0.5078114 0.642127 0.899087 -0.1142628 -0.4225953 0.6168869 0.3869849 0.6853417 0.02423232 -0.06692886 0.9974635 0.9036738 0.04248273 -0.4261091 0.6608961 -0.07654249 0.7465639 0.5624645 -0.50927 0.6513662 0.849983 0.3045485 -0.4298593 0.9107549 0.3717548 -0.1797888 0.5251501 -0.7945768 0.3047378 0.02133297 -0.9091101 0.4160091 0.2277662 0.5126953 -0.827808 0.2285879 0.8484609 -0.4773489 0.214034 0.9650304 -0.1513468 0.839856 0.5330471 0.1024832 0.3110512 0.4553458 0.8342106 0.6627296 -0.7281023 0.17509 0.2364336 0.9617879 0.1380697 0.004943966 -0.9974105 0.07174932 0.1537238 -0.6217924 0.7679475 -0.04333674 -0.9892989 0.1393185 -0.3764237 -0.6733754 0.6362946 0.2121691 -0.656589 0.7237923 -0.605723 -0.7129995 0.3531731 0.7574203 -0.652435 0.02536123 -0.2070745 -0.6290062 0.749314 -0.1595526 0.7956882 0.5843144 -0.4133254 0.7745845 0.4787286 0.8714511 0.4729287 0.1300432 -0.09598398 0.4633784 0.880947 0.307576 0.7924706 0.5266758 0.1338549 0.9562725 -0.2600497 0.06564712 0.9848899 -0.1602571 0.5440916 0.7573884 0.3610085 0.7068262 -0.4497319 0.5460202 0.3443222 -0.580544 0.7378421 0.62745 -0.5810298 0.5183734 0.7867597 -0.553744 0.2727214 0.8613423 -0.4341045 0.2638992 0.681923 0.6883931 0.2471757 0.7701998 -0.5820752 0.2607313 0.7967371 -0.5787377 0.1739906 0.7912289 0.5441797 0.2789718 0.07367324 0.9944363 0.07529073 0.0923509 0.9795117 0.1789642 0.01269596 0.9983465 0.05606389 0.01690745 0.9866769 0.1618113 0.03750747 0.9886541 -0.1454522 -0.01022386 0.9959907 -0.08887159 -0.07892167 0.9933572 0.08374363 -0.0751686 0.9862564 0.1471327 -0.01254343 0.7525156 -0.658455 -7.93504e-4 0.7493726 -0.6621482 -0.1624551 0.1267168 -0.9785456 -0.2145179 0.3228299 -0.921826 0.01983749 0.7542521 -0.6562854 -0.226545 -0.02209597 -0.9737501 -0.07138425 0.06604343 -0.9952601 -0.4198812 0.1550368 -0.8942391 -0.2758011 0.354754 -0.8933551 -0.05597269 0.4887999 -0.8705985 0.04327535 0.8084995 -0.5869037 -0.4973387 0.2908162 -0.8173617 -0.439665 0.363305 -0.8214038 -0.4237884 0.1761258 -0.8884724 -0.3204542 0.1092291 -0.9409453 -0.5608268 0.2485204 -0.7897537 -0.4886376 0.08938974 -0.8678956 -0.5436972 0.1111505 -0.8318888 -0.3357701 0.1308349 -0.9328134 -0.3888168 0.2750712 -0.8792937 -0.5104082 0.115089 -0.852196 -0.3297275 -0.1178644 -0.9366899 -0.03564572 -0.01361131 -0.9992719 -0.0278334 -0.511592 -0.8587776 0.2512938 -0.2561768 -0.9333944 -0.3192344 -0.1990179 -0.9265426 -0.05859619 0.311323 -0.948496 0.09427273 0.2215059 -0.9705915 0.4981368 -0.2875228 -0.8180407 0.3126392 0.1259224 -0.9414884 0.2112817 -0.8613324 -0.4620243 0.3962941 -0.9178701 -0.02157717 0.1004986 -0.8046602 -0.5851686 -0.1710609 -0.002899289 -0.9852563 0.3205717 -0.9438615 -0.07974618 0.04059058 -0.7392682 -0.6721869 -0.2491306 0.2287436 -0.9410688 0 0.3212406 -0.9469976 0 -0.02111923 -0.999777 0 0.1788424 -0.9838778 -0.279159 0.1013237 -0.9548842 0 0.09015321 -0.995928 -0.261091 0.0993092 -0.9601924 0 -0.01516777 -0.999885 -0.1811599 0.01968461 -0.9832567 0 -0.1725543 -0.985 -0.1019659 -0.1305932 -0.9861787 0 0.03479123 -0.9993947 0.1019659 -0.1305932 -0.9861787 0.07138425 0.06604343 -0.9952601 0.1811599 0.01968461 -0.9832567 0.226545 -0.02209597 -0.9737501 0.1624551 0.1267168 -0.9785456 0.3204542 0.1092291 -0.9409453 0.261091 0.0993092 -0.9601924 0.4237884 0.1761258 -0.8884724 0.279159 0.1013237 -0.9548842 0.4886376 0.08938974 -0.8678956 0.2491306 0.2287436 -0.9410688 0.5104082 0.115089 -0.852196 0.1710609 -0.002899289 -0.9852563 0.3192344 -0.1990179 -0.9265426 0.3297275 -0.1178644 -0.9366899 0.01065117 -0.5158976 -0.8565841 0.5436972 0.1111505 -0.8318888 0.03564572 -0.01361131 -0.9992719 -0.2552005 -0.2918234 -0.9217982 0.3357701 0.1308349 -0.9328134 0.5608268 0.2485204 -0.7897537 0.4973387 0.2908162 -0.8173617 0.439665 0.363305 -0.8214038 0.3888168 0.2750712 -0.8792937 0.4198812 0.1550368 -0.8942391 0.2758011 0.354754 -0.8933551 0.2145179 0.3228299 -0.921826 0.05597269 0.4887999 -0.8705985 -0.09427273 0.2215059 -0.9705915 0.05859619 0.311323 -0.948496 -0.2277662 0.5126953 -0.827808 -0.3126392 0.1259224 -0.9414884 -0.4897384 -0.2799813 -0.8256917 -0.3799933 -0.8251143 -0.4180811 -0.5624119 -0.7781537 -0.2795884 -0.2298091 -0.8536202 -0.4674616 -0.3626915 -0.9313273 0.03293031 -0.3454776 -0.9361771 0.06494486 -0.4167081 -0.9086763 -0.02572757 -0.1004986 -0.8046602 -0.5851686 -0.3205717 -0.9438615 -0.07974618 -0.4315484 -0.6969782 0.5727019 -0.7050299 -0.6312949 0.3231095 -0.4107009 -0.9096337 0.0623818 -0.290207 -0.9502456 0.1131957 -0.7926605 -0.5967615 0.1247602 -0.04059058 -0.7392682 -0.6721869 -0.1624845 -0.9821708 -0.09454864 -0.1388011 -0.9796345 0.145088 -0.2135429 -0.9532068 0.2140007 -0.1073959 -0.9632673 0.2461347 -0.305863 -0.9425537 0.1343148 -0.1633401 -0.9422884 0.2922543 -0.07907563 -0.9425598 0.3245428 -0.224466 -0.9424217 0.2479045 -0.8349616 -0.5212787 0.1763741 -0.7707729 -0.5641856 0.2959792 -0.2453463 -0.2479404 0.937193 -0.3649555 -0.8384699 0.4046922 -0.2967095 0.6560143 0.6939804 -0.821358 0.5196471 0.2352405 -0.376793 0.8895502 0.2583166 -0.8523681 0.491266 0.1792387 -0.5631737 0.6054735 0.5623497 -0.7750064 0.5430904 0.323138 -0.8587286 0.3937327 0.3279631 -0.773728 0.5300305 0.3470056 -0.6562576 0.3654997 0.660103 -0.5707042 0.5229726 0.633085 -0.06149601 0.5312462 0.8449828 -0.2152524 0.4935882 0.842637 -0.08047765 0.8641357 0.4967827 0.1269586 -0.7598593 0.6375701 0.5445026 0.5727334 0.6127753 0.6620148 0.6662569 0.343276 0.1143243 0.9829265 0.1441719 0.1036109 0.9938408 0.03930801 0.3855189 -0.7983525 0.4626105 -0.4843003 0.8676754 -0.112217 -0.6739242 0.7336807 0.08682698 -0.5420259 0.723922 0.4267843 0.2493135 0.5551492 0.7935063 -0.7161965 -0.5231924 0.4618791 -0.8798109 -0.4630391 0.1073669 0.1230834 -0.5308487 0.8384809 -0.2494662 -0.9590746 0.1339499 -0.8228024 0.03763037 -0.5670805 -0.8813262 -0.4529622 0.134497 -0.5741235 -0.02139377 0.8184892 -0.6303344 0.366866 0.6841695 0.02490365 0.5205969 0.8534395 -0.6672393 -0.06763029 0.7417669 -0.263957 -0.0571922 0.9628374 -0.5624645 -0.50927 0.6513662 -0.02270632 -0.04254388 0.9988365 -0.06497651 -0.6205273 0.7814884 -0.02133297 -0.9091101 0.4160091 -0.5251501 -0.7945768 0.3047378 -0.3443222 -0.580544 0.7378421 -0.62745 -0.5810298 0.5183734 -0.2121691 -0.656589 0.7237923 -0.7009679 -0.03399848 0.7123821 -0.7867597 -0.553744 0.2727214 -0.7068262 -0.4497319 0.5460202 -0.9250395 -0.02093619 0.3792936 -0.7701998 -0.5820752 0.2607313 -0.8613423 -0.4341045 0.2638992 -0.9407556 -0.02929842 0.3378175 -0.683944 -0.04364299 0.728228 -0.5562171 -0.6757619 0.4837029 -0.8004006 -0.5741301 0.1724343 -0.3629382 -0.9243754 0.1175001 -0.2758318 -0.769082 0.5765673 -0.2876449 -0.02990895 0.95727 -0.1868087 0.7080176 0.6810386 -0.1172863 0.9680162 0.2217849 -0.06717246 -0.01202452 0.997669 0.02508682 0.7352095 0.6773756 0.02722316 0.9826291 0.1835734 -0.8072662 0.4658772 0.3623253 -0.4020294 0.6227442 0.6712393 -0.172586 0.6406589 0.748178 -0.3641232 -0.546078 0.7544623 -0.8073225 -0.5031689 0.3083043 -0.1748171 -0.5510646 0.8159455 -0.1144165 -0.9313241 0.3457521 -0.05462872 -0.9276512 0.3694308 0 -0.9405317 0.339706 0 -0.5660366 0.8243802 0 -0.9650997 0.2618828 0.07907563 -0.9425598 0.3245428 0.1105709 -0.963001 0.2457706 0.05462872 -0.9276512 0.3694308 0 -0.927217 0.3745246 0 -0.9880188 0.154334 0.1389229 -0.979572 0.145393 0 -0.9955608 -0.09412062 0.1624845 -0.9821708 -0.09454864 0 -0.7580575 -0.6521877 0.1748171 -0.5510646 0.8159455 0.396412 -0.5484579 0.7362416 0.172586 0.6406589 0.748178 0 0.6598929 0.7513598 -0.02722316 0.9826291 0.1835734 0 0.9882791 0.152658 -0.02508682 0.7352095 0.6773756 0 0.7653518 0.6436122 0.06717246 -0.01202452 0.997669 0 0.03177016 0.9994953 0.140021 -0.7578164 0.6372665 0.2876449 -0.02990895 0.95727 0.2777566 -0.7464424 0.6047106 0 -0.7404909 0.6720665 0.239117 -0.9569868 0.1643147 0.1390444 -0.9759358 0.1679764 0.005066156 -0.9814065 0.1918743 0.4478085 -0.6091942 0.6544846 0.1999312 -0.6292141 0.7510773 -0.005646109 -0.6411253 0.7674155 0.1472569 0.5844801 0.7979339 0.3442329 0.5859802 0.733574 0 0.6052025 0.7960717 -0.01699894 0.9680862 0.2500404 0 0.9789226 0.2042321 -0.04712098 0.9740686 0.2212918 0.005096733 0.9641757 0.2652155 0.02502578 0.9745729 0.2226688 0 0.9907602 0.1356253 0 0.9945383 0.1043734 0.04712098 0.9740686 0.2212918 0.0751686 0.9862564 0.1471327 0.07892167 0.9933572 0.08374363 -0.01690745 0.9866769 0.1618113 -0.01269596 0.9983465 0.05606389 -0.02502578 0.9745729 0.2226688 0 0.99853 -0.05420225 0.01022386 0.9959907 -0.08887159 -0.03750747 0.9886541 -0.1454522 0 0.7623609 -0.6471523 0.01254343 0.7525156 -0.658455 7.93504e-4 0.7493726 -0.6621482 -0.01983749 0.7542521 -0.6562854 -0.06564712 0.9848899 -0.1602571 -0.1338549 0.9562725 -0.2600497 -0.04327535 0.8084995 -0.5869037 -0.2285879 0.8484609 -0.4773489 -0.307576 0.7924706 0.5266758 -0.5440916 0.7573884 0.3610085 0.1595526 0.7956882 0.5843144 -0.1731067 0.9818742 0.07718384 -0.839856 0.5330471 0.1024832 -0.6987052 0.5266078 0.4842472 0.4080738 0.7756484 0.4815033 -0.214034 0.9650304 -0.1513468 -0.9107549 0.3717548 -0.1797888 -0.6626912 -0.7280936 0.175271 -0.5546525 -0.7438398 0.3729118 0.05389618 -0.9985452 0.001617491 0.04333674 -0.9892989 0.1393185 0.3764237 -0.6733754 0.6362946 0.6119188 -0.7094901 0.3495414 0.1140208 0.4742425 0.8729797 0.2317349 -0.6210423 0.748736 -0.849983 0.3045485 -0.4298593 -0.9036738 0.04248273 -0.4261091 -0.8984994 -0.09823948 -0.4278408 -0.681923 0.6883931 0.2471757 -0.07367324 0.9944363 0.07529073 -0.7912289 0.5441797 0.2789718 -0.0923509 0.9795117 0.1789642 -0.7530357 0.5833173 0.304431 -0.09930908 0.9727957 0.2092998 -0.06210553 0.9679007 0.2435392 -0.08652079 0.9243537 0.371597 -0.5669863 0.6044333 0.5596312 -0.8187319 -0.553156 0.1539375 -0.6905928 -0.5417497 0.4791544 -0.2471732 -0.933423 0.2600522 0.06167954 -0.57062 0.8188947 0.06012314 0.4191225 0.905937 -0.09808683 -0.9817535 0.1629084 -0.1307466 -0.7695861 0.625014 -0.6985597 -0.5149547 0.4968261 -0.1935205 -0.63516 0.7477443 -0.6768002 0.5491372 0.4902957 0.01727366 0.9680891 0.2500106 -0.1472569 0.5844801 0.7979339 0 0.9733507 0.2293217 0.09930908 0.9727957 0.2092998 0.06314426 0.9706333 0.2321292 0.7530357 0.5833173 0.304431 0.5772381 0.5971975 0.5569123 0.8150001 -0.5562326 0.1624202 0.3590565 -0.9243913 0.1287598 0.6770077 -0.5526724 0.4860184 0.5511441 -0.667605 0.5005435 0.683944 -0.04364299 0.728228 0.9407556 -0.02929842 0.3378175 0.9250395 -0.02093619 0.3792936 0.7009679 -0.03399848 0.7123821 0.2707948 -0.06375414 0.9605236 0.06497651 -0.6205273 0.7814884 0.6314707 -0.5266376 0.5691201 -0.1453641 0.8130073 0.5638161 -0.08554482 0.9853377 0.1476206 -0.3071742 0.773963 0.5537376 -0.2058544 0.4267245 0.8806419 -0.4001972 0.3674197 0.8395505 -0.1333997 -0.05569767 0.9894961 -0.3450526 -0.1242446 0.9303237 0.05035716 -0.4966134 0.8665099 -0.1612638 -0.5730299 0.8035115 0.1041324 -0.8645859 0.491577 0.299367 -0.7846595 0.5428525 0.3855469 -0.9195688 0.07580924 0.5420783 -0.8337787 0.1047106 0.6106535 -0.7185685 -0.332809 0.7099334 -0.6275931 -0.3195647 0.7189205 -0.3113918 -0.6214408 0.7577437 -0.2361616 -0.6083191 0.6783738 0.1907125 -0.7095335 0.6792671 0.2221191 -0.6994708 0.4918509 0.64927 -0.5801131 0.508057 0.6314776 -0.5857595 0.2755561 0.9172793 -0.2875196 0.2083518 0.9405282 -0.2683212 0.03378474 0.9907758 0.1312326 0.1646841 0.9392427 -0.301168 -0.1798169 0.9798986 0.08639878 0.4682579 0.6458804 -0.6029703 0.1177421 0.9314081 -0.3444064 -0.2317002 0.9721217 0.03598189 0.411068 0.6370348 -0.652081 0.06357079 0.9235928 -0.3780679 -0.2426565 0.9692526 0.04083436 -0.01068156 0.6301522 -0.7763983 -0.08890235 0.9196953 -0.3824357 -0.2063722 0.9713413 0.117927 -0.3298491 0.6528008 -0.6819464 -0.2256295 0.9354485 -0.27208 -0.1232974 0.9629104 0.2400028 -0.5264886 0.6782 -0.5126938 -0.2899023 0.9445402 -0.1542748 -0.01431334 0.9573469 0.2885866 -0.2948149 0.953601 -0.06106877 0.1124626 0.9576262 0.2651494 -0.6407883 0.6983788 -0.3188377 -0.3062558 0.9484318 0.08175975 0.1855586 0.9606323 0.2067697 -0.6824177 0.6818379 0.263445 -0.2446733 0.9406664 0.2351208 0.2695424 0.9472134 0.1735911 -0.5938141 0.6595528 0.4608415 -0.1867763 0.927717 0.3231964 0.2890474 0.9484453 0.1300118 -0.4393952 0.6200121 0.6500132 -0.08325588 0.9011656 0.4254046 0.3298219 0.9369115 0.1158207 0.01821994 0.8831948 0.4686526 0.318865 0.9465541 0.0485866 -0.2498906 0.580901 0.774667 0.1601019 0.8577935 0.4884238 0.2745198 0.9615668 -0.005310297 0.02810811 0.528409 0.8485246 0.3812497 0.8152981 0.4358186 0.2885 0.9563257 -0.04699987 0.7734746 0.3648247 0.5183049 0.643291 0.7340561 0.2175738 0.3959272 0.9003202 -0.1807354 0.9031161 0.3224325 0.2835819 0.7200351 0.6938193 0.01281797 0.4035254 0.8527687 -0.3315916 0.09326618 0.8144922 -0.5726288 0.0471825 0.7594377 -0.648867 -0.1837257 0.4924581 -0.8507233 -0.2502917 0.4546209 -0.8547948 -0.3543553 0.0190438 -0.934917 -0.4174969 0.02826035 -0.9082388 -0.419001 -0.419703 -0.8051631 -0.367237 -0.4731996 -0.8007616 -0.2520279 -0.7871217 -0.5629578 -0.2217846 -0.8451438 -0.4863575 0.0493195 -0.9713749 -0.2323755 0.0361647 -0.9960107 -0.08157664 0.4088637 -0.9072093 0.09900379 0.3349428 -0.8921838 0.3030202 0.7228949 -0.6053016 0.3332165 0.5967476 -0.5673573 0.5674489 0.9030684 -0.1536956 0.4010552 0.7560114 -0.1092267 0.6453807 0.2183662 -0.4923694 0.8425489 0.3413879 -0.01648032 0.9397781 0.4003762 0.4589722 0.7931226 -0.09003007 0.06827026 0.9935964 -0.1684343 -0.4115182 0.8957023 0.06262505 -0.8501386 0.5228219 -0.1866224 -0.7973951 0.5738755 -0.0842638 -0.9948993 0.05545359 -0.1339788 -0.986133 0.09793573 -0.1822 -0.8791077 -0.4404236 -0.01907438 -0.9127647 -0.4080402 -0.2027367 -0.524375 -0.8269999 0.1261966 -0.5896906 -0.7977089 -0.1399306 -0.02563613 -0.9898295 0.3350123 0.4048714 -0.8507914 0.2577973 -0.1055666 -0.9604147 0.3395317 0.7969 -0.4996686 -0.01287901 0.475334 -0.8797112 0.1443571 0.835135 -0.5307642 0.5670241 0.7385749 -0.364679 0.6889435 0.3223147 -0.6492073 0.682399 0.7057458 -0.1904064 0.8710319 0.2764778 -0.4060339 0.6496233 -0.1846693 -0.7374869 0.8489512 -0.228802 -0.4763734 0.6244558 -0.6797873 -0.384635 0.4576674 -0.6462461 -0.6106607 0.2519645 -0.9556398 -0.1525337 0.1663594 -0.9410861 -0.2944175 -0.1645287 -0.9733471 0.1597677 -0.1395334 -0.981617 0.1302251 -0.502927 -0.7309364 0.4612987 -0.3694624 -0.7590979 0.5359739 -0.6764306 -0.3080622 0.6689839 -0.4681936 -0.350573 0.8111063 -0.6521123 0.1805234 0.7363158 -0.4235447 0.1335212 0.895981 -0.8450477 -0.2744902 0.458857 -0.8314722 0.2216628 0.5094308 -0.9421033 -0.2499843 0.2234935 -0.9338784 0.2476914 0.2579152 -0.7025294 -0.6920611 0.1658432 -0.6290091 -0.7082076 0.3206084 -0.2686009 -0.9587048 0.09348076 -0.2310583 -0.9644879 0.1279656 0.2473555 -0.9686999 0.02087491 0.2484552 -0.9662625 -0.06787425 0.6992501 -0.7142044 -0.03100723 0.6768917 -0.7051527 -0.2111338 0.9619708 -0.2704017 -0.03866803 0.931188 -0.2533361 -0.2621255 0.9416298 0.263317 -0.2097563 0.970238 0.2420483 0.00714147 0.7050048 0.7061036 -0.06622767 0.7177811 0.6905581 0.08899396 0.6301631 0.7138776 0.3054069 0.8994615 0.2611832 0.3503603 0.4574872 0.6965769 0.552708 0.6428027 0.2477271 0.7248697 0.8996433 -0.2769612 0.3375417 0.6219232 -0.2529443 0.7411012 0.6207545 -0.7336745 0.2763792 0.4032785 -0.6914697 0.5993632 0.1573558 -0.9729449 0.1691666 0.03796565 -0.9429169 0.3308571 -0.3654088 -0.9308418 0.003204524 -0.3396765 -0.9392834 0.04864728 -0.6929632 -0.6665643 -0.274762 -0.748018 -0.661558 -0.05301129 -0.8700875 -0.2282572 -0.4368597 -0.9692292 -0.2216 -0.1071835 -0.8508376 0.266583 -0.4527791 -0.9583914 0.2678967 -0.09857666 -0.7190628 0.6943117 -0.02966463 -0.6702994 0.2513585 -0.6982247 -0.4001033 0.2220253 -0.8891694 -0.6954126 -0.2380199 -0.6780471 -0.4290782 -0.2545048 -0.8666715 -0.5946732 -0.6627318 -0.4551379 -0.3389493 -0.9237025 -0.1785694 -0.4103048 -0.6708501 -0.6177461 -0.2397902 -0.91091 0.3357735 -0.3845776 -0.9204409 -0.06992042 -0.1113958 -0.9198249 0.3761824 -0.1453343 -0.6309315 0.7621047 0.1259524 -0.6528347 0.7469557 -0.08185201 -0.1857998 0.9791725 0.2694801 -0.2155535 0.938572 0.2983537 0.2634705 0.9173704 -0.04931819 0.2869674 0.95667 0.2009387 0.7009662 0.6843026 -0.05774241 0.7172639 0.694405 -0.3356516 0.7609079 0.5552992 -0.4709766 0.3357448 0.8157553 -0.5377119 0.7480785 0.3889019 -0.724943 0.3317391 0.6036614 -0.50503 -0.1858918 0.8428458 -0.7473267 -0.180064 0.6395935 -0.6022679 -0.6359002 0.4826017 -0.4272929 -0.648981 0.6294796 -0.3408632 -0.9276764 0.1524103 -0.3141656 -0.9255586 0.211285 -0.04376482 -0.9640477 -0.2621008 -0.1958441 -0.9390568 -0.2825197 0.2126848 -0.7410857 -0.6368338 -0.08975523 -0.7015008 -0.7069942 0.3714756 -0.3263993 -0.8691774 -0.015473 -0.2894407 -0.957071 0.3997946 0.1724305 -0.90024 0.01333659 0.1901615 -0.9816623 0.2904241 0.6280926 -0.7219097 0.5706789 0.1712738 -0.8031132 0.6482238 0.1777122 -0.7404217 0.5573749 -0.3415421 -0.7567578 0.6558535 -0.3358617 -0.6760571 0.376971 -0.7632198 -0.5247747 0.4923981 -0.7592892 -0.4254693 0.07773107 -0.9825493 -0.168982 0.204479 -0.9773489 -0.0545684 -0.2627729 -0.9409161 0.2136059 -0.1304675 -0.9331402 0.3350039 -0.5556321 -0.6499059 0.5185513 -0.4257175 -0.6415519 0.6381033 -0.7219056 -0.1900442 0.6653837 -0.6220773 0.3306779 0.7096986 -0.6052937 -0.1806755 0.7752264 -0.7171694 0.3240523 0.6169751 -0.4680156 0.7562717 0.4571812 -0.5387597 0.7484282 0.3867729 0.1453641 0.8130073 0.5638161 0.08554482 0.9853377 0.1476206 -0.03378474 0.9907758 0.1312326 0.2058544 0.4267245 0.8806419 0.3071742 0.773963 0.5537376 0.1333997 -0.05569767 0.9894961 0.4001972 0.3674197 0.8395505 -0.05035716 -0.4966134 0.8665099 0.3450526 -0.1242446 0.9303237 -0.1041324 -0.8645859 0.491577 -0.299367 -0.7846595 0.5428525 -0.3855469 -0.9195688 0.07580924 -0.5420783 -0.8337787 0.1047106 -0.6106535 -0.7185685 -0.332809 -0.7099334 -0.6275931 -0.3195647 -0.7189205 -0.3113918 -0.6214408 -0.7577437 -0.2361616 -0.6083191 -0.6783738 0.1907125 -0.7095335 -0.6792671 0.2221191 -0.6994708 -0.4918509 0.64927 -0.5801131 -0.508057 0.6314776 -0.5857595 -0.2755561 0.9172793 -0.2875196 -0.2083518 0.9405282 -0.2683212 -0.1646841 0.9392427 -0.301168 0.1798169 0.9798986 0.08639878 -0.1177421 0.9314081 -0.3444064 -0.4682579 0.6458804 -0.6029703 0.2317002 0.9721217 0.03598189 -0.06357079 0.9235928 -0.3780679 -0.411068 0.6370348 -0.652081 0.2426565 0.9692526 0.04083436 0.01068156 0.6301522 -0.7763983 -0.2904241 0.6280926 -0.7219097 0.08890235 0.9196953 -0.3824357 0.3298491 0.6528008 -0.6819464 0.2063722 0.9713413 0.117927 0.2256295 0.9354485 -0.27208 0.5264886 0.6782 -0.5126938 0.1232974 0.9629104 0.2400028 0.2899023 0.9445402 -0.1542748 0.2948149 0.953601 -0.06106877 0.01431334 0.9573469 0.2885866 0.3062558 0.9484318 0.08175975 0.6407883 0.6983788 -0.3188377 -0.1855586 0.9606323 0.2067697 -0.1124626 0.9576262 0.2651494 0.6824177 0.6818379 0.263445 0.7190628 0.6943117 -0.02966463 0.2446733 0.9406664 0.2351208 0.5938141 0.6595528 0.4608415 -0.2695424 0.9472134 0.1735911 0.1867763 0.927717 0.3231964 0.4393952 0.6200121 0.6500132 -0.2890474 0.9484453 0.1300118 0.08325588 0.9011656 0.4254046 -0.01821994 0.8831948 0.4686526 -0.318865 0.9465541 0.0485866 -0.3298219 0.9369115 0.1158207 -0.1601019 0.8577935 0.4884238 0.2498906 0.580901 0.774667 -0.2745198 0.9615668 -0.005310297 -0.3812497 0.8152981 0.4358186 -0.02810811 0.528409 0.8485246 -0.2885 0.9563257 -0.04699987 -0.7734746 0.3648247 0.5183049 -0.4003762 0.4589722 0.7931226 -0.643291 0.7340561 0.2175738 -0.9031161 0.3224325 0.2835819 -0.3959272 0.9003202 -0.1807354 -0.7200351 0.6938193 0.01281797 -0.09326618 0.8144922 -0.5726288 -0.4035254 0.8527687 -0.3315916 0.1837257 0.4924581 -0.8507233 -0.0471825 0.7594377 -0.648867 0.3543553 0.0190438 -0.934917 0.2502917 0.4546209 -0.8547948 0.4190015 -0.4196423 -0.8051945 0.367237 -0.4731996 -0.8007616 0.2520538 -0.787077 -0.5630087 0.2217846 -0.8451438 -0.4863575 -0.04931837 -0.9713836 -0.2323397 -0.03616482 -0.9960132 -0.08154636 -0.4089246 -0.9071786 0.0990343 -0.3349428 -0.8921838 0.3030202 -0.7229785 -0.6052035 0.3332129 -0.5967476 -0.5673573 0.5674489 -0.9030978 -0.1536038 0.4010241 -0.7560114 -0.1092267 0.6453807 -0.2183662 -0.4923694 0.8425489 -0.3413879 -0.01648032 0.9397781 0.09003007 0.06827026 0.9935964 0.1684343 -0.4115182 0.8957023 -0.06262505 -0.8501386 0.5228219 0.1866224 -0.7973951 0.5738755 0.0842638 -0.9948993 0.05545359 0.1339788 -0.986133 0.09793573 0.1822 -0.8791077 -0.4404236 0.01907438 -0.9127647 -0.4080402 0.2027367 -0.524375 -0.8269999 -0.1261966 -0.5896906 -0.7977089 0.1399306 -0.02563613 -0.9898295 -0.2577973 -0.1055666 -0.9604147 -0.3350123 0.4048714 -0.8507914 0.01287901 0.475334 -0.8797112 -0.3395317 0.7969 -0.4996686 -0.1443571 0.835135 -0.5307642 -0.5670241 0.7385749 -0.364679 -0.6889435 0.3223147 -0.6492073 -0.682399 0.7057458 -0.1904064 -0.8710319 0.2764778 -0.4060339 -0.6496233 -0.1846693 -0.7374869 -0.8489453 -0.2288309 -0.47637 -0.6244558 -0.6797873 -0.384635 -0.4576674 -0.6462461 -0.6106607 -0.2519645 -0.9556398 -0.1525337 -0.1663594 -0.9410861 -0.2944175 0.1645287 -0.9733471 0.1597677 0.1395334 -0.981617 0.1302251 0.502927 -0.7309364 0.4612987 0.3694624 -0.7590979 0.5359739 0.6764306 -0.3080622 0.6689839 0.4681936 -0.350573 0.8111063 0.6521123 0.1805234 0.7363158 0.4235447 0.1335212 0.895981 0.8450477 -0.2744902 0.458857 0.8314722 0.2216628 0.5094308 0.9421033 -0.2499843 0.2234935 0.9338784 0.2476914 0.2579152 0.7025294 -0.6920611 0.1658432 0.6290091 -0.7082076 0.3206084 0.2686009 -0.9587048 0.09348076 0.2310295 -0.9644947 0.1279665 -0.2473555 -0.9686999 0.02087491 -0.2484548 -0.9662605 -0.06790465 -0.6992501 -0.7142044 -0.03100723 -0.6768917 -0.7051527 -0.2111338 -0.9619708 -0.2704017 -0.03866803 -0.9311952 -0.2533075 -0.2621275 -0.9416298 0.263317 -0.2097563 -0.970238 0.2420483 0.00714147 -0.7050048 0.7061036 -0.06622767 -0.7177811 0.6905581 0.08899396 -0.6301631 0.7138776 0.3054069 -0.8994615 0.2611832 0.3503603 -0.4574872 0.6965769 0.552708 -0.6428027 0.2477271 0.7248697 -0.8996433 -0.2769612 0.3375417 -0.6219232 -0.2529443 0.7411012 -0.6207545 -0.7336745 0.2763792 -0.4032785 -0.6914697 0.5993632 -0.1573558 -0.9729449 0.1691666 -0.03796565 -0.9429169 0.3308571 0.3654088 -0.9308418 0.003204524 0.3396765 -0.9392834 0.04864728 0.6929632 -0.6665643 -0.274762 0.748018 -0.661558 -0.05301129 0.8700875 -0.2282572 -0.4368597 0.9692292 -0.2216 -0.1071835 0.8508376 0.266583 -0.4527791 0.9583914 0.2678967 -0.09857666 0.6702994 0.2513585 -0.6982247 0.6954126 -0.2380199 -0.6780471 0.4001033 0.2220253 -0.8891694 0.4290782 -0.2545048 -0.8666715 0.5946732 -0.6627318 -0.4551379 0.4103048 -0.6708501 -0.6177461 0.3389493 -0.9237025 -0.1785694 0.3845776 -0.9204409 -0.06992042 0.2397902 -0.91091 0.3357735 0.1113958 -0.9198249 0.3761824 0.1453343 -0.6309315 0.7621047 -0.1259524 -0.6528347 0.7469557 0.08185201 -0.1857998 0.9791725 -0.2694801 -0.2155535 0.938572 -0.2983537 0.2634705 0.9173704 0.04931819 0.2869674 0.95667 -0.2009387 0.7009662 0.6843026 0.05774241 0.7172639 0.694405 0.3356516 0.7609079 0.5552992 0.4709766 0.3357448 0.8157553 0.5377119 0.7480785 0.3889019 0.724943 0.3317391 0.6036614 0.50503 -0.1858918 0.8428458 0.7473267 -0.180064 0.6395935 0.6022679 -0.6359002 0.4826017 0.4272929 -0.648981 0.6294796 0.3408632 -0.9276764 0.1524103 0.3141656 -0.9255586 0.211285 0.04376482 -0.9640477 -0.2621008 0.1958441 -0.9390568 -0.2825197 -0.2126848 -0.7410857 -0.6368338 0.08975523 -0.7015008 -0.7069942 -0.3714756 -0.3263993 -0.8691774 0.015473 -0.2894407 -0.957071 -0.3997946 0.1724305 -0.90024 -0.01333659 0.1901615 -0.9816623 -0.5706789 0.1712738 -0.8031132 -0.5573749 -0.3415421 -0.7567578 -0.6482238 0.1777122 -0.7404217 -0.6558535 -0.3358617 -0.6760571 -0.376971 -0.7632198 -0.5247747 -0.4923981 -0.7592892 -0.4254693 -0.07773107 -0.9825493 -0.168982 -0.204479 -0.9773489 -0.0545684 0.2627729 -0.9409161 0.2136059 0.1304675 -0.9331402 0.3350039 0.5556321 -0.6499059 0.5185513 0.4257175 -0.6415519 0.6381033 0.7219056 -0.1900442 0.6653837 0.6052937 -0.1806755 0.7752264 0.6220773 0.3306779 0.7096986 0.7171694 0.3240523 0.6169751 0.4680156 0.7562717 0.4571812 0.5387597 0.7484282 0.3867729 0.1612638 -0.5730299 0.8035115 0.4907222 -0.09082585 0.8665693 0.07281911 -0.9286422 0.3637599 0.5401852 0.1330015 0.8309696 0.2553532 -0.436667 0.862622 0.08405005 0.239271 0.9673081 0.8547817 0.2862395 0.4329148 0.9113229 -0.08252292 -0.4033369 0.6094076 0.4077062 0.6799985 0.2997601 0.5620731 0.7708553 0.9089221 -0.1120359 0.4016324 0.5936622 -0.788284 0.161783 0.540807 -0.6223554 -0.5658636 0.04742729 -0.9517813 -0.3030892 0.1910204 -0.9515923 0.2407974 0.5129956 -0.8481869 0.1319646 0.5182785 -0.8231661 0.231916 0.4883676 -0.740059 0.4623957 0.8948553 -0.1923323 -0.4027932 0.7042045 -0.6797584 -0.2049987 0.761906 -0.4089542 0.5022507 0.3776084 -0.8559592 -0.3531935 0.9555708 0.2331092 0.1804017 0.9264693 0.3657718 -0.08868855 0.9210948 -0.3120265 -0.2328602 0.8743367 0.4798491 0.07266557 0.7611235 0.4940177 0.4202827 0.8017742 0.4718599 -0.3667512 0.8984255 0.4269337 -0.1027583 0.8664079 0.2270624 -0.4447249 0.9055022 0.356036 -0.2308771 0.6528674 -0.2273682 -0.7225428 0.8316916 0.1030039 -0.5456001 0.3634248 -0.04562646 -0.9305055 0.09289956 -0.8247432 -0.5578248 0.628605 0.5216045 -0.5768749 0.587711 -0.5581073 -0.5857577 -0.1091652 0.2249531 -0.9682351 0.2787058 0.2250826 -0.9336278 0.2659777 -0.6537896 -0.7083891 0.115452 -0.105686 -0.9876748 0.3253651 -0.4820507 -0.8134891 0.2470813 -0.8724756 -0.4215887 0 -0.4395429 -0.8982216 0 -0.3515482 -0.9361699 0 0.1586999 -0.9873269 0.07986879 0.1312937 -0.988121 0.5810317 -0.4470203 -0.6801288 0.05789542 -0.9801024 -0.1898616 0 -0.459828 -0.888008 0 -0.8211757 -0.5706754 -0.05789542 -0.9801024 -0.1898616 -0.2470813 -0.8724756 -0.4215887 -0.5810317 -0.4470203 -0.6801288 -0.3253651 -0.4820507 -0.8134891 -0.2659777 -0.6537896 -0.7083891 -0.115452 -0.105686 -0.9876748 -0.2787058 0.2250826 -0.9336278 -0.587711 -0.5581073 -0.5857577 -0.3634248 -0.04562646 -0.9305055 0.1091652 0.2249531 -0.9682351 -0.09289956 -0.8247432 -0.5578248 -0.6862903 -0.4967342 -0.5312822 -0.3247285 -0.9183347 -0.2263028 -0.264541 -0.9088639 -0.3224666 -0.7042045 -0.6797584 -0.2049987 -0.3776084 -0.8559592 -0.3531935 -0.3001537 -0.9361682 -0.183022 -0.4883676 -0.740059 0.4623957 -0.5182785 -0.8231661 0.231916 -0.3011622 -0.8886238 0.3459032 -0.1910204 -0.9515923 0.2407974 -0.5129956 -0.8481869 0.1319646 -0.2445206 -0.8422716 0.4804043 -0.2553532 -0.436667 0.862622 -0.1342853 -0.613745 0.7780004 0.160714 0.07730507 0.983969 0 -0.5280389 0.8492203 0.2643907 0.05142539 0.9630436 0.290241 0.4510486 0.8439878 0 0.01132267 0.999936 0 0.4207625 0.9071709 -0.160714 0.07730507 0.983969 -0.2643907 0.05142539 0.9630436 -0.290241 0.4510486 0.8439878 0.1342853 -0.613745 0.7780004 0.2445206 -0.8422716 0.4804043 0.09708124 -0.9769167 0.1902866 0.6369686 -0.689828 -0.3441053 0.3011622 -0.8886238 0.3459032 0.3001537 -0.9361682 -0.183022 0.3574457 -0.6532417 -0.6674638 0.264541 -0.9088639 -0.3224666 0.3247285 -0.9183347 -0.2263028 0.6862903 -0.4967342 -0.5312822 0 -0.9992999 -0.03741574 0 -0.8824907 0.4703301 -0.09708124 -0.9769167 0.1902866 -0.3574457 -0.6532417 -0.6674638 -0.6369686 -0.689828 -0.3441053 -0.2397901 0.5516362 0.7988731 0.2397901 0.5516362 0.7988731 -0.08405005 0.239271 0.9673081 -0.6094076 0.4077062 0.6799985 -0.4907222 -0.09082585 0.8665693 -0.07281911 -0.9286422 0.3637599 -0.8547817 0.2862395 0.4329148 -0.5401852 0.1330015 0.8309696 -0.9089221 -0.1120359 0.4016324 -0.9113229 -0.08252292 -0.4033369 -0.5936622 -0.788284 0.161783 -0.540807 -0.6223554 -0.5658636 -0.04742729 -0.9517813 -0.3030892 -0.761906 -0.4089542 0.5022507 -0.9555708 0.2331092 0.1804017 -0.8948553 -0.1923323 -0.4027932 -0.9210948 -0.3120265 -0.2328602 -0.9264693 0.3657718 -0.08868855 -0.6528674 -0.2273682 -0.7225428 -0.8017742 0.4718599 -0.3667512 -0.8316916 0.1030039 -0.5456001 -0.8664079 0.2270624 -0.4447249 -0.628605 0.5216045 -0.5768749 -0.8984255 0.4269337 -0.1027583 -0.8743367 0.4798491 0.07266557 0.6606788 -0.7506188 0.008667409 0.4405102 -0.8971345 0.03317403 0.6778388 -0.7188876 0.1540626 0.5788805 -0.7962049 -0.1759408 0.6636036 -0.7478358 -0.01928794 0.7517508 -0.6575683 -0.04974639 0.7146058 0.188944 0.6735271 -0.7596153 -0.4116694 0.5035008 0.9646044 -0.218056 0.1482903 0.2626446 -0.9483405 0.177955 0.05041706 -0.7808544 0.6226754 -0.701371 0.2386022 0.6716754 -0.6989531 -0.5389099 0.4701498 -0.9889152 -0.1249763 0.08017402 -0.691347 -0.3714163 0.6197494 -0.01147526 -0.4416455 0.8971163 -0.969712 -0.1981601 0.1427986 -0.02972567 -0.5492537 0.8351268 -0.5448019 -0.7695468 0.3331498 -0.6753935 -0.4059991 0.6156366 -0.00653094 -0.872892 0.4878697 0.05026406 -0.9914267 -0.1206094 -0.7487077 -0.525365 -0.4042631 -0.7591993 -0.6461556 -0.07809901 -0.9430723 -0.0521267 -0.3284776 0.4456085 -0.8476969 0.2878251 0.6084673 -0.7061297 -0.3621444 0.6138316 -0.7877603 -0.05142474 0.5768104 -0.5300246 0.6215818 0.8817426 -0.4386281 0.1735956 0.8975088 -0.3228017 -0.3004616 0.5693344 -0.4283971 0.7016654 0.9304952 -0.2757701 0.2411004 0.9547961 0.00149542 -0.2972579 0.5690339 -0.6597071 0.4909043 0.9150744 -0.3495923 0.2010576 0.9724548 0.09372359 -0.2134187 0.643864 -0.7181783 0.2639302 0.9150033 -0.3585729 0.1849173 0.9847742 0.1668757 -0.04870766 0.8935617 -0.3827676 0.2345985 0.9634267 0.1955053 0.1832671 0.7563691 0.583292 -0.2961019 0.7112733 0.7023313 0.02865719 0.6720399 0.4733272 -0.5694943 0.4345305 0.8349407 -0.337724 0.2682041 0.7191581 -0.640998 0.06225991 0.645031 -0.7616158 0.6208888 0.2688768 -0.736344 0.001770079 0.4043135 -0.9146188 0.02102786 -0.006744742 -0.9997562 0.6264057 -0.1574178 -0.7634367 0.4404174 -0.5631032 -0.6992478 -0.03192305 -0.4215619 -0.9062376 0.04098737 -0.8716912 -0.4883387 -0.5383284 -0.4097814 -0.736398 -0.6235122 0.02575838 -0.7813892 -0.9288139 0.1105091 -0.3536842 -0.6151431 0.311478 -0.7242794 -0.9307399 0.2757703 -0.2401545 -0.6336632 0.5141208 -0.5780578 -0.8016479 0.2685995 0.5340555 -0.8539709 0.4649671 -0.2335365 0.393243 0.7837392 -0.4807422 0.5422077 -0.1185678 0.8318368 0.460686 0.8874653 -0.01318424 0.3695593 0.9283998 -0.03872907 0.9755312 0.2060624 -0.07666301 0.5221481 0.7922405 -0.3157792 0.2826953 0.9026841 -0.3244145 0.5417487 0.7524847 -0.3745333 0.1812819 0.8539175 -0.4878133 0.9473813 0.2512047 -0.1984062 0.951004 -0.3072047 0.03488326 0.8117465 0.2438474 -0.5306658 0.4668551 0.6079156 -0.64225 0.3625364 0.4261993 -0.8288074 0.8402493 -0.2837962 -0.4619967 0.6014208 0.1889473 -0.776268 0.522335 -0.6619601 -0.537564 0.5840664 -0.2153397 -0.7826209 0.09766155 -0.4473205 -0.8890256 0.333211 -0.4397237 -0.8340346 0.145545 -0.7476232 -0.6479787 -0.209481 -0.3118106 -0.9267643 -0.5849885 -0.1321168 -0.8002086 -0.3037611 -0.06314492 -0.9506535 -0.28068 0.03479123 -0.9591707 -0.5357001 0.07565659 -0.8410122 -0.1409668 0.3067455 -0.9412946 0.1394122 0.6558296 -0.7419245 -0.3288391 0.5023685 -0.7996817 0.1074281 0.4620936 -0.8803004 0.1081905 0.7341396 -0.6703239 0.1785376 0.9234517 -0.3396489 0.1516491 0.7869336 -0.5981122 0.2010609 0.4828453 -0.8523116 -0.2603881 0.1718524 -0.9500868 0.1882141 0.1172866 -0.9750998 0.03250288 0.4988057 -0.8661042 0.01586967 0.1169168 -0.9930149 0.01361131 -0.1342821 -0.9908497 0.148447 -0.1170729 -0.9819662 -0.3527079 -0.1723712 -0.9197203 0.007446646 -0.4995986 -0.8662251 0.03576821 -0.4706941 -0.8815711 -0.09530985 -0.7297325 -0.6770573 -0.3689168 -0.5290514 -0.7642022 0.05853545 -0.8484898 -0.5259647 0.1505498 -0.9540519 -0.2590751 0.2616733 -0.9251649 -0.2749492 0.430139 -0.8965044 -0.1061156 0.6772769 -0.7308377 -0.08469009 0.46652 -0.8830796 -0.050296 0.4555342 -0.8821054 0.1199111 0.1879377 -0.9800657 -0.06442618 0.7215687 -0.6857084 0.09561705 0.7761318 -0.5401275 0.3253949 0.6614438 -0.7427777 0.103796 0.4086235 -0.8437377 0.3480426 0.8024809 -0.5129725 0.3047682 0.7640762 -0.6266182 0.1534195 0.8092425 -0.2000522 0.5523639 0.8650203 -0.2265783 0.4476631 0.8116815 -0.1388916 0.5673468 0.7248046 -0.6069083 0.3260689 0.7367013 0.2060041 0.6440758 0.8456225 0.09012281 0.5261183 0.7365768 0.2801647 0.6155993 0.5682062 0.2071031 0.7963982 0.5942124 -0.09384709 0.7988144 0.5878009 -0.4937711 0.6408434 0.2723535 0.2038379 0.9403583 0.2893847 -0.1592501 0.9438728 0.2741841 -0.5872192 0.7615752 0.1240284 -0.8896229 0.4395317 0.07202512 -0.5867911 0.8065288 0 -0.8860984 0.4634972 0 -0.6099246 0.7924595 0.09198355 -0.1846385 0.9784926 0 -0.9873961 0.158269 0.161782 -0.9741408 0.157723 -3.05192e-5 -0.9988026 -0.0489223 -0.1240284 -0.8896229 0.4395317 -0.1618125 -0.9741407 0.1576924 -0.1913549 -0.9788703 -0.07208615 -0.4086235 -0.8437377 0.3480426 -0.4519253 -0.883464 0.1235104 -0.4559327 -0.8872971 -0.06949317 -0.00439471 -0.9723392 -0.2335323 -0.1617199 -0.9531372 -0.2556877 -0.4089598 -0.9074939 -0.09595292 -0.6531035 -0.7572339 -0.007263481 -0.7247996 -0.6883597 -0.02874904 -0.660163 -0.7411307 0.1221077 -0.6706522 -0.6944875 -0.2606006 -0.7160413 -0.6979739 0.01083427 -0.7359668 -0.6674515 0.1134088 -0.6312279 -0.775309 -0.02114975 -0.8138648 -0.5630551 0.1435029 -0.8273305 -0.4793438 0.2928374 -0.7838192 -0.5321596 0.3200526 -0.8149272 -0.1941335 0.5460824 -0.8119928 -0.1389232 0.5668934 -0.5878009 -0.4937711 0.6408434 -0.7248396 -0.6068816 0.3260405 -0.7344137 0.2765954 0.6197836 -0.7286696 0.1983424 0.6555158 -0.5681753 0.2070725 0.7964282 -0.5942124 -0.09384709 0.7988144 -0.2723535 0.2038379 0.9403583 -0.2893847 -0.1592501 0.9438728 -0.2741841 -0.5872192 0.7615752 -0.2132391 0.627601 0.748763 -0.4794175 0.5762837 0.661858 -0.4789742 0.7363154 0.4779366 -0.2193407 0.882124 0.4168298 -0.2172051 0.9440806 0.2480599 -0.5169993 0.6529023 0.5535615 -0.2933509 0.9119455 0.2868809 -0.3703482 0.8724165 0.3189542 -0.8401727 0.08930021 0.5349162 -0.682865 0.5064035 0.5265462 -0.8778247 -0.2030139 0.4338309 -0.9208621 -0.2708597 0.2804428 -0.9246217 0.1424044 0.3532643 -0.6686058 0.6738245 0.3145267 -0.9131073 -0.2877666 0.2888348 -0.7849531 -0.5999459 0.1546406 -0.9168722 0.265979 0.2976585 -0.9384912 -0.1806727 0.2942646 -0.7811269 -0.5755223 0.2421051 -0.728254 -0.518311 0.4483301 -0.9105932 0.3799606 0.1626353 -0.9580909 -0.129951 0.2552935 -0.9678835 -0.1382516 0.2099716 -0.9204251 0.3753847 -0.1091057 -0.6737352 -0.3450466 0.6534706 -0.9309492 -0.3404691 0.1319638 -0.6560775 -0.4769891 0.584845 -0.913906 -0.2299337 -0.3345241 -0.6998988 -0.7070404 -0.1011714 -0.5479061 -0.8037155 0.2320353 -0.1721892 -0.9712731 -0.1642542 -0.09995156 -0.8967565 0.4310889 -0.6797873 -0.6179247 -0.3950421 -0.1511928 -0.8484073 -0.5072926 0.6715703 -0.7358432 -0.08676546 0.6778932 -0.6122158 -0.4070045 0.4446598 -0.8465016 0.2927674 0.4784223 -0.4780255 -0.7366165 -0.5020154 -0.4941414 -0.7097922 -0.02465915 -0.4191146 -0.9075984 0.6003765 -0.0962885 -0.7938997 -0.02731484 -0.01303178 -0.999542 -0.6175535 -0.09323579 -0.7809832 0.1181996 0.3890241 -0.9136132 -0.5233706 0.3799617 -0.7627007 0.6656611 0.1635845 -0.7281041 0.1165221 0.7526631 -0.6480131 -0.5283876 0.7218825 -0.4468694 0.7160028 0.4443545 -0.5384136 -0.09024453 0.8933506 -0.4402053 -0.6021481 0.7926198 -0.09576988 0.8672676 0.4109427 -0.2810219 -0.2350289 0.8541125 -0.463954 -0.2849305 0.9295338 -0.2340544 -0.6203589 0.7745712 0.1232661 -0.3698007 0.9284844 0.03412038 -0.309431 0.9500223 -0.04135304 -0.5526045 -0.0295422 0.83292 -0.9336714 0.3042145 -0.1889743 -0.3158161 0.8632143 -0.3938545 -0.2221822 0.9749463 0.01071232 -0.48858 0.7048688 -0.5142465 -0.489739 0.766089 -0.4162492 -0.8077282 0.3518894 0.4730212 -0.88393 0.3347965 -0.3264647 -0.9956156 -0.09344863 -0.004119992 -0.808476 0.3299703 -0.4873257 -0.9644986 -0.214428 -0.1541525 -0.4564447 0.7067935 -0.5404641 -0.5169299 0.6487411 -0.5584967 -0.7775598 0.2049342 -0.5944771 -0.8491646 -0.2602977 -0.4595267 -0.6273453 -0.7597972 -0.1707224 -0.7666462 -0.2449483 -0.59351 -0.5645127 -0.7142396 -0.4137481 -0.5691301 -0.6250116 -0.5342767 -0.1233573 -0.8844982 -0.4499399 -0.2304779 -0.9363777 -0.26472 0.1186901 -0.73265 -0.6701766 -0.009216845 -0.4808939 -0.8767303 0.3793215 -0.08072292 -0.921737 -0.1035814 -0.110906 -0.9884184 0.5101633 -0.5743762 -0.6401762 0.8426699 -0.01315379 -0.5382699 -0.05957448 -0.8543689 -0.516241 0.001648008 -0.8724492 -0.4887021 -0.1756377 0.1094417 -0.9783527 0.2547414 0.1812518 -0.9498709 -0.1388012 0.4906263 -0.8602442 -0.1357498 0.575777 -0.8062587 0.7619506 0.2810543 -0.5834724 0.358998 0.4685011 -0.8072343 0.8676432 0.3437429 -0.3592163 0.5525241 0.6438383 -0.5293293 -0.1785978 0.7381961 -0.6505147 -0.03140401 0.7533312 -0.6568911 0.5581014 0.6134018 -0.5588033 -0.006927728 0.8222077 -0.5691456 -0.5012147 0.4618145 -0.7317863 0.01037633 0.5865983 -0.8098116 0.0202341 0.1744774 -0.9844533 0.7099698 0.2795565 -0.6463676 0.910501 -0.02520859 -0.4127377 0.7143952 -0.05420219 -0.6976401 0.02636849 -0.1389534 -0.9899478 0.6150579 -0.4161018 -0.6697487 -0.004272639 -0.8227688 -0.5683602 0.06604385 -0.5438243 -0.8365964 0.6000656 -0.5512656 -0.5796789 -0.4937775 -0.4825158 -0.7234379 -0.5740383 -0.166544 -0.8017126 -0.5902063 0.0970503 -0.8013975 -0.1715155 0.9278012 -0.3313118 -0.1437743 0.7844265 -0.6033275 -0.07867729 0.993202 0.08578819 0.02816921 0.969901 -0.2418648 0.05383521 0.8335616 -0.5497972 0.001190245 0.9934604 0.1141722 -0.059879 0.9617881 0.2671668 0.003784298 0.9597578 0.2808042 -0.03570765 0.8878702 0.4587065 0.08786314 0.9936565 0.07019287 0.05972522 0.9616464 0.2677106 0.2366132 0.9716005 -0.002594053 0.2288633 0.9424933 0.2435736 0.3579292 0.8974477 0.2578262 0.4947156 0.7362138 0.4617854 0.2198941 0.882659 0.415403 0.4799153 0.5771496 0.6607419 0.03665393 0.8888211 0.4567862 0.213055 0.627995 0.7484851 0.05203479 0.6430649 0.764042 0.09055161 0.2116228 0.9731476 0 -0.1994428 0.9799096 0 0.2194599 0.9756216 0 0.6258668 0.7799301 -0.09055161 0.2116228 0.9731476 -0.09198355 -0.1846385 0.9784926 -0.05188274 0.6427052 0.7643549 6.71419e-4 0.8799864 0.4749985 -0.07202512 -0.5867911 0.8065288 0.5616211 0.6556823 0.504641 0.7135106 0.5233449 0.4658465 0.4558103 0.8528703 0.2546555 0.7176301 0.6484124 0.2541034 0.9370293 0.1182311 0.3286301 0.9055587 -0.3058916 0.2939282 0.8571086 0.1544895 0.4914244 0.6081843 -0.7591623 0.2319145 0.4836646 -0.8071658 0.3384554 0.6805093 -0.03805696 0.7317506 0.9716453 0.06213742 -0.2281323 0.9109424 -0.4118285 0.02411025 0.9164707 -0.1433807 -0.3735284 0.9042713 -0.4246077 0.04474049 0.9093686 -0.2446997 -0.3364087 0.5724272 -0.6141171 0.5433114 0.9113432 -0.3869569 0.1404203 0.5928189 -0.5519222 0.5864707 -0.06515884 -0.59995 0.7973798 -0.1003483 -0.4885877 0.8667252 -0.3217974 -0.776904 0.5411715 -0.5333818 -0.8431199 0.06821012 -0.934839 0.1486293 -0.3224677 -0.9951542 -0.06640869 0.07251244 0.07852452 -0.4668748 0.8808303 0 -0.1884217 0.9820882 0 -0.48047 0.8770111 -0.07852452 -0.4668748 0.8808303 0.3037561 0.05765044 0.951004 0.3356512 -0.04565685 0.9408793 0.2808406 -0.2605757 0.9237039 0.1834239 -0.3992904 0.8982889 -0.3037561 0.05765044 0.951004 -0.3356512 -0.04565685 0.9408793 -0.2808406 -0.2605757 0.9237039 -0.1834239 -0.3992904 0.8982889 -0.1609904 -0.7538626 0.6370034 -0.3640624 -0.6512777 0.6658048 0 -0.776548 0.6300582 -0.2393277 -0.9261818 0.2913926 -0.5156287 -0.8080371 0.2849615 0 -0.9538425 0.3003075 0.1609904 -0.7538626 0.6370034 0.2393277 -0.9261818 0.2913926 0.3640624 -0.6512777 0.6658048 0.5156287 -0.8080371 0.2849615 0.557618 -0.4248896 0.7131138 0.7963364 -0.5292937 0.2927398 0.6685484 -0.0406512 0.7425568 0.9571954 -0.02520859 0.2883427 0.6273833 0.1717621 0.7595314 0.9139932 0.2724156 0.3006765 0.9034515 0.2878544 -0.3176714 0.9524323 -0.01110881 -0.3045476 0.6338258 0.217725 -0.7422 0.6834752 0.005127191 -0.7299559 0.4868706 0.02014255 -0.8732419 0.4682031 0.1743897 -0.8662414 0.8214528 -0.5124771 -0.2501652 0.6250828 -0.3738533 -0.6852045 0.4549491 -0.2747945 -0.8470593 0.5593857 -0.8092156 -0.1796053 0.4609698 -0.6333756 -0.6215645 0.332993 -0.4895555 -0.8058853 0.2801371 -0.9517458 -0.1253124 0.249284 -0.7777917 -0.5769729 0.1867772 -0.5983586 -0.7791542 0 -0.9945923 -0.1038571 0 -0.8256335 -0.5642068 0 -0.6341581 -0.7732035 -0.249284 -0.7777917 -0.5769729 -0.2801371 -0.9517458 -0.1253124 -0.1867772 -0.5983586 -0.7791542 -0.4609698 -0.6333756 -0.6215645 -0.5593857 -0.8092156 -0.1796053 -0.332993 -0.4895555 -0.8058853 -0.6250828 -0.3738533 -0.6852045 -0.8214528 -0.5124771 -0.2501652 -0.4549491 -0.2747945 -0.8470593 -0.4868706 0.02014255 -0.8732419 -0.6834752 0.005127191 -0.7299559 -0.6338258 0.217725 -0.7422 -0.4682031 0.1743897 -0.8662414 -0.9524323 -0.01110881 -0.3045476 -0.9034515 0.2878544 -0.3176714 -0.9571954 -0.02520859 0.2883427 -0.9139932 0.2724156 0.3006765 -0.7963364 -0.5292937 0.2927398 -0.6685484 -0.0406512 0.7425568 -0.557618 -0.4248896 0.7131138 -0.6273833 0.1717621 0.7595314 -0.6526935 0.284901 0.7020133 -0.9978889 0 -0.06494498 -0.7296695 0 0.6838 -0.8787962 0.4023327 -0.2566042 -0.926248 0.262615 0.2703667 -0.6901373 0.65446 -0.3088573 -0.3670548 0.3358641 0.8674481 -0.4383209 0.03021425 0.8983106 -0.08304286 0.4291616 0.8994022 -0.143103 0.1294 0.9812121 -0.01049858 0.3680002 0.9297665 0.047365 0.1836615 0.9818478 -0.5056749 0.5494396 0.6651384 0.1018717 0.8480262 0.520071 -0.608646 0.7498891 -0.2592613 -0.1128605 0.9905656 -0.07773268 -0.1242445 0.9829387 0.1356282 -0.04712074 0.934755 0.3521544 -0.4457323 0.8638448 0.2347229 -0.7715276 0.6045871 -0.1980397 -0.1553437 0.9792758 0.1299515 -0.1411198 0.9279609 0.3449258 -0.3308845 0.9400695 -0.0823701 -0.3215529 0.8523777 -0.4123788 -0.3960132 0.9174897 -0.03723305 -0.2971934 -0.251415 -0.9211226 -0.4643228 0.4760117 -0.7468717 -0.155067 0.4618439 -0.873301 -0.2608439 -0.02472019 -0.9650645 -0.1482908 -0.3595418 -0.9212706 0.0180673 0 -0.9998368 0 0.4802414 -0.8771365 -0.3288105 0.4602553 -0.8246508 -0.1479269 0.8832278 -0.4450016 0 0.975276 -0.2209905 0 0.9296445 0.3684579 -0.0488919 0.9975231 -0.05057042 0 0.9917945 0.1278426 0.0488919 0.9975231 -0.05057042 0.1479269 0.8832278 -0.4450016 0.1411198 0.9279609 0.3449258 0.3960132 0.9174897 -0.03723305 0.3288105 0.4602553 -0.8246508 0.155067 0.4618439 -0.873301 -0.0180673 0 -0.9998368 0.3215529 0.8523777 -0.4123788 0.2608439 -0.02472019 -0.9650645 0.2971934 -0.251415 -0.9211226 0.4643228 0.4760117 -0.7468717 0.3308845 0.9400695 -0.0823701 0.1553437 0.9792758 0.1299515 0.7715276 0.6045871 -0.1980397 0.04709029 0.9347563 0.3521549 0.1242145 0.9829424 0.1356288 -0.1018717 0.8480262 0.520071 0.4457323 0.8638448 0.2347229 0.6901373 0.65446 -0.3088573 0.5056749 0.5494396 0.6651384 0.1128303 0.990569 -0.07773298 0.08304286 0.4291616 0.8994022 0.01049858 0.3680002 0.9297665 0.608646 0.7498891 -0.2592613 0.143103 0.1294 0.9812121 0.01406919 0.5663096 0.8240726 0.02795523 0.1436216 0.9892378 0 0.3957086 0.9183761 -0.02795523 0.1436216 0.9892378 0 0.01901304 0.9998193 0.02801632 0.8255361 0.5636535 0 0.7680788 0.6403556 -0.02801632 0.8255361 0.5636535 -0.01406919 0.5663096 0.8240726 0.3121819 0.9045919 -0.290269 -0.3121819 0.9045919 -0.290269 0.4383209 0.03021425 0.8983106 0.3670548 0.3358641 0.8674481 0.7296695 0 0.6838 0.6526935 0.284901 0.7020133 0.9978889 0 -0.06494498 0.8787893 0.4023435 -0.2566111 0.926248 0.262615 0.2703667 0.4810498 0.8137745 0.3261324 0.8059889 0.5450474 -0.2308798 0.940214 0.3195391 0.1178662 0.9120913 -0.05664324 -0.4060555 0.8906024 0.3758097 -0.2561146 0.7547092 -0.2559645 -0.6040664 0.986643 -0.00677514 -0.1627569 0.7149972 0 -0.6991274 -0.9120913 -0.05664324 -0.4060555 -0.7547092 -0.2559645 -0.6040664 -0.8906024 0.3758097 -0.2561146 -0.986643 -0.00677514 -0.1627569 -0.9402176 0.3195299 0.1178629 -0.8059995 0.5450339 -0.2308741 -0.4810733 0.8137624 0.3261275 -0.7149972 0 -0.6991274 -0.1150273 -0.768171 0.629827 0.8163806 -0.4424935 0.3711098 -0.8120311 -0.5834099 -0.01544278 -0.2365528 -0.1555249 -0.9590906 -0.1180466 -0.2412204 -0.9632641 -0.4964277 -0.8599131 -0.1187813 0.05337762 -0.925579 -0.3747728 -0.2638723 -0.4785776 -0.8374575 0.4175084 0.02826112 -0.9082335 -0.07986879 0.1312937 -0.988121 -0.2997601 0.5620731 0.7708553 -0.7611235 0.4940177 0.4202827 -0.9055022 0.356036 -0.2308771 0 0 -1 0.1482949 -0.3595519 -0.921266 -0.047365 0.1836615 0.9818478</float_array>
          <technique_common>
            <accessor source="#Cube_003-mesh-normals-array" count="2000" stride="3">
              <param name="X" type="float"/>
              <param name="Y" type="float"/>
              <param name="Z" type="float"/>
            </accessor>
          </technique_common>
        </source>
        <source id="Cube_003-mesh-map-0">
          <float_array id="Cube_003-mesh-map-0-array" count="22296">0.6506864 0.9298816 0.6580516 0.9517551 0.6460244 0.9338433 0.6635923 0.9485694 0.6562669 0.9254333 0.6691329 0.9447478 0.6635923 0.9485694 0.6695085 0.9747557 0.6580516 0.9517551 0.6635923 0.9485694 0.6819515 0.9646614 0.6764221 0.9710049 0.5010338 0.9569196 0.5120339 0.9288783 0.5185033 0.9348834 0.5347941 0.9200841 0.5120339 0.9288783 0.5306138 0.913599 0.5185033 0.9348834 0.5383995 0.9252796 0.5233752 0.9395699 0.5010338 0.9569196 0.5233752 0.9395699 0.5083481 0.9622958 0.5383995 0.9252796 0.5309461 0.9457734 0.5233752 0.9395699 0.5083481 0.9622958 0.5309461 0.9457734 0.5204635 0.9669929 0.5440259 0.932055 0.5414927 0.9528757 0.5309461 0.9457734 0.5204635 0.9669929 0.5414927 0.9528757 0.5359242 0.9700852 0.5516487 0.9407489 0.5549404 0.9603614 0.5414927 0.9528757 0.5359242 0.9700852 0.5549404 0.9603614 0.5513848 0.9709668 0.5614823 0.9514219 0.5733986 0.9707705 0.5549404 0.9603614 0.5513848 0.9709668 0.5733986 0.9707705 0.5714892 0.9762206 0.5733986 0.9707705 0.5766677 0.9664195 0.5824704 0.9738827 0.5714892 0.9762206 0.5733986 0.9707705 0.5810219 0.9772288 0.5867866 0.9610068 0.5925502 0.9603859 0.5899695 0.9691431 0.5812556 0.9630877 0.5867866 0.9610068 0.5871901 0.9697767 0.5925502 0.9603859 0.5978571 0.9612852 0.5931198 0.9693025 0.5978571 0.9612852 0.6025189 0.9636328 0.5964579 0.9703766 0.6025189 0.9636328 0.6064985 0.9673619 0.5993337 0.9721211 0.6064985 0.9673619 0.609501 0.9721619 0.6013413 0.9742029 0.609501 0.9721619 0.6112084 0.9774067 0.6025489 0.9767197 0.5766677 0.9664195 0.5812556 0.9630877 0.5847092 0.9713366 0.5709089 0.9446849 0.5766677 0.9664195 0.5614823 0.9514219 0.5820035 0.9401326 0.5812556 0.9630877 0.5709089 0.9446849 0.5648483 0.9325926 0.5614823 0.9514219 0.5516487 0.9407489 0.579794 0.9275748 0.5709089 0.9446849 0.5648483 0.9325926 0.5599964 0.922733 0.5516487 0.9407489 0.5440259 0.932055 0.5779523 0.9171937 0.5648483 0.9325926 0.5599964 0.922733 0.5563185 0.9150955 0.5440259 0.932055 0.5383995 0.9252796 0.5765836 0.9092473 0.5599964 0.922733 0.5563185 0.9150955 0.5347941 0.9200841 0.5563185 0.9150955 0.5383995 0.9252796 0.5753773 0.9032582 0.5563185 0.9150955 0.5539404 0.9093869 0.5539404 0.9093869 0.5306138 0.913599 0.5514915 0.9026715 0.5753773 0.9032582 0.5514915 0.9026715 0.5740596 0.8969177 0.5753773 0.9032582 0.5969869 0.8943905 0.5970749 0.9016692 0.5970749 0.9016692 0.6200563 0.8976788 0.6175022 0.9056133 0.5970749 0.9016692 0.5765836 0.9092473 0.5753773 0.9032582 0.6175022 0.9056133 0.5968657 0.9076923 0.5970749 0.9016692 0.5765836 0.9092473 0.5960114 0.915863 0.5779523 0.9171937 0.5968657 0.9076923 0.6128261 0.9190462 0.5960114 0.915863 0.5779523 0.9171937 0.5949711 0.9264923 0.579794 0.9275748 0.5960114 0.915863 0.6091262 0.9291649 0.5949711 0.9264923 0.579794 0.9275748 0.5937045 0.9399098 0.5820035 0.9401326 0.5949711 0.9264923 0.6041626 0.9424602 0.5937045 0.9399098 0.5820035 0.9401326 0.5925502 0.9603859 0.5867866 0.9610068 0.5937045 0.9399098 0.5978571 0.9612852 0.5925502 0.9603859 0.6215299 0.9356873 0.6041626 0.9424602 0.6091262 0.9291649 0.613641 0.9468374 0.5978571 0.9612852 0.6041626 0.9424602 0.6319087 0.9461812 0.613641 0.9468374 0.6215299 0.9356873 0.6217764 0.9543204 0.6025189 0.9636328 0.613641 0.9468374 0.6274712 0.9268968 0.6091262 0.9291649 0.6128261 0.9190462 0.6399462 0.9393078 0.6215299 0.9356873 0.6274712 0.9268968 0.6319296 0.9201338 0.6128261 0.9190462 0.6156756 0.9112483 0.6460244 0.9338433 0.6274712 0.9268968 0.6319296 0.9201338 0.6352884 0.9152196 0.6156756 0.9112483 0.6175022 0.9056133 0.6506864 0.9298816 0.6319296 0.9201338 0.6352884 0.9152196 0.6352884 0.9152196 0.6200563 0.8976788 0.6398518 0.9092726 0.6506864 0.9298816 0.6398518 0.9092726 0.6562669 0.9254333 0.6580516 0.9517551 0.6399462 0.9393078 0.6460244 0.9338433 0.6503608 0.9555993 0.6319087 0.9461812 0.6399462 0.9393078 0.6580516 0.9517551 0.6581789 0.9768775 0.6503608 0.9555993 0.6503608 0.9555993 0.6441755 0.9771828 0.6401025 0.9598091 0.6401025 0.9598091 0.6217764 0.9543204 0.6319087 0.9461812 0.6401025 0.9598091 0.6301776 0.9747093 0.6280745 0.9639973 0.6280745 0.9639973 0.6064985 0.9673619 0.6217764 0.9543204 0.6280745 0.9639973 0.6112084 0.9774067 0.609501 0.9721619 0.3178177 0.01511824 0.3249967 0.02084797 0.3209109 0.02195805 0.3220981 0.01214766 0.3281361 0.02032327 0.3249967 0.02084797 0.3198608 0.03153169 0.3249967 0.02084797 0.3237016 0.03393191 0.3237016 0.03393191 0.3281361 0.02032327 0.3264608 0.03534042 0.3190943 0.04190737 0.3264608 0.03534042 0.3209985 0.0443319 0.3190943 0.04190737 0.3122274 0.04796004 0.3110016 0.04496109 0.3110016 0.04496109 0.3154956 0.03752642 0.3190943 0.04190737 0.3154956 0.03752642 0.3237016 0.03393191 0.3190943 0.04190737 0.3082134 0.04077732 0.3136187 0.0352202 0.3154956 0.03752642 0.3198608 0.03153169 0.3136187 0.0352202 0.3171052 0.03026837 0.3209109 0.02195805 0.3171052 0.03026837 0.3179832 0.02240037 0.3178177 0.01511824 0.3179832 0.02240037 0.3153986 0.01676768 0.3113322 0.01057296 0.3153986 0.01676768 0.3097634 0.01297742 0.3146603 0.007366895 0.3178177 0.01511824 0.3113322 0.01057296 0.3113322 0.01057296 0.3051297 0.005582511 0.3146603 0.007366895 0.3049004 0.009229958 0.3097634 0.01297742 0.3044101 0.01196038 0.2982906 0.009279906 0.3051297 0.005582511 0.3049004 0.009229958 0.3044101 0.01196038 0.2982906 0.009279906 0.3049004 0.009229958 0.2915198 0.01269489 0.2955842 0.005700588 0.2982906 0.009279906 0.2982906 0.009279906 0.2932819 0.01455932 0.2915198 0.01269489 0.2932819 0.01455932 0.2877745 0.01920998 0.2915198 0.01269489 0.2877745 0.01920998 0.2905419 0.02822333 0.2880607 0.02912127 0.2915198 0.01269489 0.2839336 0.01756721 0.2877851 0.009246408 0.2844042 0.03045254 0.2877745 0.01920998 0.2880607 0.02912127 0.2844042 0.03045254 0.290634 0.03585422 0.2869623 0.03858637 0.2880607 0.02912127 0.2927172 0.03412282 0.290634 0.03585422 0.2869623 0.03858637 0.2815461 0.03101444 0.2844042 0.03045254 0.2815461 0.03101444 0.2839336 0.01756721 0.2844042 0.03045254 0.2811747 0.01673811 0.2877851 0.009246408 0.2839336 0.01756721 0.2877851 0.009246408 0.2941476 0.003245592 0.2955842 0.005700588 0.2955842 0.005700588 0.3051117 0.002744674 0.3051297 0.005582511 0.3146603 0.007366895 0.3051117 0.002744674 0.3160908 0.004788756 0.3220981 0.01214766 0.3160908 0.004788756 0.3244328 0.01035344 0.2912881 0.04536503 0.2869623 0.03858637 0.2927456 0.04300212 0.3010555 0.0479601 0.2927456 0.04300212 0.3010665 0.04473537 0.2927456 0.04300212 0.290634 0.03585422 0.2956994 0.0401116 0.3010665 0.04473537 0.2956994 0.0401116 0.3014777 0.04127228 0.3082134 0.04077732 0.3010665 0.04473537 0.3014777 0.04127228 0.3110016 0.04496109 0.3010555 0.0479601 0.3010665 0.04473537 0.3082134 0.04077732 0.3021323 0.03855443 0.3075193 0.03790283 0.2972182 0.03776425 0.3014777 0.04127228 0.2956994 0.0401116 0.2927172 0.03412282 0.2956994 0.0401116 0.290634 0.03585422 0.05808514 0.006828546 0.06222879 0.0145322 0.05910754 0.01382189 0.05557757 0.002932667 0.05808514 0.006828546 0.05604422 0.00672239 0.05679011 0.01342612 0.05808514 0.006828546 0.05910754 0.01382189 0.05910754 0.01382189 0.05689507 0.02241194 0.05679011 0.01342612 0.06222879 0.0145322 0.05928462 0.02269691 0.05910754 0.01382189 0.05851727 0.03076809 0.06304049 0.0247451 0.06116157 0.03508365 0.05851727 0.03076809 0.05550456 0.03508365 0.05626291 0.0305041 0.05626291 0.0305041 0.0517953 0.03148335 0.05448359 0.02815872 0.05626291 0.0305041 0.05928462 0.02269691 0.05851727 0.03076809 0.05448359 0.02815872 0.05689507 0.02241194 0.05626291 0.0305041 0.05679011 0.01342612 0.05464041 0.02173095 0.05486267 0.01284021 0.05464041 0.02173095 0.05176234 0.01330256 0.05486267 0.01284021 0.05448359 0.02815872 0.05139821 0.02337872 0.05464041 0.02173095 0.05474036 0.008239984 0.05176234 0.01330256 0.05181998 0.006152451 0.05181998 0.006152451 0.05604422 0.00672239 0.05474036 0.008239984 0.05474036 0.008239984 0.05679011 0.01342612 0.05486267 0.01284021 0.6919153 0.1041217 0.6664353 0.1167922 0.672268 0.09799408 0.6664353 0.1167922 0.6535198 0.09369504 0.672268 0.09799408 0.6585856 0.1371324 0.649654 0.1117648 0.6664353 0.1167922 0.6838346 0.1240426 0.6585856 0.1371324 0.6664353 0.1167922 0.6865641 0.1552286 0.6838346 0.1240426 0.7023481 0.1342603 0.7137788 0.1123691 0.6838346 0.1240426 0.6919153 0.1041217 0.6997931 0.1696609 0.7023481 0.1342603 0.7224212 0.1490859 0.7224212 0.1490859 0.7137788 0.1123691 0.7394006 0.1240459 0.710961 0.1897618 0.7224212 0.1490859 0.7442814 0.1719874 0.7442814 0.1719874 0.7394006 0.1240459 0.7722223 0.1424546 0.5207525 0.1792367 0.4860111 0.1957988 0.4956995 0.1691705 0.4956995 0.1691705 0.4503648 0.1842954 0.471555 0.1532675 0.508994 0.149778 0.5207525 0.1792367 0.4956995 0.1691705 0.508994 0.149778 0.471555 0.1532675 0.491743 0.1327272 0.5386113 0.1516928 0.508994 0.149778 0.5236604 0.135555 0.5110079 0.1182637 0.508994 0.149778 0.491743 0.1327272 0.5502386 0.1424008 0.5236604 0.135555 0.5388821 0.1250618 0.5388821 0.1250618 0.5110079 0.1182637 0.5295599 0.1077675 0.5543521 0.1174134 0.5502386 0.1424008 0.5388821 0.1250618 0.5543521 0.1174134 0.5295599 0.1077675 0.5476268 0.1001606 0.575765 0.1306361 0.5543521 0.1174134 0.5699512 0.1120637 0.5653787 0.09484112 0.5543521 0.1174134 0.5476268 0.1001606 0.5856367 0.1086711 0.575765 0.1306361 0.5699512 0.1120637 0.58294 0.09144777 0.5699512 0.1120637 0.5653787 0.09484112 0.6014045 0.1070236 0.5891516 0.1275963 0.5856367 0.1086711 0.6014045 0.1070236 0.58294 0.09144777 0.6004109 0.08975201 0.6165677 0.1264503 0.6014045 0.1070236 0.6172809 0.107001 0.6178949 0.08960705 0.6014045 0.1070236 0.6004109 0.08975201 0.6333273 0.1085636 0.6165677 0.1264503 0.6172809 0.107001 0.6355277 0.09092801 0.6172809 0.107001 0.6178949 0.08960705 0.649654 0.1117648 0.6304851 0.1282677 0.6333273 0.1085636 0.649654 0.1117648 0.6355277 0.09092801 0.6535198 0.09369504 0.6376724 0.07274115 0.6178949 0.08960705 0.6187196 0.07159483 0.6569166 0.07505631 0.6355277 0.09092801 0.6376724 0.07274115 0.6767414 0.07838749 0.6535198 0.09369504 0.6569166 0.07505631 0.6596981 0.05527156 0.6376724 0.07274115 0.6395089 0.05327737 0.6767414 0.07838749 0.6596981 0.05527156 0.6803592 0.05793428 0.6980965 0.08310276 0.672268 0.09799408 0.6767414 0.07838749 0.6980965 0.08310276 0.6803592 0.05793428 0.7021331 0.06092405 0.6803592 0.05793428 0.6616085 0.03567266 0.6825544 0.03794234 0.7021331 0.06092405 0.6825544 0.03794234 0.7040221 0.03999841 0.7258499 0.0635671 0.6980965 0.08310276 0.7021331 0.06092405 0.7258499 0.0635671 0.7040221 0.03999841 0.7265239 0.04096949 0.7530883 0.064763 0.7217944 0.08847284 0.7258499 0.0635671 0.7530883 0.064763 0.7265239 0.04096949 0.7507719 0.03938388 0.7871862 0.1021621 0.7530883 0.064763 0.7866053 0.06214696 0.7866053 0.06214696 0.7507719 0.03938388 0.7773463 0.0325728 0.4491679 0.1285443 0.3910018 0.1111875 0.4325546 0.09630876 0.4240983 0.06359839 0.3910018 0.1111875 0.3849205 0.06783592 0.4763178 0.1106412 0.4325546 0.09630876 0.4639095 0.08400714 0.4639095 0.08400714 0.4240983 0.06359839 0.4556276 0.05673158 0.499869 0.09779608 0.4639095 0.08400714 0.4903954 0.07413238 0.4831127 0.04982417 0.4639095 0.08400714 0.4556276 0.05673158 0.514272 0.06634491 0.499869 0.09779608 0.4903954 0.07413238 0.514272 0.06634491 0.4831127 0.04982417 0.5082771 0.04376155 0.5418526 0.08134073 0.514272 0.06634491 0.5366376 0.06041336 0.5366376 0.06041336 0.5082771 0.04376155 0.5320203 0.03889793 0.5615588 0.07643318 0.5366376 0.06041336 0.5580677 0.05617028 0.5548277 0.03536403 0.5366376 0.06041336 0.5320203 0.03889793 0.5788857 0.05347573 0.5615588 0.07643318 0.5580677 0.05617028 0.5769679 0.03317457 0.5580677 0.05617028 0.5548277 0.03536403 0.599827 0.07173699 0.5788857 0.05347573 0.5992934 0.05219554 0.5992934 0.05219554 0.5769679 0.03317457 0.5985991 0.03226822 0.6194466 0.05218505 0.599827 0.07173699 0.5992934 0.05219554 0.6194466 0.05218505 0.5985991 0.03226822 0.6198334 0.03252089 0.6376724 0.07274115 0.6194466 0.05218505 0.6395089 0.05327737 0.6395089 0.05327737 0.6198334 0.03252089 0.6407841 0.0337435 0.6616085 0.03567266 0.6395089 0.05327737 0.6407841 0.0337435 0.6634323 0.007987022 0.6407841 0.0337435 0.6419525 0.005489587 0.6407841 0.0337435 0.619886 0.003635287 0.6419525 0.005489587 0.6843776 0.01067954 0.6616085 0.03567266 0.6634323 0.007987022 0.7040221 0.03999841 0.6843776 0.01067954 0.7048949 0.01292693 0.7250817 0.01383 0.7040221 0.03999841 0.7048949 0.01292693 0.7449151 0.01211124 0.7265239 0.04096949 0.7250817 0.01383 0.7773463 0.0325728 0.7449151 0.01211124 0.7637357 0.006004869 0.4202274 0.02337038 0.3849205 0.06783592 0.3908903 0.02292007 0.4556276 0.05673158 0.4202274 0.02337038 0.4482505 0.0200932 0.4750058 0.01553899 0.4556276 0.05673158 0.4482505 0.0200932 0.5007753 0.01101195 0.4831127 0.04982417 0.4750058 0.01553899 0.5320203 0.03889793 0.5007753 0.01101195 0.5257858 0.007206261 0.5548277 0.03536403 0.5257858 0.007206261 0.5501685 0.004478812 0.5769679 0.03317457 0.5501685 0.004478812 0.5739789 0.002983152 0.5972234 0.002733707 0.5769679 0.03317457 0.5739789 0.002983152 0.619886 0.003635287 0.5985991 0.03226822 0.5972234 0.002733707 0.6178949 0.08960705 0.599827 0.07173699 0.6187196 0.07159483 0.6004109 0.08975201 0.5808238 0.07329839 0.599827 0.07173699 0.5808238 0.07329839 0.5653787 0.09484112 0.5615588 0.07643318 0.5653787 0.09484112 0.5418526 0.08134073 0.5615588 0.07643318 0.5476268 0.1001606 0.5214386 0.08830761 0.5418526 0.08134073 0.5295599 0.1077675 0.499869 0.09779608 0.5214386 0.08830761 0.5110079 0.1182637 0.4763178 0.1106412 0.499869 0.09779608 0.4763178 0.1106412 0.471555 0.1532675 0.4491679 0.1285443 0.4491679 0.1285443 0.4503648 0.1842954 0.4146389 0.1551625 0.7871862 0.1021621 0.7394006 0.1240459 0.7500106 0.09479558 0.7500106 0.09479558 0.7137788 0.1123691 0.7217944 0.08847284 0.7217944 0.08847284 0.6919153 0.1041217 0.6980965 0.08310276 0.6368276 0.1562806 0.6304851 0.1282677 0.6445016 0.1317621 0.6260882 0.1529436 0.6165677 0.1264503 0.6304851 0.1282677 0.6165677 0.1264503 0.6043651 0.1503716 0.6027759 0.1262259 0.6027759 0.1262259 0.5936645 0.1510803 0.5891516 0.1275963 0.5891516 0.1275963 0.5832691 0.1531383 0.575765 0.1306361 0.5832691 0.1531383 0.5627309 0.1354933 0.575765 0.1306361 0.5627309 0.1354933 0.5642025 0.1615308 0.5502386 0.1424008 0.5502386 0.1424008 0.5561248 0.1680162 0.5386113 0.1516928 0.5386113 0.1516928 0.5496227 0.17609 0.5284272 0.1638114 0.5284272 0.1638114 0.5453769 0.185643 0.5207525 0.1792367 0.5453769 0.185643 0.5175017 0.1980944 0.5207525 0.1792367 0.710961 0.1897618 0.6734414 0.1856914 0.6997931 0.1696609 0.6997931 0.1696609 0.6660621 0.1756426 0.6865641 0.1552286 0.6865641 0.1552286 0.6571288 0.1674895 0.6726574 0.1447445 0.6726574 0.1447445 0.6472578 0.1610868 0.6585856 0.1371324 0.6472578 0.1610868 0.6445016 0.1317621 0.6585856 0.1371324 0.5668129 0.1906366 0.5708727 0.2072467 0.5644727 0.2063621 0.5644727 0.2063621 0.5688585 0.2247923 0.5617888 0.2237028 0.5617888 0.2237028 0.5665087 0.2425962 0.5593882 0.2416363 0.5593882 0.2416363 0.5642331 0.2584051 0.5582734 0.2581507 0.5582734 0.2581507 0.564296 0.2727425 0.5583868 0.2731605 0.5583868 0.2731605 0.567346 0.2869077 0.5610927 0.288204 0.5770549 0.162292 0.5761991 0.177797 0.5705071 0.1758372 0.5705071 0.1758372 0.5728672 0.1916292 0.5668129 0.1906366 0.5823121 0.1648336 0.5836917 0.1805717 0.5761991 0.177797 0.5761991 0.177797 0.5822664 0.193555 0.5728672 0.1916292 0.6015927 0.1748179 0.5836917 0.1805717 0.5877181 0.1703317 0.5986461 0.1841399 0.5822664 0.193555 0.5836917 0.1805717 0.5986461 0.1841399 0.6190037 0.1811788 0.6149852 0.1902021 0.6149852 0.1902021 0.595867 0.1952345 0.5986461 0.1841399 0.6190037 0.1811788 0.6294472 0.1968358 0.6149852 0.1902021 0.6149852 0.1902021 0.6241254 0.2062441 0.6102252 0.1997835 0.6294472 0.1968358 0.6484848 0.1958487 0.644158 0.2049636 0.644158 0.2049636 0.6241254 0.2062441 0.6294472 0.1968358 0.644158 0.2049636 0.6606111 0.2010786 0.6576159 0.2106446 0.6576159 0.2106446 0.6400147 0.2141103 0.644158 0.2049636 0.6753866 0.2042373 0.6576159 0.2106446 0.6606111 0.2010786 0.6739804 0.2139275 0.6550175 0.2195633 0.6576159 0.2106446 0.6739804 0.2139275 0.696194 0.2071206 0.6956267 0.2170561 0.6956267 0.2170561 0.6730642 0.2226685 0.6739804 0.2139275 0.6956267 0.2170561 0.7196761 0.2097593 0.7180746 0.2196084 0.7180746 0.2196084 0.6959452 0.2257699 0.6956267 0.2170561 0.7196761 0.2097593 0.7390635 0.2235309 0.7180746 0.2196084 0.7180746 0.2196084 0.7366809 0.231633 0.7165682 0.2284373 0.741277 0.2139105 0.7577335 0.226455 0.7390635 0.2235309 0.7390635 0.2235309 0.7570948 0.234466 0.7366809 0.231633 0.7577335 0.226455 0.7794826 0.2180989 0.7792382 0.2277655 0.7792382 0.2277655 0.7570948 0.234466 0.7577335 0.226455 0.7974076 0.2195039 0.7792382 0.2277655 0.7794826 0.2180989 0.7971924 0.2293085 0.7794927 0.2362669 0.7792382 0.2277655 0.7971924 0.2293085 0.8174839 0.2212259 0.8161973 0.2307867 0.7971924 0.2293085 0.8151478 0.2390155 0.7976984 0.2382608 0.8174839 0.2212259 0.8334878 0.2337231 0.8161973 0.2307867 0.8161973 0.2307867 0.831547 0.2410448 0.8151478 0.2390155 0.8507511 0.2400458 0.8360992 0.2259982 0.8536719 0.2343268 0.8334878 0.2337231 0.8482655 0.2457173 0.831547 0.2410448 0.8151478 0.2390155 0.830112 0.2486979 0.8141134 0.2468841 0.831547 0.2410448 0.8462885 0.2519029 0.830112 0.2486979 0.8482655 0.2457173 0.860159 0.2551413 0.8462885 0.2519029 0.8507511 0.2400458 0.862762 0.2506605 0.8482655 0.2457173 0.862762 0.2506605 0.8750099 0.2597923 0.860159 0.2551413 0.8657542 0.2468143 0.8764814 0.2578092 0.862762 0.2506605 0.8750099 0.2597923 0.8764814 0.2578092 0.8841441 0.2636401 0.8764814 0.2578092 0.8782522 0.2563083 0.8841441 0.2636401 0.8782522 0.2563083 0.8801949 0.2549464 0.8841441 0.2636401 0.8688437 0.2430514 0.8782522 0.2563083 0.8657542 0.2468143 0.8782141 0.2711244 0.8766574 0.269334 0.8841441 0.2636401 0.8643287 0.2799295 0.8766574 0.269334 0.8782141 0.2711244 0.8475003 0.2847362 0.8622381 0.2755326 0.8643287 0.2799295 0.8536719 0.2343268 0.8657542 0.2468143 0.8507511 0.2400458 0.8460453 0.2784816 0.8284372 0.2885795 0.8277668 0.2804527 0.8450013 0.2723778 0.8277668 0.2804527 0.8276495 0.2728791 0.8460453 0.2784816 0.8602623 0.2710781 0.8622381 0.2755326 0.8276495 0.2728791 0.8445751 0.2658981 0.8450013 0.2723778 0.8450013 0.2723778 0.8588171 0.2661015 0.8602623 0.2710781 0.8602623 0.2710781 0.8743514 0.2651709 0.8753009 0.2674503 0.8622381 0.2755326 0.8753009 0.2674503 0.8766574 0.269334 0.8753009 0.2674503 0.8743514 0.2651709 0.8841441 0.2636401 0.8766574 0.269334 0.8753009 0.2674503 0.8841441 0.2636401 0.8743514 0.2651709 0.8742164 0.2624247 0.8841441 0.2636401 0.8588171 0.2661015 0.8742164 0.2624247 0.8743514 0.2651709 0.8742164 0.2624247 0.8750099 0.2597923 0.8841441 0.2636401 0.860159 0.2551413 0.8742164 0.2624247 0.8587073 0.2605259 0.8462885 0.2519029 0.8587073 0.2605259 0.8450798 0.2588574 0.8445751 0.2658981 0.8587073 0.2605259 0.8588171 0.2661015 0.8450798 0.2588574 0.830112 0.2486979 0.8462885 0.2519029 0.8281033 0.2651057 0.8450798 0.2588574 0.8445751 0.2658981 0.8141134 0.2468841 0.8290611 0.2568961 0.8131033 0.2549424 0.8121396 0.2630066 0.8290611 0.2568961 0.8281033 0.2651057 0.7978079 0.246002 0.8131033 0.2549424 0.7972578 0.2530025 0.8131033 0.2549424 0.7961029 0.2599292 0.7972578 0.2530025 0.7790815 0.2507773 0.7978079 0.246002 0.7972578 0.2530025 0.7790815 0.2507773 0.7961029 0.2599292 0.7778417 0.2576866 0.7557619 0.2479223 0.7795451 0.2437729 0.7790815 0.2507773 0.7557619 0.2479223 0.7778417 0.2576866 0.7548893 0.2544928 0.7347999 0.23861 0.7557619 0.2479223 0.7335703 0.2452054 0.7331725 0.2519026 0.7557619 0.2479223 0.7548893 0.2544928 0.715374 0.2360318 0.7335703 0.2452054 0.7144631 0.242866 0.7335703 0.2452054 0.7136983 0.2497181 0.7144631 0.242866 0.6957335 0.2405728 0.715374 0.2360318 0.7144631 0.242866 0.6957335 0.2405728 0.7136983 0.2497181 0.6944131 0.2476043 0.6716943 0.2376287 0.6961487 0.2334305 0.6957335 0.2405728 0.6716943 0.2376287 0.6944131 0.2476043 0.6706073 0.2447956 0.6522224 0.2352423 0.6723693 0.2304115 0.6716943 0.2376287 0.6522224 0.2352423 0.6706073 0.2447956 0.6513621 0.242905 0.6347774 0.2331009 0.6532387 0.2275993 0.6522224 0.2352423 0.6347774 0.2331009 0.6513621 0.242905 0.6342937 0.2429387 0.6145628 0.2306098 0.6366884 0.2234408 0.6347774 0.2331009 0.6145628 0.2306098 0.6342937 0.2429387 0.6151455 0.2444288 0.6046516 0.2122756 0.6145628 0.2306098 0.6006684 0.2288843 0.6145628 0.2306098 0.600475 0.2460011 0.6006684 0.2288843 0.5910389 0.2276755 0.6046516 0.2122756 0.6006684 0.2288843 0.5910389 0.2276755 0.600475 0.2460011 0.5887094 0.2456293 0.5822867 0.226558 0.5931693 0.2097774 0.5910389 0.2276755 0.5822867 0.226558 0.5887094 0.2456293 0.5780722 0.2436156 0.5665087 0.2425962 0.5822867 0.226558 0.5780722 0.2436156 0.5708727 0.2072467 0.5822867 0.226558 0.5688585 0.2247923 0.5642331 0.2584051 0.5780722 0.2436156 0.5740187 0.2588056 0.5780722 0.2436156 0.5877583 0.2604594 0.5740187 0.2588056 0.5740187 0.2588056 0.58779 0.2719319 0.5723072 0.2718133 0.564296 0.2727425 0.5740187 0.2588056 0.5723072 0.2718133 0.5887094 0.2456293 0.6028528 0.2595077 0.5877583 0.2604594 0.5877583 0.2604594 0.6051616 0.2699768 0.58779 0.2719319 0.6151455 0.2444288 0.6028528 0.2595077 0.600475 0.2460011 0.6179304 0.2565951 0.6051616 0.2699768 0.6028528 0.2595077 0.6151455 0.2444288 0.6352657 0.2528019 0.6179304 0.2565951 0.6179304 0.2565951 0.6370778 0.2626852 0.6208244 0.2670248 0.6342937 0.2429387 0.6511474 0.2511345 0.6352657 0.2528019 0.6352657 0.2528019 0.6515159 0.2604197 0.6370778 0.2626852 0.6513621 0.242905 0.6694127 0.2524782 0.6511474 0.2511345 0.6511474 0.2511345 0.6681924 0.2611832 0.6515159 0.2604197 0.6706073 0.2447956 0.6923673 0.2549895 0.6694127 0.2524782 0.6694127 0.2524782 0.689956 0.2633695 0.6681924 0.2611832 0.6944131 0.2476043 0.7130252 0.2573765 0.6923673 0.2549895 0.6923673 0.2549895 0.7123571 0.2663083 0.689956 0.2633695 0.7331725 0.2519026 0.7130252 0.2573765 0.7136983 0.2497181 0.7333149 0.2591272 0.7123571 0.2663083 0.7130252 0.2573765 0.7548893 0.2544928 0.7333149 0.2591272 0.7331725 0.2519026 0.7538092 0.2613028 0.7336726 0.2675648 0.7333149 0.2591272 0.7548893 0.2544928 0.7759802 0.2649583 0.7538092 0.2613028 0.7538092 0.2613028 0.7736822 0.2731471 0.7524965 0.2692311 0.7778417 0.2576866 0.7941291 0.2674151 0.7759802 0.2649583 0.7759802 0.2649583 0.7914783 0.2759811 0.7736822 0.2731471 0.8121396 0.2630066 0.7941291 0.2674151 0.7961029 0.2599292 0.8112451 0.2708925 0.7914783 0.2759811 0.7941291 0.2674151 0.8112451 0.2708925 0.8281033 0.2651057 0.8276495 0.2728791 0.8102785 0.2791313 0.8276495 0.2728791 0.8277668 0.2804527 0.7914783 0.2759811 0.8092206 0.2887201 0.789322 0.2855479 0.8092206 0.2887201 0.8277668 0.2804527 0.8284372 0.2885795 0.7736822 0.2731471 0.789322 0.2855479 0.7715874 0.2825871 0.7524965 0.2692311 0.7715874 0.2825871 0.7511065 0.2788905 0.7335 0.2774354 0.7524965 0.2692311 0.7511065 0.2788905 0.7115354 0.2762529 0.7336726 0.2675648 0.7335 0.2774354 0.689956 0.2633695 0.7115354 0.2762529 0.6881096 0.273149 0.6681924 0.2611832 0.6881096 0.273149 0.6672194 0.2709279 0.6515159 0.2604197 0.6672194 0.2709279 0.6521149 0.2704294 0.6370778 0.2626852 0.6521149 0.2704294 0.6390787 0.2725821 0.6208244 0.2670248 0.6390787 0.2725821 0.6231774 0.2766499 0.6068905 0.2797203 0.6208244 0.2670248 0.6231774 0.2766499 0.58779 0.2719319 0.6068905 0.2797203 0.5884256 0.2817118 0.5723072 0.2718133 0.5884256 0.2817118 0.5738776 0.2827882 0.567346 0.2869077 0.5723072 0.2718133 0.5738776 0.2827882 0.5728672 0.1916292 0.5823667 0.2091401 0.5708727 0.2072467 0.5823667 0.2091401 0.595867 0.1952345 0.5931693 0.2097774 0.5931693 0.2097774 0.6102252 0.1997835 0.6046516 0.2122756 0.6102252 0.1997835 0.6184819 0.2173584 0.6046516 0.2122756 0.6184819 0.2173584 0.6400147 0.2141103 0.6366884 0.2234408 0.6366884 0.2234408 0.6550175 0.2195633 0.6532387 0.2275993 0.6532387 0.2275993 0.6730642 0.2226685 0.6723693 0.2304115 0.6723693 0.2304115 0.6959452 0.2257699 0.6961487 0.2334305 0.6961487 0.2334305 0.7165682 0.2284373 0.715374 0.2360318 0.7165682 0.2284373 0.7347999 0.23861 0.715374 0.2360318 0.7366809 0.231633 0.7565002 0.2413353 0.7347999 0.23861 0.7565002 0.2413353 0.7794927 0.2362669 0.7795451 0.2437729 0.7795451 0.2437729 0.7976984 0.2382608 0.7978079 0.246002 0.7976984 0.2382608 0.8141134 0.2468841 0.7978079 0.246002 0.1978576 0.7695949 0.2260214 0.780958 0.1968477 0.7762473 0.1692717 0.767947 0.1968477 0.7762473 0.168945 0.7741875 0.1978576 0.7695949 0.1763352 0.7427005 0.2027854 0.7442486 0.2027854 0.7442486 0.2278183 0.7737337 0.1978576 0.7695949 0.1376377 0.7719511 0.1692717 0.767947 0.168945 0.7741875 0.1692717 0.767947 0.1494049 0.7409087 0.1763352 0.7427005 0.1766816 0.7364079 0.1494049 0.7409087 0.1496027 0.7347465 0.2033578 0.7373933 0.1763352 0.7427005 0.1766816 0.7364079 0.2363294 0.745203 0.2033578 0.7373933 0.236746 0.738485 0.2759061 0.7415726 0.236746 0.738485 0.2767406 0.7339354 0.2363294 0.745203 0.2697435 0.7787938 0.2278183 0.7737337 0.2759061 0.7415726 0.3099728 0.7820573 0.2697435 0.7787938 0.3166343 0.7393486 0.2759061 0.7415726 0.2767406 0.7339354 0.3156154 0.7467033 0.3385028 0.7858505 0.3099728 0.7820573 0.3514748 0.7479469 0.3156154 0.7467033 0.3166343 0.7393486 0.3797863 0.7535746 0.3500698 0.7553631 0.3514748 0.7479469 0.4070014 0.7593578 0.3788284 0.7610248 0.3797863 0.7535746 0.3500698 0.7553631 0.3716191 0.789965 0.3385028 0.7858505 0.3788284 0.7610248 0.400426 0.7939619 0.3716191 0.789965 0.3706791 0.7967693 0.400426 0.7939619 0.4000232 0.8003048 0.3387962 0.7917413 0.3716191 0.789965 0.3706791 0.7967693 0.3095047 0.7895784 0.3385028 0.7858505 0.3387962 0.7917413 0.2697435 0.7787938 0.3095047 0.7895784 0.2683701 0.7862783 0.2278183 0.7737337 0.2683701 0.7862783 0.2260214 0.780958 0.400426 0.7939619 0.4275516 0.8015087 0.4000232 0.8003048 0.4275516 0.8015087 0.4668645 0.7981193 0.4664626 0.8048654 0.4597278 0.7690961 0.4276782 0.7946784 0.4293633 0.7680346 0.4067835 0.7663223 0.4276782 0.7946784 0.400426 0.7939619 0.494255 0.7673724 0.4668645 0.7981193 0.4597278 0.7690961 0.4668645 0.7981193 0.4975208 0.799667 0.4664626 0.8048654 0.4975208 0.799667 0.5325009 0.7959457 0.5320979 0.8021745 0.5284278 0.7652014 0.49823 0.7933456 0.494255 0.7673724 0.5320979 0.8021745 0.5762336 0.7948589 0.5766822 0.801063 0.5762336 0.7948589 0.6213364 0.7955713 0.5766822 0.801063 0.5755217 0.7599249 0.6204936 0.7889543 0.5762336 0.7948589 0.5755217 0.7599249 0.5325009 0.7959457 0.5284278 0.7652014 0.6210851 0.7572866 0.6674615 0.7832326 0.6204936 0.7889543 0.6204936 0.7889543 0.6683639 0.7897915 0.6213364 0.7955713 0.6662884 0.7489104 0.7088718 0.7750999 0.6674615 0.7832326 0.6674615 0.7832326 0.7102411 0.7817794 0.6683639 0.7897915 0.7088718 0.7750999 0.75296 0.7712137 0.7102411 0.7817794 0.09702891 0.767795 0.1374059 0.7653805 0.1376377 0.7719511 0.1148868 0.7281976 0.1374059 0.7653805 0.09445631 0.7611299 0.7020429 0.7417787 0.7532469 0.7636958 0.7088718 0.7750999 0.7360634 0.7216845 0.7020429 0.7417787 0.7002829 0.7350043 0.1496027 0.7347465 0.1148868 0.7281976 0.1176444 0.7219355 0.7002829 0.7350043 0.6662884 0.7489104 0.6651484 0.7420808 0.6662884 0.7489104 0.6202765 0.7505949 0.6651484 0.7420808 0.6202765 0.7505949 0.5755217 0.7599249 0.5749295 0.7531759 0.5755217 0.7599249 0.5278941 0.7587783 0.5749295 0.7531759 0.5284278 0.7652014 0.4945085 0.7607911 0.5278941 0.7587783 0.494255 0.7673724 0.4603028 0.7623383 0.4945085 0.7607911 0.4603028 0.7623383 0.4293633 0.7680346 0.4293722 0.7611947 0.4293722 0.7611947 0.4067835 0.7663223 0.4070014 0.7593578 0.02796971 0.07627063 0.03961366 0.06875395 0.02996826 0.08084273 0.02192211 0.06501686 0.02796971 0.07627063 0.01522243 0.07949775 0.01522243 0.07949775 0.02996826 0.08084273 0.01435279 0.08410435 0.006268918 0.0768857 0.01435279 0.08410435 0.00274235 0.07957988 0.006268918 0.0768857 0.002803027 0.0634014 0.007873177 0.06377756 0.007873177 0.06377756 0.01522243 0.07949775 0.006268918 0.0768857 0.007075607 0.05043554 0.02192211 0.06501686 0.007873177 0.06377756 0.007075607 0.05043554 0.002803027 0.0634014 0.00274235 0.04962176 0.007075607 0.05043554 0.004287421 0.03735423 0.00980699 0.03790158 0.00980699 0.03790158 0.02535897 0.05208516 0.007075607 0.05043554 0.00980699 0.03790158 0.01114827 0.02736598 0.01589977 0.02858895 0.01877135 0.0209335 0.01114827 0.02736598 0.01475715 0.01779234 0.01589977 0.02858895 0.0276184 0.03922313 0.00980699 0.03790158 0.01877135 0.0209335 0.02886909 0.02954798 0.01589977 0.02858895 0.02886909 0.02954798 0.04148328 0.01896095 0.04109412 0.02897149 0.02886909 0.02954798 0.04125106 0.03776258 0.0276184 0.03922313 0.0276184 0.03922313 0.04272496 0.0536127 0.02535897 0.05208516 0.04125106 0.03776258 0.04578381 0.02782833 0.04647594 0.03932124 0.04272496 0.0536127 0.04647594 0.03932124 0.04799628 0.05526465 0.04272496 0.0536127 0.03961366 0.06875395 0.0355156 0.06620562 0.04148328 0.01896095 0.04578381 0.02782833 0.04109412 0.02897149 0.04010939 0.009260296 0.04618787 0.0152443 0.04148328 0.01896095 0.03048014 0.009810388 0.04148328 0.01896095 0.02888351 0.01945185 0.04010939 0.009260296 0.03113085 0.00273621 0.04089748 0.003145992 0.03048014 0.009810388 0.0215848 0.002858579 0.03113085 0.00273621 0.02128791 0.01023179 0.02888351 0.01945185 0.01877135 0.0209335 0.02128791 0.01023179 0.01475715 0.01779234 0.01633292 0.005448162 0.02535897 0.05208516 0.0355156 0.06620562 0.02192211 0.06501686 0.6549926 0.3039911 0.6797152 0.3163926 0.6610521 0.3241831 0.6760311 0.3398141 0.6797152 0.3163926 0.6980569 0.3230478 0.6475833 0.3589519 0.6610521 0.3241831 0.6760311 0.3398141 0.6610521 0.3241831 0.6420608 0.3086291 0.6549926 0.3039911 0.6213104 0.3337078 0.6196444 0.378074 0.5994147 0.3523278 0.6213104 0.3337078 0.5813826 0.3283445 0.6001793 0.3150879 0.6420608 0.3086291 0.6201953 0.2849177 0.6402224 0.2903591 0.6046223 0.2967043 0.6213104 0.3337078 0.6001793 0.3150879 0.8216016 0.6248191 0.8462648 0.6475535 0.8085266 0.6566244 0.7729311 0.6360675 0.8085266 0.6566244 0.7586644 0.6623604 0.7961682 0.6137 0.8216016 0.6248191 0.7729311 0.6360675 0.8128623 0.6079027 0.8451625 0.6226717 0.8216016 0.6248191 0.8459208 0.5993119 0.8232159 0.5830296 0.850092 0.5837202 0.5736256 0.3037037 0.6001793 0.3150879 0.5813826 0.3283445 0.850092 0.5837202 0.8282456 0.5664286 0.8522144 0.5665199 0.5736256 0.3037037 0.5577554 0.3333836 0.5544221 0.3074382 0.5994147 0.3523278 0.5577554 0.3333836 0.5813826 0.3283445 0.5577554 0.3333836 0.5165048 0.356991 0.532029 0.3303004 0.5544221 0.3074382 0.532029 0.3303004 0.5369968 0.3026543 0.5165048 0.356991 0.5101977 0.3116264 0.532029 0.3303004 0.5101977 0.3116264 0.5369968 0.3026543 0.532029 0.3303004 0.8535912 0.5395618 0.8361619 0.5171483 0.8528259 0.5173899 0.8522144 0.5665199 0.8313074 0.5486772 0.8535912 0.5395618 0.8361619 0.5171483 0.8214946 0.5343503 0.8215671 0.5110109 0.8215671 0.5110109 0.8037175 0.5221818 0.8104973 0.5131497 0.4929727 0.2862907 0.520067 0.2946918 0.5101977 0.3116264 0.8215671 0.5110109 0.8330007 0.4922307 0.8361619 0.5171483 0.4444862 0.3271598 0.4453464 0.3053052 0.4685605 0.3203145 0.81618 0.4932461 0.8104973 0.5131497 0.7968103 0.5048361 0.463249 0.2941753 0.4453464 0.3053052 0.4563426 0.2882819 0.4829137 0.2948299 0.463249 0.2941753 0.4754272 0.2793644 0.5101977 0.3116264 0.4829137 0.2948299 0.4929727 0.2862907 0.4753121 0.363882 0.5165048 0.356991 0.5055778 0.3872317 0.4685605 0.3203145 0.4450484 0.3465938 0.4444862 0.3271598 0.4754272 0.2793644 0.4563426 0.2882819 0.4712577 0.2731319 0.4754272 0.2793644 0.485512 0.2657026 0.4855952 0.2740811 0.4929727 0.2862907 0.4754272 0.2793644 0.4855952 0.2740811 0.8037175 0.5221818 0.7968103 0.5048361 0.8104973 0.5131497 0.4855952 0.2740811 0.5019531 0.2756066 0.4929727 0.2862907 0.4444862 0.3271598 0.4324904 0.3360543 0.4359011 0.3238523 0.4753121 0.363882 0.4393523 0.3663845 0.4450484 0.3465938 0.4254398 0.3567278 0.4450484 0.3465938 0.4393523 0.3663845 0.8516007 0.4915519 0.8361619 0.5171483 0.8330007 0.4922307 0.8516007 0.4915519 0.8687736 0.5136249 0.8528259 0.5173899 0.4254398 0.3567278 0.4237493 0.3797594 0.4131903 0.371721 0.8848222 0.4896524 0.8687736 0.5136249 0.8680047 0.4877915 0.4131903 0.371721 0.4090595 0.3920892 0.3979991 0.3834597 0.3979991 0.3834597 0.3894108 0.398451 0.378538 0.3914479 0.902547 0.5138163 0.8848222 0.4896524 0.9042513 0.4889219 0.4237493 0.3797594 0.4316326 0.4201928 0.4090595 0.3920892 0.4090595 0.3920892 0.4098805 0.4304511 0.3894108 0.398451 0.3894108 0.398451 0.3807213 0.4312623 0.363063 0.4034237 0.363063 0.4034237 0.378538 0.3914479 0.3894108 0.398451 0.3487396 0.4049093 0.3609098 0.3953171 0.363063 0.4034237 0.363063 0.4034237 0.3440319 0.4226123 0.3487396 0.4049093 0.9283916 0.5088515 0.9212238 0.489144 0.9383382 0.4983426 0.9042513 0.4889219 0.9164419 0.5106219 0.902547 0.5138163 0.902547 0.5138163 0.9211814 0.5304352 0.9119125 0.5448846 0.9365646 0.5176625 0.9164419 0.5106219 0.9283916 0.5088515 0.9365646 0.5176625 0.94205 0.5023956 0.9516476 0.5135723 0.3444226 0.4002801 0.3440319 0.4226123 0.3346574 0.412386 0.3440319 0.4226123 0.3220124 0.421616 0.3346574 0.412386 0.3555025 0.4562711 0.3440319 0.4226123 0.3807213 0.4312623 0.3352243 0.4382831 0.3269361 0.4267223 0.3440319 0.4226123 0.3230962 0.432758 0.3220124 0.421616 0.3269361 0.4267223 0.3269723 0.4468808 0.3230962 0.432758 0.3352243 0.4382831 0.342543 0.4648784 0.3352243 0.4382831 0.3555025 0.4562711 0.3704935 0.4781537 0.342543 0.4648784 0.3555025 0.4562711 0.3555025 0.4562711 0.4048016 0.4669812 0.3704935 0.4781537 0.3704935 0.4781537 0.4098707 0.5094621 0.3735786 0.5034123 0.3704935 0.4781537 0.3503693 0.5013984 0.3468036 0.4829281 0.8843332 0.5405541 0.902547 0.5138163 0.9119125 0.5448846 0.8874364 0.5644707 0.9119125 0.5448846 0.9154895 0.5619031 0.8913576 0.5811709 0.9154895 0.5619031 0.9211869 0.5772117 0.3503693 0.5013984 0.3673423 0.5263402 0.3449907 0.5191619 0.8980177 0.5960313 0.9211869 0.5772117 0.9327406 0.5988441 0.3449907 0.5191619 0.3517663 0.552522 0.3318846 0.545359 0.3735786 0.5034123 0.3884059 0.542657 0.3673423 0.5263402 0.3517663 0.552522 0.3884059 0.542657 0.3696489 0.5678473 0.3696489 0.5678473 0.4095939 0.5656874 0.3884889 0.5912986 0.3884059 0.542657 0.4345834 0.537748 0.4095939 0.5656874 0.4095939 0.5656874 0.4536468 0.562102 0.4277713 0.5891825 0.3884889 0.5912986 0.4277713 0.5891825 0.4042552 0.6119703 0.4345834 0.537748 0.4773082 0.5396881 0.4536468 0.562102 0.4098707 0.5094621 0.4607947 0.5142391 0.4345834 0.537748 0.473402 0.5083242 0.4773082 0.5396881 0.4607947 0.5142391 0.4599871 0.4816925 0.4607947 0.5142391 0.4457904 0.4861114 0.4907987 0.5025179 0.489862 0.532517 0.473402 0.5083242 0.4748117 0.4764822 0.473402 0.5083242 0.4599871 0.4816925 0.469119 0.4537732 0.4599871 0.4816925 0.4474206 0.4435293 0.427897 0.4589992 0.4599871 0.4816925 0.4457904 0.4861114 0.4933556 0.4663819 0.4907987 0.5025179 0.4748117 0.4764822 0.4854796 0.4519388 0.4748117 0.4764822 0.469119 0.4537732 0.4933556 0.4663819 0.5287532 0.4718738 0.5095991 0.4911401 0.4854796 0.4519388 0.5087599 0.452596 0.4933556 0.4663819 0.5413326 0.4544928 0.5087599 0.452596 0.5188618 0.4370034 0.5036955 0.4294909 0.5087599 0.452596 0.494975 0.4397607 0.5502842 0.4395108 0.5188618 0.4370034 0.5232897 0.4221029 0.5232897 0.4221029 0.5036955 0.4294909 0.4994998 0.4167085 0.5277585 0.4116021 0.4994998 0.4167085 0.4938684 0.3989539 0.5574021 0.4276494 0.5232897 0.4221029 0.5277585 0.4116021 0.5036955 0.4294909 0.4807808 0.4290237 0.4994998 0.4167085 0.4668002 0.418344 0.4994998 0.4167085 0.4807808 0.4290237 0.469119 0.4537732 0.4668002 0.418344 0.4807808 0.4290237 0.4807808 0.4290237 0.4854796 0.4519388 0.469119 0.4537732 0.4316326 0.4201928 0.4668002 0.418344 0.4474206 0.4435293 0.4698839 0.3826164 0.4668002 0.418344 0.4519168 0.4024295 0.4393523 0.3663845 0.4519168 0.4024295 0.4237493 0.3797594 0.5055778 0.3872317 0.4698839 0.3826164 0.4753121 0.363882 0.5055778 0.3872317 0.5277585 0.4116021 0.4938684 0.3989539 0.5347308 0.4018342 0.5165048 0.356991 0.5591415 0.371535 0.5347308 0.4018342 0.5574021 0.4276494 0.5277585 0.4116021 0.5591415 0.371535 0.566835 0.4185809 0.5347308 0.4018342 0.566835 0.4185809 0.5856904 0.4448166 0.5574021 0.4276494 0.5912693 0.3980094 0.5921472 0.4364646 0.566835 0.4185809 0.5574021 0.4276494 0.577013 0.4567217 0.5502842 0.4395108 0.5856904 0.4448166 0.5984252 0.4732807 0.577013 0.4567217 0.5921472 0.4364646 0.60803 0.4645079 0.5856904 0.4448166 0.577013 0.4567217 0.5837756 0.4866658 0.5640876 0.4713069 0.5502842 0.4395108 0.5640876 0.4713069 0.5413326 0.4544928 0.5640876 0.4713069 0.5639085 0.5048016 0.5467626 0.4887296 0.5413326 0.4544928 0.5467626 0.4887296 0.5287532 0.4718738 0.5467626 0.4887296 0.5420339 0.5247354 0.5250535 0.5078354 0.5287532 0.4718738 0.5250535 0.5078354 0.5095991 0.4911401 0.5250535 0.5078354 0.5244409 0.5407434 0.507052 0.522569 0.5095991 0.4911401 0.507052 0.522569 0.4907987 0.5025179 0.507052 0.522569 0.5100448 0.5538299 0.489862 0.532517 0.5100448 0.5538299 0.5408935 0.559787 0.5293373 0.5759745 0.5244409 0.5407434 0.557281 0.5432352 0.5408935 0.559787 0.5293373 0.5759745 0.5593393 0.5778932 0.5518876 0.5946791 0.5408935 0.559787 0.572481 0.5602223 0.5593393 0.5778932 0.5420339 0.5247354 0.5783501 0.5233657 0.557281 0.5432352 0.557281 0.5432352 0.5935246 0.5428949 0.572481 0.5602223 0.5972972 0.5076779 0.5639085 0.5048016 0.5837756 0.4866658 0.6120472 0.5319069 0.5783501 0.5233657 0.5972972 0.5076779 0.6129851 0.4961045 0.5837756 0.4866658 0.5984252 0.4732807 0.6278107 0.5242838 0.5972972 0.5076779 0.6129851 0.4961045 0.6255996 0.488524 0.5984252 0.4732807 0.60803 0.4645079 0.6402644 0.5181881 0.6129851 0.4961045 0.6255996 0.488524 0.6429931 0.5528711 0.6402644 0.5181881 0.6539597 0.549248 0.6275886 0.5560114 0.6278107 0.5242838 0.6429931 0.5528711 0.6464023 0.5774813 0.6539597 0.549248 0.6642028 0.5849421 0.6337894 0.5720089 0.6429931 0.5528711 0.6464023 0.5774813 0.6109771 0.5647141 0.6120472 0.5319069 0.6275886 0.5560114 0.6337894 0.5720089 0.6109771 0.5647141 0.6275886 0.5560114 0.5956765 0.5788177 0.5935246 0.5428949 0.6109771 0.5647141 0.6093639 0.5881316 0.6109771 0.5647141 0.6225517 0.5798129 0.5593393 0.5778932 0.5956765 0.5788177 0.5837593 0.5963362 0.5837593 0.5963362 0.6093639 0.5881316 0.6058426 0.6043168 0.5771085 0.6105636 0.6058426 0.6043168 0.6137052 0.627016 0.5518876 0.5946791 0.5837593 0.5963362 0.5771085 0.6105636 0.6412675 0.6105542 0.6058426 0.6043168 0.6319481 0.5952391 0.6093639 0.5881316 0.6319481 0.5952391 0.6058426 0.6043168 0.6412675 0.6105542 0.6464023 0.5774813 0.6642028 0.5849421 0.6319481 0.5952391 0.6337894 0.5720089 0.6464023 0.5774813 0.6348323 0.6454247 0.6412675 0.6105542 0.6553371 0.6277937 0.6785684 0.6123192 0.6412675 0.6105542 0.6642028 0.5849421 0.6785684 0.6123192 0.6840266 0.577239 0.7105572 0.6154699 0.6840266 0.577239 0.6539597 0.549248 0.6643692 0.5429894 0.7105572 0.6154699 0.7049441 0.5658358 0.7355796 0.6022914 0.7049441 0.5658358 0.6643692 0.5429894 0.6962009 0.5205584 0.6643692 0.5429894 0.6402644 0.5181881 0.6500803 0.5095262 0.6962009 0.5205584 0.6500803 0.5095262 0.6722825 0.4870452 0.7385915 0.5517502 0.6962009 0.5205584 0.7341207 0.5253809 0.716542 0.4826658 0.6722825 0.4870452 0.693971 0.4613317 0.7341207 0.5253809 0.716542 0.4826658 0.7409436 0.5006334 0.6722825 0.4870452 0.634467 0.4828458 0.6543228 0.4630144 0.693971 0.4613317 0.6543228 0.4630144 0.6743004 0.4405988 0.7183707 0.4338198 0.6743004 0.4405988 0.701239 0.4149538 0.7379795 0.4554814 0.693971 0.4613317 0.7183707 0.4338198 0.7416293 0.4117099 0.701239 0.4149538 0.7256344 0.3914057 0.7543374 0.4315305 0.7183707 0.4338198 0.7416293 0.4117099 0.7409436 0.5006334 0.7379795 0.4554814 0.7585874 0.4715403 0.7742596 0.448369 0.7379795 0.4554814 0.7543374 0.4315305 0.7543374 0.4315305 0.7831056 0.4308379 0.7742596 0.448369 0.7416293 0.4117099 0.7751456 0.412046 0.7543374 0.4315305 0.7966581 0.4353957 0.7742596 0.448369 0.7831056 0.4308379 0.7742596 0.448369 0.7800487 0.4810073 0.7585874 0.4715403 0.8149435 0.7985215 0.796714 0.8085972 0.7908214 0.794283 0.8497571 0.8082163 0.816758 0.8262409 0.8149435 0.7985215 0.8520143 0.8326327 0.829602 0.8513307 0.816758 0.8262409 0.7657491 0.5105879 0.7585874 0.4715403 0.7800487 0.4810073 0.8574703 0.8485423 0.8361301 0.8681564 0.829602 0.8513307 0.7341207 0.5253809 0.7657491 0.5105879 0.7616806 0.5297941 0.8609367 0.8662281 0.8402884 0.8882545 0.8361301 0.8681564 0.7385915 0.5517502 0.7616806 0.5297941 0.7671574 0.5507457 0.8643351 0.894037 0.8461742 0.92719 0.8402884 0.8882545 0.7545329 0.5743024 0.7671574 0.5507457 0.7724575 0.567601 0.8461742 0.92719 0.8314035 0.901643 0.8402884 0.8882545 0.8141665 0.9152846 0.8341662 0.9221877 0.8216082 0.924158 0.7724575 0.567601 0.7739837 0.5962732 0.7545329 0.5743024 0.8416808 0.9429568 0.8341662 0.9221877 0.8461742 0.92719 0.8216082 0.924158 0.8281099 0.9443804 0.8079477 0.9332904 0.8141665 0.9152846 0.8079477 0.9332904 0.7973049 0.9195077 0.7749159 0.6151395 0.7594377 0.6314043 0.7548069 0.6226877 0.7915076 0.6096218 0.7749159 0.6151395 0.7833061 0.6069068 0.7548069 0.6226877 0.763203 0.603274 0.7749159 0.6151395 0.7739837 0.5962732 0.7749159 0.6151395 0.763203 0.603274 0.7545329 0.5743024 0.763203 0.603274 0.7355796 0.6022914 0.786815 0.5905063 0.7833061 0.6069068 0.7739837 0.5962732 0.7545329 0.5743024 0.7049441 0.5658358 0.7385915 0.5517502 0.736009 0.6249136 0.7355796 0.6022914 0.7548069 0.6226877 0.7548069 0.6226877 0.744736 0.6341805 0.736009 0.6249136 0.736009 0.6249136 0.7325364 0.6484088 0.7105572 0.6154699 0.7052062 0.6453522 0.7325364 0.6484088 0.7137274 0.655267 0.8461742 0.92719 0.866007 0.9440473 0.8489515 0.9455362 0.8647996 0.9243829 0.8831282 0.9469395 0.866007 0.9440473 0.8803498 0.8974345 0.8647996 0.9243829 0.8643351 0.894037 0.9005112 0.9437033 0.8819635 0.9199008 0.8986251 0.9170299 0.8803498 0.8974345 0.8986251 0.9170299 0.8819635 0.9199008 0.9005112 0.9437033 0.9171191 0.9172055 0.920792 0.942979 0.8961974 0.8907744 0.9171191 0.9172055 0.8986251 0.9170299 0.8976156 0.8657273 0.9245182 0.8841975 0.8961974 0.8907744 0.8785183 0.8670204 0.8961974 0.8907744 0.8803498 0.8974345 0.900401 0.8481217 0.9269345 0.8662477 0.8976156 0.8657273 0.8785615 0.8474798 0.8976156 0.8657273 0.8785183 0.8670204 0.9061238 0.8322336 0.9316698 0.8499081 0.900401 0.8481217 0.8790574 0.8287294 0.900401 0.8481217 0.8785615 0.8474798 0.9061238 0.8322336 0.879059 0.8090783 0.9085212 0.808277 0.9419648 0.8264672 0.9085212 0.808277 0.9512882 0.7943648 0.879059 0.8090783 0.8520143 0.8326327 0.8497571 0.8082163 0.8790574 0.8287294 0.8574703 0.8485423 0.8520143 0.8326327 0.9067263 0.7830554 0.879059 0.8090783 0.8783824 0.7858806 0.8783824 0.7858806 0.8497571 0.8082163 0.8496741 0.7828453 0.8496741 0.7828453 0.8149435 0.7985215 0.8116487 0.7750254 0.8757454 0.7518011 0.8496741 0.7828453 0.8493202 0.7504152 0.8493202 0.7504152 0.8116487 0.7750254 0.8093395 0.7476723 0.8116487 0.7750254 0.7721177 0.7909212 0.761937 0.7723897 0.8093395 0.7476723 0.761937 0.7723897 0.7528455 0.7454077 0.7814424 0.3730401 0.7989262 0.3860568 0.7860468 0.3893713 0.7688634 0.3503839 0.7938504 0.3662733 0.7814424 0.3730401 0.7860468 0.3893713 0.7624154 0.387444 0.7814424 0.3730401 0.7814424 0.3730401 0.7488086 0.3651285 0.7688634 0.3503839 0.7256344 0.3914057 0.7624154 0.387444 0.7416293 0.4117099 0.7105095 0.3722893 0.7488086 0.3651285 0.7256344 0.3914057 0.7488086 0.3651285 0.7519556 0.3315525 0.7688634 0.3503839 0.7256344 0.3914057 0.6854334 0.3948601 0.7105095 0.3722893 0.6930353 0.3561631 0.6854334 0.3948601 0.6672692 0.37687 0.7105095 0.3722893 0.719021 0.3350281 0.73388 0.3497717 0.6672692 0.37687 0.6565345 0.4205713 0.6384764 0.4005635 0.701239 0.4149538 0.6565345 0.4205713 0.6854334 0.3948601 0.6384764 0.4005635 0.6345846 0.4403364 0.6138575 0.4183546 0.6743004 0.4405988 0.6345846 0.4403364 0.6565345 0.4205713 0.6138575 0.4183546 0.6153578 0.4578209 0.5921472 0.4364646 0.6543228 0.4630144 0.6153578 0.4578209 0.6345846 0.4403364 0.634467 0.4828458 0.60803 0.4645079 0.6153578 0.4578209 0.6500803 0.5095262 0.6255996 0.488524 0.634467 0.4828458 0.6196444 0.378074 0.6138575 0.4183546 0.5912693 0.3980094 0.6475833 0.3589519 0.6384764 0.4005635 0.6196444 0.378074 0.5994147 0.3523278 0.5912693 0.3980094 0.5591415 0.371535 0.6760311 0.3398141 0.6672692 0.37687 0.6475833 0.3589519 0.6930353 0.3561631 0.6980569 0.3230478 0.719021 0.3350281 0.7519556 0.3315525 0.719021 0.3350281 0.7328339 0.3150436 0.7095504 0.3036904 0.719021 0.3350281 0.6980569 0.3230478 0.7328339 0.3150436 0.7156863 0.2904177 0.7412596 0.3036156 0.7519556 0.3315525 0.7412596 0.3036156 0.7617832 0.3215481 0.7586644 0.6623604 0.8076367 0.6842989 0.751205 0.689869 0.751205 0.689869 0.8081042 0.7160195 0.7504111 0.7176945 0.8085266 0.6566244 0.8474085 0.6795985 0.8076367 0.6842989 0.8076367 0.6842989 0.8465105 0.7149968 0.8081042 0.7160195 0.8462648 0.6475535 0.873498 0.6768244 0.8474085 0.6795985 0.8474085 0.6795985 0.8713988 0.7142933 0.8465105 0.7149968 0.8992 0.6758483 0.8742621 0.6429809 0.9024276 0.6438706 0.8975273 0.713455 0.873498 0.6768244 0.8992 0.6758483 0.8992 0.6758483 0.9393716 0.6514258 0.939043 0.679537 0.9382188 0.7117621 0.8992 0.6758483 0.939043 0.679537 0.939043 0.679537 0.9884712 0.6568434 0.9956501 0.6835559 0.9382188 0.7117621 0.9956501 0.6835559 0.9972672 0.710493 0.338091 0.6610984 0.3163304 0.6382422 0.3306972 0.6342135 0.3518339 0.6849882 0.3247053 0.667793 0.338091 0.6610984 0.3306972 0.6342135 0.3599352 0.651908 0.338091 0.6610984 0.3599352 0.651908 0.3518339 0.6849882 0.338091 0.6610984 0.3977773 0.6526298 0.3599352 0.651908 0.3835716 0.6308309 0.3835716 0.6308309 0.3512046 0.6272707 0.3702796 0.6094283 0.3835716 0.6308309 0.4201182 0.6342664 0.3977773 0.6526298 0.3702796 0.6094283 0.4042552 0.6119703 0.3835716 0.6308309 0.4042552 0.6119703 0.4458561 0.6117776 0.4201182 0.6342664 0.4165321 0.6725228 0.4201182 0.6342664 0.4399911 0.6538762 0.4399911 0.6538762 0.4458561 0.6117776 0.4662927 0.632595 0.4595443 0.6729764 0.4662927 0.632595 0.4882813 0.6535032 0.4374268 0.690998 0.4399911 0.6538762 0.4595443 0.6729764 0.4662927 0.632595 0.4742573 0.5862827 0.4962672 0.609308 0.4882813 0.6535032 0.4962672 0.609308 0.5188553 0.6307352 0.4962672 0.609308 0.4982175 0.5645734 0.5209823 0.587807 0.5188553 0.6307352 0.5209823 0.587807 0.5447955 0.6066815 0.4982175 0.5645734 0.5293373 0.5759745 0.5209823 0.587807 0.5209823 0.587807 0.5518876 0.5946791 0.5447955 0.6066815 0.5447955 0.6066815 0.5771085 0.6105636 0.5713595 0.6242147 0.5449638 0.6578252 0.5447955 0.6066815 0.5713595 0.6242147 0.5713595 0.6242147 0.5861536 0.6660893 0.5449638 0.6578252 0.5963026 0.6444599 0.5771085 0.6105636 0.6137052 0.627016 0.5963026 0.6444599 0.6348323 0.6454247 0.622045 0.6650987 0.622045 0.6650987 0.5861536 0.6660893 0.5963026 0.6444599 0.5449638 0.6578252 0.5731286 0.6986343 0.548595 0.6942513 0.5861536 0.6660893 0.593288 0.7133247 0.5731286 0.6986343 0.6189398 0.720299 0.6387413 0.7133157 0.627833 0.7309892 0.593288 0.7133247 0.6189398 0.720299 0.611403 0.7293888 0.6176822 0.6918691 0.6492403 0.6897495 0.6387413 0.7133157 0.627833 0.7309892 0.6456398 0.7176436 0.633357 0.7365977 0.6387413 0.7133157 0.6536347 0.7016238 0.6456398 0.7176436 0.9384391 0.9414405 0.9443463 0.9204198 0.9582461 0.9287599 0.9318051 0.9194741 0.920792 0.942979 0.9171191 0.9172055 0.9171191 0.9172055 0.9352461 0.8985232 0.9318051 0.9194741 0.9318051 0.9194741 0.9522018 0.910663 0.9443463 0.9204198 0.9522018 0.910663 0.9582461 0.9287599 0.9443463 0.9204198 0.6197686 0.7384207 0.6052177 0.7385622 0.611403 0.7293888 0.611403 0.7293888 0.5857814 0.7259396 0.593288 0.7133247 0.611403 0.7293888 0.627833 0.7309892 0.6197686 0.7384207 0.6197686 0.7384207 0.633357 0.7365977 0.619987 0.7452315 0.5857814 0.7259396 0.5731286 0.6986343 0.593288 0.7133247 0.6653285 0.6842534 0.6492403 0.6897495 0.6588133 0.671917 0.622045 0.6650987 0.6588133 0.671917 0.6492403 0.6897495 0.6348323 0.6454247 0.6732886 0.6595226 0.6588133 0.671917 0.6794943 0.6712265 0.6588133 0.671917 0.6732886 0.6595226 0.6889671 0.6464136 0.6553371 0.6277937 0.6785684 0.6123192 0.6732886 0.6595226 0.6962111 0.6615154 0.6794943 0.6712265 0.6889671 0.6464136 0.7105572 0.6154699 0.7052062 0.6453522 0.6962111 0.6615154 0.7052062 0.6453522 0.7137274 0.655267 0.5495736 0.7174447 0.5731286 0.6986343 0.5679287 0.7215779 0.5495736 0.7174447 0.525341 0.6992398 0.548595 0.6942513 0.5100422 0.6769393 0.548595 0.6942513 0.525341 0.6992398 0.531545 0.7220484 0.4979817 0.713805 0.525341 0.6992398 0.4979817 0.713805 0.5100422 0.6769393 0.525341 0.6992398 0.4828662 0.6945794 0.4882813 0.6535032 0.5100422 0.6769393 0.5100422 0.6769393 0.5188553 0.6307352 0.5449638 0.6578252 0.4730588 0.726453 0.4828662 0.6945794 0.4979817 0.713805 0.4595443 0.6729764 0.4595613 0.7064922 0.4374268 0.690998 0.4730588 0.726453 0.4397094 0.716943 0.4595613 0.7064922 0.4374268 0.690998 0.4397094 0.716943 0.4107257 0.7156522 0.4431382 0.7360134 0.4765345 0.7442389 0.4429471 0.750639 0.5046771 0.7342604 0.4730588 0.726453 0.4979817 0.713805 0.963288 0.8121732 0.9512882 0.7943648 0.9820019 0.7880831 0.9820019 0.7880831 0.9688752 0.7646728 0.9875189 0.7687379 0.4250885 0.7381873 0.4429471 0.750639 0.4209218 0.7513828 0.9512882 0.7943648 0.9067263 0.7830554 0.9688752 0.7646728 0.9559912 0.7413459 0.9067263 0.7830554 0.9018117 0.7512861 0.9915309 0.7611903 0.9559912 0.7413459 0.9972672 0.7372274 0.4250885 0.7381873 0.3999454 0.7461159 0.4107257 0.7156522 0.3853064 0.7215292 0.3999454 0.7461159 0.3773743 0.733166 0.4165321 0.6725228 0.4107257 0.7156522 0.3870993 0.6904705 0.4250885 0.7381873 0.4397094 0.716943 0.4431382 0.7360134 0.3853064 0.7215292 0.3870993 0.6904705 0.4107257 0.7156522 0.3678956 0.7071593 0.3773743 0.733166 0.3566936 0.7165455 0.3518339 0.6849882 0.3566936 0.7165455 0.3392997 0.6931892 0.3518339 0.6849882 0.3870993 0.6904705 0.3678956 0.7071593 0.9972672 0.710493 0.9559912 0.7413459 0.9382188 0.7117621 0.3977773 0.6526298 0.3870993 0.6904705 0.3728539 0.6709024 0.9018117 0.7512861 0.8783824 0.7858806 0.8757454 0.7518011 0.8975273 0.713455 0.8757454 0.7518011 0.8713988 0.7142933 0.9382188 0.7117621 0.9018117 0.7512861 0.8975273 0.713455 0.8713988 0.7142933 0.8493202 0.7504152 0.8465105 0.7149968 0.489862 0.532517 0.4982175 0.5645734 0.4773082 0.5396881 0.4536468 0.562102 0.4982175 0.5645734 0.4742573 0.5862827 0.4277713 0.5891825 0.4742573 0.5862827 0.4458561 0.6117776 0.3574636 0.5891113 0.3884889 0.5912986 0.3702796 0.6094283 0.3702796 0.6094283 0.3477187 0.6066942 0.3574636 0.5891113 0.3477187 0.6066942 0.3389312 0.5763031 0.3574636 0.5891113 0.3389312 0.5763031 0.3696489 0.5678473 0.3574636 0.5891113 0.3304514 0.6055039 0.3216766 0.5729683 0.3389312 0.5763031 0.3389312 0.5763031 0.3318846 0.545359 0.3517663 0.552522 0.9385273 0.6261727 0.9543886 0.6105394 0.9754446 0.6310616 0.9393716 0.6514258 0.9754446 0.6310616 0.9884712 0.6568434 0.3306972 0.6342135 0.3161466 0.6058874 0.3304514 0.6055039 0.9024276 0.6438706 0.9385273 0.6261727 0.9393716 0.6514258 0.9022069 0.6189557 0.9327406 0.5988441 0.9385273 0.6261727 0.9024276 0.6438706 0.8734885 0.6202442 0.9022069 0.6189557 0.8734885 0.6202442 0.8980177 0.5960313 0.9022069 0.6189557 0.8451625 0.6226717 0.8742621 0.6429809 0.8462648 0.6475535 0.8459208 0.5993119 0.8734885 0.6202442 0.8451625 0.6226717 0.8721722 0.6012961 0.850092 0.5837202 0.8704108 0.583308 0.8721722 0.6012961 0.8913576 0.5811709 0.8980177 0.5960313 0.8704108 0.583308 0.8522144 0.5665199 0.8690179 0.5645554 0.8704108 0.583308 0.8874364 0.5644707 0.8913576 0.5811709 0.8690179 0.5645554 0.8535912 0.5395618 0.8686772 0.5352509 0.8690179 0.5645554 0.8843332 0.5405541 0.8874364 0.5644707 0.8686772 0.5352509 0.8528259 0.5173899 0.8687736 0.5136249 0.8686772 0.5352509 0.8848722 0.5152537 0.8843332 0.5405541 0.3304514 0.6055039 0.3512046 0.6272707 0.3306972 0.6342135 0.8465105 0.7149968 0.8093395 0.7476723 0.8081042 0.7160195 0.8081042 0.7160195 0.7528455 0.7454077 0.7504111 0.7176945 0.7519556 0.3315525 0.7799561 0.3416784 0.7688634 0.3503839 0.7095504 0.3036904 0.6857624 0.28377 0.7156863 0.2904177 0.6827554 0.2984959 0.6980569 0.3230478 0.6797152 0.3163926 0.6827554 0.2984959 0.6535614 0.2872536 0.6857624 0.28377 0.7989262 0.3860568 0.7751456 0.412046 0.7860468 0.3893713 0.8785615 0.8474798 0.8609367 0.8662281 0.8574703 0.8485423 0.8785183 0.8670204 0.8643351 0.894037 0.8609367 0.8662281 0.7751456 0.412046 0.7966581 0.4353957 0.7831056 0.4308379 0.4316326 0.4201928 0.427897 0.4589992 0.4098805 0.4304511 0.4098805 0.4304511 0.4048016 0.4669812 0.3807213 0.4312623 0.4048016 0.4669812 0.4457904 0.4861114 0.4098707 0.5094621 0.6402224 0.2903591 0.6549926 0.3039911 0.6420608 0.3086291 0.7679065 0.8995677 0.7405365 0.9199272 0.7377482 0.9060977 0.7676125 0.8903038 0.7377482 0.9060977 0.7363921 0.8944053 0.767478 0.8811889 0.7363921 0.8944053 0.7357708 0.8840152 0.7670115 0.8721079 0.7357708 0.8840152 0.7353473 0.8746107 0.7670115 0.8721079 0.7353048 0.8654918 0.7653582 0.863209 0.7653582 0.863209 0.7353474 0.8563077 0.7633543 0.8544418 0.7633543 0.8544418 0.7354175 0.8467578 0.7613662 0.8456228 0.7613662 0.8456228 0.7355069 0.8365495 0.7598655 0.8365706 0.7598655 0.8365706 0.7357013 0.825415 0.7593841 0.8272384 0.7593841 0.8272384 0.7360981 0.8133724 0.7604076 0.8178394 0.7635659 0.8088827 0.7360981 0.8133724 0.7373538 0.8002442 0.7684308 0.800485 0.7373538 0.8002442 0.7401998 0.7859705 0.7360981 0.8133724 0.7229615 0.8003371 0.7373538 0.8002442 0.7373538 0.8002442 0.7219244 0.7849765 0.7401998 0.7859705 0.7238886 0.8135771 0.7105069 0.8026378 0.7229615 0.8003371 0.7229615 0.8003371 0.7065961 0.78799 0.7219244 0.7849765 0.7129269 0.8148907 0.6958287 0.8074994 0.7105069 0.8026378 0.7105069 0.8026378 0.6899575 0.7948395 0.7065961 0.78799 0.6958287 0.8074994 0.6829364 0.822123 0.6800887 0.814258 0.6899575 0.7948395 0.6800887 0.814258 0.6751375 0.8048055 0.6800887 0.814258 0.666195 0.8266678 0.6637586 0.8200518 0.6751375 0.8048055 0.6637586 0.8200518 0.6599689 0.812573 0.6637586 0.8200518 0.6532959 0.8311126 0.6513494 0.8257035 0.6599689 0.812573 0.6513494 0.8257035 0.6484879 0.8194845 0.6532959 0.8311126 0.6403515 0.8303329 0.6513494 0.8257035 0.6484879 0.8194845 0.6403515 0.8303329 0.6381676 0.8253015 0.6420824 0.8350306 0.6296879 0.8349013 0.6403515 0.8303329 0.6403515 0.8303329 0.6273527 0.830543 0.6381676 0.8253015 0.6296879 0.8349013 0.6210497 0.8421216 0.6197266 0.8385294 0.6273527 0.830543 0.6197266 0.8385294 0.6179822 0.8346816 0.6197266 0.8385294 0.6127373 0.8450582 0.611521 0.8420495 0.6179822 0.8346816 0.611521 0.8420495 0.6099538 0.8388354 0.611521 0.8420495 0.6050977 0.84769 0.6040961 0.8451846 0.6099538 0.8388354 0.6040961 0.8451846 0.6028276 0.8426261 0.6050977 0.84769 0.597068 0.8481123 0.6040961 0.8451846 0.6040961 0.8451846 0.5961994 0.845926 0.6028276 0.8426261 0.5977649 0.8501965 0.5913258 0.8501743 0.597068 0.8481123 0.597068 0.8481123 0.5906173 0.8481822 0.5961994 0.845926 0.5918968 0.8520078 0.5853861 0.8523143 0.5913258 0.8501743 0.5913258 0.8501743 0.5845293 0.8504784 0.5906173 0.8481822 0.5853861 0.8523143 0.5809776 0.8564072 0.5802517 0.8553741 0.5845293 0.8504784 0.5802517 0.8553741 0.5793117 0.8543176 0.5802517 0.8553741 0.5751765 0.86111 0.5750902 0.8609998 0.5793117 0.8543176 0.5750902 0.8609998 0.5749917 0.8608984 0.5808981 0.8675888 0.575136 0.8622546 0.5752536 0.8621771 0.5817045 0.8662654 0.5752536 0.8621771 0.5753477 0.8620806 0.5822785 0.8648335 0.5753477 0.8620806 0.5754131 0.8619685 0.5822785 0.8648335 0.5754485 0.8618442 0.5826126 0.8633911 0.5826126 0.8633911 0.5754524 0.8617144 0.5827004 0.8620101 0.5827004 0.8620101 0.5754281 0.8615851 0.5825948 0.8607384 0.5825948 0.8607384 0.5753827 0.8614598 0.5823515 0.8595745 0.5823515 0.8595745 0.5753231 0.8613395 0.5820038 0.8584856 0.5820038 0.8584856 0.5752536 0.8612235 0.5815566 0.8574316 0.5809776 0.8564072 0.5752536 0.8612235 0.5751765 0.86111 0.5870296 0.8568405 0.5815566 0.8574316 0.5865724 0.8554072 0.5860412 0.853924 0.5815566 0.8574316 0.5809776 0.8564072 0.5923749 0.8537659 0.5870296 0.8568405 0.5865724 0.8554072 0.5923749 0.8537659 0.5860412 0.853924 0.5918968 0.8520078 0.5928236 0.8555088 0.5874329 0.8583425 0.5870296 0.8568405 0.5874329 0.8583425 0.5820038 0.8584856 0.5870296 0.8568405 0.5932102 0.8573189 0.5877686 0.859986 0.5874329 0.8583425 0.5877686 0.859986 0.5823515 0.8595745 0.5874329 0.8583425 0.5935157 0.8592925 0.5879901 0.8618413 0.5877686 0.859986 0.5879901 0.8618413 0.5825948 0.8607384 0.5877686 0.859986 0.5936993 0.8615439 0.5880125 0.8639346 0.5879901 0.8618413 0.5880125 0.8639346 0.5827004 0.8620101 0.5879901 0.8618413 0.5936856 0.8641443 0.5877454 0.8661861 0.5880125 0.8639346 0.5877454 0.8661861 0.5826126 0.8633911 0.5880125 0.8639346 0.5928737 0.869885 0.5877454 0.8661861 0.5933851 0.8670043 0.5877454 0.8661861 0.5817045 0.8662654 0.5822785 0.8648335 0.5921615 0.8725161 0.5871322 0.868416 0.5928737 0.869885 0.5871322 0.868416 0.5808981 0.8675888 0.5817045 0.8662654 0.5913898 0.8748003 0.5862645 0.8705395 0.5921615 0.8725161 0.5862645 0.8705395 0.5799008 0.8687714 0.5808981 0.8675888 0.5970783 0.8765894 0.5921615 0.8725161 0.5978806 0.8740637 0.5978806 0.8740637 0.5928737 0.869885 0.5986067 0.8710834 0.6039854 0.8791648 0.5978806 0.8740637 0.6050382 0.8762265 0.6050382 0.8762265 0.5986067 0.8710834 0.6059868 0.872767 0.6059868 0.872767 0.5991547 0.8677767 0.606749 0.8688985 0.5986067 0.8710834 0.5933851 0.8670043 0.5991547 0.8677767 0.6072067 0.8650152 0.5991547 0.8677767 0.599533 0.864477 0.599533 0.864477 0.5933851 0.8670043 0.5936856 0.8641443 0.607369 0.8614645 0.599533 0.864477 0.5996353 0.8614617 0.5996353 0.8614617 0.5936856 0.8641443 0.5936993 0.8615439 0.6072831 0.8583109 0.5996353 0.8614617 0.5995164 0.8588249 0.5995164 0.8588249 0.5936993 0.8615439 0.5935157 0.8592925 0.6069959 0.8554653 0.5995164 0.8588249 0.5992374 0.8564867 0.5992374 0.8564867 0.5935157 0.8592925 0.5932102 0.8573189 0.6065329 0.8528012 0.5992374 0.8564867 0.5988371 0.8543269 0.5988371 0.8543269 0.5932102 0.8573189 0.5928236 0.8555088 0.6058995 0.8502199 0.5988371 0.8543269 0.5983353 0.8522529 0.5983353 0.8522529 0.5928236 0.8555088 0.5923749 0.8537659 0.6058995 0.8502199 0.5977649 0.8501965 0.6050977 0.84769 0.5983353 0.8522529 0.5918968 0.8520078 0.5977649 0.8501965 0.6144461 0.8509562 0.6058995 0.8502199 0.6137152 0.8479829 0.6127373 0.8450582 0.6058995 0.8502199 0.6050977 0.84769 0.6229972 0.8490029 0.6137152 0.8479829 0.6221175 0.8455575 0.6210497 0.8421216 0.6137152 0.8479829 0.6127373 0.8450582 0.6237465 0.8526186 0.6144461 0.8509562 0.6229972 0.8490029 0.6150213 0.8540706 0.6065329 0.8528012 0.6144461 0.8509562 0.624363 0.8565844 0.6150213 0.8540706 0.6237465 0.8526186 0.6154413 0.8574643 0.6069959 0.8554653 0.6150213 0.8540706 0.6247721 0.8610801 0.6154413 0.8574643 0.624363 0.8565844 0.6156524 0.8612802 0.6072831 0.8583109 0.6154413 0.8574643 0.6248124 0.8661931 0.6156524 0.8612802 0.6247721 0.8610801 0.615547 0.8655824 0.607369 0.8614645 0.6156524 0.8612802 0.6242586 0.8717828 0.615547 0.8655824 0.6248124 0.8661931 0.615011 0.8702334 0.6072067 0.8650152 0.615547 0.8655824 0.6242586 0.8717828 0.6139906 0.8748697 0.615011 0.8702334 0.615011 0.8702334 0.6059868 0.872767 0.606749 0.8688985 0.6229508 0.8773748 0.6126127 0.8790929 0.6139906 0.8748697 0.6139906 0.8748697 0.6050382 0.8762265 0.6059868 0.872767 0.6210693 0.8824301 0.6110293 0.8827165 0.6126127 0.8790929 0.6126127 0.8790929 0.6039854 0.8791648 0.6050382 0.8762265 0.6293413 0.887196 0.6189091 0.8866494 0.6210693 0.8824301 0.6313799 0.8806181 0.6210693 0.8824301 0.6229508 0.8773748 0.63808 0.8980059 0.6293413 0.887196 0.6412575 0.8921554 0.6412575 0.8921554 0.6313799 0.8806181 0.6442768 0.8845528 0.6442768 0.8845528 0.6330209 0.8733535 0.6462976 0.8757187 0.6330209 0.8733535 0.6229508 0.8773748 0.6242586 0.8717828 0.6462976 0.8757187 0.6340092 0.86622 0.6471015 0.8671583 0.6330209 0.8733535 0.6248124 0.8661931 0.6340092 0.86622 0.6471015 0.8671583 0.6344082 0.8600232 0.6469041 0.8597202 0.6340092 0.86622 0.6247721 0.8610801 0.6344082 0.8600232 0.6463226 0.8538535 0.6344082 0.8600232 0.6344763 0.8547083 0.6344082 0.8600232 0.624363 0.8565844 0.6344763 0.8547083 0.6455841 0.8486842 0.6344763 0.8547083 0.6341392 0.8501945 0.6344763 0.8547083 0.6237465 0.8526186 0.6341392 0.8501945 0.6446145 0.8440191 0.6341392 0.8501945 0.6334908 0.8461963 0.6341392 0.8501945 0.6229972 0.8490029 0.6334908 0.8461963 0.6434622 0.8395655 0.6334908 0.8461963 0.6325883 0.8424803 0.6334908 0.8461963 0.6221175 0.8455575 0.6325883 0.8424803 0.6420824 0.8350306 0.6325883 0.8424803 0.6313478 0.8388267 0.6313478 0.8388267 0.6221175 0.8455575 0.6210497 0.8421216 0.6548242 0.8363282 0.6446145 0.8440191 0.6434622 0.8395655 0.6548242 0.8363282 0.6420824 0.8350306 0.6532959 0.8311126 0.6679041 0.8327282 0.6561329 0.8414495 0.6548242 0.8363282 0.6679041 0.8327282 0.6532959 0.8311126 0.666195 0.8266678 0.6692551 0.8387308 0.6572088 0.846749 0.6561329 0.8414495 0.6561329 0.8414495 0.6455841 0.8486842 0.6446145 0.8440191 0.6709942 0.8512511 0.6572088 0.846749 0.6702622 0.8447167 0.6572088 0.846749 0.6463226 0.8538535 0.6455841 0.8486842 0.6713902 0.8588321 0.6581353 0.8523905 0.6709942 0.8512511 0.6589241 0.859261 0.6463226 0.8538535 0.6581353 0.8523905 0.6712105 0.8681453 0.6589241 0.859261 0.6713902 0.8588321 0.6591902 0.8677129 0.6469041 0.8597202 0.6589241 0.859261 0.6701923 0.8794361 0.6591902 0.8677129 0.6712105 0.8681453 0.6584432 0.8777688 0.6471015 0.8671583 0.6591902 0.8677129 0.6701923 0.8794361 0.6560394 0.8881581 0.6584432 0.8777688 0.6560394 0.8881581 0.6462976 0.8757187 0.6584432 0.8777688 0.667748 0.8915722 0.6523634 0.8973731 0.6560394 0.8881581 0.6560394 0.8881581 0.6412575 0.8921554 0.6442768 0.8845528 0.664157 0.9029344 0.6480315 0.9046244 0.6523634 0.8973731 0.6523634 0.8973731 0.63808 0.8980059 0.6412575 0.8921554 0.6779291 0.9086948 0.6596567 0.9123061 0.664157 0.9029344 0.6800824 0.8945478 0.664157 0.9029344 0.667748 0.8915722 0.6914419 0.9248053 0.6779291 0.9086948 0.6920821 0.9105325 0.6920821 0.9105325 0.6800824 0.8945478 0.6925119 0.8960664 0.6925119 0.8960664 0.6817991 0.8807276 0.6936434 0.8823115 0.6817991 0.8807276 0.667748 0.8915722 0.6701923 0.8794361 0.6957852 0.8701446 0.6817991 0.8807276 0.6838576 0.8682884 0.6817991 0.8807276 0.6712105 0.8681453 0.6838576 0.8682884 0.6980057 0.8598304 0.6838576 0.8682884 0.6852998 0.8580071 0.6838576 0.8682884 0.6713902 0.8588321 0.6852998 0.8580071 0.6997684 0.8509173 0.6852998 0.8580071 0.6860201 0.8496112 0.6852998 0.8580071 0.6709942 0.8512511 0.6860201 0.8496112 0.7008404 0.8427752 0.6860201 0.8496112 0.6861091 0.8423569 0.6860201 0.8496112 0.6702622 0.8447167 0.6861091 0.8423569 0.7011426 0.8348708 0.6861091 0.8423569 0.6856681 0.8356533 0.6861091 0.8423569 0.6692551 0.8387308 0.6856681 0.8356533 0.7005761 0.8267779 0.6856681 0.8356533 0.6847022 0.8290837 0.6856681 0.8356533 0.6679041 0.8327282 0.6847022 0.8290837 0.6990256 0.8178088 0.6847022 0.8290837 0.6829364 0.822123 0.6829364 0.822123 0.6679041 0.8327282 0.666195 0.8266678 0.7139905 0.8256016 0.7011426 0.8348708 0.7005761 0.8267779 0.7139905 0.8256016 0.6990256 0.8178088 0.7129269 0.8148907 0.7243065 0.8253083 0.7140577 0.8352909 0.7139905 0.8256016 0.7243065 0.8253083 0.7129269 0.8148907 0.7238886 0.8135771 0.7241482 0.8359326 0.713314 0.8443675 0.7140577 0.8352909 0.7140577 0.8352909 0.7008404 0.8427752 0.7011426 0.8348708 0.7234963 0.8457105 0.7119855 0.8532739 0.713314 0.8443675 0.713314 0.8443675 0.6997684 0.8509173 0.7008404 0.8427752 0.7225485 0.8550337 0.7102992 0.8624847 0.7119855 0.8532739 0.7119855 0.8532739 0.6980057 0.8598304 0.6997684 0.8509173 0.7215082 0.8643148 0.7085629 0.8724985 0.7102992 0.8624847 0.7102992 0.8624847 0.6957852 0.8701446 0.6980057 0.8598304 0.7206009 0.8739667 0.707228 0.8837463 0.7085629 0.8724985 0.7085629 0.8724985 0.6936434 0.8823115 0.6957852 0.8701446 0.7200713 0.895919 0.707228 0.8837463 0.7201068 0.8843973 0.7066543 0.8963261 0.6936434 0.8823115 0.707228 0.8837463 0.720929 0.9088019 0.7066543 0.8963261 0.7200713 0.895919 0.7070436 0.9100562 0.6925119 0.8960664 0.7066543 0.8963261 0.7226363 0.9236151 0.7070436 0.9100562 0.720929 0.9088019 0.7078086 0.9249275 0.6920821 0.9105325 0.7070436 0.9100562 0.7405365 0.9199272 0.720929 0.9088019 0.7377482 0.9060977 0.7377482 0.9060977 0.7200713 0.895919 0.7363921 0.8944053 0.7363921 0.8944053 0.7201068 0.8843973 0.7357708 0.8840152 0.7353473 0.8746107 0.7201068 0.8843973 0.7206009 0.8739667 0.7353048 0.8654918 0.7206009 0.8739667 0.7215082 0.8643148 0.7353474 0.8563077 0.7215082 0.8643148 0.7225485 0.8550337 0.7354175 0.8467578 0.7225485 0.8550337 0.7234963 0.8457105 0.7355069 0.8365495 0.7234963 0.8457105 0.7241482 0.8359326 0.7357013 0.825415 0.7241482 0.8359326 0.7243065 0.8253083 0.7357013 0.825415 0.7238886 0.8135771 0.7360981 0.8133724 0.3765788 0.9214498 0.4039481 0.9418102 0.3752616 0.9308699 0.3768728 0.9121859 0.4067368 0.9279807 0.3765788 0.9214498 0.3770076 0.9030708 0.4080932 0.9162883 0.3768728 0.9121859 0.3774743 0.8939898 0.4087148 0.905898 0.3770076 0.9030708 0.4091813 0.8873748 0.3774743 0.8939898 0.3791277 0.885091 0.4091389 0.8781906 0.3791277 0.885091 0.3811322 0.876324 0.4090688 0.8686407 0.3811322 0.876324 0.3831202 0.867505 0.4089797 0.8584324 0.3831202 0.867505 0.3846212 0.8584527 0.4087855 0.847298 0.3846212 0.8584527 0.3851027 0.8491204 0.4083891 0.8352553 0.3851027 0.8491204 0.3840795 0.8397216 0.3809214 0.8307647 0.4083891 0.8352553 0.3840795 0.8397216 0.3760566 0.822367 0.4071336 0.822127 0.3809214 0.8307647 0.421526 0.8222204 0.4083891 0.8352553 0.4071336 0.822127 0.4225635 0.8068597 0.4071336 0.822127 0.4042881 0.8078532 0.4339805 0.8245213 0.4205986 0.8354601 0.421526 0.8222204 0.4378917 0.8098736 0.421526 0.8222204 0.4225635 0.8068597 0.4486587 0.8293833 0.4315602 0.8367741 0.4339805 0.8245213 0.4545301 0.8167235 0.4339805 0.8245213 0.4378917 0.8098736 0.4486587 0.8293833 0.4615508 0.844007 0.4454618 0.8396925 0.4545301 0.8167235 0.4643986 0.8361422 0.4486587 0.8293833 0.4643986 0.8361422 0.4782922 0.8485525 0.4615508 0.844007 0.46935 0.8266898 0.4807286 0.8419363 0.4643986 0.8361422 0.4807286 0.8419363 0.4911912 0.8529973 0.4782922 0.8485525 0.4845185 0.8344578 0.4931378 0.8475884 0.4807286 0.8419363 0.5041356 0.852218 0.4911912 0.8529973 0.4931378 0.8475884 0.4959994 0.8413695 0.5041356 0.852218 0.4931378 0.8475884 0.514799 0.8567866 0.5024047 0.8569158 0.5041356 0.852218 0.5171345 0.8524283 0.5041356 0.852218 0.5063197 0.8471867 0.514799 0.8567866 0.5234374 0.8640073 0.5131391 0.8607119 0.5171345 0.8524283 0.5247603 0.8604151 0.514799 0.8567866 0.5247603 0.8604151 0.5317495 0.8669441 0.5234374 0.8640073 0.5265049 0.8565672 0.5329659 0.8639354 0.5247603 0.8604151 0.5329659 0.8639354 0.5393892 0.869576 0.5317495 0.8669441 0.5345334 0.8607214 0.5403909 0.8670706 0.5329659 0.8639354 0.5474188 0.8699986 0.5393892 0.869576 0.5403909 0.8670706 0.5482876 0.8678123 0.5403909 0.8670706 0.5416594 0.8645121 0.5531611 0.8720607 0.5467219 0.8720828 0.5474188 0.8699986 0.5538696 0.8700687 0.5474188 0.8699986 0.5482876 0.8678123 0.5591007 0.8742008 0.5525901 0.8738942 0.5531611 0.8720607 0.5599576 0.8723651 0.5531611 0.8720607 0.5538696 0.8700687 0.5591007 0.8742008 0.5635091 0.8782938 0.5584456 0.8758106 0.5599576 0.8723651 0.564235 0.8772608 0.5591007 0.8742008 0.564235 0.8772608 0.5693102 0.8829967 0.5635091 0.8782938 0.5651751 0.8762044 0.5693964 0.8828865 0.564235 0.8772608 0.5635884 0.8894755 0.5693507 0.8841415 0.5645858 0.8906583 0.5627821 0.8881521 0.5692331 0.884064 0.5635884 0.8894755 0.5622081 0.8867202 0.5691388 0.8839675 0.5627821 0.8881521 0.5690381 0.883731 0.5622081 0.8867202 0.5618739 0.8852779 0.5690343 0.8836011 0.5618739 0.8852779 0.5617862 0.8838967 0.5690586 0.8834719 0.5617862 0.8838967 0.5618919 0.8826251 0.5691041 0.8833466 0.5618919 0.8826251 0.5621352 0.8814613 0.5691636 0.8832263 0.5621352 0.8814613 0.5624829 0.8803722 0.569233 0.8831104 0.5624829 0.8803722 0.5629302 0.8793181 0.5635091 0.8782938 0.569233 0.8831104 0.5629302 0.8793181 0.5629302 0.8793181 0.5574572 0.8787271 0.5579146 0.8772938 0.5584456 0.8758106 0.5629302 0.8793181 0.5579146 0.8772938 0.5521119 0.8756522 0.5574572 0.8787271 0.5516632 0.8773951 0.5584456 0.8758106 0.5521119 0.8756522 0.5525901 0.8738942 0.5516632 0.8773951 0.5570539 0.8802291 0.5512766 0.8792054 0.5624829 0.8803722 0.5570539 0.8802291 0.5574572 0.8787271 0.5512766 0.8792054 0.5567181 0.8818724 0.5509709 0.8811789 0.5621352 0.8814613 0.5567181 0.8818724 0.5570539 0.8802291 0.5509709 0.8811789 0.5564966 0.8837277 0.5507874 0.8834303 0.5618919 0.8826251 0.5564966 0.8837277 0.5567181 0.8818724 0.5507874 0.8834303 0.556474 0.8858211 0.550801 0.8860307 0.5617862 0.8838967 0.556474 0.8858211 0.5564966 0.8837277 0.550801 0.8860307 0.5567411 0.8880726 0.5511014 0.8888908 0.5618739 0.8852779 0.5567411 0.8880726 0.556474 0.8858211 0.5567411 0.8880726 0.5516127 0.8917716 0.5511014 0.8888908 0.5567411 0.8880726 0.5627821 0.8881521 0.5573542 0.8903025 0.5573542 0.8903025 0.5523248 0.8944027 0.5516127 0.8917716 0.5573542 0.8903025 0.5635884 0.8894755 0.5582219 0.8924261 0.5582219 0.8924261 0.5530964 0.8966867 0.5523248 0.8944027 0.5582219 0.8924261 0.5645858 0.8906583 0.5592264 0.8943614 0.5523248 0.8944027 0.5474079 0.8984758 0.5466057 0.89595 0.5516127 0.8917716 0.5466057 0.89595 0.5458796 0.8929697 0.5466057 0.89595 0.5405007 0.9010509 0.539448 0.8981126 0.5458796 0.8929697 0.539448 0.8981126 0.5384995 0.8946531 0.5453318 0.889663 0.5384995 0.8946531 0.5377373 0.8907846 0.5511014 0.8888908 0.5458796 0.8929697 0.5453318 0.889663 0.5372797 0.8869011 0.5453318 0.889663 0.5377373 0.8907846 0.5449536 0.8863632 0.5511014 0.8888908 0.5453318 0.889663 0.5371176 0.8833504 0.5449536 0.8863632 0.5372797 0.8869011 0.5448514 0.8833481 0.550801 0.8860307 0.5449536 0.8863632 0.5372036 0.880197 0.5448514 0.8833481 0.5371176 0.8833504 0.5449702 0.8807111 0.5507874 0.8834303 0.5448514 0.8833481 0.5374907 0.8773514 0.5449702 0.8807111 0.5372036 0.880197 0.5452494 0.8783729 0.5509709 0.8811789 0.5449702 0.8807111 0.5379537 0.8746872 0.5452494 0.8783729 0.5374907 0.8773514 0.5456497 0.8762131 0.5512766 0.8792054 0.5452494 0.8783729 0.5385873 0.8721058 0.5456497 0.8762131 0.5379537 0.8746872 0.5461514 0.8741393 0.5516632 0.8773951 0.5456497 0.8762131 0.5467219 0.8720828 0.5385873 0.8721058 0.5393892 0.869576 0.5525901 0.8738942 0.5461514 0.8741393 0.5467219 0.8720828 0.5385873 0.8721058 0.5300408 0.8728419 0.5307716 0.8698687 0.5317495 0.8669441 0.5385873 0.8721058 0.5307716 0.8698687 0.5307716 0.8698687 0.5214896 0.8708884 0.5223694 0.867443 0.5234374 0.8640073 0.5307716 0.8698687 0.5223694 0.867443 0.5300408 0.8728419 0.5207402 0.8745042 0.5214896 0.8708884 0.5379537 0.8746872 0.5294653 0.8759563 0.5300408 0.8728419 0.5294653 0.8759563 0.5201236 0.87847 0.5207402 0.8745042 0.5374907 0.8773514 0.5290455 0.8793502 0.5294653 0.8759563 0.5290455 0.8793502 0.5197144 0.8829658 0.5201236 0.87847 0.5372036 0.880197 0.5288341 0.8831659 0.5290455 0.8793502 0.5288341 0.8831659 0.5196738 0.8880788 0.5197144 0.8829658 0.5371176 0.8833504 0.5289394 0.8874682 0.5288341 0.8831659 0.5289394 0.8874682 0.5202277 0.8936686 0.5196738 0.8880788 0.5372797 0.8869011 0.5294753 0.8921192 0.5289394 0.8874682 0.5202277 0.8936686 0.5304954 0.8967556 0.5215352 0.8992606 0.5294753 0.8921192 0.5384995 0.8946531 0.5304954 0.8967556 0.5215352 0.8992606 0.5318734 0.9009788 0.5234166 0.904316 0.5304954 0.8967556 0.539448 0.8981126 0.5318734 0.9009788 0.5234166 0.904316 0.5334568 0.9046025 0.5255767 0.9085352 0.5318734 0.9009788 0.5405007 0.9010509 0.5334568 0.9046025 0.5151445 0.9090815 0.5255767 0.9085352 0.5174152 0.9145375 0.5131061 0.9025035 0.5234166 0.904316 0.5151445 0.9090815 0.5151445 0.9090815 0.5064054 0.9198911 0.5032282 0.9140406 0.5131061 0.9025035 0.5032282 0.9140406 0.5002089 0.9064379 0.5114653 0.8952389 0.5002089 0.9064379 0.4981884 0.8976037 0.5114653 0.8952389 0.5215352 0.8992606 0.5131061 0.9025035 0.5104771 0.8881054 0.4981884 0.8976037 0.4973849 0.8890433 0.5196738 0.8880788 0.5114653 0.8952389 0.5104771 0.8881054 0.5100783 0.8819084 0.4973849 0.8890433 0.4975821 0.8816051 0.5197144 0.8829658 0.5104771 0.8881054 0.5100783 0.8819084 0.4981639 0.8757385 0.5100783 0.8819084 0.4975821 0.8816051 0.5201236 0.87847 0.5100783 0.8819084 0.5100105 0.8765938 0.4989026 0.8705692 0.5100105 0.8765938 0.4981639 0.8757385 0.5207402 0.8745042 0.5100105 0.8765938 0.5103475 0.87208 0.4998725 0.8659042 0.5103475 0.87208 0.4989026 0.8705692 0.5214896 0.8708884 0.5103475 0.87208 0.5109961 0.8680816 0.5010249 0.8614506 0.5109961 0.8680816 0.4998725 0.8659042 0.5223694 0.867443 0.5109961 0.8680816 0.5118986 0.8643656 0.5024047 0.8569158 0.5118986 0.8643656 0.5010249 0.8614506 0.5131391 0.8607119 0.5223694 0.867443 0.5118986 0.8643656 0.4896627 0.858213 0.4998725 0.8659042 0.4883539 0.8633344 0.5024047 0.8569158 0.4896627 0.858213 0.4911912 0.8529973 0.4765828 0.8546129 0.4883539 0.8633344 0.4752319 0.8606153 0.4911912 0.8529973 0.4765828 0.8546129 0.4782922 0.8485525 0.4752319 0.8606153 0.4872779 0.8686336 0.4742246 0.8666012 0.4883539 0.8633344 0.4989026 0.8705692 0.4872779 0.8686336 0.4872779 0.8686336 0.4734925 0.8731356 0.4742246 0.8666012 0.4872779 0.8686336 0.4981639 0.8757385 0.4863513 0.8742755 0.4863513 0.8742755 0.4730962 0.8807167 0.4734925 0.8731356 0.4981639 0.8757385 0.4855623 0.8811459 0.4863513 0.8742755 0.4855623 0.8811459 0.4732755 0.8900299 0.4730962 0.8807167 0.4975821 0.8816051 0.4852959 0.8895977 0.4855623 0.8811459 0.4852959 0.8895977 0.4742936 0.9013206 0.4732755 0.8900299 0.4973849 0.8890433 0.4860427 0.8996537 0.4852959 0.8895977 0.4742936 0.9013206 0.4884463 0.9100429 0.4767374 0.9134569 0.4981884 0.8976037 0.4884463 0.9100429 0.4860427 0.8996537 0.4767374 0.9134569 0.492122 0.9192582 0.4803282 0.9248192 0.4884463 0.9100429 0.5032282 0.9140406 0.492122 0.9192582 0.4803282 0.9248192 0.4964538 0.9265096 0.4848285 0.9341911 0.492122 0.9192582 0.5064054 0.9198911 0.4964538 0.9265096 0.466556 0.9305793 0.4848285 0.9341911 0.4696572 0.943292 0.464403 0.9164321 0.4803282 0.9248192 0.466556 0.9305793 0.466556 0.9305793 0.4530426 0.9466897 0.4524029 0.9324166 0.464403 0.9164321 0.4524029 0.9324166 0.4519734 0.9179505 0.4626867 0.9026119 0.4519734 0.9179505 0.4508423 0.9041957 0.4626867 0.9026119 0.4767374 0.9134569 0.464403 0.9164321 0.4487007 0.8920285 0.4626867 0.9026119 0.4508423 0.9041957 0.4732755 0.8900299 0.4626867 0.9026119 0.4606286 0.8901728 0.4464806 0.8817144 0.4606286 0.8901728 0.4487007 0.8920285 0.4730962 0.8807167 0.4606286 0.8901728 0.4591865 0.8798913 0.4447181 0.8728011 0.4591865 0.8798913 0.4464806 0.8817144 0.4734925 0.8731356 0.4591865 0.8798913 0.4584665 0.8714954 0.4436462 0.8646589 0.4584665 0.8714954 0.4447181 0.8728011 0.4742246 0.8666012 0.4584665 0.8714954 0.4583776 0.8642411 0.4433441 0.8567545 0.4583776 0.8642411 0.4436462 0.8646589 0.4752319 0.8606153 0.4583776 0.8642411 0.4588186 0.8575373 0.4439109 0.8486617 0.4588186 0.8575373 0.4433441 0.8567545 0.4765828 0.8546129 0.4588186 0.8575373 0.4597846 0.8509678 0.4454618 0.8396925 0.4597846 0.8509678 0.4439109 0.8486617 0.4615508 0.844007 0.4765828 0.8546129 0.4597846 0.8509678 0.4304965 0.8474851 0.4433441 0.8567545 0.4304292 0.8571742 0.4454618 0.8396925 0.4304965 0.8474851 0.4315602 0.8367741 0.4201804 0.8471916 0.4304292 0.8571742 0.4203385 0.8578158 0.4315602 0.8367741 0.4201804 0.8471916 0.4205986 0.8354601 0.4203385 0.8578158 0.4311725 0.866251 0.4209903 0.8675938 0.4304292 0.8571742 0.4436462 0.8646589 0.4311725 0.866251 0.4209903 0.8675938 0.4325009 0.8751575 0.4219378 0.876917 0.4311725 0.866251 0.4447181 0.8728011 0.4325009 0.8751575 0.4219378 0.876917 0.4341871 0.8843683 0.422978 0.8861983 0.4325009 0.8751575 0.4464806 0.8817144 0.4341871 0.8843683 0.422978 0.8861983 0.435923 0.8943821 0.4238851 0.8958503 0.4341871 0.8843683 0.4487007 0.8920285 0.435923 0.8943821 0.4238851 0.8958503 0.4372577 0.90563 0.4243787 0.9062808 0.435923 0.8943821 0.4508423 0.9041957 0.4372577 0.90563 0.4372577 0.90563 0.424414 0.9178022 0.4243787 0.9062808 0.4508423 0.9041957 0.4378312 0.9182097 0.4372577 0.90563 0.4378312 0.9182097 0.423556 0.9306855 0.424414 0.9178022 0.4519734 0.9179505 0.4374414 0.93194 0.4378312 0.9182097 0.4374414 0.93194 0.4218482 0.9454985 0.423556 0.9306855 0.4524029 0.9324166 0.4366761 0.9468114 0.4374414 0.93194 0.423556 0.9306855 0.4039481 0.9418102 0.4067368 0.9279807 0.424414 0.9178022 0.4067368 0.9279807 0.4080932 0.9162883 0.4243787 0.9062808 0.4080932 0.9162883 0.4087148 0.905898 0.4091386 0.8964936 0.4243787 0.9062808 0.4087148 0.905898 0.4091813 0.8873748 0.4238851 0.8958503 0.4091386 0.8964936 0.4091389 0.8781906 0.422978 0.8861983 0.4091813 0.8873748 0.4090688 0.8686407 0.4219378 0.876917 0.4091389 0.8781906 0.4089797 0.8584324 0.4209903 0.8675938 0.4090688 0.8686407 0.4087855 0.847298 0.4203385 0.8578158 0.4089797 0.8584324 0.4205986 0.8354601 0.4087855 0.847298 0.4083891 0.8352553 0.9430612 0.1392366 0.9430115 0.1193668 0.9479598 0.1214704 0.9264112 0.1429373 0.9430612 0.1392366 0.9380058 0.1747139 0.9636942 0.1111541 0.9479598 0.1214704 0.9517802 0.1125847 0.9636942 0.1111541 0.9812765 0.1460952 0.9430612 0.1392366 0.9380058 0.1747139 0.9812765 0.1460952 0.9763321 0.1729323 0.9479598 0.1214704 0.9430115 0.1193668 0.9469367 0.1172495 0.9517802 0.1125847 0.9479598 0.1214704 0.9469367 0.1172495 0.9436665 0.1098167 0.9517802 0.1125847 0.9450347 0.1127285 0.9450347 0.1127285 0.9517802 0.1125847 0.9469367 0.1172495 0.9430161 0.1156494 0.9450347 0.1127285 0.9469367 0.1172495 0.9436665 0.1098167 0.9430161 0.1156494 0.932187 0.1226002 0.9469367 0.1172495 0.9430115 0.1193668 0.9430161 0.1156494 0.9430115 0.1193668 0.932187 0.1226002 0.9430161 0.1156494 0.9264112 0.1429373 0.9204528 0.1267345 0.932187 0.1226002 0.9225507 0.1208779 0.932187 0.1226002 0.9204528 0.1267345 0.9225507 0.1208779 0.9341034 0.1052439 0.932187 0.1226002 0.9341034 0.1052439 0.9436665 0.1098167 0.932187 0.1226002 0.9480942 0.08639639 0.9341034 0.1052439 0.9299541 0.09215563 0.9480942 0.08639639 0.9477285 0.103447 0.9341034 0.1052439 0.9341034 0.1052439 0.9229858 0.09499597 0.9299541 0.09215563 0.9341034 0.1052439 0.9225507 0.1208779 0.9229858 0.09499597 0.9477285 0.103447 0.9436665 0.1098167 0.9341034 0.1052439 0.9477285 0.103447 0.9636942 0.1111541 0.9436665 0.1098167 0.9477285 0.103447 0.9586965 0.09507519 0.9636942 0.1111541 0.9586965 0.09507519 0.9477285 0.103447 0.9480942 0.08639639 0.9654615 0.08045291 0.9586965 0.09507519 0.9484441 0.07737362 0.9654615 0.08045291 0.9840537 0.09386014 0.9586965 0.09507519 0.9484441 0.07737362 0.9586965 0.09507519 0.9480942 0.08639639 0.9636942 0.1111541 0.9840537 0.09386014 0.9866889 0.1150407 0.9579765 0.05607295 0.9823945 0.07224082 0.9654615 0.08045291 0.9579765 0.05607295 0.9691175 0.03745359 0.9768093 0.05180275 0.9579765 0.05607295 0.9654615 0.08045291 0.9444134 0.06026083 0.9466155 0.04322397 0.9579765 0.05607295 0.9444134 0.06026083 0.9388968 0.01657277 0.9466155 0.04322397 0.9290967 0.05345594 0.9290967 0.05345594 0.9466155 0.04322397 0.9444134 0.06026083 0.9466155 0.04322397 0.9623733 0.0260626 0.9691175 0.03745359 0.9187054 0.03776627 0.9388968 0.01657277 0.9290967 0.05345594 0.9388968 0.01657277 0.9137375 0.01276367 0.9185473 0.003864824 0.9187054 0.03776627 0.9052697 0.01290041 0.9137375 0.01276367 0.8959113 0.03473997 0.9052697 0.01290041 0.9042082 0.03072422 0.8959113 0.03473997 0.9042082 0.03072422 0.9106354 0.06477802 0.9042082 0.03072422 0.9187054 0.03776627 0.9106354 0.06477802 0.9106354 0.06477802 0.8976744 0.06597501 0.8959113 0.03473997 0.8976744 0.06597501 0.8888809 0.05985349 0.8959113 0.03473997 0.8888809 0.05985349 0.8888808 0.03152346 0.8959113 0.03473997 0.8959113 0.03473997 0.8888808 0.01220017 0.8978019 0.01315391 0.8976744 0.06597501 0.9129865 0.07036024 0.9006673 0.08434057 0.8888809 0.06666207 0.8976744 0.06597501 0.9006673 0.08434057 0.9129865 0.07036024 0.8976744 0.06597501 0.9106354 0.06477802 0.8888809 0.06666207 0.8888809 0.05985349 0.8976744 0.06597501 0.8888809 0.09250974 0.8888809 0.06666207 0.9006673 0.08434057 0.8888809 0.09250974 0.8770945 0.08434057 0.8888809 0.06666207 0.8888809 0.06666207 0.8800871 0.06597501 0.8888809 0.05985349 0.8888809 0.06666207 0.8770945 0.08434057 0.8800871 0.06597501 0.8800871 0.06597501 0.8770945 0.08434057 0.8647752 0.07036024 0.8647752 0.07036024 0.8671262 0.06477802 0.8800871 0.06597501 0.8671262 0.06477802 0.8818504 0.03473997 0.8800871 0.06597501 0.8800871 0.06597501 0.8818504 0.03473997 0.8888809 0.05985349 0.8818504 0.03473997 0.8671262 0.06477802 0.8735534 0.03072422 0.8724919 0.01290041 0.8818504 0.03473997 0.8735534 0.03072422 0.8888809 0.05985349 0.8818504 0.03473997 0.8888808 0.03152346 0.8818504 0.03473997 0.8888808 0.01220017 0.8888808 0.03152346 0.8590562 0.03776633 0.8724919 0.01290041 0.8735534 0.03072422 0.8388647 0.01657277 0.864024 0.01276367 0.8590562 0.03776633 0.8590562 0.03776633 0.8486649 0.05345594 0.8388647 0.01657277 0.8486649 0.05345594 0.8590562 0.03776633 0.8571105 0.06897872 0.8735534 0.03072422 0.8671262 0.06477802 0.8590562 0.03776633 0.8571105 0.06897872 0.8590562 0.03776633 0.8671262 0.06477802 0.8451548 0.07416504 0.8486649 0.05345594 0.8571105 0.06897872 0.8451548 0.07416504 0.8571105 0.06897872 0.8565384 0.08597499 0.8565384 0.08597499 0.8571105 0.06897872 0.8647752 0.07036024 0.8571105 0.06897872 0.8671262 0.06477802 0.8647752 0.07036024 0.8478077 0.09215563 0.8451548 0.07416504 0.8565384 0.08597499 0.8565384 0.08597499 0.8547759 0.09499603 0.8478077 0.09215563 0.8565384 0.08597499 0.8647752 0.07036024 0.8678719 0.09878844 0.8678719 0.09878844 0.8547759 0.09499603 0.8565384 0.08597499 0.8436582 0.1052439 0.8478077 0.09215563 0.8547759 0.09499603 0.8436582 0.1052439 0.8547759 0.09499603 0.8552109 0.1208779 0.8552109 0.1208779 0.8547759 0.09499603 0.865574 0.1102746 0.8547759 0.09499603 0.8678719 0.09878844 0.865574 0.1102746 0.8552109 0.1208779 0.8455746 0.1226002 0.8436582 0.1052439 0.8552109 0.1208779 0.8573088 0.1267345 0.8455746 0.1226002 0.865574 0.1102746 0.8702183 0.1279709 0.8552109 0.1208779 0.8702183 0.1279709 0.8573088 0.1267345 0.8552109 0.1208779 0.8513504 0.1429373 0.8455746 0.1226002 0.8573088 0.1267345 0.8513504 0.1429373 0.8573088 0.1267345 0.8677024 0.1370623 0.8573088 0.1267345 0.8702183 0.1279709 0.8677024 0.1370623 0.8677024 0.1370623 0.8748883 0.1684694 0.8513504 0.1429373 0.8677024 0.1370623 0.8702183 0.1279709 0.8888809 0.1422153 0.8888809 0.1422153 0.8748883 0.1684694 0.8677024 0.1370623 0.8513504 0.1429373 0.8748883 0.1684694 0.8593313 0.1717556 0.8667311 0.2114896 0.8593313 0.1717556 0.8748883 0.1684694 0.8888809 0.1624273 0.8748883 0.1684694 0.8888809 0.1422153 0.8888809 0.20509 0.8748883 0.1684694 0.8888809 0.1624273 0.9028734 0.1684694 0.8888809 0.20509 0.8888809 0.1624273 0.9184305 0.1717556 0.9110307 0.2114896 0.9028734 0.1684694 0.9264112 0.1429373 0.9184305 0.1717556 0.9028734 0.1684694 0.8888809 0.1624273 0.8888809 0.1422153 0.9028734 0.1684694 0.8888809 0.1422153 0.9100594 0.1370623 0.9028734 0.1684694 0.9100594 0.1370623 0.9264112 0.1429373 0.9028734 0.1684694 0.9264112 0.1429373 0.9100594 0.1370623 0.9204528 0.1267345 0.9100594 0.1370623 0.8888809 0.1422153 0.9075433 0.1279709 0.9204528 0.1267345 0.9100594 0.1370623 0.9075433 0.1279709 0.9075433 0.1279709 0.9225507 0.1208779 0.9204528 0.1267345 0.8987251 0.1116522 0.9075433 0.1279709 0.9002137 0.1190351 0.8888809 0.1422153 0.9002137 0.1190351 0.9075433 0.1279709 0.8987251 0.1116522 0.9121876 0.1102746 0.9075433 0.1279709 0.9121876 0.1102746 0.9225507 0.1208779 0.9075433 0.1279709 0.9225507 0.1208779 0.9121876 0.1102746 0.9229858 0.09499597 0.9229858 0.09499597 0.9121876 0.1102746 0.9098898 0.09878832 0.9121876 0.1102746 0.9007441 0.0921843 0.9098898 0.09878832 0.9121876 0.1102746 0.8987251 0.1116522 0.9007441 0.0921843 0.9098898 0.09878832 0.9212232 0.08597499 0.9229858 0.09499597 0.9212232 0.08597499 0.9098898 0.09878832 0.9129865 0.07036024 0.9006673 0.08434057 0.9098898 0.09878832 0.9007441 0.0921843 0.9098898 0.09878832 0.9006673 0.08434057 0.9129865 0.07036024 0.9299541 0.09215563 0.9212232 0.08597499 0.9326068 0.07416504 0.9326068 0.07416504 0.9212232 0.08597499 0.9206511 0.06897872 0.9212232 0.08597499 0.9299541 0.09215563 0.9229858 0.09499597 0.9212232 0.08597499 0.9129865 0.07036024 0.9206511 0.06897872 0.9326068 0.07416504 0.9206511 0.06897872 0.9290967 0.05345594 0.9290967 0.05345594 0.9206511 0.06897872 0.9187054 0.03776627 0.9206511 0.06897872 0.9129865 0.07036024 0.9106354 0.06477802 0.9206511 0.06897872 0.9106354 0.06477802 0.9187054 0.03776627 0.9484441 0.07737362 0.9326068 0.07416504 0.9444134 0.06026083 0.9444134 0.06026083 0.9326068 0.07416504 0.9290967 0.05345594 0.9484441 0.07737362 0.9299541 0.09215563 0.9326068 0.07416504 0.8987251 0.1116522 0.8888809 0.1016088 0.9007441 0.0921843 0.8888809 0.1016088 0.8888809 0.09250974 0.9007441 0.0921843 0.8888809 0.09250974 0.9006673 0.08434057 0.9007441 0.0921843 0.8888809 0.1263452 0.8888809 0.1016088 0.8987251 0.1116522 0.8888809 0.1263452 0.8790366 0.1116522 0.8888809 0.1016088 0.8888809 0.1016088 0.8770174 0.0921843 0.8888809 0.09250974 0.8790366 0.1116522 0.8770174 0.0921843 0.8888809 0.1016088 0.865574 0.1102746 0.8770174 0.0921843 0.8790366 0.1116522 0.8790366 0.1116522 0.8702183 0.1279709 0.865574 0.1102746 0.8790366 0.1116522 0.877548 0.1190351 0.8702183 0.1279709 0.8888809 0.1263452 0.877548 0.1190351 0.8790366 0.1116522 0.8888809 0.1422153 0.8702183 0.1279709 0.877548 0.1190351 0.8888809 0.1422153 0.877548 0.1190351 0.8888809 0.1263452 0.865574 0.1102746 0.8678719 0.09878844 0.8770174 0.0921843 0.8770945 0.08434057 0.8770174 0.0921843 0.8678719 0.09878844 0.8888809 0.09250974 0.8770174 0.0921843 0.8770945 0.08434057 0.8888809 0.1422153 0.8888809 0.1263452 0.9002137 0.1190351 0.8888809 0.1263452 0.8987251 0.1116522 0.9002137 0.1190351 0.9184305 0.1717556 0.9264112 0.1429373 0.9380058 0.1747139 0.9380058 0.1747139 0.9279224 0.215308 0.9184305 0.1717556 0.8498393 0.215308 0.839756 0.1747139 0.8593313 0.1717556 0.839756 0.1747139 0.7964851 0.1460953 0.8347004 0.1392366 0.8593313 0.1717556 0.839756 0.1747139 0.8513504 0.1429373 0.8513504 0.1429373 0.839756 0.1747139 0.8347004 0.1392366 0.8347004 0.1392366 0.8347502 0.1193668 0.8513504 0.1429373 0.8140675 0.1111543 0.8298019 0.1214705 0.8347004 0.1392366 0.7964851 0.1460953 0.8140675 0.1111543 0.8347004 0.1392366 0.8298019 0.1214705 0.8308249 0.1172496 0.8347502 0.1193668 0.8259815 0.1125848 0.8308249 0.1172496 0.8298019 0.1214705 0.8340951 0.1098167 0.8259815 0.1125848 0.8140675 0.1111543 0.832727 0.1127285 0.8308249 0.1172496 0.8259815 0.1125848 0.8347455 0.1156494 0.8308249 0.1172496 0.832727 0.1127285 0.8347455 0.1156494 0.8340951 0.1098167 0.8455746 0.1226002 0.8308249 0.1172496 0.8347455 0.1156494 0.8347502 0.1193668 0.8455746 0.1226002 0.8347502 0.1193668 0.8347455 0.1156494 0.8300331 0.1034471 0.8340951 0.1098167 0.8140675 0.1111543 0.8300331 0.1034471 0.8436582 0.1052439 0.8340951 0.1098167 0.8436582 0.1052439 0.8455746 0.1226002 0.8340951 0.1098167 0.8300331 0.1034471 0.8140675 0.1111543 0.8190652 0.0950753 0.8190652 0.0950753 0.8296675 0.08639645 0.8300331 0.1034471 0.8296675 0.08639645 0.8436582 0.1052439 0.8300331 0.1034471 0.8293175 0.0773738 0.8296675 0.08639645 0.8190652 0.0950753 0.8296675 0.08639645 0.8478077 0.09215563 0.8436582 0.1052439 0.8478077 0.09215563 0.8296675 0.08639645 0.8293175 0.0773738 0.8123001 0.08045303 0.8293175 0.0773738 0.8190652 0.0950753 0.8123001 0.08045303 0.8333481 0.06026083 0.8293175 0.0773738 0.8293175 0.0773738 0.8451548 0.07416504 0.8478077 0.09215563 0.8293175 0.0773738 0.8333481 0.06026083 0.8451548 0.07416504 0.8197851 0.05607295 0.8333481 0.06026083 0.8123001 0.08045303 0.8311461 0.04322403 0.8333481 0.06026083 0.8197851 0.05607295 0.8333481 0.06026083 0.8486649 0.05345594 0.8451548 0.07416504 0.8486649 0.05345594 0.8333481 0.06026083 0.8311461 0.04322403 0.8197851 0.05607295 0.8086439 0.03745371 0.8311461 0.04322403 0.8388647 0.01657277 0.8486649 0.05345594 0.8311461 0.04322403 0.8311461 0.04322403 0.8153883 0.02606278 0.8388647 0.01657277 0.795367 0.072241 0.8197851 0.05607295 0.8123001 0.08045303 0.793708 0.09386038 0.8123001 0.08045303 0.8190652 0.0950753 0.8140675 0.1111543 0.793708 0.09386038 0.8190652 0.0950753 0.8678719 0.09878844 0.8647752 0.07036024 0.8770945 0.08434057 0.9654615 0.08045291 0.9484441 0.07737362 0.9444134 0.06026083 0.9299541 0.09215563 0.9484441 0.07737362 0.9480942 0.08639639 0.04476928 0.8632435 0.0666067 0.8626278 0.05776154 0.8808602 0.1275466 0.1708738 0.1628547 0.1650687 0.1384884 0.196106 0.05229759 0.8171722 0.06773906 0.8406475 0.06671768 0.8479518 0.1275466 0.1708738 0.1044859 0.1923354 0.1033838 0.1798841 0.06671768 0.8479518 0.07447081 0.8583388 0.0666067 0.8626278 0.06773906 0.8406475 0.08377712 0.8520683 0.07447081 0.8583388 0.05914688 0.8143237 0.07694399 0.8341097 0.06773906 0.8406475 0.07694399 0.8341097 0.0861535 0.8109803 0.08958661 0.8298905 0.07694399 0.8341097 0.09505283 0.8453029 0.08377712 0.8520683 0.1036599 0.8140494 0.08958661 0.8298905 0.0861535 0.8109803 0.08958661 0.8298905 0.1061588 0.83866 0.09505283 0.8453029 0.1036599 0.8140494 0.1132474 0.8228334 0.1032622 0.8269267 0.1032622 0.8269267 0.115229 0.8328694 0.1061588 0.83866 0.1448095 0.8254215 0.1409981 0.8359816 0.1353672 0.8273407 0.1571165 0.8378033 0.1409981 0.8359816 0.1526871 0.8303527 0.104752 0.8018673 0.1136029 0.8128766 0.1036599 0.8140494 0.1409981 0.8359816 0.1299848 0.8344553 0.1353672 0.8273407 0.1409981 0.8359816 0.1353507 0.85091 0.1305796 0.8432687 0.1118119 0.8487082 0.1273153 0.8463539 0.1203899 0.8563886 0.1302005 0.860697 0.1273153 0.8463539 0.1353507 0.85091 0.1020308 0.8584179 0.1203899 0.8563886 0.1120082 0.8699527 0.1120082 0.8699527 0.1302005 0.860697 0.1245155 0.8780614 0.09018671 0.8680041 0.1120082 0.8699527 0.09976577 0.8836181 0.09976577 0.8836181 0.1245155 0.8780614 0.1110865 0.8959968 0.07649654 0.876161 0.09976577 0.8836181 0.08466023 0.8962898 0.08466023 0.8962898 0.1110865 0.8959968 0.09362441 0.9117759 0.06527858 0.9035042 0.07649654 0.876161 0.08466023 0.8962898 0.07325595 0.9217987 0.08466023 0.8962898 0.09362441 0.9117759 0.07325595 0.9217987 0.1015931 0.9243648 0.08268797 0.9410178 0.09362441 0.9117759 0.1207945 0.9052423 0.1015931 0.9243648 0.1015505 0.9462661 0.1015931 0.9243648 0.1139915 0.933037 0.1139915 0.933037 0.1207945 0.9052423 0.132656 0.9125221 0.132656 0.9125221 0.1355254 0.8840894 0.1470987 0.8883847 0.1110865 0.8959968 0.1355254 0.8840894 0.1207945 0.9052423 0.1355254 0.8840894 0.1516336 0.8642413 0.1470987 0.8883847 0.1245155 0.8780614 0.1401245 0.863621 0.1355254 0.8840894 0.1516336 0.8642413 0.1435016 0.8545395 0.1521684 0.8536403 0.1401245 0.863621 0.1353507 0.85091 0.1435016 0.8545395 0.1471111 0.8457061 0.1435016 0.8545395 0.1353507 0.85091 0.1574859 0.8463519 0.1471111 0.8457061 0.1571165 0.8378033 0.1058294 0.7902444 0.1169421 0.7854185 0.1146302 0.7947071 0.104752 0.8018673 0.1146302 0.7947071 0.113941 0.8036533 0.1058294 0.7902444 0.08461451 0.7971188 0.08261871 0.7840026 0.1084409 0.7780258 0.08261871 0.7840026 0.08246976 0.7702815 0.06267613 0.7973954 0.08261871 0.7840026 0.08461451 0.7971188 0.05553597 0.782858 0.08246976 0.7702815 0.08261871 0.7840026 0.04225224 0.7971532 0.05553597 0.782858 0.06267613 0.7973954 0.02408301 0.7818553 0.05233108 0.7673135 0.05553597 0.782858 0.003383994 0.7730417 0.02202868 0.7635649 0.02408301 0.7818553 0.0267449 0.7900381 0.02408301 0.7818553 0.04225224 0.7971532 0.1015505 0.9462661 0.08353412 0.9653767 0.08268797 0.9410178 0.04756575 0.158577 0.01025044 0.1382306 0.03687971 0.1302781 0.04756575 0.158577 0.06490331 0.1806594 0.0287041 0.1757618 0.09205913 0.411507 0.05205798 0.4451034 0.05526876 0.4030903 0.09205913 0.411507 0.06626635 0.3752871 0.09927511 0.3849037 0.06490331 0.1806594 0.03229248 0.2050731 0.0287041 0.1757618 0.1033838 0.1798841 0.06490331 0.1806594 0.06893759 0.1726959 0.1044859 0.1923354 0.07167166 0.2040625 0.06490331 0.1806594 0.1009132 0.2135034 0.07557451 0.2244414 0.07167166 0.2040625 0.07167166 0.2040625 0.04222661 0.227745 0.03229248 0.2050731 0.07557451 0.2244414 0.05189704 0.2416139 0.04222661 0.227745 0.09977507 0.2299176 0.07709294 0.2384372 0.07557451 0.2244414 0.1239975 0.2409478 0.09845983 0.2417421 0.09977507 0.2299176 0.1239975 0.2409478 0.1365697 0.261376 0.1188837 0.250118 0.1450006 0.2536824 0.1503233 0.2756818 0.1365697 0.261376 0.1503233 0.2756818 0.1584832 0.300602 0.1485666 0.3000816 0.1376886 0.3291603 0.1584832 0.300602 0.1446713 0.3385041 0.1446713 0.3385041 0.1218556 0.348313 0.1376886 0.3291603 0.1009058 0.3611403 0.1218556 0.348313 0.1271489 0.3662664 0.07284951 0.3508451 0.1009995 0.3437129 0.1009058 0.3611403 0.09927511 0.3849037 0.1271489 0.3662664 0.133034 0.390954 0.06626635 0.3752871 0.1009058 0.3611403 0.09927511 0.3849037 0.09205913 0.411507 0.133034 0.390954 0.1285282 0.4266264 0.1493452 0.4076982 0.133034 0.390954 0.1561279 0.3834604 0.1561279 0.3834604 0.1488615 0.3441865 0.1660099 0.3492454 0.1488615 0.3441865 0.1271489 0.3662664 0.1446713 0.3385041 0.1741316 0.38888 0.1660099 0.3492454 0.1859427 0.3565419 0.1741316 0.38888 0.1493452 0.4076982 0.1561279 0.3834604 0.1984573 0.3248226 0.1660099 0.3492454 0.1783185 0.3136111 0.1783185 0.3136111 0.1488615 0.3441865 0.1645427 0.3021516 0.1783185 0.3136111 0.2133057 0.2912786 0.1984573 0.3248226 0.1933316 0.2809327 0.1645427 0.3021516 0.175374 0.2654777 0.1446713 0.3385041 0.1645427 0.3021516 0.1488615 0.3441865 0.1640111 0.2696056 0.1645427 0.3021516 0.1584832 0.300602 0.2039981 0.262318 0.175374 0.2654777 0.2036284 0.2321881 0.2036284 0.2321881 0.175374 0.2654777 0.154365 0.2411071 0.154365 0.2411071 0.175374 0.2654777 0.1450006 0.2536824 0.175374 0.2654777 0.1640111 0.2696056 0.1450006 0.2536824 0.1674043 0.2169696 0.2036284 0.2321881 0.154365 0.2411071 0.1674043 0.2169696 0.154365 0.2411071 0.1300743 0.2246432 0.1300743 0.2246432 0.154365 0.2411071 0.1239975 0.2409478 0.154365 0.2411071 0.1450006 0.2536824 0.1239975 0.2409478 0.1384884 0.196106 0.1674043 0.2169696 0.1300743 0.2246432 0.1044859 0.1923354 0.1300743 0.2246432 0.1009132 0.2135034 0.1300743 0.2246432 0.09977507 0.2299176 0.1009132 0.2135034 0.1628547 0.1650687 0.1674043 0.2169696 0.1384884 0.196106 0.1900237 0.184531 0.2036284 0.2321881 0.1674043 0.2169696 0.2104557 0.1482256 0.2193707 0.2000361 0.1900237 0.184531 0.1628547 0.1650687 0.2104557 0.1482256 0.1900237 0.184531 0.1556229 0.1231987 0.1628547 0.1650687 0.1421905 0.1487548 0.1647867 0.09740966 0.1813081 0.1326273 0.1556229 0.1231987 0.1813081 0.1326273 0.228955 0.1110778 0.2104557 0.1482256 0.02186822 0.8784933 0.02224069 0.9028194 0.004422903 0.8972172 0.04476928 0.8632435 0.03675502 0.8938857 0.02186822 0.8784933 0.002768754 0.9185247 0.02224069 0.9028194 0.02564972 0.9164028 0.1647867 0.09740966 0.1880911 0.06418579 0.1984888 0.09492444 0.00973308 0.940035 0.02564972 0.9164028 0.03176558 0.9323891 0.1593298 0.0750758 0.1728113 0.03795784 0.1880911 0.06418579 0.1880911 0.06418579 0.201063 0.02587538 0.2149978 0.0505557 0.1880911 0.06418579 0.223507 0.07368475 0.1984888 0.09492444 0.01341527 0.6166778 0.05124735 0.603591 0.04218852 0.6292574 0.01341527 0.6166778 0.02893537 0.6538075 0.003487706 0.6399891 0.228955 0.1110778 0.223507 0.07368475 0.2513517 0.07842332 0.2602308 0.1232187 0.2513517 0.07842332 0.2822273 0.08648264 0.04218852 0.6292574 0.06031346 0.6635875 0.02893537 0.6538075 0.2909746 0.13708 0.2822273 0.08648264 0.3096718 0.1016048 0.06931823 0.6388148 0.09176015 0.6734942 0.06031346 0.6635875 0.2602308 0.1232187 0.2693631 0.1782556 0.2403857 0.1627366 0.228955 0.1110778 0.2403857 0.1627366 0.2104557 0.1482256 0.2403857 0.1627366 0.2501438 0.2153489 0.2193707 0.2000361 0.2693631 0.1782556 0.31976 0.1545445 0.2985408 0.1930678 0.2501438 0.2153489 0.2985408 0.1930678 0.2803128 0.2311023 0.2985408 0.1930678 0.3473359 0.1734654 0.3271431 0.2093065 0.2803128 0.2311023 0.3271431 0.2093065 0.3091815 0.2455132 0.2362466 0.2428408 0.2803128 0.2311023 0.2636301 0.2615406 0.2636301 0.2615406 0.3091815 0.2455132 0.2958793 0.2794472 0.2958793 0.2794472 0.3415773 0.2582024 0.3316645 0.2940263 0.3415773 0.2582024 0.3271431 0.2093065 0.3559559 0.2247486 0.3655228 0.2965762 0.3415773 0.2582024 0.3692293 0.2689427 0.3415773 0.2582024 0.3778629 0.240987 0.3692293 0.2689427 0.9604054 0.3306202 0.9341276 0.3313115 0.9360474 0.3180433 0.9642621 0.358793 0.9604054 0.3306202 0.9829891 0.346592 0.976482 0.3705341 0.9829891 0.346592 0.995229 0.3689435 0.3559559 0.2247486 0.3942862 0.2191222 0.3778629 0.240987 0.9914653 0.3901883 0.976482 0.3705341 0.995229 0.3689435 0.3942862 0.2191222 0.4092491 0.1811395 0.4162536 0.2112252 0.3812827 0.1570323 0.4092491 0.1811395 0.3776972 0.1896723 0.3473359 0.1734654 0.3812827 0.1570323 0.3776972 0.1896723 0.3559559 0.2247486 0.3473359 0.1734654 0.3776972 0.1896723 0.2453206 0.6319667 0.2086763 0.6160877 0.2384794 0.6062562 0.1819404 0.6261664 0.2160009 0.6463061 0.1850159 0.6533123 0.156219 0.6282221 0.1850159 0.6533123 0.1543403 0.6539413 0.1850159 0.6533123 0.156771 0.681158 0.1543403 0.6539413 0.1819404 0.6261664 0.1611222 0.6037848 0.1813802 0.6052848 0.2086763 0.6160877 0.1813802 0.6052848 0.2034476 0.583103 0.1813802 0.6052848 0.1760755 0.5722307 0.2034476 0.583103 0.1914859 0.5342492 0.2034476 0.583103 0.1760755 0.5722307 0.2358283 0.5787132 0.2189475 0.5431807 0.2431846 0.5508386 0.2384794 0.6062562 0.2034476 0.583103 0.2358283 0.5787132 0.9606856 0.4259752 0.9599753 0.399693 0.9792605 0.410014 0.9348233 0.4294874 0.9511498 0.4118649 0.9606856 0.4259752 0.9792605 0.410014 0.9696182 0.3838838 0.9914653 0.3901883 0.9599753 0.399693 0.9521797 0.3752765 0.9696182 0.3838838 0.9423054 0.3932278 0.9511498 0.4118649 0.9353762 0.4099265 0.9521797 0.3752765 0.976482 0.3705341 0.9696182 0.3838838 0.9423054 0.3932278 0.9321852 0.367787 0.9521797 0.3752765 0.9424179 0.3469564 0.9521797 0.3752765 0.9321852 0.367787 0.921915 0.3851843 0.9100213 0.3622755 0.9321852 0.367787 0.9321852 0.367787 0.9207209 0.3448006 0.9424179 0.3469564 0.9100213 0.3622755 0.9065448 0.3379717 0.9207209 0.3448006 0.8989009 0.3738343 0.8941519 0.3517504 0.9100213 0.3622755 0.8848789 0.3376308 0.9065448 0.3379717 0.8941519 0.3517504 0.8812046 0.3604604 0.8848789 0.3376308 0.8941519 0.3517504 0.8969788 0.3273431 0.8800458 0.3215171 0.8899583 0.3151609 0.8848789 0.3376308 0.8694254 0.3242261 0.8800458 0.3215171 0.8749895 0.310073 0.8899583 0.3151609 0.8800458 0.3215171 0.8694254 0.3242261 0.8749895 0.310073 0.8800458 0.3215171 0.8746176 0.2979205 0.8632419 0.2976289 0.8704532 0.28994 0.8632419 0.2976289 0.8660736 0.3133481 0.8551855 0.3062782 0.8521161 0.290275 0.8551855 0.3062782 0.8466187 0.2971252 0.8611229 0.2865146 0.8632419 0.2976289 0.8521161 0.290275 0.8551855 0.3062782 0.8448933 0.3053119 0.8466187 0.2971252 0.8551855 0.3062782 0.8571795 0.3155757 0.8488301 0.3132162 0.8969533 0.2539775 0.8850865 0.2510251 0.8922151 0.2422494 0.8473406 0.3235417 0.8571795 0.3155757 0.8586938 0.3253228 0.8461626 0.3488007 0.8586938 0.3253228 0.8599648 0.3477979 0.9170671 0.2473735 0.8922151 0.2422494 0.9169325 0.2293506 0.8577973 0.3736752 0.8599648 0.3477979 0.8706269 0.3668855 0.9429168 0.2420516 0.9169325 0.2293506 0.9457924 0.2229514 0.8759101 0.3924858 0.8706269 0.3668855 0.8892301 0.3842579 0.9712032 0.2420585 0.9457924 0.2229514 0.9741415 0.2227576 0.9911472 0.2345837 0.9741415 0.2227576 0.9945006 0.2217232 0.8889424 0.4062187 0.8892301 0.3842579 0.9096742 0.404225 0.8889424 0.4062187 0.9053266 0.4257873 0.8786174 0.4130633 0.2341157 0.5058073 0.2694833 0.4922334 0.2543163 0.5203633 0.9667974 0.2525055 0.9712032 0.2420585 0.9911472 0.2345837 0.4046036 0.3602392 0.3739706 0.3501451 0.3818672 0.3467146 0.2226554 0.4548733 0.2341157 0.5058073 0.2073192 0.494373 0.2226554 0.4548733 0.2653719 0.4275937 0.2558331 0.4695481 0.3492763 0.3871566 0.3739706 0.3501451 0.3900617 0.381062 0.3739706 0.3501451 0.3625936 0.3205905 0.3818672 0.3467146 0.3413962 0.3507105 0.3491588 0.3207486 0.3739706 0.3501451 0.3225474 0.3553375 0.329297 0.3303782 0.3413962 0.3507105 0.3259721 0.3814328 0.3413962 0.3507105 0.3492763 0.3871566 0.3029785 0.3743808 0.3225474 0.3553375 0.3259721 0.3814328 0.3020143 0.358999 0.3122102 0.3389668 0.3225474 0.3553375 0.3122102 0.3389668 0.3082642 0.3143582 0.329297 0.3303782 0.2962427 0.346852 0.2964627 0.3281322 0.3122102 0.3389668 0.2886413 0.3397178 0.2803055 0.3222169 0.2964627 0.3281322 0.3082642 0.3143582 0.2964627 0.3281322 0.2840219 0.3054213 0.2964627 0.3281322 0.2803055 0.3222169 0.2840219 0.3054213 0.2958793 0.2794472 0.2840219 0.3054213 0.2636301 0.2615406 0.3082642 0.3143582 0.2840219 0.3054213 0.2958793 0.2794472 0.2840219 0.3054213 0.2803055 0.3222169 0.2549223 0.3031519 0.2840219 0.3054213 0.2549223 0.3031519 0.2636301 0.2615406 0.2335822 0.2994917 0.2392988 0.3339713 0.2196143 0.3314833 0.2392988 0.3339713 0.2620842 0.31998 0.2514393 0.3402104 0.2408876 0.2798775 0.2549223 0.3031519 0.2335822 0.2994917 0.2803055 0.3222169 0.2620842 0.31998 0.2549223 0.3031519 0.2133057 0.2912786 0.2196143 0.3314833 0.1984573 0.3248226 0.2133057 0.2912786 0.2408876 0.2798775 0.2335822 0.2994917 0.2362466 0.2428408 0.2408876 0.2798775 0.2241904 0.2679162 0.2039981 0.262318 0.2133057 0.2912786 0.1933316 0.2809327 0.2039981 0.262318 0.2362466 0.2428408 0.2241904 0.2679162 0.2193707 0.2000361 0.2362466 0.2428408 0.2036284 0.2321881 0.2068408 0.364084 0.1984573 0.3248226 0.2196143 0.3314833 0.2196143 0.3314833 0.2315808 0.3686337 0.2068408 0.364084 0.1859427 0.3565419 0.1930785 0.396499 0.1741316 0.38888 0.2068408 0.364084 0.2155867 0.4063822 0.1930785 0.396499 0.2392988 0.3339713 0.2453404 0.3646829 0.2315808 0.3686337 0.2315808 0.3686337 0.2421851 0.3884818 0.2155867 0.4063822 0.2514393 0.3402104 0.2593767 0.3604292 0.2453404 0.3646829 0.2453404 0.3646829 0.2600694 0.374718 0.2421851 0.3884818 0.2421851 0.3884818 0.2393754 0.4187466 0.2155867 0.4063822 0.2600694 0.374718 0.2593915 0.3961605 0.2421851 0.3884818 0.2593915 0.3961605 0.2653719 0.4275937 0.2393754 0.4187466 0.2593915 0.3961605 0.2872076 0.3837257 0.2769607 0.4055203 0.2684893 0.3648827 0.2733429 0.3765541 0.2600694 0.374718 0.2885402 0.368156 0.2733429 0.3765541 0.276389 0.3654513 0.2775067 0.3572532 0.2885402 0.368156 0.276389 0.3654513 0.2685224 0.3575823 0.276389 0.3654513 0.2684893 0.3648827 0.2684893 0.3648827 0.2593767 0.3604292 0.2685224 0.3575823 0.2627745 0.3476721 0.2685224 0.3575823 0.2593767 0.3604292 0.2775067 0.3572532 0.2698921 0.3504574 0.2777729 0.3506543 0.2627745 0.3476721 0.2715266 0.3443616 0.2698921 0.3504574 0.2715266 0.3443616 0.2777729 0.3506543 0.2698921 0.3504574 0.2715266 0.3443616 0.2785515 0.3360676 0.2777272 0.3445996 0.2514393 0.3402104 0.2685941 0.3362293 0.2627745 0.3476721 0.2803055 0.3222169 0.2685941 0.3362293 0.2620842 0.31998 0.2843093 0.3448961 0.2785515 0.3360676 0.2886413 0.3397178 0.2777729 0.3506543 0.2843093 0.3448961 0.2866091 0.3501239 0.2866091 0.3501239 0.2886413 0.3397178 0.2962427 0.346852 0.2962427 0.346852 0.2883794 0.3577667 0.2866091 0.3501239 0.2866091 0.3501239 0.2775067 0.3572532 0.2777729 0.3506543 0.2885402 0.368156 0.3020143 0.358999 0.3029785 0.3743808 0.2155867 0.4063822 0.2226554 0.4548733 0.1864113 0.4466199 0.2155867 0.4063822 0.181324 0.419982 0.1930785 0.396499 0.1864113 0.4466199 0.2073192 0.494373 0.1744599 0.486394 0.181324 0.419982 0.1567609 0.4396948 0.1641202 0.4183525 0.1567609 0.4396948 0.1744599 0.486394 0.1442233 0.477934 0.1741316 0.38888 0.181324 0.419982 0.1641202 0.4183525 0.1493452 0.4076982 0.1567609 0.4396948 0.1285282 0.4266264 0.1442233 0.477934 0.1613492 0.5270705 0.1310892 0.5198094 0.1744599 0.486394 0.1914859 0.5342492 0.1613492 0.5270705 0.2073192 0.494373 0.2189475 0.5431807 0.1914859 0.5342492 0.1613492 0.5270705 0.1760755 0.5722307 0.1480329 0.5685815 0.1567609 0.4396948 0.1144241 0.4671227 0.1285282 0.4266264 0.1442233 0.477934 0.1015535 0.5088901 0.1144241 0.4671227 0.1285282 0.4266264 0.08218455 0.4542436 0.09205913 0.411507 0.1144241 0.4671227 0.07179981 0.4973268 0.08218455 0.4542436 0.08218455 0.4542436 0.04223936 0.4874817 0.05205798 0.4451034 0.07179981 0.4973268 0.03154152 0.5322839 0.04223936 0.4874817 0.1015535 0.5088901 0.06245172 0.5394918 0.07179981 0.4973268 0.06245172 0.5394918 0.03687292 0.5679327 0.03154152 0.5322839 0.08957588 0.5521198 0.05826354 0.577391 0.06245172 0.5394918 0.05826354 0.577391 0.02560877 0.5900166 0.03687292 0.5679327 0.08300185 0.5869683 0.05124735 0.603591 0.05826354 0.577391 0.04218852 0.6292574 0.07673668 0.6131565 0.06931823 0.6388148 0.09781843 0.6459442 0.07673668 0.6131565 0.1037198 0.6202379 0.1093833 0.5967818 0.07673668 0.6131565 0.08300185 0.5869683 0.09781843 0.6459442 0.1305046 0.6258686 0.1264325 0.6515399 0.1305046 0.6258686 0.1093833 0.5967818 0.1366347 0.6006713 0.156219 0.6282221 0.1366347 0.6006713 0.1611222 0.6037848 0.1305046 0.6258686 0.1543403 0.6539413 0.1264325 0.6515399 0.1611222 0.6037848 0.1480329 0.5685815 0.1760755 0.5722307 0.1366347 0.6006713 0.1186795 0.5619067 0.1480329 0.5685815 0.1310892 0.5198094 0.1480329 0.5685815 0.1186795 0.5619067 0.1310892 0.5198094 0.08957588 0.5521198 0.1015535 0.5088901 0.1186795 0.5619067 0.08300185 0.5869683 0.08957588 0.5521198 0.1543403 0.6539413 0.1244241 0.6775437 0.1264325 0.6515399 0.1264325 0.6515399 0.09176015 0.6734942 0.09781843 0.6459442 0.2909746 0.13708 0.3376496 0.1156982 0.31976 0.1545445 0.31976 0.1545445 0.3617206 0.1366509 0.3473359 0.1734654 0.1728113 0.03795784 0.1849851 0.007881522 0.201063 0.02587538 0.1268334 0.03727865 0.1057587 0.003152668 0.1502395 0.01174348 0.1461008 0.05466049 0.1502395 0.01174348 0.1728113 0.03795784 0.02459889 0.959068 0.03176558 0.9323891 0.03814619 0.945403 0.05213582 0.9657563 0.03814619 0.945403 0.05590718 0.9442593 0.08353412 0.9653767 0.05590718 0.9442593 0.08268797 0.9410178 0.03211134 0.096942 0.01025044 0.1382306 0.00324434 0.09569448 0.05590718 0.9442593 0.07325595 0.9217987 0.08268797 0.9410178 0.03814619 0.945403 0.05178248 0.9273722 0.05590718 0.9442593 0.06527858 0.9035042 0.05178248 0.9273722 0.04516035 0.9108848 0.04516035 0.9108848 0.03176558 0.9323891 0.02564972 0.9164028 0.04516035 0.9108848 0.02224069 0.9028194 0.03675502 0.8938857 0.06527858 0.9035042 0.03675502 0.8938857 0.05776154 0.8808602 0.3316645 0.2940263 0.3082642 0.3143582 0.2958793 0.2794472 0.329297 0.3303782 0.3316645 0.2940263 0.3491588 0.3207486 0.3491588 0.3207486 0.3655228 0.2965762 0.3625936 0.3205905 0.9470734 0.2821861 0.9537866 0.2600545 0.9667974 0.2525055 0.9366019 0.3090014 0.9470734 0.2821861 0.9360474 0.3180433 0.926671 0.3015102 0.9413117 0.2782867 0.9366019 0.3090014 0.9413117 0.2782867 0.9353007 0.2615266 0.9537866 0.2600545 0.9320117 0.2755586 0.9177681 0.2600333 0.9353007 0.2615266 0.926671 0.3015102 0.9178779 0.2746562 0.9320117 0.2755586 0.9178779 0.2746562 0.8997304 0.2657059 0.9177681 0.2600333 0.9147304 0.297132 0.9016936 0.2788282 0.9178779 0.2746562 0.9016936 0.2788282 0.8907052 0.2686096 0.8997304 0.2657059 0.8921034 0.2884989 0.9016936 0.2788282 0.9016568 0.2935141 0.8892558 0.2986088 0.9016568 0.2935141 0.8973006 0.3057636 0.9147304 0.297132 0.8973006 0.3057636 0.9016568 0.2935141 0.8832971 0.3058801 0.8973006 0.3057636 0.8899583 0.3151609 0.9066229 0.3129689 0.8899583 0.3151609 0.8973006 0.3057636 0.9066229 0.3129689 0.926671 0.3015102 0.916041 0.3216203 0.8969788 0.3273431 0.916041 0.3216203 0.9065448 0.3379717 0.916041 0.3216203 0.9366019 0.3090014 0.9252237 0.3277159 0.9065448 0.3379717 0.9252237 0.3277159 0.9207209 0.3448006 0.9252237 0.3277159 0.9360474 0.3180433 0.9341276 0.3313115 0.9207209 0.3448006 0.9341276 0.3313115 0.9424179 0.3469564 0.8997304 0.2657059 0.8888841 0.2597985 0.8969533 0.2539775 0.9177681 0.2600333 0.8969533 0.2539775 0.9170671 0.2473735 0.9353007 0.2615266 0.9170671 0.2473735 0.9429168 0.2420516 0.9537866 0.2600545 0.9429168 0.2420516 0.9712032 0.2420585 0.2189475 0.5431807 0.2543163 0.5203633 0.2431846 0.5508386 0.9053266 0.4257873 0.9353762 0.4099265 0.9348233 0.4294874 0.921915 0.3851843 0.9353762 0.4099265 0.9096742 0.404225 0.9096742 0.404225 0.8989009 0.3738343 0.921915 0.3851843 0.8892301 0.3842579 0.8812046 0.3604604 0.8989009 0.3738343 0.8706269 0.3668855 0.8713576 0.3438235 0.8812046 0.3604604 0.8713576 0.3438235 0.8586938 0.3253228 0.8694254 0.3242261 0.8586938 0.3253228 0.8660736 0.3133481 0.8694254 0.3242261 0.0666067 0.8626278 0.07649654 0.876161 0.05776154 0.8808602 0.05229759 0.8171722 0.04225224 0.7971532 0.05914688 0.8143237 0.05914688 0.8143237 0.06267613 0.7973954 0.06981748 0.8119418 0.06981748 0.8119418 0.08461451 0.7971188 0.0861535 0.8109803 0.104752 0.8018673 0.0861535 0.8109803 0.08461451 0.7971188 0.07447081 0.8583388 0.09018671 0.8680041 0.07649654 0.876161 0.08377712 0.8520683 0.1020308 0.8584179 0.09018671 0.8680041 0.09505283 0.8453029 0.1118119 0.8487082 0.1020308 0.8584179 0.1061588 0.83866 0.1199807 0.8408755 0.1118119 0.8487082 0.2465113 0.04231929 0.2435218 0.05030179 0.2435218 0.04217267 0.2405322 0.04231929 0.2435218 0.04217267 0.2435218 0.05030179 0.2568002 0.05036544 0.2461777 0.05638152 0.2554136 0.04723685 0.2554136 0.04723685 0.2435218 0.05030179 0.2533521 0.04474705 0.2533521 0.04474705 0.2435218 0.05030179 0.250261 0.0431481 0.250261 0.0431481 0.2435218 0.05030179 0.2465113 0.04231929 0.2302433 0.05036544 0.2316299 0.04723685 0.2408659 0.05638152 0.2316299 0.04723685 0.2336914 0.04474705 0.2435218 0.05030179 0.2336914 0.04474705 0.2367825 0.0431481 0.2435218 0.05030179 0.2367825 0.0431481 0.2405322 0.04231929 0.2435218 0.05030179 0.2383092 0.03505283 0.2367825 0.0431481 0.2323065 0.03593289 0.2435218 0.03485679 0.2405322 0.04231929 0.2383092 0.03505283 0.2373403 0.02850145 0.2323065 0.03593289 0.2302173 0.02967393 0.2435218 0.02811074 0.2383092 0.03505283 0.2373403 0.02850145 0.2465113 0.04231929 0.2435218 0.03485679 0.2487343 0.03505283 0.2487343 0.03505283 0.2435218 0.02811074 0.2497032 0.02850145 0.250261 0.0431481 0.2487343 0.03505283 0.254737 0.03593289 0.254737 0.03593289 0.2497032 0.02850145 0.2568263 0.02967393 0.2533521 0.04474705 0.254737 0.03593289 0.2598446 0.03738844 0.2598446 0.03738844 0.2568263 0.02967393 0.2628347 0.03112089 0.2554136 0.04723685 0.2598446 0.03738844 0.2639988 0.03980362 0.2639988 0.03980362 0.2628347 0.03112089 0.2679443 0.03293228 0.2671704 0.04434007 0.2554136 0.04723685 0.2639988 0.03980362 0.2738906 0.03635805 0.2639988 0.03980362 0.2679443 0.03293228 0.2760692 0.02639085 0.2679443 0.03293228 0.2689026 0.02603471 0.2727404 0.01467716 0.2689026 0.02603471 0.2669846 0.01727682 0.2727404 0.01467716 0.2607486 0.005957841 0.2638066 0.003731131 0.2669846 0.01727682 0.2633457 0.02496844 0.2616937 0.01752334 0.2607486 0.005957841 0.2616937 0.01752334 0.2570018 0.0067209 0.2616937 0.01752334 0.2570856 0.02354025 0.2557358 0.0166459 0.2570018 0.0067209 0.2557358 0.0166459 0.2521695 0.006686925 0.2557358 0.0166459 0.2496703 0.02222365 0.2487785 0.01561939 0.2521695 0.006686925 0.2487785 0.01561939 0.2463484 0.006775557 0.2487785 0.01561939 0.2435218 0.02172607 0.2435218 0.01539599 0.2463484 0.006775557 0.2435218 0.01539599 0.2435218 0.007006168 0.2382651 0.01561939 0.2435218 0.02172607 0.2373732 0.02222365 0.2406951 0.006775438 0.2435218 0.01539599 0.2382651 0.01561939 0.2313078 0.0166459 0.2373732 0.02222365 0.2299579 0.02354025 0.234874 0.006686925 0.2382651 0.01561939 0.2313078 0.0166459 0.2253499 0.01752334 0.2299579 0.02354025 0.2236979 0.02496844 0.2300418 0.0067209 0.2313078 0.0166459 0.2253499 0.01752334 0.2262949 0.005957841 0.2253499 0.01752334 0.2200589 0.01727682 0.2262949 0.005957841 0.2143031 0.01467716 0.223237 0.003731131 0.2143031 0.01467716 0.218141 0.02603471 0.2109743 0.02639085 0.2109743 0.02639085 0.2190992 0.03293228 0.213153 0.03635805 0.218141 0.02603471 0.2242088 0.03112089 0.2190992 0.03293228 0.2200589 0.01727682 0.2236979 0.02496844 0.218141 0.02603471 0.2236979 0.02496844 0.2302173 0.02967393 0.2242088 0.03112089 0.2242088 0.03112089 0.2230448 0.03980362 0.2190992 0.03293228 0.2302173 0.02967393 0.2271989 0.03738844 0.2242088 0.03112089 0.2299579 0.02354025 0.2373403 0.02850145 0.2302173 0.02967393 0.2271989 0.03738844 0.2316299 0.04723685 0.2230448 0.03980362 0.2323065 0.03593289 0.2336914 0.04474705 0.2271989 0.03738844 0.213153 0.03635805 0.2230448 0.03980362 0.2198731 0.04434007 0.2198731 0.04434007 0.2316299 0.04723685 0.2302433 0.05036544 0.2373732 0.02222365 0.2435218 0.02811074 0.2373403 0.02850145 0.2496703 0.02222365 0.2435218 0.02811074 0.2435218 0.02172607 0.2570856 0.02354025 0.2497032 0.02850145 0.2496703 0.02222365 0.2633457 0.02496844 0.2568263 0.02967393 0.2570856 0.02354025 0.2689026 0.02603471 0.2628347 0.03112089 0.2633457 0.02496844 0.1735516 0.8639555 0.1650519 0.8878703 0.1647132 0.861468 0.1710311 0.8865842 0.1735516 0.8639555 0.1823911 0.8722088 0.1823911 0.8722088 0.1735516 0.8639555 0.1929898 0.8774777 0.1733256 0.8525702 0.1647132 0.861468 0.1627663 0.8470397 0.1735516 0.8639555 0.1733256 0.8525702 0.1929898 0.8774777 0.1823493 0.8380735 0.1627663 0.8470397 0.1707791 0.8265314 0.1922815 0.8265426 0.1707791 0.8265314 0.1841658 0.8108357 0.2031038 0.8454434 0.1823493 0.8380735 0.1922815 0.8265426 0.2031038 0.8454434 0.1929898 0.8774777 0.1823493 0.8380735 0.1929898 0.8774777 0.1733256 0.8525702 0.1823493 0.8380735 0.1929898 0.8774777 0.2031038 0.8454434 0.2135232 0.8676158 0.2181705 0.850013 0.2031038 0.8454434 0.1922815 0.8265426 0.2224251 0.8614783 0.2031038 0.8454434 0.2181705 0.850013 0.2031038 0.8454434 0.2224251 0.8614783 0.2135232 0.8676158 0.1929898 0.8774777 0.2135232 0.8676158 0.1986235 0.8868551 0.2182829 0.8870945 0.1986235 0.8868551 0.2135232 0.8676158 0.2135232 0.8676158 0.2224251 0.8614783 0.2325348 0.8776116 0.2325348 0.8776116 0.2182829 0.8870945 0.2135232 0.8676158 0.1952753 0.9051125 0.2182829 0.8870945 0.2177488 0.9029003 0.1986235 0.8868551 0.2182829 0.8870945 0.1952753 0.9051125 0.2182829 0.8870945 0.2325348 0.8776116 0.2324883 0.9002555 0.2182829 0.8870945 0.2324883 0.9002555 0.2177488 0.9029003 0.1994365 0.9136149 0.2177488 0.9029003 0.213704 0.9232856 0.1952753 0.9051125 0.2177488 0.9029003 0.1994365 0.9136149 0.2177488 0.9029003 0.2324883 0.9002555 0.2359055 0.921029 0.2177488 0.9029003 0.2359055 0.921029 0.213704 0.9232856 0.213704 0.9232856 0.1944533 0.9264162 0.1968522 0.9229118 0.213704 0.9232856 0.1968522 0.9229118 0.1994365 0.9136149 0.2360307 0.9397392 0.213704 0.9232856 0.2359055 0.921029 0.213704 0.9232856 0.2346816 0.9450796 0.2113227 0.9291474 0.2360307 0.9397392 0.2498553 0.9394531 0.2346816 0.9450796 0.2712129 0.9427561 0.2498553 0.9394531 0.2507929 0.9307977 0.2507929 0.9307977 0.2360307 0.9397392 0.2359055 0.921029 0.2359055 0.921029 0.2568022 0.923722 0.2507929 0.9307977 0.270815 0.9284869 0.2712129 0.9427561 0.2507929 0.9307977 0.2568022 0.923722 0.270815 0.9284869 0.2507929 0.9307977 0.2700371 0.9005978 0.2568022 0.923722 0.2514213 0.8912449 0.2568022 0.923722 0.2324883 0.9002555 0.2514213 0.8912449 0.2324883 0.9002555 0.2568022 0.923722 0.2359055 0.921029 0.2700371 0.9005978 0.270815 0.9284869 0.2568022 0.923722 0.2694854 0.880814 0.2881027 0.8902218 0.2700371 0.9005978 0.2694854 0.880814 0.2700371 0.9005978 0.2514213 0.8912449 0.2700371 0.9005978 0.2845404 0.9229483 0.270815 0.9284869 0.2700371 0.9005978 0.2881027 0.8902218 0.2845404 0.9229483 0.2845404 0.9229483 0.2881027 0.8902218 0.3075084 0.8981631 0.3052544 0.9190946 0.2909346 0.9296782 0.2845404 0.9229483 0.3075084 0.8981631 0.3052544 0.9190946 0.2845404 0.9229483 0.2845404 0.9229483 0.2909346 0.9296782 0.270815 0.9284869 0.3061724 0.937783 0.2923532 0.9382678 0.2909346 0.9296782 0.2909346 0.9296782 0.3052544 0.9190946 0.3061724 0.937783 0.270815 0.9284869 0.2909346 0.9296782 0.2712129 0.9427561 0.2923532 0.9382678 0.2712129 0.9427561 0.2909346 0.9296782 0.3275471 0.9201105 0.3078169 0.9430397 0.3061724 0.937783 0.3469425 0.9221631 0.3275471 0.9201105 0.344352 0.918798 0.3275471 0.9201105 0.3412535 0.9096595 0.344352 0.918798 0.3412535 0.9096595 0.3275471 0.9201105 0.3223726 0.8999823 0.3223726 0.8999823 0.3275471 0.9201105 0.3052544 0.9190946 0.3061724 0.937783 0.3052544 0.9190946 0.3275471 0.9201105 0.3449344 0.9009383 0.3412535 0.9096595 0.3223726 0.8999823 0.3449344 0.9009383 0.3223726 0.8999823 0.3209583 0.8842309 0.3223726 0.8999823 0.3052544 0.9190946 0.3075084 0.8981631 0.3209583 0.8842309 0.3223726 0.8999823 0.3075084 0.8981631 0.3405737 0.8828959 0.3449344 0.9009383 0.3209583 0.8842309 0.3209583 0.8842309 0.3246248 0.8645172 0.3405737 0.8828959 0.3061999 0.875557 0.3246248 0.8645172 0.3209583 0.8842309 0.3209583 0.8842309 0.3075084 0.8981631 0.3061999 0.875557 0.3456761 0.8732192 0.3405737 0.8828959 0.3246248 0.8645172 0.3456761 0.8732192 0.3246248 0.8645172 0.333792 0.8417984 0.3246248 0.8645172 0.3061999 0.875557 0.3153947 0.8588854 0.333792 0.8417984 0.3246248 0.8645172 0.3153947 0.8588854 0.333792 0.8417984 0.3541036 0.8332831 0.3456761 0.8732192 0.333792 0.8417984 0.3435441 0.8223237 0.3541036 0.8332831 0.3190036 0.8472006 0.3435441 0.8223237 0.333792 0.8417984 0.3153947 0.8588854 0.3190036 0.8472006 0.333792 0.8417984 0.3435441 0.8223237 0.3650124 0.821114 0.3541036 0.8332831 0.3190036 0.8472006 0.2962426 0.8271199 0.3435441 0.8223237 0.2999814 0.8083486 0.3435441 0.8223237 0.2962426 0.8271199 0.2677099 0.8171585 0.2999814 0.8083486 0.2962426 0.8271199 0.2677099 0.8171585 0.2349974 0.810161 0.2672718 0.8014484 0.2677099 0.8171585 0.2966119 0.8493223 0.2685232 0.8463181 0.2677099 0.8171585 0.2685232 0.8463181 0.2406457 0.8508833 0.2677099 0.8171585 0.2406457 0.8508833 0.2397768 0.8286948 0.2677099 0.8171585 0.2962426 0.8271199 0.2966119 0.8493223 0.2966119 0.8493223 0.3190036 0.8472006 0.3153947 0.8588854 0.3153947 0.8588854 0.2898604 0.8785429 0.2966119 0.8493223 0.2966119 0.8493223 0.2962426 0.8271199 0.3190036 0.8472006 0.2966119 0.8493223 0.2898604 0.8785429 0.2685232 0.8463181 0.2881027 0.8902218 0.2898604 0.8785429 0.3061999 0.875557 0.3153947 0.8588854 0.3061999 0.875557 0.2898604 0.8785429 0.2685232 0.8463181 0.2898604 0.8785429 0.2694854 0.880814 0.2694854 0.880814 0.2898604 0.8785429 0.2881027 0.8902218 0.2406457 0.8508833 0.2224251 0.8614783 0.2181705 0.850013 0.2224251 0.8614783 0.2406457 0.8508833 0.2490153 0.8796821 0.2406457 0.8508833 0.2181705 0.850013 0.2397768 0.8286948 0.2406457 0.8508833 0.2685232 0.8463181 0.2490153 0.8796821 0.2514213 0.8912449 0.2325348 0.8776116 0.2490153 0.8796821 0.2224251 0.8614783 0.2490153 0.8796821 0.2325348 0.8776116 0.2685232 0.8463181 0.2694854 0.880814 0.2490153 0.8796821 0.2694854 0.880814 0.2514213 0.8912449 0.2490153 0.8796821 0.2181705 0.850013 0.1922815 0.8265426 0.2397768 0.8286948 0.1922815 0.8265426 0.2349974 0.810161 0.2397768 0.8286948 0.3541036 0.8332831 0.3741559 0.8411439 0.3639212 0.8472542 0.3639212 0.8472542 0.3730162 0.8556582 0.3643302 0.8586345 0.3643302 0.8586345 0.3456761 0.8732192 0.3639212 0.8472542 0.3456761 0.8732192 0.3541036 0.8332831 0.3639212 0.8472542 0.3643302 0.8586345 0.3741496 0.8820385 0.3681081 0.8810876 0.3681081 0.8810876 0.3559644 0.8673677 0.3643302 0.8586345 0.3559644 0.8673677 0.3456761 0.8732192 0.3643302 0.8586345 0.3539543 0.878668 0.3559644 0.8673677 0.3681081 0.8810876 0.3559644 0.8673677 0.3405737 0.8828959 0.3456761 0.8732192 0.3405737 0.8828959 0.3559644 0.8673677 0.3539543 0.878668 0.3598807 0.8842833 0.3504853 0.8952277 0.3539543 0.878668 0.3598807 0.8842833 0.3539543 0.878668 0.3681081 0.8810876 0.3539543 0.878668 0.3449344 0.9009383 0.3405737 0.8828959 0.3539543 0.878668 0.3504853 0.8952277 0.3449344 0.9009383 0.349869 0.9048444 0.3504853 0.8952277 0.355372 0.8983769 0.355372 0.8983769 0.3504853 0.8952277 0.3598807 0.8842833 0.349869 0.9048444 0.3449344 0.9009383 0.3504853 0.8952277 0.3412535 0.9096595 0.3449344 0.9009383 0.349869 0.9048444 0.355372 0.8983769 0.3537763 0.9057412 0.349869 0.9048444 0.344352 0.918798 0.3412535 0.9096595 0.349869 0.9048444 0.349869 0.9048444 0.3469425 0.9221631 0.344352 0.918798 0.3598807 0.8842833 0.3604674 0.8992695 0.355372 0.8983769 0.3681081 0.8810876 0.3665307 0.8882537 0.3598807 0.8842833 0.3061999 0.875557 0.3075084 0.8981631 0.2881027 0.8902218 0.2325348 0.8776116 0.2514213 0.8912449 0.2324883 0.9002555 0.190566 0.9092875 0.1944533 0.9264162 0.1867147 0.9104008 0.1847111 0.9031367 0.1867147 0.9104008 0.1796733 0.904312 0.190566 0.9092875 0.1894146 0.8997202 0.1952753 0.9051125 0.1994365 0.9136149 0.190566 0.9092875 0.1952753 0.9051125 0.190566 0.9092875 0.1847111 0.9031367 0.1894146 0.8997202 0.1968522 0.9229118 0.190566 0.9092875 0.1994365 0.9136149 0.1847111 0.9031367 0.1794238 0.8893163 0.1894146 0.8997202 0.1794238 0.8893163 0.185028 0.8833793 0.1894146 0.8997202 0.185028 0.8833793 0.1952753 0.9051125 0.1894146 0.8997202 0.1794238 0.8893163 0.1710311 0.8865842 0.185028 0.8833793 0.185028 0.8833793 0.1710311 0.8865842 0.1823911 0.8722088 0.1986235 0.8868551 0.185028 0.8833793 0.1823911 0.8722088 0.185028 0.8833793 0.1986235 0.8868551 0.1952753 0.9051125 0.1710311 0.8865842 0.1730055 0.8936513 0.1650519 0.8878703 0.1794238 0.8893163 0.1796733 0.904312 0.1730055 0.8936513 0.1823911 0.8722088 0.1929898 0.8774777 0.1986235 0.8868551 0.6506864 0.9298816 0.6635923 0.9485694 0.6580516 0.9517551 0.6635923 0.9485694 0.6506864 0.9298816 0.6562669 0.9254333 0.6635923 0.9485694 0.6764221 0.9710049 0.6695085 0.9747557 0.6635923 0.9485694 0.6691329 0.9447478 0.6819515 0.9646614 0.5010338 0.9569196 0.4949977 0.9495853 0.5120339 0.9288783 0.5347941 0.9200841 0.5185033 0.9348834 0.5120339 0.9288783 0.5185033 0.9348834 0.5347941 0.9200841 0.5383995 0.9252796 0.5010338 0.9569196 0.5185033 0.9348834 0.5233752 0.9395699 0.5383995 0.9252796 0.5440259 0.932055 0.5309461 0.9457734 0.5083481 0.9622958 0.5233752 0.9395699 0.5309461 0.9457734 0.5440259 0.932055 0.5516487 0.9407489 0.5414927 0.9528757 0.5204635 0.9669929 0.5309461 0.9457734 0.5414927 0.9528757 0.5516487 0.9407489 0.5614823 0.9514219 0.5549404 0.9603614 0.5359242 0.9700852 0.5414927 0.9528757 0.5549404 0.9603614 0.5614823 0.9514219 0.5766677 0.9664195 0.5733986 0.9707705 0.5513848 0.9709668 0.5549404 0.9603614 0.5733986 0.9707705 0.5709089 0.9446849 0.5812556 0.9630877 0.5766677 0.9664195 0.5820035 0.9401326 0.5867866 0.9610068 0.5812556 0.9630877 0.5648483 0.9325926 0.5709089 0.9446849 0.5614823 0.9514219 0.579794 0.9275748 0.5820035 0.9401326 0.5709089 0.9446849 0.5599964 0.922733 0.5648483 0.9325926 0.5516487 0.9407489 0.5779523 0.9171937 0.579794 0.9275748 0.5648483 0.9325926 0.5563185 0.9150955 0.5599964 0.922733 0.5440259 0.932055 0.5765836 0.9092473 0.5779523 0.9171937 0.5599964 0.922733 0.5347941 0.9200841 0.5539404 0.9093869 0.5563185 0.9150955 0.5753773 0.9032582 0.5765836 0.9092473 0.5563185 0.9150955 0.5539404 0.9093869 0.5347941 0.9200841 0.5306138 0.913599 0.5753773 0.9032582 0.5539404 0.9093869 0.5514915 0.9026715 0.5753773 0.9032582 0.5740596 0.8969177 0.5969869 0.8943905 0.5970749 0.9016692 0.5969869 0.8943905 0.6200563 0.8976788 0.5970749 0.9016692 0.5968657 0.9076923 0.5765836 0.9092473 0.6175022 0.9056133 0.6156756 0.9112483 0.5968657 0.9076923 0.5765836 0.9092473 0.5968657 0.9076923 0.5960114 0.915863 0.5968657 0.9076923 0.6156756 0.9112483 0.6128261 0.9190462 0.5779523 0.9171937 0.5960114 0.915863 0.5949711 0.9264923 0.5960114 0.915863 0.6128261 0.9190462 0.6091262 0.9291649 0.579794 0.9275748 0.5949711 0.9264923 0.5937045 0.9399098 0.5949711 0.9264923 0.6091262 0.9291649 0.6041626 0.9424602 0.5820035 0.9401326 0.5937045 0.9399098 0.5925502 0.9603859 0.5937045 0.9399098 0.6041626 0.9424602 0.5978571 0.9612852 0.6215299 0.9356873 0.613641 0.9468374 0.6041626 0.9424602 0.613641 0.9468374 0.6025189 0.9636328 0.5978571 0.9612852 0.6319087 0.9461812 0.6217764 0.9543204 0.613641 0.9468374 0.6217764 0.9543204 0.6064985 0.9673619 0.6025189 0.9636328 0.6274712 0.9268968 0.6215299 0.9356873 0.6091262 0.9291649 0.6399462 0.9393078 0.6319087 0.9461812 0.6215299 0.9356873 0.6319296 0.9201338 0.6274712 0.9268968 0.6128261 0.9190462 0.6460244 0.9338433 0.6399462 0.9393078 0.6274712 0.9268968 0.6352884 0.9152196 0.6319296 0.9201338 0.6156756 0.9112483 0.6506864 0.9298816 0.6460244 0.9338433 0.6319296 0.9201338 0.6352884 0.9152196 0.6175022 0.9056133 0.6200563 0.8976788 0.6506864 0.9298816 0.6352884 0.9152196 0.6398518 0.9092726 0.6580516 0.9517551 0.6503608 0.9555993 0.6399462 0.9393078 0.6503608 0.9555993 0.6401025 0.9598091 0.6319087 0.9461812 0.6580516 0.9517551 0.6695085 0.9747557 0.6581789 0.9768775 0.6503608 0.9555993 0.6581789 0.9768775 0.6441755 0.9771828 0.6401025 0.9598091 0.6280745 0.9639973 0.6217764 0.9543204 0.6401025 0.9598091 0.6441755 0.9771828 0.6301776 0.9747093 0.6280745 0.9639973 0.609501 0.9721619 0.6064985 0.9673619 0.6280745 0.9639973 0.6301776 0.9747093 0.6112084 0.9774067 0.3178177 0.01511824 0.3220981 0.01214766 0.3249967 0.02084797 0.3220981 0.01214766 0.3244328 0.01035344 0.3281361 0.02032327 0.3198608 0.03153169 0.3209109 0.02195805 0.3249967 0.02084797 0.3237016 0.03393191 0.3249967 0.02084797 0.3281361 0.02032327 0.3190943 0.04190737 0.3237016 0.03393191 0.3264608 0.03534042 0.3190943 0.04190737 0.3209985 0.0443319 0.3122274 0.04796004 0.3110016 0.04496109 0.3082134 0.04077732 0.3154956 0.03752642 0.3154956 0.03752642 0.3198608 0.03153169 0.3237016 0.03393191 0.3082134 0.04077732 0.3075193 0.03790283 0.3136187 0.0352202 0.3198608 0.03153169 0.3154956 0.03752642 0.3136187 0.0352202 0.3209109 0.02195805 0.3198608 0.03153169 0.3171052 0.03026837 0.3178177 0.01511824 0.3209109 0.02195805 0.3179832 0.02240037 0.3113322 0.01057296 0.3178177 0.01511824 0.3153986 0.01676768 0.3146603 0.007366895 0.3220981 0.01214766 0.3178177 0.01511824 0.3113322 0.01057296 0.3049004 0.009229958 0.3051297 0.005582511 0.3049004 0.009229958 0.3113322 0.01057296 0.3097634 0.01297742 0.2982906 0.009279906 0.2955842 0.005700588 0.3051297 0.005582511 0.3044101 0.01196038 0.2989753 0.01201456 0.2982906 0.009279906 0.2915198 0.01269489 0.2877851 0.009246408 0.2955842 0.005700588 0.2982906 0.009279906 0.2989753 0.01201456 0.2932819 0.01455932 0.2932819 0.01455932 0.2905129 0.01990711 0.2877745 0.01920998 0.2877745 0.01920998 0.2905129 0.01990711 0.2905419 0.02822333 0.2915198 0.01269489 0.2877745 0.01920998 0.2839336 0.01756721 0.2844042 0.03045254 0.2839336 0.01756721 0.2877745 0.01920998 0.2844042 0.03045254 0.2880607 0.02912127 0.290634 0.03585422 0.2880607 0.02912127 0.2905419 0.02822333 0.2927172 0.03412282 0.2869623 0.03858637 0.2847489 0.04002654 0.2815461 0.03101444 0.2815461 0.03101444 0.2811747 0.01673811 0.2839336 0.01756721 0.2811747 0.01673811 0.285614 0.007475495 0.2877851 0.009246408 0.2877851 0.009246408 0.285614 0.007475495 0.2941476 0.003245592 0.2955842 0.005700588 0.2941476 0.003245592 0.3051117 0.002744674 0.3146603 0.007366895 0.3051297 0.005582511 0.3051117 0.002744674 0.3220981 0.01214766 0.3146603 0.007366895 0.3160908 0.004788756 0.2912881 0.04536503 0.2847489 0.04002654 0.2869623 0.03858637 0.3010555 0.0479601 0.2912881 0.04536503 0.2927456 0.04300212 0.2927456 0.04300212 0.2869623 0.03858637 0.290634 0.03585422 0.3010665 0.04473537 0.2927456 0.04300212 0.2956994 0.0401116 0.3082134 0.04077732 0.3110016 0.04496109 0.3010665 0.04473537 0.3110016 0.04496109 0.3122274 0.04796004 0.3010555 0.0479601 0.3082134 0.04077732 0.3014777 0.04127228 0.3021323 0.03855443 0.2972182 0.03776425 0.3021323 0.03855443 0.3014777 0.04127228 0.2927172 0.03412282 0.2972182 0.03776425 0.2956994 0.0401116 0.05808514 0.006828546 0.06020247 0.00381273 0.06222879 0.0145322 0.05557757 0.002932667 0.06020247 0.00381273 0.05808514 0.006828546 0.05679011 0.01342612 0.05604422 0.00672239 0.05808514 0.006828546 0.05910754 0.01382189 0.05928462 0.02269691 0.05689507 0.02241194 0.06222879 0.0145322 0.06304049 0.0247451 0.05928462 0.02269691 0.05851727 0.03076809 0.05928462 0.02269691 0.06304049 0.0247451 0.05851727 0.03076809 0.06116157 0.03508365 0.05550456 0.03508365 0.05626291 0.0305041 0.05550456 0.03508365 0.0517953 0.03148335 0.05626291 0.0305041 0.05689507 0.02241194 0.05928462 0.02269691 0.05448359 0.02815872 0.05464041 0.02173095 0.05689507 0.02241194 0.05679011 0.01342612 0.05689507 0.02241194 0.05464041 0.02173095 0.05464041 0.02173095 0.05139821 0.02337872 0.05176234 0.01330256 0.05448359 0.02815872 0.0517953 0.03148335 0.05139821 0.02337872 0.05474036 0.008239984 0.05486267 0.01284021 0.05176234 0.01330256 0.05181998 0.006152451 0.05557757 0.002932667 0.05604422 0.00672239 0.05474036 0.008239984 0.05604422 0.00672239 0.05679011 0.01342612 0.6919153 0.1041217 0.6838346 0.1240426 0.6664353 0.1167922 0.6664353 0.1167922 0.649654 0.1117648 0.6535198 0.09369504 0.6585856 0.1371324 0.6445016 0.1317621 0.649654 0.1117648 0.6838346 0.1240426 0.6726574 0.1447445 0.6585856 0.1371324 0.6865641 0.1552286 0.6726574 0.1447445 0.6838346 0.1240426 0.7137788 0.1123691 0.7023481 0.1342603 0.6838346 0.1240426 0.6997931 0.1696609 0.6865641 0.1552286 0.7023481 0.1342603 0.7224212 0.1490859 0.7023481 0.1342603 0.7137788 0.1123691 0.710961 0.1897618 0.6997931 0.1696609 0.7224212 0.1490859 0.7442814 0.1719874 0.7224212 0.1490859 0.7394006 0.1240459 0.5207525 0.1792367 0.5175017 0.1980944 0.4860111 0.1957988 0.4956995 0.1691705 0.4860111 0.1957988 0.4503648 0.1842954 0.508994 0.149778 0.5284272 0.1638114 0.5207525 0.1792367 0.508994 0.149778 0.4956995 0.1691705 0.471555 0.1532675 0.5386113 0.1516928 0.5284272 0.1638114 0.508994 0.149778 0.5110079 0.1182637 0.5236604 0.135555 0.508994 0.149778 0.5502386 0.1424008 0.5386113 0.1516928 0.5236604 0.135555 0.5388821 0.1250618 0.5236604 0.135555 0.5110079 0.1182637 0.5543521 0.1174134 0.5627309 0.1354933 0.5502386 0.1424008 0.5543521 0.1174134 0.5388821 0.1250618 0.5295599 0.1077675 0.575765 0.1306361 0.5627309 0.1354933 0.5543521 0.1174134 0.5653787 0.09484112 0.5699512 0.1120637 0.5543521 0.1174134 0.5856367 0.1086711 0.5891516 0.1275963 0.575765 0.1306361 0.58294 0.09144777 0.5856367 0.1086711 0.5699512 0.1120637 0.6014045 0.1070236 0.6027759 0.1262259 0.5891516 0.1275963 0.6014045 0.1070236 0.5856367 0.1086711 0.58294 0.09144777 0.6165677 0.1264503 0.6027759 0.1262259 0.6014045 0.1070236 0.6178949 0.08960705 0.6172809 0.107001 0.6014045 0.1070236 0.6333273 0.1085636 0.6304851 0.1282677 0.6165677 0.1264503 0.6355277 0.09092801 0.6333273 0.1085636 0.6172809 0.107001 0.649654 0.1117648 0.6445016 0.1317621 0.6304851 0.1282677 0.649654 0.1117648 0.6333273 0.1085636 0.6355277 0.09092801 0.6376724 0.07274115 0.6355277 0.09092801 0.6178949 0.08960705 0.6569166 0.07505631 0.6535198 0.09369504 0.6355277 0.09092801 0.6767414 0.07838749 0.672268 0.09799408 0.6535198 0.09369504 0.6596981 0.05527156 0.6569166 0.07505631 0.6376724 0.07274115 0.6767414 0.07838749 0.6569166 0.07505631 0.6596981 0.05527156 0.6980965 0.08310276 0.6919153 0.1041217 0.672268 0.09799408 0.6980965 0.08310276 0.6767414 0.07838749 0.6803592 0.05793428 0.6803592 0.05793428 0.6596981 0.05527156 0.6616085 0.03567266 0.7021331 0.06092405 0.6803592 0.05793428 0.6825544 0.03794234 0.7258499 0.0635671 0.7217944 0.08847284 0.6980965 0.08310276 0.7258499 0.0635671 0.7021331 0.06092405 0.7040221 0.03999841 0.7530883 0.064763 0.7500106 0.09479558 0.7217944 0.08847284 0.7530883 0.064763 0.7258499 0.0635671 0.7265239 0.04096949 0.7871862 0.1021621 0.7500106 0.09479558 0.7530883 0.064763 0.7866053 0.06214696 0.7530883 0.064763 0.7507719 0.03938388 0.4491679 0.1285443 0.4146389 0.1551625 0.3910018 0.1111875 0.4240983 0.06359839 0.4325546 0.09630876 0.3910018 0.1111875 0.4763178 0.1106412 0.4491679 0.1285443 0.4325546 0.09630876 0.4639095 0.08400714 0.4325546 0.09630876 0.4240983 0.06359839 0.499869 0.09779608 0.4763178 0.1106412 0.4639095 0.08400714 0.4831127 0.04982417 0.4903954 0.07413238 0.4639095 0.08400714 0.514272 0.06634491 0.5214386 0.08830761 0.499869 0.09779608 0.514272 0.06634491 0.4903954 0.07413238 0.4831127 0.04982417 0.5418526 0.08134073 0.5214386 0.08830761 0.514272 0.06634491 0.5366376 0.06041336 0.514272 0.06634491 0.5082771 0.04376155 0.5615588 0.07643318 0.5418526 0.08134073 0.5366376 0.06041336 0.5548277 0.03536403 0.5580677 0.05617028 0.5366376 0.06041336 0.5788857 0.05347573 0.5808238 0.07329839 0.5615588 0.07643318 0.5769679 0.03317457 0.5788857 0.05347573 0.5580677 0.05617028 0.599827 0.07173699 0.5808238 0.07329839 0.5788857 0.05347573 0.5992934 0.05219554 0.5788857 0.05347573 0.5769679 0.03317457 0.6194466 0.05218505 0.6187196 0.07159483 0.599827 0.07173699 0.6194466 0.05218505 0.5992934 0.05219554 0.5985991 0.03226822 0.6376724 0.07274115 0.6187196 0.07159483 0.6194466 0.05218505 0.6395089 0.05327737 0.6194466 0.05218505 0.6198334 0.03252089 0.6616085 0.03567266 0.6596981 0.05527156 0.6395089 0.05327737 0.6634323 0.007987022 0.6616085 0.03567266 0.6407841 0.0337435 0.6407841 0.0337435 0.6198334 0.03252089 0.619886 0.003635287 0.6843776 0.01067954 0.6825544 0.03794234 0.6616085 0.03567266 0.7040221 0.03999841 0.6825544 0.03794234 0.6843776 0.01067954 0.7250817 0.01383 0.7265239 0.04096949 0.7040221 0.03999841 0.7449151 0.01211124 0.7507719 0.03938388 0.7265239 0.04096949 0.7773463 0.0325728 0.7507719 0.03938388 0.7449151 0.01211124 0.4202274 0.02337038 0.4240983 0.06359839 0.3849205 0.06783592 0.4556276 0.05673158 0.4240983 0.06359839 0.4202274 0.02337038 0.4750058 0.01553899 0.4831127 0.04982417 0.4556276 0.05673158 0.5007753 0.01101195 0.5082771 0.04376155 0.4831127 0.04982417 0.5320203 0.03889793 0.5082771 0.04376155 0.5007753 0.01101195 0.5548277 0.03536403 0.5320203 0.03889793 0.5257858 0.007206261 0.5769679 0.03317457 0.5548277 0.03536403 0.5501685 0.004478812 0.5972234 0.002733707 0.5985991 0.03226822 0.5769679 0.03317457 0.619886 0.003635287 0.6198334 0.03252089 0.5985991 0.03226822 0.6178949 0.08960705 0.6004109 0.08975201 0.599827 0.07173699 0.6004109 0.08975201 0.58294 0.09144777 0.5808238 0.07329839 0.5808238 0.07329839 0.58294 0.09144777 0.5653787 0.09484112 0.5653787 0.09484112 0.5476268 0.1001606 0.5418526 0.08134073 0.5476268 0.1001606 0.5295599 0.1077675 0.5214386 0.08830761 0.5295599 0.1077675 0.5110079 0.1182637 0.499869 0.09779608 0.5110079 0.1182637 0.491743 0.1327272 0.4763178 0.1106412 0.4763178 0.1106412 0.491743 0.1327272 0.471555 0.1532675 0.4491679 0.1285443 0.471555 0.1532675 0.4503648 0.1842954 0.7871862 0.1021621 0.7722223 0.1424546 0.7394006 0.1240459 0.7500106 0.09479558 0.7394006 0.1240459 0.7137788 0.1123691 0.7217944 0.08847284 0.7137788 0.1123691 0.6919153 0.1041217 0.6368276 0.1562806 0.6260882 0.1529436 0.6304851 0.1282677 0.6260882 0.1529436 0.6152189 0.1509893 0.6165677 0.1264503 0.6165677 0.1264503 0.6152189 0.1509893 0.6043651 0.1503716 0.6027759 0.1262259 0.6043651 0.1503716 0.5936645 0.1510803 0.5891516 0.1275963 0.5936645 0.1510803 0.5832691 0.1531383 0.5832691 0.1531383 0.5733657 0.1565973 0.5627309 0.1354933 0.5627309 0.1354933 0.5733657 0.1565973 0.5642025 0.1615308 0.5502386 0.1424008 0.5642025 0.1615308 0.5561248 0.1680162 0.5386113 0.1516928 0.5561248 0.1680162 0.5496227 0.17609 0.5284272 0.1638114 0.5496227 0.17609 0.5453769 0.185643 0.5453769 0.185643 0.5442587 0.1961846 0.5175017 0.1980944 0.710961 0.1897618 0.6782793 0.1976298 0.6734414 0.1856914 0.6997931 0.1696609 0.6734414 0.1856914 0.6660621 0.1756426 0.6865641 0.1552286 0.6660621 0.1756426 0.6571288 0.1674895 0.6726574 0.1447445 0.6571288 0.1674895 0.6472578 0.1610868 0.6472578 0.1610868 0.6368276 0.1562806 0.6445016 0.1317621 0.5668129 0.1906366 0.5728672 0.1916292 0.5708727 0.2072467 0.5644727 0.2063621 0.5708727 0.2072467 0.5688585 0.2247923 0.5617888 0.2237028 0.5688585 0.2247923 0.5665087 0.2425962 0.5593882 0.2416363 0.5665087 0.2425962 0.5642331 0.2584051 0.5582734 0.2581507 0.5642331 0.2584051 0.564296 0.2727425 0.5583868 0.2731605 0.564296 0.2727425 0.567346 0.2869077 0.5770549 0.162292 0.5823121 0.1648336 0.5761991 0.177797 0.5705071 0.1758372 0.5761991 0.177797 0.5728672 0.1916292 0.5823121 0.1648336 0.5877181 0.1703317 0.5836917 0.1805717 0.5761991 0.177797 0.5836917 0.1805717 0.5822664 0.193555 0.6015927 0.1748179 0.5986461 0.1841399 0.5836917 0.1805717 0.5986461 0.1841399 0.595867 0.1952345 0.5822664 0.193555 0.5986461 0.1841399 0.6015927 0.1748179 0.6190037 0.1811788 0.6149852 0.1902021 0.6102252 0.1997835 0.595867 0.1952345 0.6190037 0.1811788 0.634047 0.1880738 0.6294472 0.1968358 0.6149852 0.1902021 0.6294472 0.1968358 0.6241254 0.2062441 0.6294472 0.1968358 0.634047 0.1880738 0.6484848 0.1958487 0.644158 0.2049636 0.6400147 0.2141103 0.6241254 0.2062441 0.644158 0.2049636 0.6484848 0.1958487 0.6606111 0.2010786 0.6576159 0.2106446 0.6550175 0.2195633 0.6400147 0.2141103 0.6753866 0.2042373 0.6739804 0.2139275 0.6576159 0.2106446 0.6739804 0.2139275 0.6730642 0.2226685 0.6550175 0.2195633 0.6739804 0.2139275 0.6753866 0.2042373 0.696194 0.2071206 0.6956267 0.2170561 0.6959452 0.2257699 0.6730642 0.2226685 0.6956267 0.2170561 0.696194 0.2071206 0.7196761 0.2097593 0.7180746 0.2196084 0.7165682 0.2284373 0.6959452 0.2257699 0.7196761 0.2097593 0.741277 0.2139105 0.7390635 0.2235309 0.7180746 0.2196084 0.7390635 0.2235309 0.7366809 0.231633 0.741277 0.2139105 0.7587146 0.2167455 0.7577335 0.226455 0.7390635 0.2235309 0.7577335 0.226455 0.7570948 0.234466 0.7577335 0.226455 0.7587146 0.2167455 0.7794826 0.2180989 0.7792382 0.2277655 0.7794927 0.2362669 0.7570948 0.234466 0.7974076 0.2195039 0.7971924 0.2293085 0.7792382 0.2277655 0.7971924 0.2293085 0.7976984 0.2382608 0.7794927 0.2362669 0.7971924 0.2293085 0.7974076 0.2195039 0.8174839 0.2212259 0.7971924 0.2293085 0.8161973 0.2307867 0.8151478 0.2390155 0.8174839 0.2212259 0.8360992 0.2259982 0.8334878 0.2337231 0.8161973 0.2307867 0.8334878 0.2337231 0.831547 0.2410448 0.8507511 0.2400458 0.8334878 0.2337231 0.8360992 0.2259982 0.8334878 0.2337231 0.8507511 0.2400458 0.8482655 0.2457173 0.8151478 0.2390155 0.831547 0.2410448 0.830112 0.2486979 0.831547 0.2410448 0.8482655 0.2457173 0.8462885 0.2519029 0.8482655 0.2457173 0.862762 0.2506605 0.860159 0.2551413 0.8507511 0.2400458 0.8657542 0.2468143 0.862762 0.2506605 0.862762 0.2506605 0.8764814 0.2578092 0.8750099 0.2597923 0.8657542 0.2468143 0.8782522 0.2563083 0.8764814 0.2578092 0.8688437 0.2430514 0.8801949 0.2549464 0.8782522 0.2563083 0.8643287 0.2799295 0.8622381 0.2755326 0.8766574 0.269334 0.8475003 0.2847362 0.8460453 0.2784816 0.8622381 0.2755326 0.8536719 0.2343268 0.8688437 0.2430514 0.8657542 0.2468143 0.8460453 0.2784816 0.8475003 0.2847362 0.8284372 0.2885795 0.8450013 0.2723778 0.8460453 0.2784816 0.8277668 0.2804527 0.8460453 0.2784816 0.8450013 0.2723778 0.8602623 0.2710781 0.8276495 0.2728791 0.8281033 0.2651057 0.8445751 0.2658981 0.8450013 0.2723778 0.8445751 0.2658981 0.8588171 0.2661015 0.8602623 0.2710781 0.8588171 0.2661015 0.8743514 0.2651709 0.8622381 0.2755326 0.8602623 0.2710781 0.8753009 0.2674503 0.8588171 0.2661015 0.8587073 0.2605259 0.8742164 0.2624247 0.860159 0.2551413 0.8750099 0.2597923 0.8742164 0.2624247 0.8462885 0.2519029 0.860159 0.2551413 0.8587073 0.2605259 0.8445751 0.2658981 0.8450798 0.2588574 0.8587073 0.2605259 0.8450798 0.2588574 0.8290611 0.2568961 0.830112 0.2486979 0.8281033 0.2651057 0.8290611 0.2568961 0.8450798 0.2588574 0.8141134 0.2468841 0.830112 0.2486979 0.8290611 0.2568961 0.8121396 0.2630066 0.8131033 0.2549424 0.8290611 0.2568961 0.7978079 0.246002 0.8141134 0.2468841 0.8131033 0.2549424 0.8131033 0.2549424 0.8121396 0.2630066 0.7961029 0.2599292 0.7790815 0.2507773 0.7795451 0.2437729 0.7978079 0.246002 0.7790815 0.2507773 0.7972578 0.2530025 0.7961029 0.2599292 0.7557619 0.2479223 0.7565002 0.2413353 0.7795451 0.2437729 0.7557619 0.2479223 0.7790815 0.2507773 0.7778417 0.2576866 0.7347999 0.23861 0.7565002 0.2413353 0.7557619 0.2479223 0.7331725 0.2519026 0.7335703 0.2452054 0.7557619 0.2479223 0.715374 0.2360318 0.7347999 0.23861 0.7335703 0.2452054 0.7335703 0.2452054 0.7331725 0.2519026 0.7136983 0.2497181 0.6957335 0.2405728 0.6961487 0.2334305 0.715374 0.2360318 0.6957335 0.2405728 0.7144631 0.242866 0.7136983 0.2497181 0.6716943 0.2376287 0.6723693 0.2304115 0.6961487 0.2334305 0.6716943 0.2376287 0.6957335 0.2405728 0.6944131 0.2476043 0.6522224 0.2352423 0.6532387 0.2275993 0.6723693 0.2304115 0.6522224 0.2352423 0.6716943 0.2376287 0.6706073 0.2447956 0.6347774 0.2331009 0.6366884 0.2234408 0.6532387 0.2275993 0.6347774 0.2331009 0.6522224 0.2352423 0.6513621 0.242905 0.6145628 0.2306098 0.6184819 0.2173584 0.6366884 0.2234408 0.6145628 0.2306098 0.6347774 0.2331009 0.6342937 0.2429387 0.6046516 0.2122756 0.6184819 0.2173584 0.6145628 0.2306098 0.6145628 0.2306098 0.6151455 0.2444288 0.600475 0.2460011 0.5910389 0.2276755 0.5931693 0.2097774 0.6046516 0.2122756 0.5910389 0.2276755 0.6006684 0.2288843 0.600475 0.2460011 0.5822867 0.226558 0.5823667 0.2091401 0.5931693 0.2097774 0.5822867 0.226558 0.5910389 0.2276755 0.5887094 0.2456293 0.5665087 0.2425962 0.5688585 0.2247923 0.5822867 0.226558 0.5708727 0.2072467 0.5823667 0.2091401 0.5822867 0.226558 0.5642331 0.2584051 0.5665087 0.2425962 0.5780722 0.2436156 0.5780722 0.2436156 0.5887094 0.2456293 0.5877583 0.2604594 0.5740187 0.2588056 0.5877583 0.2604594 0.58779 0.2719319 0.564296 0.2727425 0.5642331 0.2584051 0.5740187 0.2588056 0.5887094 0.2456293 0.600475 0.2460011 0.6028528 0.2595077 0.5877583 0.2604594 0.6028528 0.2595077 0.6051616 0.2699768 0.6151455 0.2444288 0.6179304 0.2565951 0.6028528 0.2595077 0.6179304 0.2565951 0.6208244 0.2670248 0.6051616 0.2699768 0.6151455 0.2444288 0.6342937 0.2429387 0.6352657 0.2528019 0.6179304 0.2565951 0.6352657 0.2528019 0.6370778 0.2626852 0.6342937 0.2429387 0.6513621 0.242905 0.6511474 0.2511345 0.6352657 0.2528019 0.6511474 0.2511345 0.6515159 0.2604197 0.6513621 0.242905 0.6706073 0.2447956 0.6694127 0.2524782 0.6511474 0.2511345 0.6694127 0.2524782 0.6681924 0.2611832 0.6706073 0.2447956 0.6944131 0.2476043 0.6923673 0.2549895 0.6694127 0.2524782 0.6923673 0.2549895 0.689956 0.2633695 0.6944131 0.2476043 0.7136983 0.2497181 0.7130252 0.2573765 0.6923673 0.2549895 0.7130252 0.2573765 0.7123571 0.2663083 0.7331725 0.2519026 0.7333149 0.2591272 0.7130252 0.2573765 0.7333149 0.2591272 0.7336726 0.2675648 0.7123571 0.2663083 0.7548893 0.2544928 0.7538092 0.2613028 0.7333149 0.2591272 0.7538092 0.2613028 0.7524965 0.2692311 0.7336726 0.2675648 0.7548893 0.2544928 0.7778417 0.2576866 0.7759802 0.2649583 0.7538092 0.2613028 0.7759802 0.2649583 0.7736822 0.2731471 0.7778417 0.2576866 0.7961029 0.2599292 0.7941291 0.2674151 0.7759802 0.2649583 0.7941291 0.2674151 0.7914783 0.2759811 0.8121396 0.2630066 0.8112451 0.2708925 0.7941291 0.2674151 0.8112451 0.2708925 0.8102785 0.2791313 0.7914783 0.2759811 0.8112451 0.2708925 0.8121396 0.2630066 0.8281033 0.2651057 0.8102785 0.2791313 0.8112451 0.2708925 0.8276495 0.2728791 0.7914783 0.2759811 0.8102785 0.2791313 0.8092206 0.2887201 0.8092206 0.2887201 0.8102785 0.2791313 0.8277668 0.2804527 0.7736822 0.2731471 0.7914783 0.2759811 0.789322 0.2855479 0.7524965 0.2692311 0.7736822 0.2731471 0.7715874 0.2825871 0.7335 0.2774354 0.7336726 0.2675648 0.7524965 0.2692311 0.7115354 0.2762529 0.7123571 0.2663083 0.7336726 0.2675648 0.689956 0.2633695 0.7123571 0.2663083 0.7115354 0.2762529 0.6681924 0.2611832 0.689956 0.2633695 0.6881096 0.273149 0.6515159 0.2604197 0.6681924 0.2611832 0.6672194 0.2709279 0.6370778 0.2626852 0.6515159 0.2604197 0.6521149 0.2704294 0.6208244 0.2670248 0.6370778 0.2626852 0.6390787 0.2725821 0.6068905 0.2797203 0.6051616 0.2699768 0.6208244 0.2670248 0.58779 0.2719319 0.6051616 0.2699768 0.6068905 0.2797203 0.5723072 0.2718133 0.58779 0.2719319 0.5884256 0.2817118 0.567346 0.2869077 0.564296 0.2727425 0.5723072 0.2718133 0.5728672 0.1916292 0.5822664 0.193555 0.5823667 0.2091401 0.5823667 0.2091401 0.5822664 0.193555 0.595867 0.1952345 0.5931693 0.2097774 0.595867 0.1952345 0.6102252 0.1997835 0.6102252 0.1997835 0.6241254 0.2062441 0.6184819 0.2173584 0.6184819 0.2173584 0.6241254 0.2062441 0.6400147 0.2141103 0.6366884 0.2234408 0.6400147 0.2141103 0.6550175 0.2195633 0.6532387 0.2275993 0.6550175 0.2195633 0.6730642 0.2226685 0.6723693 0.2304115 0.6730642 0.2226685 0.6959452 0.2257699 0.6961487 0.2334305 0.6959452 0.2257699 0.7165682 0.2284373 0.7165682 0.2284373 0.7366809 0.231633 0.7347999 0.23861 0.7366809 0.231633 0.7570948 0.234466 0.7565002 0.2413353 0.7565002 0.2413353 0.7570948 0.234466 0.7794927 0.2362669 0.7795451 0.2437729 0.7794927 0.2362669 0.7976984 0.2382608 0.7976984 0.2382608 0.8151478 0.2390155 0.8141134 0.2468841 0.1978576 0.7695949 0.2278183 0.7737337 0.2260214 0.780958 0.1692717 0.767947 0.1978576 0.7695949 0.1968477 0.7762473 0.1978576 0.7695949 0.1692717 0.767947 0.1763352 0.7427005 0.2027854 0.7442486 0.2363294 0.745203 0.2278183 0.7737337 0.1376377 0.7719511 0.1374059 0.7653805 0.1692717 0.767947 0.1692717 0.767947 0.1374059 0.7653805 0.1494049 0.7409087 0.1766816 0.7364079 0.1763352 0.7427005 0.1494049 0.7409087 0.2033578 0.7373933 0.2027854 0.7442486 0.1763352 0.7427005 0.2363294 0.745203 0.2027854 0.7442486 0.2033578 0.7373933 0.2759061 0.7415726 0.2363294 0.745203 0.236746 0.738485 0.2363294 0.745203 0.2759061 0.7415726 0.2697435 0.7787938 0.2759061 0.7415726 0.3156154 0.7467033 0.3099728 0.7820573 0.3166343 0.7393486 0.3156154 0.7467033 0.2759061 0.7415726 0.3156154 0.7467033 0.3500698 0.7553631 0.3385028 0.7858505 0.3514748 0.7479469 0.3500698 0.7553631 0.3156154 0.7467033 0.3797863 0.7535746 0.3788284 0.7610248 0.3500698 0.7553631 0.4070014 0.7593578 0.4067835 0.7663223 0.3788284 0.7610248 0.3500698 0.7553631 0.3788284 0.7610248 0.3716191 0.789965 0.3788284 0.7610248 0.4067835 0.7663223 0.400426 0.7939619 0.3706791 0.7967693 0.3716191 0.789965 0.400426 0.7939619 0.3387962 0.7917413 0.3385028 0.7858505 0.3716191 0.789965 0.3095047 0.7895784 0.3099728 0.7820573 0.3385028 0.7858505 0.2697435 0.7787938 0.3099728 0.7820573 0.3095047 0.7895784 0.2278183 0.7737337 0.2697435 0.7787938 0.2683701 0.7862783 0.400426 0.7939619 0.4276782 0.7946784 0.4275516 0.8015087 0.4275516 0.8015087 0.4276782 0.7946784 0.4668645 0.7981193 0.4597278 0.7690961 0.4668645 0.7981193 0.4276782 0.7946784 0.4067835 0.7663223 0.4293633 0.7680346 0.4276782 0.7946784 0.494255 0.7673724 0.49823 0.7933456 0.4668645 0.7981193 0.4668645 0.7981193 0.49823 0.7933456 0.4975208 0.799667 0.4975208 0.799667 0.49823 0.7933456 0.5325009 0.7959457 0.5284278 0.7652014 0.5325009 0.7959457 0.49823 0.7933456 0.5320979 0.8021745 0.5325009 0.7959457 0.5762336 0.7948589 0.5762336 0.7948589 0.6204936 0.7889543 0.6213364 0.7955713 0.5755217 0.7599249 0.6210851 0.7572866 0.6204936 0.7889543 0.5755217 0.7599249 0.5762336 0.7948589 0.5325009 0.7959457 0.6210851 0.7572866 0.6662884 0.7489104 0.6674615 0.7832326 0.6204936 0.7889543 0.6674615 0.7832326 0.6683639 0.7897915 0.6662884 0.7489104 0.7020429 0.7417787 0.7088718 0.7750999 0.6674615 0.7832326 0.7088718 0.7750999 0.7102411 0.7817794 0.7088718 0.7750999 0.7532469 0.7636958 0.75296 0.7712137 0.09702891 0.767795 0.09445631 0.7611299 0.1374059 0.7653805 0.1148868 0.7281976 0.1494049 0.7409087 0.1374059 0.7653805 0.7020429 0.7417787 0.7403815 0.7274565 0.7532469 0.7636958 0.7360634 0.7216845 0.7403815 0.7274565 0.7020429 0.7417787 0.1496027 0.7347465 0.1494049 0.7409087 0.1148868 0.7281976 0.7002829 0.7350043 0.7020429 0.7417787 0.6662884 0.7489104 0.6662884 0.7489104 0.6210851 0.7572866 0.6202765 0.7505949 0.6202765 0.7505949 0.6210851 0.7572866 0.5755217 0.7599249 0.5755217 0.7599249 0.5284278 0.7652014 0.5278941 0.7587783 0.5284278 0.7652014 0.494255 0.7673724 0.4945085 0.7607911 0.494255 0.7673724 0.4597278 0.7690961 0.4603028 0.7623383 0.4603028 0.7623383 0.4597278 0.7690961 0.4293633 0.7680346 0.4293722 0.7611947 0.4293633 0.7680346 0.4067835 0.7663223 0.02796971 0.07627063 0.0355156 0.06620562 0.03961366 0.06875395 0.02192211 0.06501686 0.0355156 0.06620562 0.02796971 0.07627063 0.01522243 0.07949775 0.02796971 0.07627063 0.02996826 0.08084273 0.006268918 0.0768857 0.01522243 0.07949775 0.01435279 0.08410435 0.006268918 0.0768857 0.00274235 0.07957988 0.002803027 0.0634014 0.007873177 0.06377756 0.02192211 0.06501686 0.01522243 0.07949775 0.007075607 0.05043554 0.02535897 0.05208516 0.02192211 0.06501686 0.007075607 0.05043554 0.007873177 0.06377756 0.002803027 0.0634014 0.007075607 0.05043554 0.00274235 0.04962176 0.004287421 0.03735423 0.00980699 0.03790158 0.0276184 0.03922313 0.02535897 0.05208516 0.00980699 0.03790158 0.004287421 0.03735423 0.01114827 0.02736598 0.01877135 0.0209335 0.01589977 0.02858895 0.01114827 0.02736598 0.01589977 0.02858895 0.02886909 0.02954798 0.0276184 0.03922313 0.01877135 0.0209335 0.02888351 0.01945185 0.02886909 0.02954798 0.02886909 0.02954798 0.02888351 0.01945185 0.04148328 0.01896095 0.02886909 0.02954798 0.04109412 0.02897149 0.04125106 0.03776258 0.0276184 0.03922313 0.04125106 0.03776258 0.04272496 0.0536127 0.04125106 0.03776258 0.04109412 0.02897149 0.04578381 0.02782833 0.04272496 0.0536127 0.04125106 0.03776258 0.04647594 0.03932124 0.04272496 0.0536127 0.04799628 0.05526465 0.03961366 0.06875395 0.04148328 0.01896095 0.04618787 0.0152443 0.04578381 0.02782833 0.04010939 0.009260296 0.04518491 0.005659282 0.04618787 0.0152443 0.03048014 0.009810388 0.04010939 0.009260296 0.04148328 0.01896095 0.04010939 0.009260296 0.03048014 0.009810388 0.03113085 0.00273621 0.03048014 0.009810388 0.02128791 0.01023179 0.0215848 0.002858579 0.02128791 0.01023179 0.03048014 0.009810388 0.02888351 0.01945185 0.02128791 0.01023179 0.01877135 0.0209335 0.01475715 0.01779234 0.02535897 0.05208516 0.04272496 0.0536127 0.0355156 0.06620562 0.6549926 0.3039911 0.6827554 0.2984959 0.6797152 0.3163926 0.6760311 0.3398141 0.6610521 0.3241831 0.6797152 0.3163926 0.6475833 0.3589519 0.6213104 0.3337078 0.6610521 0.3241831 0.6610521 0.3241831 0.6213104 0.3337078 0.6420608 0.3086291 0.6213104 0.3337078 0.6475833 0.3589519 0.6196444 0.378074 0.6213104 0.3337078 0.5994147 0.3523278 0.5813826 0.3283445 0.6420608 0.3086291 0.6213104 0.3337078 0.6201953 0.2849177 0.6046223 0.2967043 0.6201953 0.2849177 0.6213104 0.3337078 0.8216016 0.6248191 0.8451625 0.6226717 0.8462648 0.6475535 0.7729311 0.6360675 0.8216016 0.6248191 0.8085266 0.6566244 0.7961682 0.6137 0.8087767 0.6096412 0.8216016 0.6248191 0.8128623 0.6079027 0.8459208 0.5993119 0.8451625 0.6226717 0.8459208 0.5993119 0.8128623 0.6079027 0.8232159 0.5830296 0.5736256 0.3037037 0.6046223 0.2967043 0.6001793 0.3150879 0.850092 0.5837202 0.8232159 0.5830296 0.8282456 0.5664286 0.5736256 0.3037037 0.5813826 0.3283445 0.5577554 0.3333836 0.5994147 0.3523278 0.5591415 0.371535 0.5577554 0.3333836 0.5577554 0.3333836 0.5591415 0.371535 0.5165048 0.356991 0.5544221 0.3074382 0.5577554 0.3333836 0.532029 0.3303004 0.5165048 0.356991 0.4685605 0.3203145 0.5101977 0.3116264 0.5101977 0.3116264 0.520067 0.2946918 0.5369968 0.3026543 0.8535912 0.5395618 0.8313074 0.5486772 0.8361619 0.5171483 0.8522144 0.5665199 0.8282456 0.5664286 0.8313074 0.5486772 0.8361619 0.5171483 0.8313074 0.5486772 0.8214946 0.5343503 0.8215671 0.5110109 0.8214946 0.5343503 0.8037175 0.5221818 0.4929727 0.2862907 0.5019531 0.2756066 0.520067 0.2946918 0.8215671 0.5110109 0.8220036 0.4926306 0.8330007 0.4922307 0.4444862 0.3271598 0.4359011 0.3238523 0.4453464 0.3053052 0.81618 0.4932461 0.8215671 0.5110109 0.8104973 0.5131497 0.463249 0.2941753 0.4685605 0.3203145 0.4453464 0.3053052 0.4829137 0.2948299 0.4685605 0.3203145 0.463249 0.2941753 0.5101977 0.3116264 0.4685605 0.3203145 0.4829137 0.2948299 0.4753121 0.363882 0.4685605 0.3203145 0.5165048 0.356991 0.4685605 0.3203145 0.4753121 0.363882 0.4450484 0.3465938 0.4754272 0.2793644 0.463249 0.2941753 0.4563426 0.2882819 0.4754272 0.2793644 0.4712577 0.2731319 0.485512 0.2657026 0.4929727 0.2862907 0.4829137 0.2948299 0.4754272 0.2793644 0.8037175 0.5221818 0.7870174 0.5188138 0.7968103 0.5048361 0.4855952 0.2740811 0.485512 0.2657026 0.5019531 0.2756066 0.4444862 0.3271598 0.4450484 0.3465938 0.4324904 0.3360543 0.4753121 0.363882 0.4698839 0.3826164 0.4393523 0.3663845 0.4254398 0.3567278 0.4324904 0.3360543 0.4450484 0.3465938 0.8516007 0.4915519 0.8528259 0.5173899 0.8361619 0.5171483 0.8516007 0.4915519 0.8680047 0.4877915 0.8687736 0.5136249 0.4254398 0.3567278 0.4393523 0.3663845 0.4237493 0.3797594 0.8848222 0.4896524 0.8848722 0.5152537 0.8687736 0.5136249 0.4131903 0.371721 0.4237493 0.3797594 0.4090595 0.3920892 0.3979991 0.3834597 0.4090595 0.3920892 0.3894108 0.398451 0.902547 0.5138163 0.8848722 0.5152537 0.8848222 0.4896524 0.4237493 0.3797594 0.4519168 0.4024295 0.4316326 0.4201928 0.4090595 0.3920892 0.4316326 0.4201928 0.4098805 0.4304511 0.3894108 0.398451 0.4098805 0.4304511 0.3807213 0.4312623 0.363063 0.4034237 0.3609098 0.3953171 0.378538 0.3914479 0.3487396 0.4049093 0.3444226 0.4002801 0.3609098 0.3953171 0.363063 0.4034237 0.3807213 0.4312623 0.3440319 0.4226123 0.9283916 0.5088515 0.9164419 0.5106219 0.9212238 0.489144 0.9042513 0.4889219 0.9212238 0.489144 0.9164419 0.5106219 0.902547 0.5138163 0.9164419 0.5106219 0.9211814 0.5304352 0.9365646 0.5176625 0.9211814 0.5304352 0.9164419 0.5106219 0.9365646 0.5176625 0.9283916 0.5088515 0.94205 0.5023956 0.3444226 0.4002801 0.3487396 0.4049093 0.3440319 0.4226123 0.3440319 0.4226123 0.3269361 0.4267223 0.3220124 0.421616 0.3555025 0.4562711 0.3352243 0.4382831 0.3440319 0.4226123 0.3352243 0.4382831 0.3230962 0.432758 0.3269361 0.4267223 0.3230962 0.432758 0.3165873 0.4340273 0.3220124 0.421616 0.3269723 0.4468808 0.3165873 0.4340273 0.3230962 0.432758 0.342543 0.4648784 0.3269723 0.4468808 0.3352243 0.4382831 0.3704935 0.4781537 0.3468036 0.4829281 0.342543 0.4648784 0.3555025 0.4562711 0.3807213 0.4312623 0.4048016 0.4669812 0.3704935 0.4781537 0.4048016 0.4669812 0.4098707 0.5094621 0.3704935 0.4781537 0.3735786 0.5034123 0.3503693 0.5013984 0.8843332 0.5405541 0.8848722 0.5152537 0.902547 0.5138163 0.8874364 0.5644707 0.8843332 0.5405541 0.9119125 0.5448846 0.8913576 0.5811709 0.8874364 0.5644707 0.9154895 0.5619031 0.3503693 0.5013984 0.3735786 0.5034123 0.3673423 0.5263402 0.8980177 0.5960313 0.8913576 0.5811709 0.9211869 0.5772117 0.3449907 0.5191619 0.3673423 0.5263402 0.3517663 0.552522 0.3735786 0.5034123 0.4098707 0.5094621 0.3884059 0.542657 0.3517663 0.552522 0.3673423 0.5263402 0.3884059 0.542657 0.3696489 0.5678473 0.3884059 0.542657 0.4095939 0.5656874 0.3884059 0.542657 0.4098707 0.5094621 0.4345834 0.537748 0.4095939 0.5656874 0.4345834 0.537748 0.4536468 0.562102 0.3884889 0.5912986 0.4095939 0.5656874 0.4277713 0.5891825 0.4345834 0.537748 0.4607947 0.5142391 0.4773082 0.5396881 0.4098707 0.5094621 0.4457904 0.4861114 0.4607947 0.5142391 0.473402 0.5083242 0.489862 0.532517 0.4773082 0.5396881 0.4599871 0.4816925 0.473402 0.5083242 0.4607947 0.5142391 0.4907987 0.5025179 0.507052 0.522569 0.489862 0.532517 0.4748117 0.4764822 0.4907987 0.5025179 0.473402 0.5083242 0.469119 0.4537732 0.4748117 0.4764822 0.4599871 0.4816925 0.427897 0.4589992 0.4474206 0.4435293 0.4599871 0.4816925 0.4933556 0.4663819 0.5095991 0.4911401 0.4907987 0.5025179 0.4854796 0.4519388 0.4933556 0.4663819 0.4748117 0.4764822 0.4933556 0.4663819 0.5087599 0.452596 0.5287532 0.4718738 0.4854796 0.4519388 0.494975 0.4397607 0.5087599 0.452596 0.5413326 0.4544928 0.5287532 0.4718738 0.5087599 0.452596 0.5036955 0.4294909 0.5188618 0.4370034 0.5087599 0.452596 0.5502842 0.4395108 0.5413326 0.4544928 0.5188618 0.4370034 0.5232897 0.4221029 0.5188618 0.4370034 0.5036955 0.4294909 0.5277585 0.4116021 0.5232897 0.4221029 0.4994998 0.4167085 0.5574021 0.4276494 0.5502842 0.4395108 0.5232897 0.4221029 0.5036955 0.4294909 0.494975 0.4397607 0.4807808 0.4290237 0.4668002 0.418344 0.4938684 0.3989539 0.4994998 0.4167085 0.469119 0.4537732 0.4474206 0.4435293 0.4668002 0.418344 0.4807808 0.4290237 0.494975 0.4397607 0.4854796 0.4519388 0.4316326 0.4201928 0.4519168 0.4024295 0.4668002 0.418344 0.4698839 0.3826164 0.4938684 0.3989539 0.4668002 0.418344 0.4393523 0.3663845 0.4698839 0.3826164 0.4519168 0.4024295 0.5055778 0.3872317 0.4938684 0.3989539 0.4698839 0.3826164 0.5055778 0.3872317 0.5347308 0.4018342 0.5277585 0.4116021 0.5347308 0.4018342 0.5055778 0.3872317 0.5165048 0.356991 0.5347308 0.4018342 0.566835 0.4185809 0.5574021 0.4276494 0.5591415 0.371535 0.5912693 0.3980094 0.566835 0.4185809 0.566835 0.4185809 0.5921472 0.4364646 0.5856904 0.4448166 0.5912693 0.3980094 0.6138575 0.4183546 0.5921472 0.4364646 0.5574021 0.4276494 0.5856904 0.4448166 0.577013 0.4567217 0.5856904 0.4448166 0.60803 0.4645079 0.5984252 0.4732807 0.5921472 0.4364646 0.6153578 0.4578209 0.60803 0.4645079 0.577013 0.4567217 0.5984252 0.4732807 0.5837756 0.4866658 0.5502842 0.4395108 0.577013 0.4567217 0.5640876 0.4713069 0.5640876 0.4713069 0.5837756 0.4866658 0.5639085 0.5048016 0.5413326 0.4544928 0.5640876 0.4713069 0.5467626 0.4887296 0.5467626 0.4887296 0.5639085 0.5048016 0.5420339 0.5247354 0.5287532 0.4718738 0.5467626 0.4887296 0.5250535 0.5078354 0.5250535 0.5078354 0.5420339 0.5247354 0.5244409 0.5407434 0.5095991 0.4911401 0.5250535 0.5078354 0.507052 0.522569 0.507052 0.522569 0.5244409 0.5407434 0.5100448 0.5538299 0.5100448 0.5538299 0.5244409 0.5407434 0.5408935 0.559787 0.5244409 0.5407434 0.5420339 0.5247354 0.557281 0.5432352 0.5293373 0.5759745 0.5408935 0.559787 0.5593393 0.5778932 0.5408935 0.559787 0.557281 0.5432352 0.572481 0.5602223 0.5420339 0.5247354 0.5639085 0.5048016 0.5783501 0.5233657 0.557281 0.5432352 0.5783501 0.5233657 0.5935246 0.5428949 0.5972972 0.5076779 0.5783501 0.5233657 0.5639085 0.5048016 0.6120472 0.5319069 0.5935246 0.5428949 0.5783501 0.5233657 0.6129851 0.4961045 0.5972972 0.5076779 0.5837756 0.4866658 0.6278107 0.5242838 0.6120472 0.5319069 0.5972972 0.5076779 0.6255996 0.488524 0.6129851 0.4961045 0.5984252 0.4732807 0.6402644 0.5181881 0.6278107 0.5242838 0.6129851 0.4961045 0.6429931 0.5528711 0.6278107 0.5242838 0.6402644 0.5181881 0.6275886 0.5560114 0.6120472 0.5319069 0.6278107 0.5242838 0.6464023 0.5774813 0.6429931 0.5528711 0.6539597 0.549248 0.6337894 0.5720089 0.6275886 0.5560114 0.6429931 0.5528711 0.6109771 0.5647141 0.5935246 0.5428949 0.6120472 0.5319069 0.6337894 0.5720089 0.6225517 0.5798129 0.6109771 0.5647141 0.5956765 0.5788177 0.572481 0.5602223 0.5935246 0.5428949 0.6093639 0.5881316 0.5956765 0.5788177 0.6109771 0.5647141 0.5593393 0.5778932 0.572481 0.5602223 0.5956765 0.5788177 0.5837593 0.5963362 0.5956765 0.5788177 0.6093639 0.5881316 0.5771085 0.6105636 0.5837593 0.5963362 0.6058426 0.6043168 0.5518876 0.5946791 0.5593393 0.5778932 0.5837593 0.5963362 0.6412675 0.6105542 0.6137052 0.627016 0.6058426 0.6043168 0.6093639 0.5881316 0.6225517 0.5798129 0.6319481 0.5952391 0.6412675 0.6105542 0.6319481 0.5952391 0.6464023 0.5774813 0.6319481 0.5952391 0.6225517 0.5798129 0.6337894 0.5720089 0.6348323 0.6454247 0.6137052 0.627016 0.6412675 0.6105542 0.6785684 0.6123192 0.6553371 0.6277937 0.6412675 0.6105542 0.6785684 0.6123192 0.6642028 0.5849421 0.6840266 0.577239 0.6840266 0.577239 0.6642028 0.5849421 0.6539597 0.549248 0.7105572 0.6154699 0.6840266 0.577239 0.7049441 0.5658358 0.7049441 0.5658358 0.6840266 0.577239 0.6643692 0.5429894 0.6643692 0.5429894 0.6539597 0.549248 0.6402644 0.5181881 0.6962009 0.5205584 0.6643692 0.5429894 0.6500803 0.5095262 0.7385915 0.5517502 0.7049441 0.5658358 0.6962009 0.5205584 0.716542 0.4826658 0.6962009 0.5205584 0.6722825 0.4870452 0.7341207 0.5253809 0.6962009 0.5205584 0.716542 0.4826658 0.6722825 0.4870452 0.6500803 0.5095262 0.634467 0.4828458 0.693971 0.4613317 0.6722825 0.4870452 0.6543228 0.4630144 0.7183707 0.4338198 0.693971 0.4613317 0.6743004 0.4405988 0.7379795 0.4554814 0.716542 0.4826658 0.693971 0.4613317 0.7416293 0.4117099 0.7183707 0.4338198 0.701239 0.4149538 0.7543374 0.4315305 0.7379795 0.4554814 0.7183707 0.4338198 0.7409436 0.5006334 0.716542 0.4826658 0.7379795 0.4554814 0.7742596 0.448369 0.7585874 0.4715403 0.7379795 0.4554814 0.7543374 0.4315305 0.7751456 0.412046 0.7831056 0.4308379 0.7416293 0.4117099 0.7624154 0.387444 0.7751456 0.412046 0.7966581 0.4353957 0.7913816 0.4518968 0.7742596 0.448369 0.7742596 0.448369 0.7913816 0.4518968 0.7800487 0.4810073 0.8149435 0.7985215 0.816758 0.8262409 0.796714 0.8085972 0.8497571 0.8082163 0.8520143 0.8326327 0.816758 0.8262409 0.8520143 0.8326327 0.8574703 0.8485423 0.829602 0.8513307 0.7657491 0.5105879 0.7409436 0.5006334 0.7585874 0.4715403 0.8574703 0.8485423 0.8609367 0.8662281 0.8361301 0.8681564 0.7341207 0.5253809 0.7409436 0.5006334 0.7657491 0.5105879 0.8609367 0.8662281 0.8643351 0.894037 0.8402884 0.8882545 0.7385915 0.5517502 0.7341207 0.5253809 0.7616806 0.5297941 0.8643351 0.894037 0.8647996 0.9243829 0.8461742 0.92719 0.7545329 0.5743024 0.7385915 0.5517502 0.7671574 0.5507457 0.8461742 0.92719 0.8341662 0.9221877 0.8314035 0.901643 0.8141665 0.9152846 0.8314035 0.901643 0.8341662 0.9221877 0.7724575 0.567601 0.786815 0.5905063 0.7739837 0.5962732 0.8416808 0.9429568 0.8281099 0.9443804 0.8341662 0.9221877 0.8216082 0.924158 0.8341662 0.9221877 0.8281099 0.9443804 0.8141665 0.9152846 0.8216082 0.924158 0.8079477 0.9332904 0.7749159 0.6151395 0.7797352 0.6212891 0.7594377 0.6314043 0.7915076 0.6096218 0.7797352 0.6212891 0.7749159 0.6151395 0.7548069 0.6226877 0.7355796 0.6022914 0.763203 0.603274 0.7739837 0.5962732 0.7833061 0.6069068 0.7749159 0.6151395 0.7545329 0.5743024 0.7739837 0.5962732 0.763203 0.603274 0.786815 0.5905063 0.7915076 0.6096218 0.7833061 0.6069068 0.7545329 0.5743024 0.7355796 0.6022914 0.7049441 0.5658358 0.736009 0.6249136 0.7105572 0.6154699 0.7355796 0.6022914 0.7548069 0.6226877 0.7594377 0.6314043 0.744736 0.6341805 0.736009 0.6249136 0.744736 0.6341805 0.7325364 0.6484088 0.7052062 0.6453522 0.7105572 0.6154699 0.7325364 0.6484088 0.8461742 0.92719 0.8647996 0.9243829 0.866007 0.9440473 0.8647996 0.9243829 0.8819635 0.9199008 0.8831282 0.9469395 0.8803498 0.8974345 0.8819635 0.9199008 0.8647996 0.9243829 0.9005112 0.9437033 0.8831282 0.9469395 0.8819635 0.9199008 0.8803498 0.8974345 0.8961974 0.8907744 0.8986251 0.9170299 0.9005112 0.9437033 0.8986251 0.9170299 0.9171191 0.9172055 0.8961974 0.8907744 0.9245182 0.8841975 0.9171191 0.9172055 0.8976156 0.8657273 0.9269345 0.8662477 0.9245182 0.8841975 0.8785183 0.8670204 0.8976156 0.8657273 0.8961974 0.8907744 0.900401 0.8481217 0.9316698 0.8499081 0.9269345 0.8662477 0.8785615 0.8474798 0.900401 0.8481217 0.8976156 0.8657273 0.9061238 0.8322336 0.9419648 0.8264672 0.9316698 0.8499081 0.8790574 0.8287294 0.9061238 0.8322336 0.900401 0.8481217 0.9061238 0.8322336 0.8790574 0.8287294 0.879059 0.8090783 0.9419648 0.8264672 0.9061238 0.8322336 0.9085212 0.808277 0.879059 0.8090783 0.8790574 0.8287294 0.8520143 0.8326327 0.8790574 0.8287294 0.8785615 0.8474798 0.8574703 0.8485423 0.9067263 0.7830554 0.9085212 0.808277 0.879059 0.8090783 0.8783824 0.7858806 0.879059 0.8090783 0.8497571 0.8082163 0.8496741 0.7828453 0.8497571 0.8082163 0.8149435 0.7985215 0.8757454 0.7518011 0.8783824 0.7858806 0.8496741 0.7828453 0.8493202 0.7504152 0.8496741 0.7828453 0.8116487 0.7750254 0.8116487 0.7750254 0.8149435 0.7985215 0.7721177 0.7909212 0.8093395 0.7476723 0.8116487 0.7750254 0.761937 0.7723897 0.7814424 0.3730401 0.7938504 0.3662733 0.7989262 0.3860568 0.7688634 0.3503839 0.7799561 0.3416784 0.7938504 0.3662733 0.7860468 0.3893713 0.7751456 0.412046 0.7624154 0.387444 0.7814424 0.3730401 0.7624154 0.387444 0.7488086 0.3651285 0.7256344 0.3914057 0.7488086 0.3651285 0.7624154 0.387444 0.7105095 0.3722893 0.73388 0.3497717 0.7488086 0.3651285 0.7488086 0.3651285 0.73388 0.3497717 0.7519556 0.3315525 0.7256344 0.3914057 0.701239 0.4149538 0.6854334 0.3948601 0.6930353 0.3561631 0.7105095 0.3722893 0.6854334 0.3948601 0.7105095 0.3722893 0.6930353 0.3561631 0.719021 0.3350281 0.6672692 0.37687 0.6854334 0.3948601 0.6565345 0.4205713 0.701239 0.4149538 0.6743004 0.4405988 0.6565345 0.4205713 0.6384764 0.4005635 0.6565345 0.4205713 0.6345846 0.4403364 0.6743004 0.4405988 0.6543228 0.4630144 0.6345846 0.4403364 0.6138575 0.4183546 0.6345846 0.4403364 0.6153578 0.4578209 0.6543228 0.4630144 0.634467 0.4828458 0.6153578 0.4578209 0.634467 0.4828458 0.6255996 0.488524 0.60803 0.4645079 0.6500803 0.5095262 0.6402644 0.5181881 0.6255996 0.488524 0.6196444 0.378074 0.6384764 0.4005635 0.6138575 0.4183546 0.6475833 0.3589519 0.6672692 0.37687 0.6384764 0.4005635 0.5994147 0.3523278 0.6196444 0.378074 0.5912693 0.3980094 0.6760311 0.3398141 0.6930353 0.3561631 0.6672692 0.37687 0.6930353 0.3561631 0.6760311 0.3398141 0.6980569 0.3230478 0.7519556 0.3315525 0.73388 0.3497717 0.719021 0.3350281 0.7095504 0.3036904 0.7328339 0.3150436 0.719021 0.3350281 0.7328339 0.3150436 0.7095504 0.3036904 0.7156863 0.2904177 0.7519556 0.3315525 0.7328339 0.3150436 0.7412596 0.3036156 0.7586644 0.6623604 0.8085266 0.6566244 0.8076367 0.6842989 0.751205 0.689869 0.8076367 0.6842989 0.8081042 0.7160195 0.8085266 0.6566244 0.8462648 0.6475535 0.8474085 0.6795985 0.8076367 0.6842989 0.8474085 0.6795985 0.8465105 0.7149968 0.8462648 0.6475535 0.8742621 0.6429809 0.873498 0.6768244 0.8474085 0.6795985 0.873498 0.6768244 0.8713988 0.7142933 0.8992 0.6758483 0.873498 0.6768244 0.8742621 0.6429809 0.8975273 0.713455 0.8713988 0.7142933 0.873498 0.6768244 0.8992 0.6758483 0.9024276 0.6438706 0.9393716 0.6514258 0.9382188 0.7117621 0.8975273 0.713455 0.8992 0.6758483 0.939043 0.679537 0.9393716 0.6514258 0.9884712 0.6568434 0.9382188 0.7117621 0.939043 0.679537 0.9956501 0.6835559 0.338091 0.6610984 0.3247053 0.667793 0.3163304 0.6382422 0.3518339 0.6849882 0.3392997 0.6931892 0.3247053 0.667793 0.3306972 0.6342135 0.3512046 0.6272707 0.3599352 0.651908 0.3599352 0.651908 0.3728539 0.6709024 0.3518339 0.6849882 0.3977773 0.6526298 0.3728539 0.6709024 0.3599352 0.651908 0.3835716 0.6308309 0.3599352 0.651908 0.3512046 0.6272707 0.3835716 0.6308309 0.4042552 0.6119703 0.4201182 0.6342664 0.3702796 0.6094283 0.3884889 0.5912986 0.4042552 0.6119703 0.4042552 0.6119703 0.4277713 0.5891825 0.4458561 0.6117776 0.4165321 0.6725228 0.3977773 0.6526298 0.4201182 0.6342664 0.4399911 0.6538762 0.4201182 0.6342664 0.4458561 0.6117776 0.4595443 0.6729764 0.4399911 0.6538762 0.4662927 0.632595 0.4374268 0.690998 0.4165321 0.6725228 0.4399911 0.6538762 0.4662927 0.632595 0.4458561 0.6117776 0.4742573 0.5862827 0.4882813 0.6535032 0.4662927 0.632595 0.4962672 0.609308 0.4962672 0.609308 0.4742573 0.5862827 0.4982175 0.5645734 0.5188553 0.6307352 0.4962672 0.609308 0.5209823 0.587807 0.4982175 0.5645734 0.5100448 0.5538299 0.5293373 0.5759745 0.5209823 0.587807 0.5293373 0.5759745 0.5518876 0.5946791 0.5447955 0.6066815 0.5518876 0.5946791 0.5771085 0.6105636 0.5449638 0.6578252 0.5188553 0.6307352 0.5447955 0.6066815 0.5713595 0.6242147 0.5963026 0.6444599 0.5861536 0.6660893 0.5963026 0.6444599 0.5713595 0.6242147 0.5771085 0.6105636 0.5963026 0.6444599 0.6137052 0.627016 0.6348323 0.6454247 0.622045 0.6650987 0.6176822 0.6918691 0.5861536 0.6660893 0.5449638 0.6578252 0.5861536 0.6660893 0.5731286 0.6986343 0.5861536 0.6660893 0.6176822 0.6918691 0.593288 0.7133247 0.6189398 0.720299 0.6176822 0.6918691 0.6387413 0.7133157 0.593288 0.7133247 0.6176822 0.6918691 0.6189398 0.720299 0.6176822 0.6918691 0.622045 0.6650987 0.6492403 0.6897495 0.627833 0.7309892 0.6387413 0.7133157 0.6456398 0.7176436 0.6387413 0.7133157 0.6492403 0.6897495 0.6536347 0.7016238 0.9384391 0.9414405 0.9318051 0.9194741 0.9443463 0.9204198 0.9318051 0.9194741 0.9384391 0.9414405 0.920792 0.942979 0.9171191 0.9172055 0.9245182 0.8841975 0.9352461 0.8985232 0.9318051 0.9194741 0.9352461 0.8985232 0.9522018 0.910663 0.9522018 0.910663 0.968202 0.9139044 0.9582461 0.9287599 0.6197686 0.7384207 0.619987 0.7452315 0.6052177 0.7385622 0.611403 0.7293888 0.6052177 0.7385622 0.5857814 0.7259396 0.611403 0.7293888 0.6189398 0.720299 0.627833 0.7309892 0.6197686 0.7384207 0.627833 0.7309892 0.633357 0.7365977 0.5857814 0.7259396 0.5679287 0.7215779 0.5731286 0.6986343 0.6653285 0.6842534 0.6536347 0.7016238 0.6492403 0.6897495 0.622045 0.6650987 0.6348323 0.6454247 0.6588133 0.671917 0.6348323 0.6454247 0.6553371 0.6277937 0.6732886 0.6595226 0.6794943 0.6712265 0.6653285 0.6842534 0.6588133 0.671917 0.6889671 0.6464136 0.6732886 0.6595226 0.6553371 0.6277937 0.6732886 0.6595226 0.6889671 0.6464136 0.6962111 0.6615154 0.6889671 0.6464136 0.6785684 0.6123192 0.7105572 0.6154699 0.6962111 0.6615154 0.6889671 0.6464136 0.7052062 0.6453522 0.5495736 0.7174447 0.548595 0.6942513 0.5731286 0.6986343 0.5495736 0.7174447 0.531545 0.7220484 0.525341 0.6992398 0.5100422 0.6769393 0.5449638 0.6578252 0.548595 0.6942513 0.531545 0.7220484 0.5046771 0.7342604 0.4979817 0.713805 0.4979817 0.713805 0.4828662 0.6945794 0.5100422 0.6769393 0.4828662 0.6945794 0.4595443 0.6729764 0.4882813 0.6535032 0.5100422 0.6769393 0.4882813 0.6535032 0.5188553 0.6307352 0.4730588 0.726453 0.4595613 0.7064922 0.4828662 0.6945794 0.4595443 0.6729764 0.4828662 0.6945794 0.4595613 0.7064922 0.4730588 0.726453 0.4431382 0.7360134 0.4397094 0.716943 0.4374268 0.690998 0.4595613 0.7064922 0.4397094 0.716943 0.4431382 0.7360134 0.4730588 0.726453 0.4765345 0.7442389 0.5046771 0.7342604 0.4765345 0.7442389 0.4730588 0.726453 0.963288 0.8121732 0.9419648 0.8264672 0.9512882 0.7943648 0.9820019 0.7880831 0.9512882 0.7943648 0.9688752 0.7646728 0.4250885 0.7381873 0.4431382 0.7360134 0.4429471 0.750639 0.9512882 0.7943648 0.9085212 0.808277 0.9067263 0.7830554 0.9559912 0.7413459 0.9688752 0.7646728 0.9067263 0.7830554 0.9915309 0.7611903 0.9688752 0.7646728 0.9559912 0.7413459 0.4250885 0.7381873 0.4209218 0.7513828 0.3999454 0.7461159 0.3853064 0.7215292 0.4107257 0.7156522 0.3999454 0.7461159 0.4165321 0.6725228 0.4374268 0.690998 0.4107257 0.7156522 0.4250885 0.7381873 0.4107257 0.7156522 0.4397094 0.716943 0.3853064 0.7215292 0.3678956 0.7071593 0.3870993 0.6904705 0.3678956 0.7071593 0.3853064 0.7215292 0.3773743 0.733166 0.3518339 0.6849882 0.3678956 0.7071593 0.3566936 0.7165455 0.3518339 0.6849882 0.3728539 0.6709024 0.3870993 0.6904705 0.9972672 0.710493 0.9972672 0.7372274 0.9559912 0.7413459 0.3977773 0.6526298 0.4165321 0.6725228 0.3870993 0.6904705 0.9018117 0.7512861 0.9067263 0.7830554 0.8783824 0.7858806 0.8975273 0.713455 0.9018117 0.7512861 0.8757454 0.7518011 0.9382188 0.7117621 0.9559912 0.7413459 0.9018117 0.7512861 0.8713988 0.7142933 0.8757454 0.7518011 0.8493202 0.7504152 0.489862 0.532517 0.5100448 0.5538299 0.4982175 0.5645734 0.4536468 0.562102 0.4773082 0.5396881 0.4982175 0.5645734 0.4277713 0.5891825 0.4536468 0.562102 0.4742573 0.5862827 0.3574636 0.5891113 0.3696489 0.5678473 0.3884889 0.5912986 0.3702796 0.6094283 0.3512046 0.6272707 0.3477187 0.6066942 0.3477187 0.6066942 0.3304514 0.6055039 0.3389312 0.5763031 0.3389312 0.5763031 0.3517663 0.552522 0.3696489 0.5678473 0.3304514 0.6055039 0.3161466 0.6058874 0.3216766 0.5729683 0.3389312 0.5763031 0.3216766 0.5729683 0.3318846 0.545359 0.9385273 0.6261727 0.9327406 0.5988441 0.9543886 0.6105394 0.9393716 0.6514258 0.9385273 0.6261727 0.9754446 0.6310616 0.3306972 0.6342135 0.3163304 0.6382422 0.3161466 0.6058874 0.9024276 0.6438706 0.9022069 0.6189557 0.9385273 0.6261727 0.9022069 0.6189557 0.8980177 0.5960313 0.9327406 0.5988441 0.9024276 0.6438706 0.8742621 0.6429809 0.8734885 0.6202442 0.8734885 0.6202442 0.8721722 0.6012961 0.8980177 0.5960313 0.8451625 0.6226717 0.8734885 0.6202442 0.8742621 0.6429809 0.8459208 0.5993119 0.8721722 0.6012961 0.8734885 0.6202442 0.8721722 0.6012961 0.8459208 0.5993119 0.850092 0.5837202 0.8721722 0.6012961 0.8704108 0.583308 0.8913576 0.5811709 0.8704108 0.583308 0.850092 0.5837202 0.8522144 0.5665199 0.8704108 0.583308 0.8690179 0.5645554 0.8874364 0.5644707 0.8690179 0.5645554 0.8522144 0.5665199 0.8535912 0.5395618 0.8690179 0.5645554 0.8686772 0.5352509 0.8843332 0.5405541 0.8686772 0.5352509 0.8535912 0.5395618 0.8528259 0.5173899 0.8686772 0.5352509 0.8687736 0.5136249 0.8848722 0.5152537 0.3304514 0.6055039 0.3477187 0.6066942 0.3512046 0.6272707 0.8465105 0.7149968 0.8493202 0.7504152 0.8093395 0.7476723 0.8081042 0.7160195 0.8093395 0.7476723 0.7528455 0.7454077 0.7519556 0.3315525 0.7617832 0.3215481 0.7799561 0.3416784 0.7095504 0.3036904 0.6827554 0.2984959 0.6857624 0.28377 0.6827554 0.2984959 0.7095504 0.3036904 0.6980569 0.3230478 0.6827554 0.2984959 0.6549926 0.3039911 0.6535614 0.2872536 0.7989262 0.3860568 0.8125346 0.4227474 0.7751456 0.412046 0.8785615 0.8474798 0.8785183 0.8670204 0.8609367 0.8662281 0.8785183 0.8670204 0.8803498 0.8974345 0.8643351 0.894037 0.7751456 0.412046 0.8125346 0.4227474 0.7966581 0.4353957 0.4316326 0.4201928 0.4474206 0.4435293 0.427897 0.4589992 0.4098805 0.4304511 0.427897 0.4589992 0.4048016 0.4669812 0.4048016 0.4669812 0.427897 0.4589992 0.4457904 0.4861114 0.6402224 0.2903591 0.6535614 0.2872536 0.6549926 0.3039911 0.7679065 0.8995677 0.7692232 0.9089877 0.7405365 0.9199272 0.7676125 0.8903038 0.7679065 0.8995677 0.7377482 0.9060977 0.767478 0.8811889 0.7676125 0.8903038 0.7363921 0.8944053 0.7670115 0.8721079 0.767478 0.8811889 0.7357708 0.8840152 0.7670115 0.8721079 0.7353473 0.8746107 0.7353048 0.8654918 0.7653582 0.863209 0.7353048 0.8654918 0.7353474 0.8563077 0.7633543 0.8544418 0.7353474 0.8563077 0.7354175 0.8467578 0.7613662 0.8456228 0.7354175 0.8467578 0.7355069 0.8365495 0.7598655 0.8365706 0.7355069 0.8365495 0.7357013 0.825415 0.7593841 0.8272384 0.7357013 0.825415 0.7360981 0.8133724 0.7635659 0.8088827 0.7604076 0.8178394 0.7360981 0.8133724 0.7684308 0.800485 0.7635659 0.8088827 0.7373538 0.8002442 0.7360981 0.8133724 0.7238886 0.8135771 0.7229615 0.8003371 0.7373538 0.8002442 0.7229615 0.8003371 0.7219244 0.7849765 0.7238886 0.8135771 0.7129269 0.8148907 0.7105069 0.8026378 0.7229615 0.8003371 0.7105069 0.8026378 0.7065961 0.78799 0.7129269 0.8148907 0.6990256 0.8178088 0.6958287 0.8074994 0.7105069 0.8026378 0.6958287 0.8074994 0.6899575 0.7948395 0.6958287 0.8074994 0.6990256 0.8178088 0.6829364 0.822123 0.6899575 0.7948395 0.6958287 0.8074994 0.6800887 0.814258 0.6800887 0.814258 0.6829364 0.822123 0.666195 0.8266678 0.6751375 0.8048055 0.6800887 0.814258 0.6637586 0.8200518 0.6637586 0.8200518 0.666195 0.8266678 0.6532959 0.8311126 0.6599689 0.812573 0.6637586 0.8200518 0.6513494 0.8257035 0.6532959 0.8311126 0.6420824 0.8350306 0.6403515 0.8303329 0.6484879 0.8194845 0.6513494 0.8257035 0.6403515 0.8303329 0.6420824 0.8350306 0.6313478 0.8388267 0.6296879 0.8349013 0.6403515 0.8303329 0.6296879 0.8349013 0.6273527 0.830543 0.6296879 0.8349013 0.6313478 0.8388267 0.6210497 0.8421216 0.6273527 0.830543 0.6296879 0.8349013 0.6197266 0.8385294 0.6197266 0.8385294 0.6210497 0.8421216 0.6127373 0.8450582 0.6179822 0.8346816 0.6197266 0.8385294 0.611521 0.8420495 0.611521 0.8420495 0.6127373 0.8450582 0.6050977 0.84769 0.6099538 0.8388354 0.611521 0.8420495 0.6040961 0.8451846 0.6050977 0.84769 0.5977649 0.8501965 0.597068 0.8481123 0.6040961 0.8451846 0.597068 0.8481123 0.5961994 0.845926 0.5977649 0.8501965 0.5918968 0.8520078 0.5913258 0.8501743 0.597068 0.8481123 0.5913258 0.8501743 0.5906173 0.8481822 0.5918968 0.8520078 0.5860412 0.853924 0.5853861 0.8523143 0.5913258 0.8501743 0.5853861 0.8523143 0.5845293 0.8504784 0.5853861 0.8523143 0.5860412 0.853924 0.5809776 0.8564072 0.5845293 0.8504784 0.5853861 0.8523143 0.5802517 0.8553741 0.5802517 0.8553741 0.5809776 0.8564072 0.5751765 0.86111 0.5793117 0.8543176 0.5802517 0.8553741 0.5750902 0.8609998 0.5808981 0.8675888 0.5799008 0.8687714 0.575136 0.8622546 0.5817045 0.8662654 0.5808981 0.8675888 0.5752536 0.8621771 0.5822785 0.8648335 0.5817045 0.8662654 0.5753477 0.8620806 0.5822785 0.8648335 0.5754131 0.8619685 0.5754485 0.8618442 0.5826126 0.8633911 0.5754485 0.8618442 0.5754524 0.8617144 0.5827004 0.8620101 0.5754524 0.8617144 0.5754281 0.8615851 0.5825948 0.8607384 0.5754281 0.8615851 0.5753827 0.8614598 0.5823515 0.8595745 0.5753827 0.8614598 0.5753231 0.8613395 0.5820038 0.8584856 0.5753231 0.8613395 0.5752536 0.8612235 0.5809776 0.8564072 0.5815566 0.8574316 0.5752536 0.8612235 0.5870296 0.8568405 0.5820038 0.8584856 0.5815566 0.8574316 0.5860412 0.853924 0.5865724 0.8554072 0.5815566 0.8574316 0.5923749 0.8537659 0.5928236 0.8555088 0.5870296 0.8568405 0.5923749 0.8537659 0.5865724 0.8554072 0.5860412 0.853924 0.5928236 0.8555088 0.5932102 0.8573189 0.5874329 0.8583425 0.5874329 0.8583425 0.5823515 0.8595745 0.5820038 0.8584856 0.5932102 0.8573189 0.5935157 0.8592925 0.5877686 0.859986 0.5877686 0.859986 0.5825948 0.8607384 0.5823515 0.8595745 0.5935157 0.8592925 0.5936993 0.8615439 0.5879901 0.8618413 0.5879901 0.8618413 0.5827004 0.8620101 0.5825948 0.8607384 0.5936993 0.8615439 0.5936856 0.8641443 0.5880125 0.8639346 0.5880125 0.8639346 0.5826126 0.8633911 0.5827004 0.8620101 0.5936856 0.8641443 0.5933851 0.8670043 0.5877454 0.8661861 0.5877454 0.8661861 0.5822785 0.8648335 0.5826126 0.8633911 0.5928737 0.869885 0.5871322 0.868416 0.5877454 0.8661861 0.5877454 0.8661861 0.5871322 0.868416 0.5817045 0.8662654 0.5921615 0.8725161 0.5862645 0.8705395 0.5871322 0.868416 0.5871322 0.868416 0.5862645 0.8705395 0.5808981 0.8675888 0.5913898 0.8748003 0.58526 0.8724748 0.5862645 0.8705395 0.5862645 0.8705395 0.58526 0.8724748 0.5799008 0.8687714 0.5970783 0.8765894 0.5913898 0.8748003 0.5921615 0.8725161 0.5978806 0.8740637 0.5921615 0.8725161 0.5928737 0.869885 0.6039854 0.8791648 0.5970783 0.8765894 0.5978806 0.8740637 0.6050382 0.8762265 0.5978806 0.8740637 0.5986067 0.8710834 0.6059868 0.872767 0.5986067 0.8710834 0.5991547 0.8677767 0.5986067 0.8710834 0.5928737 0.869885 0.5933851 0.8670043 0.6072067 0.8650152 0.606749 0.8688985 0.5991547 0.8677767 0.599533 0.864477 0.5991547 0.8677767 0.5933851 0.8670043 0.607369 0.8614645 0.6072067 0.8650152 0.599533 0.864477 0.5996353 0.8614617 0.599533 0.864477 0.5936856 0.8641443 0.6072831 0.8583109 0.607369 0.8614645 0.5996353 0.8614617 0.5995164 0.8588249 0.5996353 0.8614617 0.5936993 0.8615439 0.6069959 0.8554653 0.6072831 0.8583109 0.5995164 0.8588249 0.5992374 0.8564867 0.5995164 0.8588249 0.5935157 0.8592925 0.6065329 0.8528012 0.6069959 0.8554653 0.5992374 0.8564867 0.5988371 0.8543269 0.5992374 0.8564867 0.5932102 0.8573189 0.6058995 0.8502199 0.6065329 0.8528012 0.5988371 0.8543269 0.5983353 0.8522529 0.5988371 0.8543269 0.5928236 0.8555088 0.6058995 0.8502199 0.5983353 0.8522529 0.5977649 0.8501965 0.5983353 0.8522529 0.5923749 0.8537659 0.5918968 0.8520078 0.6144461 0.8509562 0.6065329 0.8528012 0.6058995 0.8502199 0.6127373 0.8450582 0.6137152 0.8479829 0.6058995 0.8502199 0.6229972 0.8490029 0.6144461 0.8509562 0.6137152 0.8479829 0.6210497 0.8421216 0.6221175 0.8455575 0.6137152 0.8479829 0.6237465 0.8526186 0.6150213 0.8540706 0.6144461 0.8509562 0.6150213 0.8540706 0.6069959 0.8554653 0.6065329 0.8528012 0.624363 0.8565844 0.6154413 0.8574643 0.6150213 0.8540706 0.6154413 0.8574643 0.6072831 0.8583109 0.6069959 0.8554653 0.6247721 0.8610801 0.6156524 0.8612802 0.6154413 0.8574643 0.6156524 0.8612802 0.607369 0.8614645 0.6072831 0.8583109 0.6248124 0.8661931 0.615547 0.8655824 0.6156524 0.8612802 0.615547 0.8655824 0.6072067 0.8650152 0.607369 0.8614645 0.6242586 0.8717828 0.615011 0.8702334 0.615547 0.8655824 0.615011 0.8702334 0.606749 0.8688985 0.6072067 0.8650152 0.6242586 0.8717828 0.6229508 0.8773748 0.6139906 0.8748697 0.615011 0.8702334 0.6139906 0.8748697 0.6059868 0.872767 0.6229508 0.8773748 0.6210693 0.8824301 0.6126127 0.8790929 0.6139906 0.8748697 0.6126127 0.8790929 0.6050382 0.8762265 0.6210693 0.8824301 0.6189091 0.8866494 0.6110293 0.8827165 0.6126127 0.8790929 0.6110293 0.8827165 0.6039854 0.8791648 0.6293413 0.887196 0.6270705 0.8926519 0.6189091 0.8866494 0.6313799 0.8806181 0.6293413 0.887196 0.6210693 0.8824301 0.63808 0.8980059 0.6270705 0.8926519 0.6293413 0.887196 0.6412575 0.8921554 0.6293413 0.887196 0.6313799 0.8806181 0.6442768 0.8845528 0.6313799 0.8806181 0.6330209 0.8733535 0.6330209 0.8733535 0.6313799 0.8806181 0.6229508 0.8773748 0.6462976 0.8757187 0.6330209 0.8733535 0.6340092 0.86622 0.6330209 0.8733535 0.6242586 0.8717828 0.6248124 0.8661931 0.6471015 0.8671583 0.6340092 0.86622 0.6344082 0.8600232 0.6340092 0.86622 0.6248124 0.8661931 0.6247721 0.8610801 0.6463226 0.8538535 0.6469041 0.8597202 0.6344082 0.8600232 0.6344082 0.8600232 0.6247721 0.8610801 0.624363 0.8565844 0.6455841 0.8486842 0.6463226 0.8538535 0.6344763 0.8547083 0.6344763 0.8547083 0.624363 0.8565844 0.6237465 0.8526186 0.6446145 0.8440191 0.6455841 0.8486842 0.6341392 0.8501945 0.6341392 0.8501945 0.6237465 0.8526186 0.6229972 0.8490029 0.6434622 0.8395655 0.6446145 0.8440191 0.6334908 0.8461963 0.6334908 0.8461963 0.6229972 0.8490029 0.6221175 0.8455575 0.6420824 0.8350306 0.6434622 0.8395655 0.6325883 0.8424803 0.6313478 0.8388267 0.6325883 0.8424803 0.6221175 0.8455575 0.6548242 0.8363282 0.6561329 0.8414495 0.6446145 0.8440191 0.6548242 0.8363282 0.6434622 0.8395655 0.6420824 0.8350306 0.6679041 0.8327282 0.6692551 0.8387308 0.6561329 0.8414495 0.6679041 0.8327282 0.6548242 0.8363282 0.6532959 0.8311126 0.6692551 0.8387308 0.6702622 0.8447167 0.6572088 0.846749 0.6561329 0.8414495 0.6572088 0.846749 0.6455841 0.8486842 0.6709942 0.8512511 0.6581353 0.8523905 0.6572088 0.846749 0.6572088 0.846749 0.6581353 0.8523905 0.6463226 0.8538535 0.6713902 0.8588321 0.6589241 0.859261 0.6581353 0.8523905 0.6589241 0.859261 0.6469041 0.8597202 0.6463226 0.8538535 0.6712105 0.8681453 0.6591902 0.8677129 0.6589241 0.859261 0.6591902 0.8677129 0.6471015 0.8671583 0.6469041 0.8597202 0.6701923 0.8794361 0.6584432 0.8777688 0.6591902 0.8677129 0.6584432 0.8777688 0.6462976 0.8757187 0.6471015 0.8671583 0.6701923 0.8794361 0.667748 0.8915722 0.6560394 0.8881581 0.6560394 0.8881581 0.6442768 0.8845528 0.6462976 0.8757187 0.667748 0.8915722 0.664157 0.9029344 0.6523634 0.8973731 0.6560394 0.8881581 0.6523634 0.8973731 0.6412575 0.8921554 0.664157 0.9029344 0.6596567 0.9123061 0.6480315 0.9046244 0.6523634 0.8973731 0.6480315 0.9046244 0.63808 0.8980059 0.6779291 0.9086948 0.6748276 0.9214076 0.6596567 0.9123061 0.6800824 0.8945478 0.6779291 0.9086948 0.664157 0.9029344 0.6914419 0.9248053 0.6748276 0.9214076 0.6779291 0.9086948 0.6920821 0.9105325 0.6779291 0.9086948 0.6800824 0.8945478 0.6925119 0.8960664 0.6800824 0.8945478 0.6817991 0.8807276 0.6817991 0.8807276 0.6800824 0.8945478 0.667748 0.8915722 0.6957852 0.8701446 0.6936434 0.8823115 0.6817991 0.8807276 0.6817991 0.8807276 0.6701923 0.8794361 0.6712105 0.8681453 0.6980057 0.8598304 0.6957852 0.8701446 0.6838576 0.8682884 0.6838576 0.8682884 0.6712105 0.8681453 0.6713902 0.8588321 0.6997684 0.8509173 0.6980057 0.8598304 0.6852998 0.8580071 0.6852998 0.8580071 0.6713902 0.8588321 0.6709942 0.8512511 0.7008404 0.8427752 0.6997684 0.8509173 0.6860201 0.8496112 0.6860201 0.8496112 0.6709942 0.8512511 0.6702622 0.8447167 0.7011426 0.8348708 0.7008404 0.8427752 0.6861091 0.8423569 0.6861091 0.8423569 0.6702622 0.8447167 0.6692551 0.8387308 0.7005761 0.8267779 0.7011426 0.8348708 0.6856681 0.8356533 0.6856681 0.8356533 0.6692551 0.8387308 0.6679041 0.8327282 0.6990256 0.8178088 0.7005761 0.8267779 0.6847022 0.8290837 0.6829364 0.822123 0.6847022 0.8290837 0.6679041 0.8327282 0.7139905 0.8256016 0.7140577 0.8352909 0.7011426 0.8348708 0.7139905 0.8256016 0.7005761 0.8267779 0.6990256 0.8178088 0.7243065 0.8253083 0.7241482 0.8359326 0.7140577 0.8352909 0.7243065 0.8253083 0.7139905 0.8256016 0.7129269 0.8148907 0.7241482 0.8359326 0.7234963 0.8457105 0.713314 0.8443675 0.7140577 0.8352909 0.713314 0.8443675 0.7008404 0.8427752 0.7234963 0.8457105 0.7225485 0.8550337 0.7119855 0.8532739 0.713314 0.8443675 0.7119855 0.8532739 0.6997684 0.8509173 0.7225485 0.8550337 0.7215082 0.8643148 0.7102992 0.8624847 0.7119855 0.8532739 0.7102992 0.8624847 0.6980057 0.8598304 0.7215082 0.8643148 0.7206009 0.8739667 0.7085629 0.8724985 0.7102992 0.8624847 0.7085629 0.8724985 0.6957852 0.8701446 0.7206009 0.8739667 0.7201068 0.8843973 0.707228 0.8837463 0.7085629 0.8724985 0.707228 0.8837463 0.6936434 0.8823115 0.7200713 0.895919 0.7066543 0.8963261 0.707228 0.8837463 0.7066543 0.8963261 0.6925119 0.8960664 0.6936434 0.8823115 0.720929 0.9088019 0.7070436 0.9100562 0.7066543 0.8963261 0.7070436 0.9100562 0.6920821 0.9105325 0.6925119 0.8960664 0.7226363 0.9236151 0.7078086 0.9249275 0.7070436 0.9100562 0.7078086 0.9249275 0.6914419 0.9248053 0.6920821 0.9105325 0.7405365 0.9199272 0.7226363 0.9236151 0.720929 0.9088019 0.7377482 0.9060977 0.720929 0.9088019 0.7200713 0.895919 0.7363921 0.8944053 0.7200713 0.895919 0.7201068 0.8843973 0.7353473 0.8746107 0.7357708 0.8840152 0.7201068 0.8843973 0.7353048 0.8654918 0.7353473 0.8746107 0.7206009 0.8739667 0.7353474 0.8563077 0.7353048 0.8654918 0.7215082 0.8643148 0.7354175 0.8467578 0.7353474 0.8563077 0.7225485 0.8550337 0.7355069 0.8365495 0.7354175 0.8467578 0.7234963 0.8457105 0.7357013 0.825415 0.7355069 0.8365495 0.7241482 0.8359326 0.7357013 0.825415 0.7243065 0.8253083 0.7238886 0.8135771 0.3765788 0.9214498 0.4067368 0.9279807 0.4039481 0.9418102 0.3768728 0.9121859 0.4080932 0.9162883 0.4067368 0.9279807 0.3770076 0.9030708 0.4087148 0.905898 0.4080932 0.9162883 0.3774743 0.8939898 0.4091386 0.8964936 0.4087148 0.905898 0.4091813 0.8873748 0.4091386 0.8964936 0.3774743 0.8939898 0.4091389 0.8781906 0.4091813 0.8873748 0.3791277 0.885091 0.4090688 0.8686407 0.4091389 0.8781906 0.3811322 0.876324 0.4089797 0.8584324 0.4090688 0.8686407 0.3831202 0.867505 0.4087855 0.847298 0.4089797 0.8584324 0.3846212 0.8584527 0.4083891 0.8352553 0.4087855 0.847298 0.3851027 0.8491204 0.3809214 0.8307647 0.4071336 0.822127 0.4083891 0.8352553 0.3760566 0.822367 0.4042881 0.8078532 0.4071336 0.822127 0.421526 0.8222204 0.4205986 0.8354601 0.4083891 0.8352553 0.4225635 0.8068597 0.421526 0.8222204 0.4071336 0.822127 0.4339805 0.8245213 0.4315602 0.8367741 0.4205986 0.8354601 0.4378917 0.8098736 0.4339805 0.8245213 0.421526 0.8222204 0.4486587 0.8293833 0.4454618 0.8396925 0.4315602 0.8367741 0.4545301 0.8167235 0.4486587 0.8293833 0.4339805 0.8245213 0.4486587 0.8293833 0.4643986 0.8361422 0.4615508 0.844007 0.4545301 0.8167235 0.46935 0.8266898 0.4643986 0.8361422 0.4643986 0.8361422 0.4807286 0.8419363 0.4782922 0.8485525 0.46935 0.8266898 0.4845185 0.8344578 0.4807286 0.8419363 0.4807286 0.8419363 0.4931378 0.8475884 0.4911912 0.8529973 0.4845185 0.8344578 0.4959994 0.8413695 0.4931378 0.8475884 0.5041356 0.852218 0.5024047 0.8569158 0.4911912 0.8529973 0.4959994 0.8413695 0.5063197 0.8471867 0.5041356 0.852218 0.514799 0.8567866 0.5131391 0.8607119 0.5024047 0.8569158 0.5171345 0.8524283 0.514799 0.8567866 0.5041356 0.852218 0.514799 0.8567866 0.5247603 0.8604151 0.5234374 0.8640073 0.5171345 0.8524283 0.5265049 0.8565672 0.5247603 0.8604151 0.5247603 0.8604151 0.5329659 0.8639354 0.5317495 0.8669441 0.5265049 0.8565672 0.5345334 0.8607214 0.5329659 0.8639354 0.5329659 0.8639354 0.5403909 0.8670706 0.5393892 0.869576 0.5345334 0.8607214 0.5416594 0.8645121 0.5403909 0.8670706 0.5474188 0.8699986 0.5467219 0.8720828 0.5393892 0.869576 0.5482876 0.8678123 0.5474188 0.8699986 0.5403909 0.8670706 0.5531611 0.8720607 0.5525901 0.8738942 0.5467219 0.8720828 0.5538696 0.8700687 0.5531611 0.8720607 0.5474188 0.8699986 0.5591007 0.8742008 0.5584456 0.8758106 0.5525901 0.8738942 0.5599576 0.8723651 0.5591007 0.8742008 0.5531611 0.8720607 0.5591007 0.8742008 0.564235 0.8772608 0.5635091 0.8782938 0.5599576 0.8723651 0.5651751 0.8762044 0.564235 0.8772608 0.564235 0.8772608 0.5693964 0.8828865 0.5693102 0.8829967 0.5651751 0.8762044 0.569495 0.8827852 0.5693964 0.8828865 0.5635884 0.8894755 0.5692331 0.884064 0.5693507 0.8841415 0.5627821 0.8881521 0.5691388 0.8839675 0.5692331 0.884064 0.5622081 0.8867202 0.5690737 0.8838554 0.5691388 0.8839675 0.5690381 0.883731 0.5690737 0.8838554 0.5622081 0.8867202 0.5690343 0.8836011 0.5690381 0.883731 0.5618739 0.8852779 0.5690586 0.8834719 0.5690343 0.8836011 0.5617862 0.8838967 0.5691041 0.8833466 0.5690586 0.8834719 0.5618919 0.8826251 0.5691636 0.8832263 0.5691041 0.8833466 0.5621352 0.8814613 0.569233 0.8831104 0.5691636 0.8832263 0.5624829 0.8803722 0.5635091 0.8782938 0.5693102 0.8829967 0.569233 0.8831104 0.5629302 0.8793181 0.5624829 0.8803722 0.5574572 0.8787271 0.5584456 0.8758106 0.5635091 0.8782938 0.5629302 0.8793181 0.5521119 0.8756522 0.5579146 0.8772938 0.5574572 0.8787271 0.5584456 0.8758106 0.5579146 0.8772938 0.5521119 0.8756522 0.5516632 0.8773951 0.5574572 0.8787271 0.5570539 0.8802291 0.5624829 0.8803722 0.5621352 0.8814613 0.5570539 0.8802291 0.5512766 0.8792054 0.5570539 0.8802291 0.5567181 0.8818724 0.5621352 0.8814613 0.5618919 0.8826251 0.5567181 0.8818724 0.5509709 0.8811789 0.5567181 0.8818724 0.5564966 0.8837277 0.5618919 0.8826251 0.5617862 0.8838967 0.5564966 0.8837277 0.5507874 0.8834303 0.5564966 0.8837277 0.556474 0.8858211 0.5617862 0.8838967 0.5618739 0.8852779 0.556474 0.8858211 0.550801 0.8860307 0.556474 0.8858211 0.5567411 0.8880726 0.5618739 0.8852779 0.5622081 0.8867202 0.5567411 0.8880726 0.5567411 0.8880726 0.5573542 0.8903025 0.5516127 0.8917716 0.5567411 0.8880726 0.5622081 0.8867202 0.5627821 0.8881521 0.5573542 0.8903025 0.5582219 0.8924261 0.5523248 0.8944027 0.5573542 0.8903025 0.5627821 0.8881521 0.5635884 0.8894755 0.5582219 0.8924261 0.5592264 0.8943614 0.5530964 0.8966867 0.5582219 0.8924261 0.5635884 0.8894755 0.5645858 0.8906583 0.5523248 0.8944027 0.5530964 0.8966867 0.5474079 0.8984758 0.5516127 0.8917716 0.5523248 0.8944027 0.5466057 0.89595 0.5466057 0.89595 0.5474079 0.8984758 0.5405007 0.9010509 0.5458796 0.8929697 0.5466057 0.89595 0.539448 0.8981126 0.5453318 0.889663 0.5458796 0.8929697 0.5384995 0.8946531 0.5511014 0.8888908 0.5516127 0.8917716 0.5458796 0.8929697 0.5372797 0.8869011 0.5449536 0.8863632 0.5453318 0.889663 0.5449536 0.8863632 0.550801 0.8860307 0.5511014 0.8888908 0.5371176 0.8833504 0.5448514 0.8833481 0.5449536 0.8863632 0.5448514 0.8833481 0.5507874 0.8834303 0.550801 0.8860307 0.5372036 0.880197 0.5449702 0.8807111 0.5448514 0.8833481 0.5449702 0.8807111 0.5509709 0.8811789 0.5507874 0.8834303 0.5374907 0.8773514 0.5452494 0.8783729 0.5449702 0.8807111 0.5452494 0.8783729 0.5512766 0.8792054 0.5509709 0.8811789 0.5379537 0.8746872 0.5456497 0.8762131 0.5452494 0.8783729 0.5456497 0.8762131 0.5516632 0.8773951 0.5512766 0.8792054 0.5385873 0.8721058 0.5461514 0.8741393 0.5456497 0.8762131 0.5461514 0.8741393 0.5521119 0.8756522 0.5516632 0.8773951 0.5467219 0.8720828 0.5461514 0.8741393 0.5385873 0.8721058 0.5525901 0.8738942 0.5521119 0.8756522 0.5461514 0.8741393 0.5385873 0.8721058 0.5379537 0.8746872 0.5300408 0.8728419 0.5317495 0.8669441 0.5393892 0.869576 0.5385873 0.8721058 0.5307716 0.8698687 0.5300408 0.8728419 0.5214896 0.8708884 0.5234374 0.8640073 0.5317495 0.8669441 0.5307716 0.8698687 0.5300408 0.8728419 0.5294653 0.8759563 0.5207402 0.8745042 0.5379537 0.8746872 0.5374907 0.8773514 0.5294653 0.8759563 0.5294653 0.8759563 0.5290455 0.8793502 0.5201236 0.87847 0.5374907 0.8773514 0.5372036 0.880197 0.5290455 0.8793502 0.5290455 0.8793502 0.5288341 0.8831659 0.5197144 0.8829658 0.5372036 0.880197 0.5371176 0.8833504 0.5288341 0.8831659 0.5288341 0.8831659 0.5289394 0.8874682 0.5196738 0.8880788 0.5371176 0.8833504 0.5372797 0.8869011 0.5289394 0.8874682 0.5289394 0.8874682 0.5294753 0.8921192 0.5202277 0.8936686 0.5372797 0.8869011 0.5377373 0.8907846 0.5294753 0.8921192 0.5202277 0.8936686 0.5294753 0.8921192 0.5304954 0.8967556 0.5294753 0.8921192 0.5377373 0.8907846 0.5384995 0.8946531 0.5215352 0.8992606 0.5304954 0.8967556 0.5318734 0.9009788 0.5304954 0.8967556 0.5384995 0.8946531 0.539448 0.8981126 0.5234166 0.904316 0.5318734 0.9009788 0.5334568 0.9046025 0.5318734 0.9009788 0.539448 0.8981126 0.5405007 0.9010509 0.5151445 0.9090815 0.5234166 0.904316 0.5255767 0.9085352 0.5131061 0.9025035 0.5215352 0.8992606 0.5234166 0.904316 0.5151445 0.9090815 0.5174152 0.9145375 0.5064054 0.9198911 0.5131061 0.9025035 0.5151445 0.9090815 0.5032282 0.9140406 0.5114653 0.8952389 0.5131061 0.9025035 0.5002089 0.9064379 0.5114653 0.8952389 0.5202277 0.8936686 0.5215352 0.8992606 0.5104771 0.8881054 0.5114653 0.8952389 0.4981884 0.8976037 0.5196738 0.8880788 0.5202277 0.8936686 0.5114653 0.8952389 0.5100783 0.8819084 0.5104771 0.8881054 0.4973849 0.8890433 0.5197144 0.8829658 0.5196738 0.8880788 0.5104771 0.8881054 0.4981639 0.8757385 0.5100105 0.8765938 0.5100783 0.8819084 0.5201236 0.87847 0.5197144 0.8829658 0.5100783 0.8819084 0.4989026 0.8705692 0.5103475 0.87208 0.5100105 0.8765938 0.5207402 0.8745042 0.5201236 0.87847 0.5100105 0.8765938 0.4998725 0.8659042 0.5109961 0.8680816 0.5103475 0.87208 0.5214896 0.8708884 0.5207402 0.8745042 0.5103475 0.87208 0.5010249 0.8614506 0.5118986 0.8643656 0.5109961 0.8680816 0.5223694 0.867443 0.5214896 0.8708884 0.5109961 0.8680816 0.5024047 0.8569158 0.5131391 0.8607119 0.5118986 0.8643656 0.5131391 0.8607119 0.5234374 0.8640073 0.5223694 0.867443 0.4896627 0.858213 0.5010249 0.8614506 0.4998725 0.8659042 0.5024047 0.8569158 0.5010249 0.8614506 0.4896627 0.858213 0.4765828 0.8546129 0.4896627 0.858213 0.4883539 0.8633344 0.4911912 0.8529973 0.4896627 0.858213 0.4765828 0.8546129 0.4752319 0.8606153 0.4883539 0.8633344 0.4872779 0.8686336 0.4883539 0.8633344 0.4998725 0.8659042 0.4989026 0.8705692 0.4872779 0.8686336 0.4863513 0.8742755 0.4734925 0.8731356 0.4872779 0.8686336 0.4989026 0.8705692 0.4981639 0.8757385 0.4863513 0.8742755 0.4855623 0.8811459 0.4730962 0.8807167 0.4981639 0.8757385 0.4975821 0.8816051 0.4855623 0.8811459 0.4855623 0.8811459 0.4852959 0.8895977 0.4732755 0.8900299 0.4975821 0.8816051 0.4973849 0.8890433 0.4852959 0.8895977 0.4852959 0.8895977 0.4860427 0.8996537 0.4742936 0.9013206 0.4973849 0.8890433 0.4981884 0.8976037 0.4860427 0.8996537 0.4742936 0.9013206 0.4860427 0.8996537 0.4884463 0.9100429 0.4981884 0.8976037 0.5002089 0.9064379 0.4884463 0.9100429 0.4767374 0.9134569 0.4884463 0.9100429 0.492122 0.9192582 0.4884463 0.9100429 0.5002089 0.9064379 0.5032282 0.9140406 0.4803282 0.9248192 0.492122 0.9192582 0.4964538 0.9265096 0.492122 0.9192582 0.5032282 0.9140406 0.5064054 0.9198911 0.466556 0.9305793 0.4803282 0.9248192 0.4848285 0.9341911 0.464403 0.9164321 0.4767374 0.9134569 0.4803282 0.9248192 0.466556 0.9305793 0.4696572 0.943292 0.4530426 0.9466897 0.464403 0.9164321 0.466556 0.9305793 0.4524029 0.9324166 0.4626867 0.9026119 0.464403 0.9164321 0.4519734 0.9179505 0.4626867 0.9026119 0.4742936 0.9013206 0.4767374 0.9134569 0.4487007 0.8920285 0.4606286 0.8901728 0.4626867 0.9026119 0.4732755 0.8900299 0.4742936 0.9013206 0.4626867 0.9026119 0.4464806 0.8817144 0.4591865 0.8798913 0.4606286 0.8901728 0.4730962 0.8807167 0.4732755 0.8900299 0.4606286 0.8901728 0.4447181 0.8728011 0.4584665 0.8714954 0.4591865 0.8798913 0.4734925 0.8731356 0.4730962 0.8807167 0.4591865 0.8798913 0.4436462 0.8646589 0.4583776 0.8642411 0.4584665 0.8714954 0.4742246 0.8666012 0.4734925 0.8731356 0.4584665 0.8714954 0.4433441 0.8567545 0.4588186 0.8575373 0.4583776 0.8642411 0.4752319 0.8606153 0.4742246 0.8666012 0.4583776 0.8642411 0.4439109 0.8486617 0.4597846 0.8509678 0.4588186 0.8575373 0.4765828 0.8546129 0.4752319 0.8606153 0.4588186 0.8575373 0.4454618 0.8396925 0.4615508 0.844007 0.4597846 0.8509678 0.4615508 0.844007 0.4782922 0.8485525 0.4765828 0.8546129 0.4304965 0.8474851 0.4439109 0.8486617 0.4433441 0.8567545 0.4454618 0.8396925 0.4439109 0.8486617 0.4304965 0.8474851 0.4201804 0.8471916 0.4304965 0.8474851 0.4304292 0.8571742 0.4315602 0.8367741 0.4304965 0.8474851 0.4201804 0.8471916 0.4203385 0.8578158 0.4304292 0.8571742 0.4311725 0.866251 0.4304292 0.8571742 0.4433441 0.8567545 0.4436462 0.8646589 0.4209903 0.8675938 0.4311725 0.866251 0.4325009 0.8751575 0.4311725 0.866251 0.4436462 0.8646589 0.4447181 0.8728011 0.4219378 0.876917 0.4325009 0.8751575 0.4341871 0.8843683 0.4325009 0.8751575 0.4447181 0.8728011 0.4464806 0.8817144 0.422978 0.8861983 0.4341871 0.8843683 0.435923 0.8943821 0.4341871 0.8843683 0.4464806 0.8817144 0.4487007 0.8920285 0.4238851 0.8958503 0.435923 0.8943821 0.4372577 0.90563 0.435923 0.8943821 0.4487007 0.8920285 0.4508423 0.9041957 0.4372577 0.90563 0.4378312 0.9182097 0.424414 0.9178022 0.4508423 0.9041957 0.4519734 0.9179505 0.4378312 0.9182097 0.4378312 0.9182097 0.4374414 0.93194 0.423556 0.9306855 0.4519734 0.9179505 0.4524029 0.9324166 0.4374414 0.93194 0.4374414 0.93194 0.4366761 0.9468114 0.4218482 0.9454985 0.4524029 0.9324166 0.4530426 0.9466897 0.4366761 0.9468114 0.423556 0.9306855 0.4218482 0.9454985 0.4039481 0.9418102 0.424414 0.9178022 0.423556 0.9306855 0.4067368 0.9279807 0.4243787 0.9062808 0.424414 0.9178022 0.4080932 0.9162883 0.4091386 0.8964936 0.4238851 0.8958503 0.4243787 0.9062808 0.4091813 0.8873748 0.422978 0.8861983 0.4238851 0.8958503 0.4091389 0.8781906 0.4219378 0.876917 0.422978 0.8861983 0.4090688 0.8686407 0.4209903 0.8675938 0.4219378 0.876917 0.4089797 0.8584324 0.4203385 0.8578158 0.4209903 0.8675938 0.4087855 0.847298 0.4201804 0.8471916 0.4203385 0.8578158 0.4205986 0.8354601 0.4201804 0.8471916 0.4087855 0.847298 0.9430612 0.1392366 0.9264112 0.1429373 0.9430115 0.1193668 0.9636942 0.1111541 0.9430612 0.1392366 0.9479598 0.1214704 0.9636942 0.1111541 0.9866889 0.1150407 0.9812765 0.1460952 0.9380058 0.1747139 0.9430612 0.1392366 0.9812765 0.1460952 0.9436665 0.1098167 0.9636942 0.1111541 0.9517802 0.1125847 0.9436665 0.1098167 0.9450347 0.1127285 0.9430161 0.1156494 0.9430115 0.1193668 0.9264112 0.1429373 0.932187 0.1226002 0.9654615 0.08045291 0.9823945 0.07224082 0.9840537 0.09386014 0.9636942 0.1111541 0.9586965 0.09507519 0.9840537 0.09386014 0.9579765 0.05607295 0.9768093 0.05180275 0.9823945 0.07224082 0.9579765 0.05607295 0.9466155 0.04322397 0.9691175 0.03745359 0.9466155 0.04322397 0.9388968 0.01657277 0.9623733 0.0260626 0.9388968 0.01657277 0.9187054 0.03776627 0.9137375 0.01276367 0.9187054 0.03776627 0.9042082 0.03072422 0.9052697 0.01290041 0.8959113 0.03473997 0.8978019 0.01315391 0.9052697 0.01290041 0.8959113 0.03473997 0.8888808 0.03152346 0.8888808 0.01220017 0.8724919 0.01290041 0.8799598 0.01315391 0.8818504 0.03473997 0.8818504 0.03473997 0.8799598 0.01315391 0.8888808 0.01220017 0.8590562 0.03776633 0.864024 0.01276367 0.8724919 0.01290041 0.8388647 0.01657277 0.8592144 0.003864824 0.864024 0.01276367 0.8667311 0.2114896 0.8498393 0.215308 0.8593313 0.1717556 0.8888809 0.20509 0.8667311 0.2114896 0.8748883 0.1684694 0.9028734 0.1684694 0.9110307 0.2114896 0.8888809 0.20509 0.9184305 0.1717556 0.9279224 0.215308 0.9110307 0.2114896 0.9380058 0.1747139 0.9459545 0.2174646 0.9279224 0.215308 0.8498393 0.215308 0.8318072 0.2174646 0.839756 0.1747139 0.839756 0.1747139 0.8014296 0.1729324 0.7964851 0.1460953 0.8347004 0.1392366 0.8298019 0.1214705 0.8347502 0.1193668 0.8140675 0.1111543 0.8259815 0.1125848 0.8298019 0.1214705 0.7964851 0.1460953 0.7910728 0.1150409 0.8140675 0.1111543 0.8340951 0.1098167 0.832727 0.1127285 0.8259815 0.1125848 0.8347455 0.1156494 0.832727 0.1127285 0.8340951 0.1098167 0.8455746 0.1226002 0.8513504 0.1429373 0.8347502 0.1193668 0.8197851 0.05607295 0.8009523 0.05180293 0.8086439 0.03745371 0.8311461 0.04322403 0.8086439 0.03745371 0.8153883 0.02606278 0.795367 0.072241 0.8009523 0.05180293 0.8197851 0.05607295 0.793708 0.09386038 0.795367 0.072241 0.8123001 0.08045303 0.8140675 0.1111543 0.7910728 0.1150409 0.793708 0.09386038 0.04476928 0.8632435 0.06671768 0.8479518 0.0666067 0.8626278 0.1275466 0.1708738 0.1421905 0.1487548 0.1628547 0.1650687 0.05229759 0.8171722 0.05914688 0.8143237 0.06773906 0.8406475 0.1275466 0.1708738 0.1384884 0.196106 0.1044859 0.1923354 0.06671768 0.8479518 0.06773906 0.8406475 0.07447081 0.8583388 0.06773906 0.8406475 0.07694399 0.8341097 0.08377712 0.8520683 0.05914688 0.8143237 0.06981748 0.8119418 0.07694399 0.8341097 0.07694399 0.8341097 0.06981748 0.8119418 0.0861535 0.8109803 0.07694399 0.8341097 0.08958661 0.8298905 0.09505283 0.8453029 0.1036599 0.8140494 0.1032622 0.8269267 0.08958661 0.8298905 0.08958661 0.8298905 0.1032622 0.8269267 0.1061588 0.83866 0.1036599 0.8140494 0.1136029 0.8128766 0.1132474 0.8228334 0.1032622 0.8269267 0.1132474 0.8228334 0.115229 0.8328694 0.1448095 0.8254215 0.1526871 0.8303527 0.1409981 0.8359816 0.1571165 0.8378033 0.1471111 0.8457061 0.1409981 0.8359816 0.104752 0.8018673 0.113941 0.8036533 0.1136029 0.8128766 0.1409981 0.8359816 0.1305796 0.8432687 0.1299848 0.8344553 0.1409981 0.8359816 0.1471111 0.8457061 0.1353507 0.85091 0.1118119 0.8487082 0.1199807 0.8408755 0.1273153 0.8463539 0.1302005 0.860697 0.1203899 0.8563886 0.1273153 0.8463539 0.1020308 0.8584179 0.1118119 0.8487082 0.1203899 0.8563886 0.1120082 0.8699527 0.1203899 0.8563886 0.1302005 0.860697 0.09018671 0.8680041 0.1020308 0.8584179 0.1120082 0.8699527 0.09976577 0.8836181 0.1120082 0.8699527 0.1245155 0.8780614 0.07649654 0.876161 0.09018671 0.8680041 0.09976577 0.8836181 0.08466023 0.8962898 0.09976577 0.8836181 0.1110865 0.8959968 0.06527858 0.9035042 0.05776154 0.8808602 0.07649654 0.876161 0.07325595 0.9217987 0.06527858 0.9035042 0.08466023 0.8962898 0.07325595 0.9217987 0.09362441 0.9117759 0.1015931 0.9243648 0.09362441 0.9117759 0.1110865 0.8959968 0.1207945 0.9052423 0.1015505 0.9462661 0.08268797 0.9410178 0.1015931 0.9243648 0.1139915 0.933037 0.1015931 0.9243648 0.1207945 0.9052423 0.132656 0.9125221 0.1207945 0.9052423 0.1355254 0.8840894 0.1110865 0.8959968 0.1245155 0.8780614 0.1355254 0.8840894 0.1355254 0.8840894 0.1401245 0.863621 0.1516336 0.8642413 0.1245155 0.8780614 0.1302005 0.860697 0.1401245 0.863621 0.1516336 0.8642413 0.1401245 0.863621 0.1435016 0.8545395 0.1401245 0.863621 0.1302005 0.860697 0.1353507 0.85091 0.1471111 0.8457061 0.1521684 0.8536403 0.1435016 0.8545395 0.1574859 0.8463519 0.1521684 0.8536403 0.1471111 0.8457061 0.1058294 0.7902444 0.1084409 0.7780258 0.1169421 0.7854185 0.104752 0.8018673 0.1058294 0.7902444 0.1146302 0.7947071 0.1058294 0.7902444 0.104752 0.8018673 0.08461451 0.7971188 0.1084409 0.7780258 0.1058294 0.7902444 0.08261871 0.7840026 0.06267613 0.7973954 0.05553597 0.782858 0.08261871 0.7840026 0.05553597 0.782858 0.05233108 0.7673135 0.08246976 0.7702815 0.04225224 0.7971532 0.02408301 0.7818553 0.05553597 0.782858 0.02408301 0.7818553 0.02202868 0.7635649 0.05233108 0.7673135 0.003383994 0.7730417 0.002867698 0.7600116 0.02202868 0.7635649 0.0267449 0.7900381 0.003383994 0.7730417 0.02408301 0.7818553 0.1015505 0.9462661 0.1101203 0.9550263 0.08353412 0.9653767 0.04756575 0.158577 0.0287041 0.1757618 0.01025044 0.1382306 0.04756575 0.158577 0.06893759 0.1726959 0.06490331 0.1806594 0.09205913 0.411507 0.08218455 0.4542436 0.05205798 0.4451034 0.09205913 0.411507 0.05526876 0.4030903 0.06626635 0.3752871 0.06490331 0.1806594 0.07167166 0.2040625 0.03229248 0.2050731 0.1033838 0.1798841 0.1044859 0.1923354 0.06490331 0.1806594 0.1044859 0.1923354 0.1009132 0.2135034 0.07167166 0.2040625 0.1009132 0.2135034 0.09977507 0.2299176 0.07557451 0.2244414 0.07167166 0.2040625 0.07557451 0.2244414 0.04222661 0.227745 0.07557451 0.2244414 0.07709294 0.2384372 0.05189704 0.2416139 0.09977507 0.2299176 0.09845983 0.2417421 0.07709294 0.2384372 0.1239975 0.2409478 0.1188837 0.250118 0.09845983 0.2417421 0.1239975 0.2409478 0.1450006 0.2536824 0.1365697 0.261376 0.1450006 0.2536824 0.1640111 0.2696056 0.1503233 0.2756818 0.1503233 0.2756818 0.1640111 0.2696056 0.1584832 0.300602 0.1376886 0.3291603 0.1485666 0.3000816 0.1584832 0.300602 0.1446713 0.3385041 0.1271489 0.3662664 0.1218556 0.348313 0.1009058 0.3611403 0.1009995 0.3437129 0.1218556 0.348313 0.07284951 0.3508451 0.07925856 0.3351991 0.1009995 0.3437129 0.09927511 0.3849037 0.1009058 0.3611403 0.1271489 0.3662664 0.06626635 0.3752871 0.07284951 0.3508451 0.1009058 0.3611403 0.09205913 0.411507 0.09927511 0.3849037 0.133034 0.390954 0.1493452 0.4076982 0.1285282 0.4266264 0.133034 0.390954 0.1561279 0.3834604 0.133034 0.390954 0.1488615 0.3441865 0.1488615 0.3441865 0.133034 0.390954 0.1271489 0.3662664 0.1741316 0.38888 0.1561279 0.3834604 0.1660099 0.3492454 0.1741316 0.38888 0.1641202 0.4183525 0.1493452 0.4076982 0.1984573 0.3248226 0.1859427 0.3565419 0.1660099 0.3492454 0.1783185 0.3136111 0.1660099 0.3492454 0.1488615 0.3441865 0.1783185 0.3136111 0.1933316 0.2809327 0.2133057 0.2912786 0.1933316 0.2809327 0.1783185 0.3136111 0.1645427 0.3021516 0.1446713 0.3385041 0.1584832 0.300602 0.1645427 0.3021516 0.1640111 0.2696056 0.175374 0.2654777 0.1645427 0.3021516 0.2039981 0.262318 0.1933316 0.2809327 0.175374 0.2654777 0.1044859 0.1923354 0.1384884 0.196106 0.1300743 0.2246432 0.1300743 0.2246432 0.1239975 0.2409478 0.09977507 0.2299176 0.1628547 0.1650687 0.1900237 0.184531 0.1674043 0.2169696 0.1900237 0.184531 0.2193707 0.2000361 0.2036284 0.2321881 0.2104557 0.1482256 0.2403857 0.1627366 0.2193707 0.2000361 0.1628547 0.1650687 0.1813081 0.1326273 0.2104557 0.1482256 0.1556229 0.1231987 0.1813081 0.1326273 0.1628547 0.1650687 0.1647867 0.09740966 0.1984888 0.09492444 0.1813081 0.1326273 0.1813081 0.1326273 0.1984888 0.09492444 0.228955 0.1110778 0.02186822 0.8784933 0.03675502 0.8938857 0.02224069 0.9028194 0.04476928 0.8632435 0.05776154 0.8808602 0.03675502 0.8938857 0.002768754 0.9185247 0.004422903 0.8972172 0.02224069 0.9028194 0.1647867 0.09740966 0.1593298 0.0750758 0.1880911 0.06418579 0.00973308 0.940035 0.002768754 0.9185247 0.02564972 0.9164028 0.1593298 0.0750758 0.1461008 0.05466049 0.1728113 0.03795784 0.1880911 0.06418579 0.1728113 0.03795784 0.201063 0.02587538 0.1880911 0.06418579 0.2149978 0.0505557 0.223507 0.07368475 0.01341527 0.6166778 0.02560877 0.5900166 0.05124735 0.603591 0.01341527 0.6166778 0.04218852 0.6292574 0.02893537 0.6538075 0.228955 0.1110778 0.1984888 0.09492444 0.223507 0.07368475 0.2602308 0.1232187 0.228955 0.1110778 0.2513517 0.07842332 0.04218852 0.6292574 0.06931823 0.6388148 0.06031346 0.6635875 0.2909746 0.13708 0.2602308 0.1232187 0.2822273 0.08648264 0.06931823 0.6388148 0.09781843 0.6459442 0.09176015 0.6734942 0.2602308 0.1232187 0.2909746 0.13708 0.2693631 0.1782556 0.228955 0.1110778 0.2602308 0.1232187 0.2403857 0.1627366 0.2403857 0.1627366 0.2693631 0.1782556 0.2501438 0.2153489 0.2693631 0.1782556 0.2909746 0.13708 0.31976 0.1545445 0.2501438 0.2153489 0.2693631 0.1782556 0.2985408 0.1930678 0.2985408 0.1930678 0.31976 0.1545445 0.3473359 0.1734654 0.2803128 0.2311023 0.2985408 0.1930678 0.3271431 0.2093065 0.2362466 0.2428408 0.2501438 0.2153489 0.2803128 0.2311023 0.2636301 0.2615406 0.2803128 0.2311023 0.3091815 0.2455132 0.2958793 0.2794472 0.3091815 0.2455132 0.3415773 0.2582024 0.3415773 0.2582024 0.3091815 0.2455132 0.3271431 0.2093065 0.3655228 0.2965762 0.3316645 0.2940263 0.3415773 0.2582024 0.3415773 0.2582024 0.3559559 0.2247486 0.3778629 0.240987 0.9604054 0.3306202 0.9424179 0.3469564 0.9341276 0.3313115 0.9642621 0.358793 0.9424179 0.3469564 0.9604054 0.3306202 0.976482 0.3705341 0.9642621 0.358793 0.9829891 0.346592 0.3559559 0.2247486 0.3776972 0.1896723 0.3942862 0.2191222 0.9914653 0.3901883 0.9696182 0.3838838 0.976482 0.3705341 0.3942862 0.2191222 0.3776972 0.1896723 0.4092491 0.1811395 0.3812827 0.1570323 0.4052051 0.15101 0.4092491 0.1811395 0.3473359 0.1734654 0.3617206 0.1366509 0.3812827 0.1570323 0.3559559 0.2247486 0.3271431 0.2093065 0.3473359 0.1734654 0.2453206 0.6319667 0.2160009 0.6463061 0.2086763 0.6160877 0.1819404 0.6261664 0.2086763 0.6160877 0.2160009 0.6463061 0.156219 0.6282221 0.1819404 0.6261664 0.1850159 0.6533123 0.1850159 0.6533123 0.185166 0.6782841 0.156771 0.681158 0.1819404 0.6261664 0.156219 0.6282221 0.1611222 0.6037848 0.2086763 0.6160877 0.1819404 0.6261664 0.1813802 0.6052848 0.1813802 0.6052848 0.1611222 0.6037848 0.1760755 0.5722307 0.1914859 0.5342492 0.2189475 0.5431807 0.2034476 0.583103 0.2358283 0.5787132 0.2034476 0.583103 0.2189475 0.5431807 0.2384794 0.6062562 0.2086763 0.6160877 0.2034476 0.583103 0.9606856 0.4259752 0.9511498 0.4118649 0.9599753 0.399693 0.9348233 0.4294874 0.9353762 0.4099265 0.9511498 0.4118649 0.9792605 0.410014 0.9599753 0.399693 0.9696182 0.3838838 0.9599753 0.399693 0.9423054 0.3932278 0.9521797 0.3752765 0.9423054 0.3932278 0.9599753 0.399693 0.9511498 0.4118649 0.9521797 0.3752765 0.9642621 0.358793 0.976482 0.3705341 0.9423054 0.3932278 0.921915 0.3851843 0.9321852 0.367787 0.9424179 0.3469564 0.9642621 0.358793 0.9521797 0.3752765 0.921915 0.3851843 0.8989009 0.3738343 0.9100213 0.3622755 0.9321852 0.367787 0.9100213 0.3622755 0.9207209 0.3448006 0.9100213 0.3622755 0.8941519 0.3517504 0.9065448 0.3379717 0.8989009 0.3738343 0.8812046 0.3604604 0.8941519 0.3517504 0.8848789 0.3376308 0.8969788 0.3273431 0.9065448 0.3379717 0.8812046 0.3604604 0.8713576 0.3438235 0.8848789 0.3376308 0.8969788 0.3273431 0.8848789 0.3376308 0.8800458 0.3215171 0.8848789 0.3376308 0.8713576 0.3438235 0.8694254 0.3242261 0.8749895 0.310073 0.8832971 0.3058801 0.8899583 0.3151609 0.8694254 0.3242261 0.8660736 0.3133481 0.8749895 0.310073 0.8746176 0.2979205 0.8723627 0.3065793 0.8632419 0.2976289 0.8632419 0.2976289 0.8723627 0.3065793 0.8660736 0.3133481 0.8521161 0.290275 0.8632419 0.2976289 0.8551855 0.3062782 0.8611229 0.2865146 0.8704532 0.28994 0.8632419 0.2976289 0.8551855 0.3062782 0.8488301 0.3132162 0.8448933 0.3053119 0.8551855 0.3062782 0.8660736 0.3133481 0.8571795 0.3155757 0.8969533 0.2539775 0.8888841 0.2597985 0.8850865 0.2510251 0.8473406 0.3235417 0.8488301 0.3132162 0.8571795 0.3155757 0.8461626 0.3488007 0.8473406 0.3235417 0.8586938 0.3253228 0.9170671 0.2473735 0.8969533 0.2539775 0.8922151 0.2422494 0.8577973 0.3736752 0.8461626 0.3488007 0.8599648 0.3477979 0.9429168 0.2420516 0.9170671 0.2473735 0.9169325 0.2293506 0.8759101 0.3924858 0.8577973 0.3736752 0.8706269 0.3668855 0.9712032 0.2420585 0.9429168 0.2420516 0.9457924 0.2229514 0.9911472 0.2345837 0.9712032 0.2420585 0.9741415 0.2227576 0.8889424 0.4062187 0.8759101 0.3924858 0.8892301 0.3842579 0.8889424 0.4062187 0.9096742 0.404225 0.9053266 0.4257873 0.2341157 0.5058073 0.2558331 0.4695481 0.2694833 0.4922334 0.9667974 0.2525055 0.9537866 0.2600545 0.9712032 0.2420585 0.4046036 0.3602392 0.3900617 0.381062 0.3739706 0.3501451 0.2226554 0.4548733 0.2558331 0.4695481 0.2341157 0.5058073 0.2226554 0.4548733 0.2393754 0.4187466 0.2653719 0.4275937 0.3492763 0.3871566 0.3413962 0.3507105 0.3739706 0.3501451 0.3739706 0.3501451 0.3491588 0.3207486 0.3625936 0.3205905 0.3413962 0.3507105 0.329297 0.3303782 0.3491588 0.3207486 0.3225474 0.3553375 0.3122102 0.3389668 0.329297 0.3303782 0.3259721 0.3814328 0.3225474 0.3553375 0.3413962 0.3507105 0.3029785 0.3743808 0.3020143 0.358999 0.3225474 0.3553375 0.3020143 0.358999 0.2962427 0.346852 0.3122102 0.3389668 0.3122102 0.3389668 0.2964627 0.3281322 0.3082642 0.3143582 0.2962427 0.346852 0.2886413 0.3397178 0.2964627 0.3281322 0.2886413 0.3397178 0.2785515 0.3360676 0.2803055 0.3222169 0.2335822 0.2994917 0.2549223 0.3031519 0.2392988 0.3339713 0.2392988 0.3339713 0.2549223 0.3031519 0.2620842 0.31998 0.2408876 0.2798775 0.2636301 0.2615406 0.2549223 0.3031519 0.2133057 0.2912786 0.2335822 0.2994917 0.2196143 0.3314833 0.2133057 0.2912786 0.2241904 0.2679162 0.2408876 0.2798775 0.2362466 0.2428408 0.2636301 0.2615406 0.2408876 0.2798775 0.2039981 0.262318 0.2241904 0.2679162 0.2133057 0.2912786 0.2039981 0.262318 0.2036284 0.2321881 0.2362466 0.2428408 0.2193707 0.2000361 0.2501438 0.2153489 0.2362466 0.2428408 0.2068408 0.364084 0.1859427 0.3565419 0.1984573 0.3248226 0.2196143 0.3314833 0.2392988 0.3339713 0.2315808 0.3686337 0.1859427 0.3565419 0.2068408 0.364084 0.1930785 0.396499 0.2068408 0.364084 0.2315808 0.3686337 0.2155867 0.4063822 0.2392988 0.3339713 0.2514393 0.3402104 0.2453404 0.3646829 0.2315808 0.3686337 0.2453404 0.3646829 0.2421851 0.3884818 0.2514393 0.3402104 0.2627745 0.3476721 0.2593767 0.3604292 0.2453404 0.3646829 0.2593767 0.3604292 0.2600694 0.374718 0.2421851 0.3884818 0.2593915 0.3961605 0.2393754 0.4187466 0.2600694 0.374718 0.2733429 0.3765541 0.2593915 0.3961605 0.2593915 0.3961605 0.2769607 0.4055203 0.2653719 0.4275937 0.2593915 0.3961605 0.2733429 0.3765541 0.2872076 0.3837257 0.2684893 0.3648827 0.276389 0.3654513 0.2733429 0.3765541 0.2885402 0.368156 0.2872076 0.3837257 0.2733429 0.3765541 0.2775067 0.3572532 0.2883794 0.3577667 0.2885402 0.368156 0.2685224 0.3575823 0.2775067 0.3572532 0.276389 0.3654513 0.2684893 0.3648827 0.2600694 0.374718 0.2593767 0.3604292 0.2627745 0.3476721 0.2698921 0.3504574 0.2685224 0.3575823 0.2775067 0.3572532 0.2685224 0.3575823 0.2698921 0.3504574 0.2627745 0.3476721 0.2685941 0.3362293 0.2715266 0.3443616 0.2715266 0.3443616 0.2777272 0.3445996 0.2777729 0.3506543 0.2715266 0.3443616 0.2685941 0.3362293 0.2785515 0.3360676 0.2514393 0.3402104 0.2620842 0.31998 0.2685941 0.3362293 0.2803055 0.3222169 0.2785515 0.3360676 0.2685941 0.3362293 0.2843093 0.3448961 0.2777272 0.3445996 0.2785515 0.3360676 0.2777729 0.3506543 0.2777272 0.3445996 0.2843093 0.3448961 0.2866091 0.3501239 0.2843093 0.3448961 0.2886413 0.3397178 0.2962427 0.346852 0.3020143 0.358999 0.2883794 0.3577667 0.2866091 0.3501239 0.2883794 0.3577667 0.2775067 0.3572532 0.2885402 0.368156 0.2883794 0.3577667 0.3020143 0.358999 0.2155867 0.4063822 0.2393754 0.4187466 0.2226554 0.4548733 0.2155867 0.4063822 0.1864113 0.4466199 0.181324 0.419982 0.1864113 0.4466199 0.2226554 0.4548733 0.2073192 0.494373 0.181324 0.419982 0.1864113 0.4466199 0.1567609 0.4396948 0.1567609 0.4396948 0.1864113 0.4466199 0.1744599 0.486394 0.1741316 0.38888 0.1930785 0.396499 0.181324 0.419982 0.1493452 0.4076982 0.1641202 0.4183525 0.1567609 0.4396948 0.1442233 0.477934 0.1744599 0.486394 0.1613492 0.5270705 0.1744599 0.486394 0.2073192 0.494373 0.1914859 0.5342492 0.2073192 0.494373 0.2341157 0.5058073 0.2189475 0.5431807 0.1613492 0.5270705 0.1914859 0.5342492 0.1760755 0.5722307 0.1567609 0.4396948 0.1442233 0.477934 0.1144241 0.4671227 0.1442233 0.477934 0.1310892 0.5198094 0.1015535 0.5088901 0.1285282 0.4266264 0.1144241 0.4671227 0.08218455 0.4542436 0.1144241 0.4671227 0.1015535 0.5088901 0.07179981 0.4973268 0.08218455 0.4542436 0.07179981 0.4973268 0.04223936 0.4874817 0.07179981 0.4973268 0.06245172 0.5394918 0.03154152 0.5322839 0.1015535 0.5088901 0.08957588 0.5521198 0.06245172 0.5394918 0.06245172 0.5394918 0.05826354 0.577391 0.03687292 0.5679327 0.08957588 0.5521198 0.08300185 0.5869683 0.05826354 0.577391 0.05826354 0.577391 0.05124735 0.603591 0.02560877 0.5900166 0.08300185 0.5869683 0.07673668 0.6131565 0.05124735 0.603591 0.04218852 0.6292574 0.05124735 0.603591 0.07673668 0.6131565 0.09781843 0.6459442 0.06931823 0.6388148 0.07673668 0.6131565 0.1093833 0.5967818 0.1037198 0.6202379 0.07673668 0.6131565 0.09781843 0.6459442 0.1037198 0.6202379 0.1305046 0.6258686 0.1305046 0.6258686 0.1037198 0.6202379 0.1093833 0.5967818 0.156219 0.6282221 0.1305046 0.6258686 0.1366347 0.6006713 0.1305046 0.6258686 0.156219 0.6282221 0.1543403 0.6539413 0.1611222 0.6037848 0.1366347 0.6006713 0.1480329 0.5685815 0.1366347 0.6006713 0.1093833 0.5967818 0.1186795 0.5619067 0.1310892 0.5198094 0.1613492 0.5270705 0.1480329 0.5685815 0.1310892 0.5198094 0.1186795 0.5619067 0.08957588 0.5521198 0.1186795 0.5619067 0.1093833 0.5967818 0.08300185 0.5869683 0.1543403 0.6539413 0.156771 0.681158 0.1244241 0.6775437 0.1264325 0.6515399 0.1244241 0.6775437 0.09176015 0.6734942 0.2909746 0.13708 0.3096718 0.1016048 0.3376496 0.1156982 0.31976 0.1545445 0.3376496 0.1156982 0.3617206 0.1366509 0.1728113 0.03795784 0.1502395 0.01174348 0.1849851 0.007881522 0.1268334 0.03727865 0.09733706 0.03059667 0.1057587 0.003152668 0.1461008 0.05466049 0.1268334 0.03727865 0.1502395 0.01174348 0.02459889 0.959068 0.00973308 0.940035 0.03176558 0.9323891 0.05213582 0.9657563 0.02459889 0.959068 0.03814619 0.945403 0.08353412 0.9653767 0.05213582 0.9657563 0.05590718 0.9442593 0.03211134 0.096942 0.03687971 0.1302781 0.01025044 0.1382306 0.05590718 0.9442593 0.05178248 0.9273722 0.07325595 0.9217987 0.03814619 0.945403 0.03176558 0.9323891 0.05178248 0.9273722 0.06527858 0.9035042 0.07325595 0.9217987 0.05178248 0.9273722 0.04516035 0.9108848 0.05178248 0.9273722 0.03176558 0.9323891 0.04516035 0.9108848 0.02564972 0.9164028 0.02224069 0.9028194 0.06527858 0.9035042 0.04516035 0.9108848 0.03675502 0.8938857 0.329297 0.3303782 0.3082642 0.3143582 0.3316645 0.2940263 0.3491588 0.3207486 0.3316645 0.2940263 0.3655228 0.2965762 0.9470734 0.2821861 0.9413117 0.2782867 0.9537866 0.2600545 0.9366019 0.3090014 0.9413117 0.2782867 0.9470734 0.2821861 0.926671 0.3015102 0.9320117 0.2755586 0.9413117 0.2782867 0.9413117 0.2782867 0.9320117 0.2755586 0.9353007 0.2615266 0.9320117 0.2755586 0.9178779 0.2746562 0.9177681 0.2600333 0.926671 0.3015102 0.9147304 0.297132 0.9178779 0.2746562 0.9178779 0.2746562 0.9016936 0.2788282 0.8997304 0.2657059 0.9147304 0.297132 0.9016568 0.2935141 0.9016936 0.2788282 0.9016936 0.2788282 0.8916565 0.278075 0.8907052 0.2686096 0.8921034 0.2884989 0.8916565 0.278075 0.9016936 0.2788282 0.8892558 0.2986088 0.8921034 0.2884989 0.9016568 0.2935141 0.9147304 0.297132 0.9066229 0.3129689 0.8973006 0.3057636 0.8832971 0.3058801 0.8892558 0.2986088 0.8973006 0.3057636 0.9066229 0.3129689 0.8969788 0.3273431 0.8899583 0.3151609 0.9066229 0.3129689 0.9147304 0.297132 0.926671 0.3015102 0.8969788 0.3273431 0.9066229 0.3129689 0.916041 0.3216203 0.916041 0.3216203 0.926671 0.3015102 0.9366019 0.3090014 0.9065448 0.3379717 0.916041 0.3216203 0.9252237 0.3277159 0.9252237 0.3277159 0.9366019 0.3090014 0.9360474 0.3180433 0.9207209 0.3448006 0.9252237 0.3277159 0.9341276 0.3313115 0.8997304 0.2657059 0.8907052 0.2686096 0.8888841 0.2597985 0.9177681 0.2600333 0.8997304 0.2657059 0.8969533 0.2539775 0.9353007 0.2615266 0.9177681 0.2600333 0.9170671 0.2473735 0.9537866 0.2600545 0.9353007 0.2615266 0.9429168 0.2420516 0.2189475 0.5431807 0.2341157 0.5058073 0.2543163 0.5203633 0.9053266 0.4257873 0.9096742 0.404225 0.9353762 0.4099265 0.921915 0.3851843 0.9423054 0.3932278 0.9353762 0.4099265 0.9096742 0.404225 0.8892301 0.3842579 0.8989009 0.3738343 0.8892301 0.3842579 0.8706269 0.3668855 0.8812046 0.3604604 0.8706269 0.3668855 0.8599648 0.3477979 0.8713576 0.3438235 0.8713576 0.3438235 0.8599648 0.3477979 0.8586938 0.3253228 0.8586938 0.3253228 0.8571795 0.3155757 0.8660736 0.3133481 0.0666067 0.8626278 0.07447081 0.8583388 0.07649654 0.876161 0.05229759 0.8171722 0.0267449 0.7900381 0.04225224 0.7971532 0.05914688 0.8143237 0.04225224 0.7971532 0.06267613 0.7973954 0.06981748 0.8119418 0.06267613 0.7973954 0.08461451 0.7971188 0.104752 0.8018673 0.1036599 0.8140494 0.0861535 0.8109803 0.07447081 0.8583388 0.08377712 0.8520683 0.09018671 0.8680041 0.08377712 0.8520683 0.09505283 0.8453029 0.1020308 0.8584179 0.09505283 0.8453029 0.1061588 0.83866 0.1118119 0.8487082 0.1061588 0.83866 0.115229 0.8328694 0.1199807 0.8408755 0.2383092 0.03505283 0.2405322 0.04231929 0.2367825 0.0431481 0.2435218 0.03485679 0.2435218 0.04217267 0.2405322 0.04231929 0.2373403 0.02850145 0.2383092 0.03505283 0.2323065 0.03593289 0.2435218 0.02811074 0.2435218 0.03485679 0.2383092 0.03505283 0.2465113 0.04231929 0.2435218 0.04217267 0.2435218 0.03485679 0.2487343 0.03505283 0.2435218 0.03485679 0.2435218 0.02811074 0.250261 0.0431481 0.2465113 0.04231929 0.2487343 0.03505283 0.254737 0.03593289 0.2487343 0.03505283 0.2497032 0.02850145 0.2533521 0.04474705 0.250261 0.0431481 0.254737 0.03593289 0.2598446 0.03738844 0.254737 0.03593289 0.2568263 0.02967393 0.2554136 0.04723685 0.2533521 0.04474705 0.2598446 0.03738844 0.2639988 0.03980362 0.2598446 0.03738844 0.2628347 0.03112089 0.2671704 0.04434007 0.2568002 0.05036544 0.2554136 0.04723685 0.2738906 0.03635805 0.2671704 0.04434007 0.2639988 0.03980362 0.2760692 0.02639085 0.2738906 0.03635805 0.2679443 0.03293228 0.2727404 0.01467716 0.2760692 0.02639085 0.2689026 0.02603471 0.2727404 0.01467716 0.2669846 0.01727682 0.2607486 0.005957841 0.2669846 0.01727682 0.2689026 0.02603471 0.2633457 0.02496844 0.2607486 0.005957841 0.2669846 0.01727682 0.2616937 0.01752334 0.2616937 0.01752334 0.2633457 0.02496844 0.2570856 0.02354025 0.2570018 0.0067209 0.2616937 0.01752334 0.2557358 0.0166459 0.2557358 0.0166459 0.2570856 0.02354025 0.2496703 0.02222365 0.2521695 0.006686925 0.2557358 0.0166459 0.2487785 0.01561939 0.2487785 0.01561939 0.2496703 0.02222365 0.2435218 0.02172607 0.2463484 0.006775557 0.2487785 0.01561939 0.2435218 0.01539599 0.2382651 0.01561939 0.2435218 0.01539599 0.2435218 0.02172607 0.2406951 0.006775438 0.2435218 0.007006168 0.2435218 0.01539599 0.2313078 0.0166459 0.2382651 0.01561939 0.2373732 0.02222365 0.234874 0.006686925 0.2406951 0.006775438 0.2382651 0.01561939 0.2253499 0.01752334 0.2313078 0.0166459 0.2299579 0.02354025 0.2300418 0.0067209 0.234874 0.006686925 0.2313078 0.0166459 0.2262949 0.005957841 0.2300418 0.0067209 0.2253499 0.01752334 0.2262949 0.005957841 0.2200589 0.01727682 0.2143031 0.01467716 0.2143031 0.01467716 0.2200589 0.01727682 0.218141 0.02603471 0.2109743 0.02639085 0.218141 0.02603471 0.2190992 0.03293228 0.218141 0.02603471 0.2236979 0.02496844 0.2242088 0.03112089 0.2200589 0.01727682 0.2253499 0.01752334 0.2236979 0.02496844 0.2236979 0.02496844 0.2299579 0.02354025 0.2302173 0.02967393 0.2242088 0.03112089 0.2271989 0.03738844 0.2230448 0.03980362 0.2302173 0.02967393 0.2323065 0.03593289 0.2271989 0.03738844 0.2299579 0.02354025 0.2373732 0.02222365 0.2373403 0.02850145 0.2271989 0.03738844 0.2336914 0.04474705 0.2316299 0.04723685 0.2323065 0.03593289 0.2367825 0.0431481 0.2336914 0.04474705 0.213153 0.03635805 0.2190992 0.03293228 0.2230448 0.03980362 0.2198731 0.04434007 0.2230448 0.03980362 0.2316299 0.04723685 0.2373732 0.02222365 0.2435218 0.02172607 0.2435218 0.02811074 0.2496703 0.02222365 0.2497032 0.02850145 0.2435218 0.02811074 0.2570856 0.02354025 0.2568263 0.02967393 0.2497032 0.02850145 0.2633457 0.02496844 0.2628347 0.03112089 0.2568263 0.02967393 0.2689026 0.02603471 0.2679443 0.03293228 0.2628347 0.03112089 0.1735516 0.8639555 0.1710311 0.8865842 0.1650519 0.8878703 0.1733256 0.8525702 0.1735516 0.8639555 0.1647132 0.861468 0.1823493 0.8380735 0.1733256 0.8525702 0.1627663 0.8470397 0.1922815 0.8265426 0.1823493 0.8380735 0.1707791 0.8265314 0.213704 0.9232856 0.2113227 0.9291474 0.1944533 0.9264162 0.213704 0.9232856 0.2360307 0.9397392 0.2346816 0.9450796 0.2360307 0.9397392 0.2507929 0.9307977 0.2498553 0.9394531 0.2712129 0.9427561 0.2713785 0.9486911 0.2498553 0.9394531 0.3061724 0.937783 0.3078169 0.9430397 0.2923532 0.9382678 0.2923532 0.9382678 0.2713785 0.9486911 0.2712129 0.9427561 0.3275471 0.9201105 0.3302515 0.9258305 0.3078169 0.9430397 0.3469425 0.9221631 0.3302515 0.9258305 0.3275471 0.9201105 0.3435441 0.8223237 0.3507716 0.806189 0.3650124 0.821114 0.2999814 0.8083486 0.3507716 0.806189 0.3435441 0.8223237 0.2677099 0.8171585 0.2672718 0.8014484 0.2999814 0.8083486 0.2677099 0.8171585 0.2397768 0.8286948 0.2349974 0.810161 0.1922815 0.8265426 0.1841658 0.8108357 0.2349974 0.810161 0.3541036 0.8332831 0.3650124 0.821114 0.3741559 0.8411439 0.3639212 0.8472542 0.3741559 0.8411439 0.3730162 0.8556582 0.3643302 0.8586345 0.3730162 0.8556582 0.3741496 0.8820385 0.355372 0.8983769 0.3604674 0.8992695 0.3537763 0.9057412 0.349869 0.9048444 0.3537763 0.9057412 0.3469425 0.9221631 0.3598807 0.8842833 0.3665307 0.8882537 0.3604674 0.8992695 0.3681081 0.8810876 0.3741496 0.8820385 0.3665307 0.8882537 0.190566 0.9092875 0.1968522 0.9229118 0.1944533 0.9264162 0.1847111 0.9031367 0.190566 0.9092875 0.1867147 0.9104008 0.1710311 0.8865842 0.1794238 0.8893163 0.1730055 0.8936513 0.1794238 0.8893163 0.1847111 0.9031367 0.1796733 0.904312</float_array>
          <technique_common>
            <accessor source="#Cube_003-mesh-map-0-array" count="11148" stride="2">
              <param name="S" type="float"/>
              <param name="T" type="float"/>
            </accessor>
          </technique_common>
        </source>
        <vertices id="Cube_003-mesh-vertices">
          <input semantic="POSITION" source="#Cube_003-mesh-positions"/>
        </vertices>
        <triangles material="Pirate-material" count="3716">
          <input semantic="VERTEX" source="#Cube_003-mesh-vertices" offset="0"/>
          <input semantic="NORMAL" source="#Cube_003-mesh-normals" offset="1"/>
          <input semantic="TEXCOORD" source="#Cube_003-mesh-map-0" offset="2" set="0"/>
          <p>1 0 0 3 1 1 65 2 2 0 3 3 5 4 4 4 5 5 0 3 6 13 6 7 3 1 8 0 3 9 6 7 10 2 8 11 2 8 12 7 9 13 9 10 14 10 11 15 7 9 16 8 12 17 9 10 18 12 13 19 11 14 20 2 8 21 11 14 22 13 6 23 12 13 24 14 15 25 11 14 26 13 6 27 14 15 28 16 16 29 15 17 30 17 18 31 14 15 32 16 16 33 17 18 34 19 19 35 18 20 36 20 21 37 17 18 38 19 19 39 20 21 40 22 22 41 21 23 42 23 24 43 20 21 44 22 22 45 23 24 46 25 25 47 23 24 48 24 26 49 26 27 50 25 25 51 23 24 52 26 27 53 27 28 54 28 29 55 26 27 56 33 30 57 27 28 58 26 27 59 28 29 60 29 31 61 26 27 62 29 31 63 30 32 64 26 27 65 30 32 66 31 33 67 26 27 68 31 33 69 32 34 70 26 27 71 32 34 72 25 25 73 26 27 74 24 26 75 33 30 76 26 27 77 34 35 78 24 26 79 21 23 80 35 36 81 33 30 82 34 35 83 36 37 84 21 23 85 18 20 86 37 38 87 34 35 88 36 37 89 38 39 90 18 20 91 15 17 92 39 40 93 36 37 94 38 39 95 40 41 96 15 17 97 12 13 98 41 42 99 38 39 100 40 41 101 10 11 102 40 41 103 12 13 104 43 43 105 40 41 106 42 44 107 42 44 108 8 12 109 44 45 110 43 43 111 44 45 112 45 46 113 43 43 114 46 47 115 48 48 116 48 48 117 47 49 118 49 50 119 48 48 120 41 42 121 43 43 122 49 50 123 50 51 124 48 48 125 41 42 126 52 52 127 39 40 128 50 51 129 53 53 130 52 52 131 39 40 132 54 54 133 37 38 134 52 52 135 55 55 136 54 54 137 37 38 138 56 56 139 35 36 140 54 54 141 57 57 142 56 56 143 35 36 144 28 29 145 27 28 146 56 56 147 29 31 148 28 29 149 60 58 150 57 57 151 55 55 152 58 59 153 29 31 154 57 57 155 61 60 156 58 59 157 60 58 158 59 61 159 30 32 160 58 59 161 62 62 162 55 55 163 53 53 164 63 63 165 60 58 166 62 62 167 64 64 168 53 53 169 51 65 170 65 2 171 62 62 172 64 64 173 66 66 174 51 65 175 49 50 176 1 0 177 64 64 178 66 66 179 66 66 180 47 49 181 67 67 182 1 0 183 67 67 184 5 4 185 3 1 186 63 63 187 65 2 188 68 68 189 61 60 190 63 63 191 3 1 192 16 16 193 68 68 194 68 68 195 19 19 196 69 69 197 69 69 198 59 61 199 61 60 200 69 69 201 22 22 202 70 70 203 70 70 204 31 33 205 59 61 206 70 70 207 25 25 208 32 34 209 91 71 210 71 72 211 73 73 212 72 74 213 75 75 214 71 72 215 84 76 216 71 72 217 74 77 218 74 77 219 75 75 220 77 78 221 80 79 222 77 78 223 78 80 224 80 79 225 79 81 226 81 82 227 81 82 228 82 83 229 80 79 230 82 83 231 74 77 232 80 79 233 83 84 234 85 85 235 82 83 236 84 76 237 85 85 238 87 86 239 73 73 240 87 86 241 88 87 242 91 71 243 88 87 244 89 88 245 92 89 246 89 88 247 90 90 248 93 91 249 91 71 250 92 89 251 92 89 252 95 92 253 93 91 254 94 93 255 90 90 256 96 94 257 97 95 258 95 92 259 94 93 260 96 94 261 97 95 262 94 93 263 98 96 264 99 97 265 97 95 266 97 95 267 101 98 268 98 96 269 101 98 270 104 99 271 98 96 272 104 99 273 103 100 274 106 101 275 98 96 276 105 102 277 115 103 278 108 104 279 104 99 280 106 101 281 108 104 282 107 105 283 109 106 284 106 101 285 126 107 286 107 105 287 109 106 288 110 108 289 108 104 290 110 108 291 105 102 292 108 104 293 112 109 294 115 103 295 105 102 296 115 103 297 114 110 298 99 97 299 99 97 300 116 111 301 95 92 302 93 91 303 116 111 304 117 112 305 72 74 306 117 112 307 76 113 308 118 114 309 109 106 310 120 115 311 119 116 312 120 115 313 122 117 314 120 115 315 107 105 316 121 118 317 122 117 318 121 118 319 123 119 320 83 84 321 122 117 322 123 119 323 81 82 324 119 116 325 122 117 326 83 84 327 124 120 328 86 121 329 125 122 330 123 119 331 121 118 332 126 107 333 121 118 334 107 105 335 127 123 336 133 124 337 130 125 338 148 126 339 127 123 340 129 127 341 131 128 342 127 123 343 130 125 344 130 125 345 141 129 346 131 128 347 133 124 348 132 130 349 130 125 350 136 131 351 134 132 352 135 133 353 136 131 354 137 134 355 139 135 356 139 135 357 138 136 358 140 137 359 139 135 360 132 130 361 136 131 362 140 137 363 141 129 364 139 135 365 131 128 366 142 138 367 143 139 368 142 138 369 145 140 370 143 139 371 140 137 372 144 141 373 142 138 374 147 142 375 145 140 376 146 143 377 146 143 378 129 127 379 147 142 380 147 142 381 131 128 382 143 139 383 155 144 384 149 145 385 150 146 386 149 145 387 196 147 388 150 146 389 152 148 390 151 149 391 149 145 392 153 150 393 152 148 394 149 145 395 157 151 396 153 150 397 156 152 398 158 153 399 153 150 400 155 144 401 160 154 402 156 152 403 159 155 404 159 155 405 158 153 406 161 156 407 163 157 408 159 155 409 162 158 410 162 158 411 161 156 412 164 159 413 166 160 414 162 158 415 165 161 416 165 161 417 164 159 418 167 162 419 168 163 420 166 160 421 165 161 422 168 163 423 167 162 424 170 164 425 172 165 426 168 163 427 171 166 428 173 167 429 168 163 430 170 164 431 175 168 432 171 166 433 174 169 434 174 169 435 173 167 436 176 170 437 177 171 438 175 168 439 174 169 440 177 171 441 176 170 442 179 172 443 181 173 444 177 171 445 180 174 446 182 175 447 177 171 448 179 172 449 183 176 450 181 173 451 180 174 452 185 177 453 180 174 454 182 175 455 186 178 456 184 179 457 183 176 458 186 178 459 185 177 460 188 180 461 190 181 462 186 178 463 189 182 464 191 183 465 186 178 466 188 180 467 192 184 468 190 181 469 189 182 470 194 185 471 189 182 472 191 183 473 151 149 474 193 186 475 192 184 476 151 149 477 194 185 478 196 147 479 195 187 480 191 183 481 239 188 482 197 189 483 194 185 484 195 187 485 199 190 486 196 147 487 197 189 488 198 191 489 195 187 490 241 192 491 199 190 492 198 191 493 201 193 494 200 194 495 150 146 496 199 190 497 200 194 498 201 193 499 203 195 500 201 193 501 243 196 502 202 197 503 203 195 504 202 197 505 204 198 506 205 199 507 200 194 508 203 195 509 205 199 510 204 198 511 207 200 512 208 201 513 206 202 514 205 199 515 208 201 516 207 200 517 210 203 518 212 204 519 208 201 520 211 205 521 211 205 522 210 203 523 213 206 524 215 207 525 211 205 526 214 208 527 216 209 528 211 205 529 213 206 530 218 210 531 214 208 532 217 211 533 217 211 534 216 209 535 219 212 536 221 213 537 217 211 538 220 214 539 222 215 540 217 211 541 219 212 542 223 216 543 221 213 544 220 214 545 223 216 546 222 215 547 225 217 548 227 218 549 223 216 550 226 219 551 226 219 552 225 217 553 228 220 554 230 221 555 226 219 556 229 222 557 231 223 558 226 219 559 228 220 560 232 224 561 230 221 562 229 222 563 234 225 564 229 222 565 231 223 566 236 226 567 232 224 568 235 227 569 235 227 570 234 225 571 237 228 572 238 229 573 236 226 574 235 227 575 238 229 576 237 228 577 240 230 578 195 187 579 238 229 580 241 192 581 241 192 582 240 230 583 242 231 584 243 196 585 241 192 586 242 231 587 246 232 588 242 231 589 244 233 590 242 231 591 245 234 592 244 233 593 247 235 594 243 196 595 246 232 596 204 198 597 247 235 598 248 236 599 249 237 600 204 198 601 248 236 602 250 238 603 207 200 604 249 237 605 213 206 606 250 238 607 251 239 608 252 240 609 213 206 610 251 239 611 219 212 612 252 240 613 253 241 614 254 242 615 219 212 616 253 241 617 255 243 618 222 215 619 254 242 620 228 220 621 255 243 622 256 244 623 231 223 624 256 244 625 257 245 626 234 225 627 257 245 628 258 246 629 259 247 630 234 225 631 258 246 632 245 234 633 237 228 634 259 247 635 191 183 636 236 226 637 239 188 638 188 180 639 233 248 640 236 226 641 233 248 642 182 175 643 230 221 644 182 175 645 227 218 646 230 221 647 179 172 648 224 249 649 227 218 650 176 170 651 221 213 652 224 249 653 173 167 654 218 210 655 221 213 656 218 210 657 167 162 658 215 207 659 215 207 660 164 159 661 212 204 662 212 204 663 161 156 664 209 250 665 209 250 666 158 153 667 206 202 668 206 202 669 155 144 670 200 194 671 262 251 672 193 186 673 260 252 674 261 253 675 190 181 676 193 186 677 190 181 678 264 254 679 187 255 680 187 255 681 265 256 682 184 179 683 184 179 684 266 257 685 181 173 686 266 257 687 178 258 688 181 173 689 178 258 690 268 259 691 175 168 692 175 168 693 269 260 694 172 165 695 172 165 696 270 261 697 169 262 698 169 262 699 271 263 700 166 160 701 271 263 702 163 157 703 166 160 704 163 157 705 273 264 706 160 154 707 160 154 708 274 265 709 157 151 710 157 151 711 275 266 712 154 267 713 154 267 714 276 268 715 152 148 716 276 268 717 260 252 718 152 148 719 279 269 720 278 270 721 277 187 722 277 187 723 281 271 724 280 226 725 280 226 726 283 272 727 282 221 728 282 221 729 285 273 730 284 274 731 284 274 732 287 275 733 286 210 734 286 210 735 289 276 736 288 204 737 288 204 738 291 277 739 290 202 740 290 202 741 292 278 742 279 269 743 289 276 744 293 279 745 291 277 746 291 277 747 295 280 748 292 278 749 297 281 750 293 279 751 294 282 752 296 283 753 295 280 754 293 279 755 296 283 756 300 284 757 299 285 758 299 285 759 298 286 760 296 283 761 300 284 762 302 287 763 299 285 764 299 285 765 304 288 766 301 289 767 302 287 768 306 290 769 305 291 770 305 291 771 304 288 772 302 287 773 305 291 774 309 292 775 308 293 776 308 293 777 307 294 778 305 291 779 312 295 780 308 293 781 309 292 782 311 296 783 310 297 784 308 293 785 311 296 786 315 298 787 314 299 788 314 299 789 313 300 790 311 296 791 314 299 792 318 301 793 317 302 794 317 302 795 316 303 796 314 299 797 318 301 798 320 304 799 317 302 800 317 302 801 322 305 802 319 306 803 321 307 804 323 308 805 320 304 806 320 304 807 325 309 808 322 305 809 323 308 810 327 310 811 326 311 812 326 311 813 325 309 814 323 308 815 330 312 816 326 311 817 327 310 818 329 313 819 328 314 820 326 311 821 329 313 822 333 315 823 332 316 824 329 313 825 334 317 826 331 318 827 333 315 828 335 319 829 332 316 830 332 316 831 338 320 832 334 317 833 336 321 834 337 322 835 353 323 836 335 319 837 340 324 838 338 320 839 334 317 840 339 325 841 369 326 842 338 320 843 341 327 844 339 325 845 340 324 846 343 328 847 341 327 848 336 321 849 342 329 850 340 324 851 342 329 852 347 330 853 343 328 854 344 331 855 345 332 856 342 329 857 347 330 858 345 332 859 346 333 860 345 332 861 348 334 862 346 333 863 348 334 864 349 335 865 346 333 866 351 336 867 348 334 868 344 331 869 349 335 870 350 337 871 346 333 872 351 336 873 350 337 874 349 335 875 353 323 876 352 338 877 351 336 878 353 323 879 344 331 880 336 321 881 354 339 882 337 322 883 355 340 884 356 341 885 355 340 886 357 342 887 354 339 888 359 343 889 352 338 890 357 342 891 358 344 892 356 341 893 356 341 894 360 345 895 359 343 896 359 343 897 362 346 898 361 347 899 352 338 900 361 347 901 350 337 902 361 347 903 362 346 904 346 333 905 350 337 906 361 347 907 346 333 908 362 346 909 363 348 910 346 333 911 360 345 912 363 348 913 362 346 914 363 348 915 347 330 916 346 333 917 343 328 918 363 348 919 364 349 920 341 327 921 364 349 922 365 350 923 358 344 924 364 349 925 360 345 926 365 350 927 339 325 928 341 327 929 367 351 930 365 350 931 358 344 932 369 326 933 366 352 934 368 353 935 370 354 936 366 352 937 367 351 938 372 355 939 368 353 940 371 356 941 368 353 942 373 357 943 371 356 944 374 358 945 372 355 946 371 356 947 374 358 948 373 357 949 376 359 950 377 360 951 375 361 952 374 358 953 377 360 954 376 359 955 379 362 956 381 363 957 377 360 958 380 364 959 382 365 960 377 360 961 379 362 962 384 366 963 380 364 964 383 367 965 380 364 966 385 368 967 383 367 968 386 369 969 384 366 970 383 367 971 386 369 972 385 368 973 388 370 974 389 371 975 387 372 976 386 369 977 389 371 978 388 370 979 391 373 980 392 374 981 390 375 982 389 371 983 392 374 984 391 373 985 394 376 986 395 377 987 393 378 988 392 374 989 395 377 990 394 376 991 397 379 992 398 380 993 396 381 994 395 377 995 398 380 996 397 379 997 400 382 998 402 383 999 398 380 1000 401 384 1001 398 380 1002 403 385 1003 401 384 1004 404 386 1005 402 383 1006 401 384 1007 404 386 1008 403 385 1009 406 387 1010 407 388 1011 405 389 1012 404 386 1013 407 388 1014 406 387 1015 409 390 1016 283 272 1017 407 388 1018 409 390 1019 278 270 1020 407 388 1021 281 271 1022 285 273 1023 409 390 1024 410 391 1025 409 390 1026 412 392 1027 410 391 1028 410 391 1029 413 393 1030 411 394 1031 287 275 1032 410 391 1033 411 394 1034 406 387 1035 414 395 1036 412 392 1037 412 392 1038 415 396 1039 413 393 1040 400 382 1041 414 395 1042 403 385 1043 416 397 1044 415 396 1045 414 395 1046 400 382 1047 418 398 1048 416 397 1049 416 397 1050 419 399 1051 417 400 1052 397 379 1053 420 401 1054 418 398 1055 418 398 1056 421 402 1057 419 399 1058 394 376 1059 422 403 1060 420 401 1061 420 401 1062 423 404 1063 421 402 1064 391 373 1065 424 405 1066 422 403 1067 422 403 1068 425 406 1069 423 404 1070 388 370 1071 426 407 1072 424 405 1073 424 405 1074 427 408 1075 425 406 1076 382 365 1077 426 407 1078 385 368 1079 428 409 1080 427 408 1081 426 407 1082 379 362 1083 428 409 1084 382 365 1085 430 410 1086 429 411 1087 428 409 1088 379 362 1089 432 412 1090 430 410 1091 430 410 1092 433 413 1093 431 414 1094 376 359 1095 434 415 1096 432 412 1097 432 412 1098 435 416 1099 433 413 1100 370 354 1101 434 415 1102 373 357 1103 436 417 1104 435 416 1105 434 415 1106 436 417 1107 367 351 1108 357 342 1109 437 418 1110 357 342 1111 355 340 1112 435 416 1113 333 315 1114 330 312 1115 333 315 1116 355 340 1117 337 322 1118 433 413 1119 330 312 1120 327 310 1121 431 414 1122 327 310 1123 324 419 1124 321 307 1125 431 414 1126 324 419 1127 318 301 1128 429 411 1129 321 307 1130 425 406 1131 318 301 1132 315 298 1133 423 404 1134 315 298 1135 312 295 1136 421 402 1137 312 295 1138 309 292 1139 419 399 1140 309 292 1141 306 290 1142 417 400 1143 306 290 1144 303 420 1145 300 284 1146 417 400 1147 303 420 1148 413 393 1149 300 284 1150 297 281 1151 411 394 1152 297 281 1153 294 282 1154 289 276 1155 411 394 1156 294 282 1157 292 278 1158 408 421 1159 278 270 1160 408 421 1161 298 286 1162 405 389 1163 405 389 1164 301 289 1165 402 383 1166 301 289 1167 399 422 1168 402 383 1169 399 422 1170 307 294 1171 396 381 1172 396 381 1173 310 297 1174 393 378 1175 393 378 1176 313 300 1177 390 375 1178 390 375 1179 316 303 1180 387 372 1181 387 372 1182 319 306 1183 384 366 1184 319 306 1185 381 363 1186 384 366 1187 322 305 1188 378 423 1189 381 363 1190 378 423 1191 328 314 1192 375 361 1193 375 361 1194 331 318 1195 372 355 1196 331 318 1197 369 326 1198 372 355 1199 441 424 1200 439 425 1201 438 426 1202 444 427 1203 438 426 1204 440 428 1205 441 424 1206 446 429 1207 442 430 1208 442 430 1209 443 431 1210 441 424 1211 496 432 1212 444 427 1213 440 428 1214 444 427 1215 447 433 1216 446 429 1217 448 434 1218 447 433 1219 449 435 1220 450 436 1221 446 429 1222 448 434 1223 453 437 1224 450 436 1225 451 438 1226 454 439 1227 451 438 1228 452 440 1229 453 437 1230 455 441 1231 443 431 1232 454 439 1233 457 442 1234 455 441 1235 459 443 1236 454 439 1237 452 440 1238 456 444 1239 467 445 1240 457 442 1241 460 446 1242 456 444 1243 459 443 1244 461 447 1245 458 448 1246 460 446 1247 462 449 1248 463 450 1249 461 447 1250 458 448 1251 465 451 1252 467 445 1253 463 450 1254 466 452 1255 465 451 1256 468 453 1257 466 452 1258 469 454 1259 470 455 1260 465 451 1261 468 453 1262 471 456 1263 467 445 1264 470 455 1265 455 441 1266 471 456 1267 472 457 1268 443 431 1269 472 457 1270 439 425 1271 466 452 1272 473 458 1273 469 454 1274 473 458 1275 477 459 1276 474 460 1277 478 461 1278 475 462 1279 476 463 1280 464 464 1281 475 462 1282 466 452 1283 481 465 1284 477 459 1285 478 461 1286 477 459 1287 482 466 1288 474 460 1289 482 466 1290 480 467 1291 483 468 1292 507 469 1293 479 470 1294 481 465 1295 483 468 1296 486 471 1297 484 472 1298 486 471 1299 485 473 1300 484 472 1301 487 474 1302 488 475 1303 486 471 1304 487 474 1305 480 467 1306 507 469 1307 489 476 1308 490 477 1309 488 475 1310 488 475 1311 493 478 1312 485 473 1313 491 479 1314 492 480 1315 490 477 1316 490 477 1317 494 481 1318 493 478 1319 492 480 1320 495 482 1321 494 481 1322 495 482 1323 445 483 1324 496 432 1325 498 484 1326 445 483 1327 497 485 1328 499 486 1329 497 485 1330 492 480 1331 500 487 1332 499 486 1333 501 488 1334 449 435 1335 498 484 1336 500 487 1337 501 488 1338 491 479 1339 502 489 1340 491 479 1341 503 490 1342 502 489 1343 503 490 1344 487 474 1345 504 491 1346 487 474 1347 505 492 1348 504 491 1349 507 469 1350 506 493 1351 505 492 1352 481 465 1353 508 494 1354 506 493 1355 508 494 1356 476 463 1357 509 495 1358 509 495 1359 464 464 1360 462 449 1361 510 496 1362 514 497 1363 513 498 1364 520 499 1365 510 496 1366 512 500 1367 512 500 1368 513 498 1369 515 501 1370 518 502 1371 515 501 1372 516 503 1373 518 502 1374 517 504 1375 519 505 1376 519 505 1377 512 500 1378 518 502 1379 521 506 1380 520 499 1381 519 505 1382 521 506 1383 517 504 1384 524 507 1385 521 506 1386 525 508 1387 522 509 1388 522 509 1389 523 510 1390 521 506 1391 522 509 1392 526 511 1393 528 512 1394 529 513 1395 526 511 1396 527 514 1397 528 512 1398 533 515 1399 522 509 1400 529 513 1401 530 516 1402 528 512 1403 530 516 1404 541 517 1405 531 518 1406 530 516 1407 534 519 1408 533 515 1409 533 515 1410 535 520 1411 523 510 1412 534 519 1413 537 521 1414 536 522 1415 535 520 1416 536 522 1417 538 523 1418 535 520 1419 514 497 1420 511 524 1421 541 517 1422 537 521 1423 531 518 1424 542 525 1425 539 526 1426 541 517 1427 543 527 1428 541 517 1429 532 528 1430 542 525 1431 545 529 1432 540 530 1433 543 527 1434 546 531 1435 545 529 1436 544 532 1437 532 528 1438 529 513 1439 544 532 1440 527 514 1441 546 531 1442 523 510 1443 511 524 1444 520 499 1445 550 533 1446 548 534 1447 547 535 1448 549 536 1449 548 534 1450 822 537 1451 554 538 1452 547 535 1453 549 536 1454 547 535 1455 553 539 1456 550 533 1457 551 540 1458 820 541 1459 552 542 1460 551 540 1461 566 543 1462 555 544 1463 553 539 1464 556 545 1465 558 546 1466 561 547 1467 551 540 1468 555 544 1469 556 545 1470 832 548 1471 557 549 1472 559 550 1473 557 549 1474 827 551 1475 940 552 1476 556 545 1477 559 550 1478 561 547 1479 560 553 1480 556 545 1481 562 554 1482 563 555 1483 564 556 1484 563 555 1485 555 544 1486 566 543 1487 564 556 1488 565 557 1489 936 558 1490 563 555 1491 567 559 1492 565 557 1493 552 542 1494 567 559 1495 566 543 1496 567 559 1497 570 560 1498 569 561 1499 565 557 1500 569 561 1501 572 562 1502 570 560 1503 571 563 1504 569 561 1505 571 563 1506 572 562 1507 569 561 1508 573 564 1509 574 565 1510 595 566 1511 936 558 1512 572 562 1513 573 564 1514 574 565 1515 575 567 1516 577 568 1517 577 568 1518 576 569 1519 579 570 1520 590 571 1521 575 567 1522 571 563 1523 577 568 1524 593 572 1525 574 565 1526 584 573 1527 577 568 1528 581 574 1529 580 575 1530 579 570 1531 588 576 1532 585 577 1533 577 568 1534 580 575 1535 582 578 1536 585 577 1537 586 579 1538 571 563 1539 582 578 1540 590 571 1541 583 580 1542 570 560 1543 671 581 1544 581 574 1545 591 582 1546 584 573 1547 586 579 1548 580 575 1549 588 576 1550 586 579 1551 589 583 1552 587 584 1553 590 571 1554 586 579 1555 587 584 1556 576 569 1557 588 576 1558 579 570 1559 587 584 1560 576 569 1561 590 571 1562 584 573 1563 593 572 1564 578 585 1565 583 580 1566 592 586 1567 591 582 1568 594 587 1569 591 582 1570 592 586 1571 594 587 1572 574 565 1573 593 572 1574 594 587 1575 597 588 1576 595 566 1577 594 587 1578 598 589 1579 596 590 1580 599 591 1581 597 588 1582 596 590 1583 596 590 1584 602 592 1585 599 591 1586 599 591 1587 604 593 1588 600 594 1589 612 595 1590 599 591 1591 600 594 1592 598 589 1593 603 596 1594 602 592 1595 602 592 1596 605 597 1597 604 593 1598 604 593 1599 608 598 1600 606 599 1601 606 599 1602 600 594 1603 604 593 1604 607 600 1605 609 601 1606 606 599 1607 606 599 1608 617 602 1609 607 600 1610 614 603 1611 609 601 1612 610 604 1613 600 594 1614 611 605 1615 612 595 1616 612 595 1617 613 606 1618 626 607 1619 615 608 1620 611 605 1621 614 603 1622 615 608 1623 616 609 1624 621 610 1625 610 604 1626 617 602 1627 614 603 1628 617 602 1629 616 609 1630 614 603 1631 622 611 1632 617 602 1633 608 598 1634 618 612 1635 619 613 1636 617 602 1637 620 614 1638 616 609 1639 619 613 1640 615 608 1641 620 614 1642 618 612 1643 613 606 1644 618 612 1645 622 611 1646 623 615 1647 613 606 1648 622 611 1649 622 611 1650 624 616 1651 623 615 1652 623 615 1653 637 617 1654 625 618 1655 623 615 1656 628 619 1657 626 607 1658 627 620 1659 612 595 1660 626 607 1661 629 621 1662 626 607 1663 628 619 1664 631 622 1665 628 619 1666 630 623 1667 628 619 1668 633 624 1669 630 623 1670 931 625 1671 630 623 1672 632 626 1673 630 623 1674 634 627 1675 632 626 1676 625 618 1677 635 628 1678 633 624 1679 634 627 1680 635 628 1681 636 629 1682 636 629 1683 638 630 1684 640 631 1685 635 628 1686 641 632 1687 638 630 1688 638 630 1689 642 633 1690 639 634 1691 640 631 1692 639 634 1693 855 635 1694 641 632 1695 644 636 1696 642 633 1697 637 617 1698 643 637 1699 641 632 1700 646 638 1701 644 636 1702 643 637 1703 649 639 1704 643 637 1705 645 640 1706 647 641 1707 648 642 1708 646 638 1709 651 643 1710 646 638 1711 649 639 1712 652 644 1713 649 639 1714 650 645 1715 939 646 1716 649 639 1717 645 640 1718 653 647 1719 647 641 1720 651 643 1721 655 648 1722 651 643 1723 652 644 1724 653 647 1725 657 649 1726 654 650 1727 655 648 1728 656 651 1729 653 647 1730 660 652 1731 656 651 1732 659 653 1733 661 654 1734 656 651 1735 658 655 1736 664 656 1737 659 653 1738 662 657 1739 662 657 1740 661 654 1741 665 658 1742 663 659 1743 665 658 1744 666 660 1745 676 661 1746 662 657 1747 663 659 1748 661 654 1749 667 662 1750 665 658 1751 668 663 1752 665 658 1753 667 662 1754 652 644 1755 668 663 1756 667 662 1757 667 662 1758 655 648 1759 652 644 1760 603 596 1761 668 663 1762 650 645 1763 670 664 1764 668 663 1765 669 665 1766 592 586 1767 669 665 1768 598 589 1769 671 581 1770 670 664 1771 583 580 1772 671 581 1773 663 659 1774 666 660 1775 672 666 1776 570 560 1777 568 667 1778 672 666 1779 676 661 1780 663 659 1781 568 667 1782 673 668 1783 672 666 1784 673 668 1785 677 669 1786 676 661 1787 675 670 1788 674 671 1789 673 668 1790 676 661 1791 679 672 1792 664 656 1793 677 669 1794 680 673 1795 679 672 1796 674 671 1797 678 674 1798 677 669 1799 679 672 1800 682 675 1801 681 676 1802 664 656 1803 681 676 1804 660 652 1805 681 676 1806 684 677 1807 683 678 1808 660 652 1809 683 678 1810 657 649 1811 683 678 1812 686 679 1813 685 680 1814 657 649 1815 685 680 1816 654 650 1817 685 680 1818 688 681 1819 687 682 1820 654 650 1821 687 682 1822 647 641 1823 687 682 1824 689 683 1825 648 642 1826 689 683 1827 690 684 1828 691 685 1829 688 681 1830 693 686 1831 690 684 1832 691 685 1833 692 687 1834 870 688 1835 690 684 1836 694 689 1837 692 687 1838 686 679 1839 695 690 1840 693 686 1841 693 686 1842 696 691 1843 694 689 1844 697 692 1845 684 677 1846 682 675 1847 698 693 1848 695 690 1849 697 692 1850 699 694 1851 682 675 1852 680 673 1853 701 695 1854 697 692 1855 699 694 1856 700 696 1857 680 673 1858 678 674 1859 702 697 1860 699 694 1861 700 696 1862 703 698 1863 702 697 1864 704 699 1865 706 700 1866 701 695 1867 703 698 1868 705 701 1869 704 699 1870 719 702 1871 707 703 1872 703 698 1873 705 701 1874 708 704 1875 698 693 1876 706 700 1877 707 703 1878 708 704 1879 706 700 1880 710 705 1881 696 691 1882 708 704 1883 711 706 1884 708 704 1885 709 707 1886 692 687 1887 710 705 1888 712 708 1889 712 708 1890 711 706 1891 714 709 1892 713 710 1893 714 709 1894 715 711 1895 870 688 1896 712 708 1897 713 710 1898 717 712 1899 714 709 1900 716 713 1901 711 706 1902 716 713 1903 714 709 1904 717 712 1905 705 701 1906 719 702 1907 716 713 1908 707 703 1909 705 701 1910 893 714 1911 717 712 1912 718 715 1913 720 716 1914 717 712 1915 719 702 1916 720 716 1917 721 717 1918 722 718 1919 721 717 1920 704 699 1921 724 719 1922 722 718 1923 723 720 1924 768 721 1925 723 720 1926 724 719 1927 726 722 1928 724 719 1929 702 697 1930 725 723 1931 726 722 1932 725 723 1933 729 724 1934 754 725 1935 726 722 1936 728 726 1937 727 727 1938 729 724 1939 731 728 1940 728 726 1941 727 727 1942 750 729 1943 729 724 1944 819 730 1945 730 731 1946 731 728 1947 730 731 1948 732 732 1949 733 733 1950 732 732 1951 734 734 1952 736 735 1953 731 728 1954 733 733 1955 735 736 1956 734 734 1957 809 737 1958 738 738 1959 733 733 1960 735 736 1961 750 729 1962 736 735 1963 737 739 1964 740 740 1965 736 735 1966 738 738 1967 738 738 1968 741 741 1969 740 740 1970 735 736 1971 739 742 1972 738 738 1973 743 743 1974 740 740 1975 741 741 1976 740 740 1977 744 744 1978 737 739 1979 745 745 1980 742 746 1981 743 743 1982 795 747 1983 744 744 1984 745 745 1985 746 748 1986 747 749 1987 744 744 1988 747 749 1989 737 739 1990 744 744 1991 748 750 1992 749 751 1993 747 749 1994 728 726 1995 747 749 1996 749 751 1997 751 752 1998 752 753 1999 749 751 2000 754 725 2001 749 751 2002 752 753 2003 753 754 2004 755 755 2005 752 753 2006 758 756 2007 752 753 2008 756 757 2009 755 755 2010 756 757 2011 752 753 2012 757 758 2013 759 759 2014 761 760 2015 756 757 2016 769 761 2017 758 756 2018 771 762 2019 759 759 2020 755 755 2021 761 760 2022 760 763 2023 762 764 2024 757 758 2025 762 764 2026 763 765 2027 764 766 2028 760 763 2029 765 767 2030 763 765 2031 764 766 2032 766 768 2033 765 767 2034 767 769 2035 764 766 2036 769 761 2037 764 766 2038 767 769 2039 758 756 2040 767 769 2041 768 721 2042 757 758 2043 766 768 2044 769 761 2045 758 756 2046 723 720 2047 754 725 2048 770 770 2049 768 721 2050 765 767 2051 765 767 2052 771 762 2053 770 770 2054 770 770 2055 755 755 2056 722 718 2057 896 771 2058 755 755 2059 772 772 2060 755 755 2061 774 773 2062 772 772 2063 773 774 2064 776 775 2065 774 773 2066 777 776 2067 773 774 2068 753 754 2069 779 777 2070 775 778 2071 778 779 2072 777 776 2073 778 779 2074 775 778 2075 779 777 2076 780 780 2077 884 781 2078 781 782 2079 780 780 2080 778 779 2081 783 783 2082 782 784 2083 781 782 2084 785 785 2085 781 782 2086 777 776 2087 786 786 2088 784 787 2089 783 783 2090 788 788 2091 783 783 2092 785 785 2093 789 789 2094 787 790 2095 786 786 2096 792 791 2097 786 786 2098 788 788 2099 789 789 2100 793 792 2101 790 793 2102 791 794 2103 790 793 2104 910 795 2105 793 792 2106 746 748 2107 795 747 2108 792 791 2109 748 750 2110 746 748 2111 913 796 2112 793 792 2113 794 797 2114 794 797 2115 795 747 2116 796 798 2117 796 798 2118 745 745 2119 798 799 2120 922 800 2121 796 798 2122 797 801 2123 797 801 2124 798 799 2125 799 802 2126 798 799 2127 801 803 2128 800 804 2129 799 802 2130 800 804 2131 802 805 2132 803 806 2133 801 803 2134 804 807 2135 805 808 2136 800 804 2137 803 806 2138 804 807 2139 806 809 2140 803 806 2141 803 806 2142 807 810 2143 805 808 2144 809 737 2145 806 809 2146 735 736 2147 810 811 2148 807 810 2149 809 737 2150 807 810 2151 825 812 2152 805 808 2153 809 737 2154 812 813 2155 810 811 2156 811 814 2157 812 813 2158 813 815 2159 810 811 2160 821 816 2161 808 817 2162 813 815 2163 814 818 2164 815 819 2165 734 734 2166 814 818 2167 812 813 2168 815 819 2169 816 820 2170 817 821 2171 732 732 2172 816 820 2173 814 818 2174 817 821 2175 818 822 2176 674 671 2177 730 731 2178 818 822 2179 816 820 2180 819 730 2181 678 674 2182 818 822 2183 725 723 2184 700 696 2185 819 730 2186 820 541 2187 817 821 2188 675 670 2189 554 538 2190 815 819 2191 820 541 2192 552 542 2193 675 670 2194 568 667 2195 549 536 2196 813 815 2197 554 538 2198 811 814 2199 822 537 2200 821 816 2201 825 812 2202 821 816 2203 823 823 2204 824 824 2205 821 816 2206 822 537 2207 823 823 2208 827 551 2209 826 825 2210 825 812 2211 826 825 2212 828 826 2213 827 551 2214 829 827 2215 826 825 2216 826 825 2217 830 828 2218 828 826 2219 557 549 2220 831 829 2221 829 827 2222 829 827 2223 833 830 2224 830 828 2225 832 548 2226 834 831 2227 831 829 2228 831 829 2229 836 832 2230 833 830 2231 837 833 2232 835 834 2233 838 835 2234 839 836 2235 834 831 2236 837 833 2237 837 833 2238 841 837 2239 840 838 2240 842 839 2241 837 833 2242 840 838 2243 840 838 2244 844 840 2245 843 841 2246 842 839 2247 843 841 2248 845 842 2249 846 843 2250 844 840 2251 847 844 2252 848 845 2253 843 841 2254 846 843 2255 847 844 2256 849 846 2257 846 843 2258 849 846 2259 848 845 2260 846 843 2261 853 847 2262 849 846 2263 852 848 2264 852 848 2265 851 849 2266 854 850 2267 852 848 2268 856 851 2269 853 847 2270 854 850 2271 855 635 2272 852 848 2273 855 635 2274 857 852 2275 856 851 2276 860 853 2277 856 851 2278 858 854 2279 858 854 2280 857 852 2281 861 855 2282 859 856 2283 861 855 2284 862 857 2285 904 858 2286 858 854 2287 859 856 2288 861 855 2289 864 859 2290 863 860 2291 862 857 2292 863 860 2293 865 861 2294 863 860 2295 867 862 2296 866 863 2297 865 861 2298 866 863 2299 868 864 2300 867 862 2301 691 685 2302 866 863 2303 866 863 2304 870 688 2305 868 864 2306 868 864 2307 713 710 2308 869 865 2309 871 866 2310 868 864 2311 869 865 2312 869 865 2313 874 867 2314 871 866 2315 872 868 2316 713 710 2317 715 711 2318 872 868 2319 893 714 2320 873 869 2321 873 869 2322 874 867 2323 872 868 2324 871 866 2325 875 870 2326 897 871 2327 874 867 2328 878 872 2329 875 870 2330 877 873 2331 879 874 2332 880 875 2333 878 872 2334 877 873 2335 890 876 2336 876 877 2337 881 878 2338 879 874 2339 880 875 2340 882 879 2341 883 880 2342 879 874 2343 884 781 2344 882 879 2345 882 879 2346 887 881 2347 883 880 2348 885 882 2349 884 781 2350 780 780 2351 780 780 2352 886 883 2353 885 882 2354 885 882 2355 888 884 2356 887 881 2357 888 884 2358 883 880 2359 887 881 2360 891 885 2361 888 884 2362 890 876 2363 890 876 2364 886 883 2365 878 872 2366 890 876 2367 880 875 2368 891 885 2369 891 885 2370 883 880 2371 889 886 2372 886 883 2373 875 870 2374 878 872 2375 779 777 2376 881 878 2377 892 887 2378 873 869 2379 892 887 2380 881 878 2381 893 714 2382 894 888 2383 892 887 2384 776 775 2385 892 887 2386 894 888 2387 895 889 2388 718 715 2389 720 716 2390 894 888 2391 774 773 2392 776 775 2393 895 889 2394 722 718 2395 896 771 2396 774 773 2397 896 771 2398 772 772 2399 784 787 2400 875 870 2401 782 784 2402 784 787 2403 898 890 2404 897 871 2405 900 891 2406 897 871 2407 898 890 2408 787 790 2409 899 892 2410 898 890 2411 899 892 2412 900 891 2413 898 890 2414 901 893 2415 862 857 2416 900 891 2417 900 891 2418 865 861 2419 871 866 2420 905 894 2421 901 893 2422 899 892 2423 859 856 2424 902 895 2425 904 858 2426 905 894 2427 903 896 2428 902 895 2429 904 858 2430 903 896 2431 915 897 2432 906 898 2433 907 899 2434 908 900 2435 791 794 2436 905 894 2437 899 892 2438 907 899 2439 910 795 2440 908 900 2441 908 900 2442 911 901 2443 909 902 2444 916 903 2445 908 900 2446 909 902 2447 910 795 2448 913 796 2449 911 901 2450 912 904 2451 913 796 2452 921 905 2453 914 906 2454 912 904 2455 920 907 2456 916 903 2457 911 901 2458 915 897 2459 918 908 2460 911 901 2461 914 906 2462 860 853 2463 915 897 2464 917 909 2465 916 903 2466 903 896 2467 906 898 2468 918 908 2469 917 909 2470 915 897 2471 919 910 2472 914 906 2473 920 907 2474 848 845 2475 920 907 2476 845 842 2477 848 845 2478 917 909 2479 919 910 2480 845 842 2481 912 904 2482 842 839 2483 853 847 2484 917 909 2485 850 911 2486 921 905 2487 794 797 2488 922 800 2489 839 836 2490 922 800 2491 836 832 2492 842 839 2493 921 905 2494 839 836 2495 836 832 2496 797 801 2497 833 830 2498 648 642 2499 867 862 2500 644 636 2501 642 633 2502 867 862 2503 864 859 2504 639 634 2505 864 859 2506 857 852 2507 923 912 2508 640 631 2509 854 850 2510 854 850 2511 924 913 2512 923 912 2513 924 913 2514 925 914 2515 923 912 2516 925 914 2517 636 629 2518 923 912 2519 926 915 2520 927 916 2521 925 914 2522 925 914 2523 632 626 2524 634 627 2525 929 917 2526 927 916 2527 928 918 2528 841 837 2529 928 918 2530 844 840 2531 847 844 2532 928 918 2533 926 915 2534 838 835 2535 929 917 2536 841 837 2537 930 919 2538 632 626 2539 929 917 2540 838 835 2541 932 920 2542 930 919 2543 932 920 2544 931 625 2545 930 919 2546 560 553 2547 835 834 2548 832 548 2549 562 554 2550 932 920 2551 560 553 2552 933 921 2553 564 556 2554 934 922 2555 933 921 2556 631 622 2557 931 625 2558 934 922 2559 936 558 2560 935 923 2561 934 922 2562 629 621 2563 631 622 2564 935 923 2565 573 564 2566 937 924 2567 935 923 2568 627 620 2569 629 621 2570 937 924 2571 595 566 2572 597 588 2573 937 924 2574 601 925 2575 627 620 2576 926 915 2577 851 849 2578 847 844 2579 833 830 2580 799 802 2581 830 828 2582 830 828 2583 802 805 2584 828 826 2585 825 812 2586 802 805 2587 805 808 2588 824 824 2589 559 550 2590 827 551 2591 938 926 2592 822 537 2593 548 534 2594 938 926 2595 940 552 2596 559 550 2597 801 803 2598 739 742 2599 804 807 2600 788 788 2601 751 752 2602 748 750 2603 785 785 2604 753 754 2605 751 752 2606 739 742 2607 743 743 2608 741 741 2609 603 596 2610 939 646 2611 605 597 2612 605 597 2613 624 616 2614 608 598 2615 624 616 2616 645 640 2617 637 617 2618 558 546 2619 550 533 2620 553 539 2621 941 927 2622 964 928 2623 943 929 2624 944 930 2625 943 929 2626 945 931 2627 946 932 2628 945 931 2629 947 933 2630 948 934 2631 947 933 2632 949 935 2633 948 934 2634 951 936 2635 950 937 2636 950 937 2637 953 938 2638 952 939 2639 952 939 2640 955 940 2641 954 941 2642 954 941 2643 957 942 2644 956 943 2645 956 943 2646 959 944 2647 958 945 2648 958 945 2649 961 946 2650 960 947 2651 962 948 2652 961 946 2653 963 949 2654 942 950 2655 963 949 2656 964 928 2657 961 946 2658 965 951 2659 963 949 2660 963 949 2661 967 952 2662 964 928 2663 966 953 2664 968 954 2665 965 951 2666 965 951 2667 970 955 2668 967 952 2669 969 956 2670 971 957 2671 968 954 2672 968 954 2673 973 958 2674 970 955 2675 971 957 2676 975 959 2677 974 960 2678 973 958 2679 974 960 2680 976 961 2681 974 960 2682 978 962 2683 977 963 2684 976 961 2685 977 963 2686 979 964 2687 977 963 2688 981 965 2689 980 966 2690 979 964 2691 980 966 2692 982 967 2693 981 965 2694 983 968 2695 980 966 2696 982 967 2697 983 968 2698 985 969 2699 984 970 2700 986 971 2701 983 968 2702 983 968 2703 988 972 2704 985 969 2705 986 971 2706 990 973 2707 989 974 2708 988 972 2709 989 974 2710 991 975 2711 989 974 2712 993 976 2713 992 977 2714 991 975 2715 992 977 2716 994 978 2717 992 977 2718 996 979 2719 995 980 2720 994 978 2721 995 980 2722 997 981 2723 996 979 2724 998 982 2725 995 980 2726 995 980 2727 1000 983 2728 997 981 2729 999 984 2730 1001 985 2731 998 982 2732 998 982 2733 1003 986 2734 1000 983 2735 1002 987 2736 1004 988 2737 1001 985 2738 1001 985 2739 1006 989 2740 1003 986 2741 1004 988 2742 1008 990 2743 1007 991 2744 1006 989 2745 1007 991 2746 1009 992 2747 1007 991 2748 1011 993 2749 1010 994 2750 1009 992 2751 1010 994 2752 1012 995 2753 1014 996 2754 1012 995 2755 1013 997 2756 1016 998 2757 1013 997 2758 1015 999 2759 1018 1000 2760 1015 999 2761 1017 1001 2762 1018 1000 2763 1019 1002 2764 1020 1003 2765 1020 1003 2766 1021 1004 2767 1022 1005 2768 1022 1005 2769 1023 1006 2770 1024 1007 2771 1024 1007 2772 1025 1008 2773 1026 1009 2774 1026 1009 2775 1027 1010 2776 1028 1011 2777 1028 1011 2778 1029 1012 2779 1030 1013 2780 1008 990 2781 1029 1012 2782 1011 993 2783 1033 1014 2784 1030 1013 2785 1031 1015 2786 1005 1016 2787 1030 1013 2788 1008 990 2789 1032 1017 2790 1033 1014 2791 1031 1015 2792 1032 1017 2793 1005 1016 2794 1002 987 2795 1034 1018 2796 1035 1019 2797 1033 1014 2798 1035 1019 2799 1028 1011 2800 1033 1014 2801 1036 1020 2802 1037 1021 2803 1035 1019 2804 1037 1021 2805 1026 1009 2806 1035 1019 2807 1038 1022 2808 1039 1023 2809 1037 1021 2810 1039 1023 2811 1024 1007 2812 1037 1021 2813 1040 1024 2814 1041 1025 2815 1039 1023 2816 1041 1025 2817 1022 1005 2818 1039 1023 2819 1042 1026 2820 1043 1027 2821 1041 1025 2822 1043 1027 2823 1020 1003 2824 1041 1025 2825 1046 1028 2826 1043 1027 2827 1044 1029 2828 1043 1027 2829 1016 998 2830 1018 1000 2831 1048 1030 2832 1045 1031 2833 1046 1028 2834 1045 1031 2835 1014 996 2836 1016 998 2837 1003 986 2838 1047 1032 2839 1048 1030 2840 1047 1032 2841 1009 992 2842 1014 996 2843 1000 983 2844 1048 1030 2845 1049 1033 2846 1049 1033 2847 1046 1028 2848 1051 1034 2849 997 981 2850 1049 1033 2851 1050 1035 2852 1050 1035 2853 1051 1034 2854 1052 1036 2855 1052 1036 2856 1053 1037 2857 1054 1038 2858 1051 1034 2859 1044 1029 2860 1053 1037 2861 1056 1039 2862 1053 1037 2863 1055 1040 2864 1055 1040 2865 1044 1029 2866 1042 1026 2867 1058 1041 2868 1055 1040 2869 1057 1042 2870 1057 1042 2871 1042 1026 2872 1040 1024 2873 1060 1043 2874 1057 1042 2875 1059 1044 2876 1059 1044 2877 1040 1024 2878 1038 1022 2879 1062 1045 2880 1059 1044 2881 1061 1046 2882 1061 1046 2883 1038 1022 2884 1036 1020 2885 1064 1047 2886 1061 1046 2887 1063 1048 2888 1063 1048 2889 1036 1020 2890 1034 1018 2891 1066 1049 2892 1063 1048 2893 1065 1050 2894 1065 1050 2895 1034 1018 2896 1032 1017 2897 1066 1049 2898 999 984 2899 996 979 2900 1065 1050 2901 1002 987 2902 999 984 2903 1069 1051 2904 1066 1049 2905 1067 1052 2906 993 976 2907 1066 1049 2908 996 979 2909 1070 1053 2910 1067 1052 2911 1068 1054 2912 990 973 2913 1067 1052 2914 993 976 2915 1072 1055 2916 1069 1051 2917 1070 1053 2918 1071 1056 2919 1064 1047 2920 1069 1051 2921 1074 1057 2922 1071 1056 2923 1072 1055 2924 1073 1058 2925 1062 1045 2926 1071 1056 2927 1076 1059 2928 1073 1058 2929 1074 1057 2930 1075 1060 2931 1060 1043 2932 1073 1058 2933 1078 1061 2934 1075 1060 2935 1076 1059 2936 1077 1062 2937 1058 1041 2938 1075 1060 2939 1080 1063 2940 1077 1062 2941 1078 1061 2942 1079 1064 2943 1056 1039 2944 1077 1062 2945 1080 1063 2946 1081 1065 2947 1079 1064 2948 1079 1064 2949 1052 1036 2950 1054 1038 2951 1082 1066 2952 1083 1067 2953 1081 1065 2954 1081 1065 2955 1050 1035 2956 1052 1036 2957 1084 1068 2958 994 978 2959 1083 1067 2960 1083 1067 2961 997 981 2962 1050 1035 2963 1085 1069 2964 991 975 2965 1084 1068 2966 1087 1070 2967 1084 1068 2968 1082 1066 2969 985 969 2970 1085 1069 2971 1086 1071 2972 1086 1071 2973 1087 1070 2974 1088 1072 2975 1088 1072 2976 1089 1073 2977 1090 1074 2978 1089 1073 2979 1082 1066 2980 1080 1063 2981 1090 1074 2982 1091 1075 2983 1092 1076 2984 1089 1073 2985 1078 1061 2986 1091 1075 2987 1092 1076 2988 1093 1077 2989 1094 1078 2990 1091 1075 2991 1076 1059 2992 1093 1077 2993 1096 1079 2994 1093 1077 2995 1095 1080 2996 1093 1077 2997 1074 1057 2998 1095 1080 2999 1098 1081 3000 1095 1080 3001 1097 1082 3002 1095 1080 3003 1072 1055 3004 1097 1082 3005 1100 1083 3006 1097 1082 3007 1099 1084 3008 1097 1082 3009 1070 1053 3010 1099 1084 3011 1102 1085 3012 1099 1084 3013 1101 1086 3014 1099 1084 3015 1068 1054 3016 1101 1086 3017 984 970 3018 1101 1086 3019 987 1087 3020 987 1087 3021 1068 1054 3022 990 973 3023 1103 1088 3024 1100 1083 3025 1102 1085 3026 1103 1088 3027 984 970 3028 981 965 3029 1104 1089 3030 1105 1090 3031 1103 1088 3032 1104 1089 3033 981 965 3034 978 962 3035 1106 1091 3036 1107 1092 3037 1105 1090 3038 1105 1090 3039 1098 1081 3040 1100 1083 3041 1110 1093 3042 1107 1092 3043 1108 1094 3044 1107 1092 3045 1096 1079 3046 1098 1081 3047 1112 1095 3048 1109 1096 3049 1110 1093 3050 1111 1097 3051 1096 1079 3052 1109 1096 3053 1114 1098 3054 1111 1097 3055 1112 1095 3056 1113 1099 3057 1094 1078 3058 1111 1097 3059 1116 1100 3060 1113 1099 3061 1114 1098 3062 1115 1101 3063 1092 1076 3064 1113 1099 3065 1116 1100 3066 1117 1102 3067 1115 1101 3068 1117 1102 3069 1090 1074 3070 1115 1101 3071 1118 1103 3072 1119 1104 3073 1117 1102 3074 1117 1102 3075 1086 1071 3076 1088 1072 3077 1120 1105 3078 982 967 3079 1119 1104 3080 1119 1104 3081 985 969 3082 1086 1071 3083 1121 1106 3084 979 964 3085 1120 1105 3086 1123 1107 3087 1120 1105 3088 1118 1103 3089 973 958 3090 1121 1106 3091 1122 1108 3092 1122 1108 3093 1123 1107 3094 1124 1109 3095 1124 1109 3096 1125 1110 3097 1126 1111 3098 1125 1110 3099 1118 1103 3100 1116 1100 3101 1128 1112 3102 1125 1110 3103 1127 1113 3104 1125 1110 3105 1114 1098 3106 1127 1113 3107 1130 1114 3108 1127 1113 3109 1129 1115 3110 1127 1113 3111 1112 1095 3112 1129 1115 3113 1132 1116 3114 1129 1115 3115 1131 1117 3116 1129 1115 3117 1110 1093 3118 1131 1117 3119 1134 1118 3120 1131 1117 3121 1133 1119 3122 1131 1117 3123 1108 1094 3124 1133 1119 3125 1136 1120 3126 1133 1119 3127 1135 1121 3128 1133 1119 3129 1106 1091 3130 1135 1121 3131 1138 1122 3132 1135 1121 3133 1137 1123 3134 1135 1121 3135 1104 1089 3136 1137 1123 3137 972 1124 3138 1137 1123 3139 975 959 3140 975 959 3141 1104 1089 3142 978 962 3143 1139 1125 3144 1136 1120 3145 1138 1122 3146 1139 1125 3147 972 1124 3148 969 956 3149 1140 1126 3150 1141 1127 3151 1139 1125 3152 1140 1126 3153 969 956 3154 966 953 3155 1142 1128 3156 1143 1129 3157 1141 1127 3158 1141 1127 3159 1134 1118 3160 1136 1120 3161 1144 1130 3162 1145 1131 3163 1143 1129 3164 1143 1129 3165 1132 1116 3166 1134 1118 3167 1146 1132 3168 1147 1133 3169 1145 1131 3170 1145 1131 3171 1130 1114 3172 1132 1116 3173 1148 1134 3174 1149 1135 3175 1147 1133 3176 1147 1133 3177 1128 1112 3178 1130 1114 3179 1150 1136 3180 1151 1137 3181 1149 1135 3182 1149 1135 3183 1126 1111 3184 1128 1112 3185 1154 1138 3186 1151 1137 3187 1152 1139 3188 1153 1140 3189 1126 1111 3190 1151 1137 3191 1156 1141 3192 1153 1140 3193 1154 1138 3194 1155 1142 3195 1124 1109 3196 1153 1140 3197 967 952 3198 1155 1142 3199 1156 1141 3200 970 955 3201 1122 1108 3202 1155 1142 3203 964 928 3204 1156 1141 3205 943 929 3206 943 929 3207 1154 1138 3208 945 931 3209 945 931 3210 1152 1139 3211 947 933 3212 949 935 3213 1152 1139 3214 1150 1136 3215 951 936 3216 1150 1136 3217 1148 1134 3218 953 938 3219 1148 1134 3220 1146 1132 3221 955 940 3222 1146 1132 3223 1144 1130 3224 957 942 3225 1144 1130 3226 1142 1128 3227 959 944 3228 1142 1128 3229 1140 1126 3230 959 944 3231 966 953 3232 961 946 3233 1157 1143 3234 1180 1144 3235 1158 1145 3236 1160 1146 3237 1159 1147 3238 1157 1143 3239 1162 1148 3240 1161 1149 3241 1160 1146 3242 1164 1150 3243 1163 1151 3244 1162 1148 3245 1167 1152 3246 1164 1150 3247 1166 1153 3248 1169 1154 3249 1166 1153 3250 1168 1155 3251 1171 1156 3252 1168 1155 3253 1170 1157 3254 1173 1158 3255 1170 1157 3256 1172 1159 3257 1175 1160 3258 1172 1159 3259 1174 1161 3260 1177 1162 3261 1174 1161 3262 1176 1163 3263 1178 1164 3264 1177 1162 3265 1176 1163 3266 1158 1145 3267 1179 1165 3268 1178 1164 3269 1181 1166 3270 1177 1162 3271 1179 1165 3272 1183 1167 3273 1179 1165 3274 1180 1144 3275 1184 1168 3276 1182 1169 3277 1181 1166 3278 1186 1170 3279 1181 1166 3280 1183 1167 3281 1187 1171 3282 1185 1172 3283 1184 1168 3284 1189 1173 3285 1184 1168 3286 1186 1170 3287 1187 1171 3288 1191 1174 3289 1188 1175 3290 1189 1173 3291 1190 1176 3292 1187 1171 3293 1190 1176 3294 1194 1177 3295 1191 1174 3296 1192 1178 3297 1193 1179 3298 1190 1176 3299 1193 1179 3300 1197 1180 3301 1194 1177 3302 1195 1181 3303 1196 1182 3304 1193 1179 3305 1199 1183 3306 1197 1180 3307 1196 1182 3308 1198 1184 3309 1199 1183 3310 1196 1182 3311 1202 1185 3312 1200 1186 3313 1199 1183 3314 1204 1187 3315 1199 1183 3316 1201 1188 3317 1202 1185 3318 1206 1189 3319 1203 1190 3320 1204 1187 3321 1205 1191 3322 1202 1185 3323 1205 1191 3324 1209 1192 3325 1206 1189 3326 1207 1193 3327 1208 1194 3328 1205 1191 3329 1208 1194 3330 1212 1195 3331 1209 1192 3332 1210 1196 3333 1211 1197 3334 1208 1194 3335 1214 1198 3336 1212 1195 3337 1211 1197 3338 1216 1199 3339 1211 1197 3340 1213 1200 3341 1217 1201 3342 1215 1202 3343 1214 1198 3344 1219 1203 3345 1214 1198 3346 1216 1199 3347 1220 1204 3348 1218 1205 3349 1217 1201 3350 1222 1206 3351 1217 1201 3352 1219 1203 3353 1220 1204 3354 1224 1207 3355 1221 1208 3356 1222 1206 3357 1223 1209 3358 1220 1204 3359 1223 1209 3360 1227 1210 3361 1224 1207 3362 1225 1211 3363 1226 1212 3364 1223 1209 3365 1230 1213 3366 1228 1214 3367 1225 1211 3368 1232 1215 3369 1229 1216 3370 1230 1213 3371 1234 1217 3372 1231 1218 3373 1232 1215 3374 1235 1219 3375 1234 1217 3376 1236 1220 3377 1237 1221 3378 1236 1220 3379 1238 1222 3380 1239 1223 3381 1238 1222 3382 1240 1224 3383 1241 1225 3384 1240 1224 3385 1242 1226 3386 1243 1227 3387 1242 1226 3388 1244 1228 3389 1245 1229 3390 1244 1228 3391 1246 1230 3392 1224 1207 3393 1245 1229 3394 1246 1230 3395 1246 1230 3396 1249 1231 3397 1247 1232 3398 1221 1208 3399 1246 1230 3400 1247 1232 3401 1248 1233 3402 1249 1231 3403 1250 1234 3404 1221 1208 3405 1248 1233 3406 1218 1205 3407 1250 1234 3408 1251 1235 3409 1252 1236 3410 1244 1228 3411 1251 1235 3412 1249 1231 3413 1252 1236 3414 1253 1237 3415 1254 1238 3416 1242 1226 3417 1253 1237 3418 1251 1235 3419 1254 1238 3420 1255 1239 3421 1256 1240 3422 1240 1224 3423 1255 1239 3424 1253 1237 3425 1256 1240 3426 1257 1241 3427 1258 1242 3428 1238 1222 3429 1257 1241 3430 1255 1239 3431 1258 1242 3432 1259 1243 3433 1260 1244 3434 1236 1220 3435 1259 1243 3436 1257 1241 3437 1259 1243 3438 1262 1245 3439 1260 1244 3440 1259 1243 3441 1232 1215 3442 1261 1246 3443 1261 1246 3444 1264 1247 3445 1262 1245 3446 1261 1246 3447 1230 1213 3448 1263 1248 3449 1263 1248 3450 1219 1203 3451 1264 1247 3452 1263 1248 3453 1225 1211 3454 1222 1206 3455 1264 1247 3456 1216 1199 3457 1265 1249 3458 1262 1245 3459 1265 1249 3460 1267 1250 3461 1265 1249 3462 1213 1200 3463 1266 1251 3464 1267 1250 3465 1266 1251 3466 1268 1252 3467 1269 1253 3468 1268 1252 3469 1270 1254 3470 1260 1244 3471 1267 1250 3472 1269 1253 3473 1272 1255 3474 1269 1253 3475 1270 1254 3476 1271 1256 3477 1260 1244 3478 1269 1253 3479 1274 1257 3480 1271 1256 3481 1272 1255 3482 1273 1258 3483 1258 1242 3484 1271 1256 3485 1276 1259 3486 1273 1258 3487 1274 1257 3488 1275 1260 3489 1256 1240 3490 1273 1258 3491 1278 1261 3492 1275 1260 3493 1276 1259 3494 1277 1262 3495 1254 1238 3496 1275 1260 3497 1280 1263 3498 1277 1262 3499 1278 1261 3500 1279 1264 3501 1252 1236 3502 1277 1262 3503 1282 1265 3504 1279 1264 3505 1280 1263 3506 1281 1266 3507 1250 1234 3508 1279 1264 3509 1215 1202 3510 1282 1265 3511 1212 1195 3512 1218 1205 3513 1281 1266 3514 1215 1202 3515 1282 1265 3516 1285 1267 3517 1283 1268 3518 1209 1192 3519 1282 1265 3520 1283 1268 3521 1283 1268 3522 1286 1269 3523 1284 1270 3524 1206 1189 3525 1283 1268 3526 1284 1270 3527 1285 1267 3528 1288 1271 3529 1286 1269 3530 1280 1263 3531 1287 1272 3532 1285 1267 3533 1287 1272 3534 1290 1273 3535 1288 1271 3536 1278 1261 3537 1289 1274 3538 1287 1272 3539 1289 1274 3540 1292 1275 3541 1290 1273 3542 1276 1259 3543 1291 1276 3544 1289 1274 3545 1291 1276 3546 1294 1277 3547 1292 1275 3548 1274 1257 3549 1293 1278 3550 1291 1276 3551 1293 1278 3552 1296 1279 3553 1294 1277 3554 1272 1255 3555 1295 1280 3556 1293 1278 3557 1296 1279 3558 1297 1281 3559 1298 1282 3560 1295 1280 3561 1268 1252 3562 1297 1281 3563 1298 1282 3564 1299 1283 3565 1300 1284 3566 1297 1281 3567 1266 1251 3568 1299 1283 3569 1300 1284 3570 1210 1196 3571 1207 1193 3572 1299 1283 3573 1213 1200 3574 1210 1196 3575 1301 1285 3576 1207 1193 3577 1204 1187 3578 1303 1286 3579 1300 1284 3580 1301 1285 3581 1301 1285 3582 1201 1188 3583 1302 1287 3584 1303 1286 3585 1302 1287 3586 1304 1288 3587 1305 1289 3588 1304 1288 3589 1306 1290 3590 1305 1289 3591 1298 1282 3592 1303 1286 3593 1307 1291 3594 1306 1290 3595 1308 1292 3596 1294 1277 3597 1305 1289 3598 1307 1291 3599 1309 1293 3600 1308 1292 3601 1310 1294 3602 1292 1275 3603 1307 1291 3604 1309 1293 3605 1312 1295 3606 1309 1293 3607 1310 1294 3608 1290 1273 3609 1309 1293 3610 1311 1296 3611 1314 1297 3612 1311 1296 3613 1312 1295 3614 1288 1271 3615 1311 1296 3616 1313 1298 3617 1316 1299 3618 1313 1298 3619 1314 1297 3620 1286 1269 3621 1313 1298 3622 1315 1300 3623 1318 1301 3624 1315 1300 3625 1316 1299 3626 1284 1270 3627 1315 1300 3628 1317 1302 3629 1200 1186 3630 1317 1302 3631 1318 1301 3632 1203 1190 3633 1284 1270 3634 1317 1302 3635 1319 1303 3636 1316 1299 3637 1321 1304 3638 1200 1186 3639 1319 1303 3640 1197 1180 3641 1320 1305 3642 1321 1304 3643 1322 1306 3644 1197 1180 3645 1320 1305 3646 1194 1177 3647 1322 1306 3648 1323 1307 3649 1324 1308 3650 1321 1304 3651 1314 1297 3652 1323 1307 3653 1323 1307 3654 1326 1309 3655 1324 1308 3656 1323 1307 3657 1312 1295 3658 1325 1310 3659 1325 1310 3660 1328 1311 3661 1326 1309 3662 1312 1295 3663 1327 1312 3664 1325 1310 3665 1327 1312 3666 1330 1313 3667 1328 1311 3668 1310 1294 3669 1329 1314 3670 1327 1312 3671 1329 1314 3672 1332 1315 3673 1330 1313 3674 1308 1292 3675 1331 1316 3676 1329 1314 3677 1332 1315 3678 1333 1317 3679 1334 1318 3680 1306 1290 3681 1333 1317 3682 1331 1316 3683 1334 1318 3684 1335 1319 3685 1336 1320 3686 1333 1317 3687 1302 1287 3688 1335 1319 3689 1336 1320 3690 1198 1184 3691 1195 1181 3692 1335 1319 3693 1201 1188 3694 1198 1184 3695 1337 1321 3696 1195 1181 3697 1192 1178 3698 1339 1322 3699 1336 1320 3700 1337 1321 3701 1337 1321 3702 1189 1173 3703 1338 1323 3704 1339 1322 3705 1338 1323 3706 1340 1324 3707 1341 1325 3708 1340 1324 3709 1342 1326 3710 1341 1325 3711 1334 1318 3712 1339 1322 3713 1344 1327 3714 1341 1325 3715 1342 1326 3716 1330 1313 3717 1341 1325 3718 1343 1328 3719 1346 1329 3720 1343 1328 3721 1344 1327 3722 1328 1311 3723 1343 1328 3724 1345 1330 3725 1348 1331 3726 1345 1330 3727 1346 1329 3728 1326 1309 3729 1345 1330 3730 1347 1332 3731 1350 1333 3732 1347 1332 3733 1348 1331 3734 1324 1308 3735 1347 1332 3736 1349 1334 3737 1352 1335 3738 1349 1334 3739 1350 1333 3740 1322 1306 3741 1349 1334 3742 1351 1336 3743 1354 1337 3744 1351 1336 3745 1352 1335 3746 1320 1305 3747 1351 1336 3748 1353 1338 3749 1188 1175 3750 1353 1338 3751 1354 1337 3752 1191 1174 3753 1320 1305 3754 1353 1338 3755 1355 1339 3756 1352 1335 3757 1357 1340 3758 1188 1175 3759 1355 1339 3760 1185 1172 3761 1356 1341 3762 1357 1340 3763 1358 1342 3764 1185 1172 3765 1356 1341 3766 1182 1169 3767 1358 1342 3768 1359 1343 3769 1360 1344 3770 1357 1340 3771 1350 1333 3772 1359 1343 3773 1360 1344 3774 1361 1345 3775 1362 1346 3776 1359 1343 3777 1348 1331 3778 1361 1345 3779 1362 1346 3780 1363 1347 3781 1364 1348 3782 1361 1345 3783 1346 1329 3784 1363 1347 3785 1364 1348 3786 1365 1349 3787 1366 1350 3788 1363 1347 3789 1344 1327 3790 1365 1349 3791 1366 1350 3792 1367 1351 3793 1368 1352 3794 1365 1349 3795 1342 1326 3796 1367 1351 3797 1367 1351 3798 1370 1353 3799 1368 1352 3800 1342 1326 3801 1369 1354 3802 1367 1351 3803 1369 1354 3804 1372 1355 3805 1370 1353 3806 1340 1324 3807 1371 1356 3808 1369 1354 3809 1371 1356 3810 1183 1167 3811 1372 1355 3812 1338 1323 3813 1186 1170 3814 1371 1356 3815 1372 1355 3816 1180 1144 3817 1159 1147 3818 1370 1353 3819 1159 1147 3820 1161 1149 3821 1368 1352 3822 1161 1149 3823 1163 1151 3824 1165 1357 3825 1368 1352 3826 1163 1151 3827 1167 1152 3828 1366 1350 3829 1165 1357 3830 1169 1154 3831 1364 1348 3832 1167 1152 3833 1171 1156 3834 1362 1346 3835 1169 1154 3836 1173 1158 3837 1360 1344 3838 1171 1156 3839 1175 1160 3840 1358 1342 3841 1173 1158 3842 1182 1169 3843 1175 1160 3844 1177 1162 3845 1373 1358 3846 1380 1359 3847 1378 1360 3848 1374 1361 3849 1373 1358 3850 1376 1362 3851 1375 1363 3852 1378 1360 3853 1381 1364 3854 1375 1363 3855 1377 1365 3856 1373 1358 3857 1376 1362 3858 1377 1365 3859 1475 1366 3860 1378 1360 3861 1380 1359 3862 1379 1367 3863 1381 1364 3864 1378 1360 3865 1379 1367 3866 1383 1368 3867 1381 1364 3868 1382 1369 3869 1382 1369 3870 1381 1364 3871 1379 1367 3872 1384 1370 3873 1382 1369 3874 1379 1367 3875 1383 1368 3876 1384 1370 3877 1385 1371 3878 1379 1367 3879 1380 1359 3880 1384 1370 3881 1380 1359 3882 1385 1371 3883 1384 1370 3884 1374 1361 3885 1386 1372 3886 1385 1371 3887 1387 1373 3888 1385 1371 3889 1386 1372 3890 1387 1373 3891 1388 1374 3892 1385 1371 3893 1388 1374 3894 1383 1368 3895 1385 1371 3896 1389 1375 3897 1388 1374 3898 1391 1376 3899 1389 1375 3900 1392 1377 3901 1388 1374 3902 1388 1374 3903 1390 1378 3904 1391 1376 3905 1388 1374 3906 1387 1373 3907 1390 1378 3908 1392 1377 3909 1383 1368 3910 1388 1374 3911 1392 1377 3912 1375 1363 3913 1383 1368 3914 1392 1377 3915 1393 1379 3916 1375 1363 3917 1393 1379 3918 1392 1377 3919 1389 1375 3920 1394 1380 3921 1393 1379 3922 1395 1381 3923 1394 1380 3924 1396 1382 3925 1393 1379 3926 1395 1381 3927 1393 1379 3928 1389 1375 3929 1375 1363 3930 1396 1382 3931 1398 1383 3932 1401 1384 3933 1397 1385 3934 1394 1380 3935 1401 1384 3936 1400 1386 3937 1399 1387 3938 1401 1384 3939 1394 1380 3940 1402 1388 3941 1403 1389 3942 1401 1384 3943 1402 1388 3944 1405 1390 3945 1403 1389 3946 1404 1391 3947 1404 1391 3948 1403 1389 3949 1402 1388 3950 1403 1389 3951 1407 1392 3952 1400 1386 3953 1406 1393 3954 1405 1390 3955 1404 1391 3956 1405 1390 3957 1408 1394 3958 1407 1392 3959 1406 1393 3960 1409 1395 3961 1408 1394 3962 1413 1396 3963 1409 1395 3964 1411 1397 3965 1413 1396 3966 1411 1397 3967 1412 1398 3968 1411 1397 3969 1406 1393 3970 1412 1398 3971 1412 1398 3972 1416 1399 3973 1413 1396 3974 1416 1399 3975 1414 1400 3976 1413 1396 3977 1414 1400 3978 1415 1401 3979 1413 1396 3980 1413 1396 3981 1429 1402 3982 1410 1403 3983 1416 1399 3984 1418 1404 3985 1417 1405 3986 1419 1406 3987 1416 1399 3988 1417 1405 3989 1418 1404 3990 1416 1399 3991 1412 1398 3992 1419 1406 3993 1414 1400 3994 1416 1399 3995 1420 1407 3996 1419 1406 3997 1417 1405 3998 1420 1407 3999 1421 1408 4000 1419 1406 4001 1419 1406 4002 1422 1409 4003 1414 1400 4004 1419 1406 4005 1421 1408 4006 1422 1409 4007 1422 1409 4008 1421 1408 4009 1424 1410 4010 1424 1410 4011 1423 1411 4012 1422 1409 4013 1423 1411 4014 1425 1412 4015 1422 1409 4016 1422 1409 4017 1425 1412 4018 1414 1400 4019 1425 1412 4020 1423 1411 4021 1426 1413 4022 1428 1414 4023 1425 1412 4024 1426 1413 4025 1414 1400 4026 1425 1412 4027 1415 1401 4028 1425 1412 4029 1429 1402 4030 1415 1401 4031 1432 1415 4032 1428 1414 4033 1426 1413 4034 1433 1416 4035 1430 1417 4036 1432 1415 4037 1432 1415 4038 1434 1418 4039 1433 1416 4040 1434 1418 4041 1432 1415 4042 1435 1419 4043 1426 1413 4044 1423 1411 4045 1432 1415 4046 1435 1419 4047 1432 1415 4048 1423 1411 4049 1436 1420 4050 1434 1418 4051 1435 1419 4052 1436 1420 4053 1435 1419 4054 1437 1421 4055 1437 1421 4056 1435 1419 4057 1424 1410 4058 1435 1419 4059 1423 1411 4060 1424 1410 4061 1438 1422 4062 1436 1420 4063 1437 1421 4064 1437 1421 4065 1440 1423 4066 1438 1422 4067 1437 1421 4068 1424 1410 4069 1439 1424 4070 1439 1424 4071 1440 1423 4072 1437 1421 4073 1441 1425 4074 1438 1422 4075 1440 1423 4076 1441 1425 4077 1440 1423 4078 1443 1426 4079 1443 1426 4080 1440 1423 4081 1442 1427 4082 1440 1423 4083 1439 1424 4084 1442 1427 4085 1443 1426 4086 1444 1428 4087 1441 1425 4088 1443 1426 4089 1446 1429 4090 1444 1428 4091 1442 1427 4092 1445 1430 4093 1443 1426 4094 1445 1430 4095 1446 1429 4096 1443 1426 4097 1447 1431 4098 1444 1428 4099 1446 1429 4100 1447 1431 4101 1446 1429 4102 1448 1432 4103 1446 1429 4104 1445 1430 4105 1448 1432 4106 1448 1432 4107 1450 1433 4108 1447 1431 4109 1448 1432 4110 1445 1430 4111 1449 1434 4112 1449 1434 4113 1450 1433 4114 1448 1432 4115 1447 1431 4116 1450 1433 4117 1451 1435 4118 1453 1436 4119 1451 1435 4120 1450 1433 4121 1452 1437 4122 1450 1433 4123 1449 1434 4124 1455 1438 4125 1450 1433 4126 1452 1437 4127 1458 1439 4128 1455 1438 4129 1452 1437 4130 1459 1440 4131 1456 1441 4132 1458 1439 4133 1374 1361 4134 1459 1440 4135 1458 1439 4136 1452 1437 4137 1449 1434 4138 1458 1439 4139 1449 1434 4140 1460 1442 4141 1458 1439 4142 1460 1442 4143 1374 1361 4144 1458 1439 4145 1374 1361 4146 1460 1442 4147 1386 1372 4148 1460 1442 4149 1449 1434 4150 1461 1443 4151 1386 1372 4152 1460 1442 4153 1461 1443 4154 1461 1443 4155 1387 1373 4156 1386 1372 4157 1463 1444 4158 1461 1443 4159 1462 1445 4160 1449 1434 4161 1462 1445 4162 1461 1443 4163 1463 1444 4164 1464 1446 4165 1461 1443 4166 1464 1446 4167 1387 1373 4168 1461 1443 4169 1387 1373 4170 1464 1446 4171 1390 1378 4172 1390 1378 4173 1464 1446 4174 1466 1447 4175 1464 1446 4176 1465 1448 4177 1466 1447 4178 1464 1446 4179 1463 1444 4180 1465 1448 4181 1466 1447 4182 1467 1449 4183 1390 1378 4184 1467 1449 4185 1466 1447 4186 1418 1404 4187 1417 1405 4188 1466 1447 4189 1465 1448 4190 1466 1447 4191 1417 1405 4192 1418 1404 4193 1391 1376 4194 1467 1449 4195 1468 1450 4196 1468 1450 4197 1467 1449 4198 1469 1451 4199 1467 1449 4200 1391 1376 4201 1390 1378 4202 1467 1449 4203 1418 1404 4204 1469 1451 4205 1468 1450 4206 1469 1451 4207 1404 1391 4208 1404 1391 4209 1469 1451 4210 1406 1393 4211 1469 1451 4212 1418 1404 4213 1412 1398 4214 1469 1451 4215 1412 1398 4216 1406 1393 4217 1395 1381 4218 1468 1450 4219 1402 1388 4220 1402 1388 4221 1468 1450 4222 1404 1391 4223 1395 1381 4224 1391 1376 4225 1468 1450 4226 1463 1444 4227 1470 1452 4228 1465 1448 4229 1470 1452 4230 1420 1407 4231 1465 1448 4232 1420 1407 4233 1417 1405 4234 1465 1448 4235 1471 1453 4236 1470 1452 4237 1463 1444 4238 1471 1453 4239 1473 1454 4240 1470 1452 4241 1470 1452 4242 1472 1455 4243 1420 1407 4244 1473 1454 4245 1472 1455 4246 1470 1452 4247 1442 1427 4248 1472 1455 4249 1473 1454 4250 1473 1454 4251 1445 1430 4252 1442 1427 4253 1473 1454 4254 1474 1456 4255 1445 1430 4256 1471 1453 4257 1474 1456 4258 1473 1454 4259 1449 1434 4260 1445 1430 4261 1474 1456 4262 1449 1434 4263 1474 1456 4264 1471 1453 4265 1442 1427 4266 1439 1424 4267 1472 1455 4268 1421 1408 4269 1472 1455 4270 1439 1424 4271 1420 1407 4272 1472 1455 4273 1421 1408 4274 1449 1434 4275 1471 1453 4276 1462 1445 4277 1471 1453 4278 1463 1444 4279 1462 1445 4280 1459 1440 4281 1374 1361 4282 1376 1362 4283 1376 1362 4284 1457 1457 4285 1459 1440 4286 1454 1458 4287 1478 1459 4288 1451 1435 4289 1478 1459 4290 1477 1460 4291 1479 1461 4292 1451 1435 4293 1478 1459 4294 1447 1431 4295 1447 1431 4296 1478 1459 4297 1479 1461 4298 1479 1461 4299 1483 1462 4300 1447 1431 4301 1480 1463 4302 1481 1464 4303 1479 1461 4304 1477 1460 4305 1480 1463 4306 1479 1461 4307 1481 1464 4308 1482 1465 4309 1483 1462 4310 1484 1466 4311 1482 1465 4312 1481 1464 4313 1486 1467 4314 1484 1466 4315 1480 1463 4316 1485 1468 4317 1482 1465 4318 1484 1466 4319 1487 1469 4320 1482 1465 4321 1485 1468 4322 1487 1469 4323 1486 1467 4324 1444 1428 4325 1482 1465 4326 1487 1469 4327 1483 1462 4328 1444 1428 4329 1483 1462 4330 1487 1469 4331 1488 1470 4332 1486 1467 4333 1480 1463 4334 1488 1470 4335 1441 1425 4336 1486 1467 4337 1441 1425 4338 1444 1428 4339 1486 1467 4340 1488 1470 4341 1480 1463 4342 1489 1471 4343 1489 1471 4344 1490 1472 4345 1488 1470 4346 1490 1472 4347 1441 1425 4348 1488 1470 4349 1491 1473 4350 1490 1472 4351 1489 1471 4352 1490 1472 4353 1438 1422 4354 1441 1425 4355 1438 1422 4356 1490 1472 4357 1491 1473 4358 1492 1474 4359 1491 1473 4360 1489 1471 4361 1492 1474 4362 1493 1475 4363 1491 1473 4364 1491 1473 4365 1436 1420 4366 1438 1422 4367 1491 1473 4368 1493 1475 4369 1436 1420 4370 1494 1476 4371 1493 1475 4372 1492 1474 4373 1495 1477 4374 1493 1475 4375 1494 1476 4376 1493 1475 4377 1434 1418 4378 1436 1420 4379 1434 1418 4380 1493 1475 4381 1495 1477 4382 1494 1476 4383 1496 1478 4384 1495 1477 4385 1433 1416 4386 1434 1418 4387 1495 1477 4388 1495 1477 4389 1431 1479 4390 1433 1416 4391 1498 1480 4392 1494 1476 4393 1492 1474 4394 1499 1481 4395 1492 1474 4396 1489 1471 4397 1480 1463 4398 1499 1481 4399 1489 1471 4400 1439 1424 4401 1424 1410 4402 1421 1408 4403 1394 1380 4404 1395 1381 4405 1402 1388 4406 1391 1376 4407 1395 1381 4408 1389 1375 4409 1502 1482 4410 1505 1483 4411 1838 1484 4412 1501 1485 4413 1614 1486 4414 1504 1487 4415 1503 1488 4416 1506 1489 4417 1501 1485 4418 1501 1485 4419 1570 1490 4420 1503 1488 4421 1501 1485 4422 1507 1491 4423 1505 1483 4424 1506 1489 4425 1511 1492 4426 1507 1491 4427 1508 1493 4428 1509 1494 4429 1506 1489 4430 1509 1494 4431 1513 1495 4432 1512 1496 4433 1509 1494 4434 1514 1497 4435 1511 1492 4436 1516 1498 4437 1512 1496 4438 1513 1495 4439 1512 1496 4440 1517 1499 4441 1514 1497 4442 1516 1498 4443 1518 1500 4444 1515 1501 4445 1515 1501 4446 1519 1502 4447 1517 1499 4448 1518 1500 4449 1522 1503 4450 1519 1502 4451 1521 1504 4452 1522 1503 4453 1520 1505 4454 1554 1506 4455 1520 1505 4456 1516 1498 4457 1522 1503 4458 1525 1507 4459 1519 1502 4460 1522 1503 4461 1526 1508 4462 1524 1509 4463 1528 1510 4464 1524 1509 4465 1527 1511 4466 1529 1512 4467 1524 1509 4468 1526 1508 4469 1531 1513 4470 1527 1511 4471 1530 1514 4472 1530 1514 4473 1529 1512 4474 1532 1515 4475 1534 1516 4476 1530 1514 4477 1533 1517 4478 1533 1517 4479 1532 1515 4480 1535 1518 4481 1537 1519 4482 1533 1517 4483 1536 1520 4484 1536 1520 4485 1535 1518 4486 1539 1521 4487 1538 1522 4488 1537 1519 4489 1536 1520 4490 1540 1523 4491 1536 1520 4492 1539 1521 4493 1540 1523 4494 1541 1524 4495 1543 1525 4496 1539 1521 4497 1544 1526 4498 1541 1524 4499 1565 1527 4500 1541 1524 4501 1542 1528 4502 1542 1528 4503 1544 1526 4504 1545 1529 4505 1545 1529 4506 1546 1530 4507 1547 1531 4508 1535 1518 4509 1546 1530 4510 1544 1526 4511 1546 1530 4512 1549 1532 4513 1547 1531 4514 1532 1515 4515 1548 1533 4516 1546 1530 4517 1549 1532 4518 1550 1534 4519 1551 1535 4520 1548 1533 4521 1526 1508 4522 1550 1534 4523 1523 1536 4524 1550 1534 4525 1526 1508 4526 1552 1537 4527 1523 1536 4528 1521 1504 4529 1553 1538 4530 1551 1535 4531 1552 1537 4532 1554 1506 4533 1552 1537 4534 1521 1504 4535 1553 1538 4536 1556 1539 4537 1555 1540 4538 1549 1532 4539 1555 1540 4540 1547 1531 4541 1558 1541 4542 1555 1540 4543 1556 1539 4544 1557 1542 4545 1547 1531 4546 1555 1540 4547 1560 1543 4548 1557 1542 4549 1558 1541 4550 1559 1544 4551 1545 1529 4552 1557 1542 4553 1561 1545 4554 1542 1528 4555 1559 1544 4556 1563 1546 4557 1559 1544 4558 1560 1543 4559 1565 1527 4560 1562 1547 4561 1543 1525 4562 1561 1545 4563 1567 1548 4564 1562 1547 4565 1561 1545 4566 1569 1549 4567 1564 1550 4568 1566 1551 4569 1567 1548 4570 1564 1550 4571 1566 1551 4572 1568 1552 4573 1593 1553 4574 1569 1549 4575 1568 1552 4576 1564 1550 4577 1503 1488 4578 1569 1549 4579 1563 1546 4580 1570 1490 4581 1571 1554 4582 1569 1549 4583 1572 1555 4584 1573 1556 4585 1571 1554 4586 1571 1554 4587 1574 1557 4588 1568 1552 4589 1573 1556 4590 1577 1558 4591 1574 1557 4592 1575 1559 4593 1576 1560 4594 1573 1556 4595 1580 1561 4596 1578 1562 4597 1575 1559 4598 1580 1561 4599 1581 1563 4600 1579 1564 4601 1582 1565 4602 1583 1566 4603 1581 1563 4604 1583 1566 4605 1586 1567 4606 1585 1568 4607 1587 1569 4608 1586 1567 4609 1588 1570 4610 1588 1570 4611 1589 1571 4612 1587 1569 4613 1592 1572 4614 1589 1571 4615 1590 1573 4616 1574 1557 4617 1591 1574 4618 1592 1572 4619 1593 1553 4620 1590 1573 4621 1594 1575 4622 1568 1552 4623 1592 1572 4624 1593 1553 4625 1566 1551 4626 1594 1575 4627 1595 1576 4628 1599 1577 4629 1594 1575 4630 1597 1578 4631 1597 1578 4632 1596 1579 4633 1600 1580 4634 1596 1579 4635 1590 1573 4636 1588 1570 4637 1598 1581 4638 1600 1580 4639 1601 1582 4640 1598 1581 4641 1599 1577 4642 1597 1578 4643 1603 1583 4644 1600 1580 4645 1602 1584 4646 1602 1584 4647 1596 1579 4648 1605 1585 4649 1602 1584 4650 1744 1586 4651 1603 1583 4652 1604 1587 4653 1605 1585 4654 1606 1588 4655 1588 1570 4656 1605 1585 4657 1596 1579 4658 1584 1589 4659 1605 1585 4660 1586 1567 4661 1748 1590 4662 1606 1588 4663 1607 1591 4664 1607 1591 4665 1606 1588 4666 1608 1592 4667 1608 1592 4668 1606 1588 4669 1582 1565 4670 1606 1588 4671 1584 1589 4672 1582 1565 4673 1609 1593 4674 1607 1591 4675 1608 1592 4676 1609 1593 4677 1608 1592 4678 1610 1594 4679 1610 1594 4680 1608 1592 4681 1580 1561 4682 1608 1592 4683 1582 1565 4684 1580 1561 4685 1504 1487 4686 1609 1593 4687 1610 1594 4688 1570 1490 4689 1610 1594 4690 1572 1555 4691 1610 1594 4692 1575 1559 4693 1572 1555 4694 1614 1486 4695 1609 1593 4696 1504 1487 4697 1611 1595 4698 1607 1591 4699 1609 1593 4700 1612 1596 4701 1613 1597 4702 1611 1595 4703 1614 1486 4704 1612 1596 4705 1611 1595 4706 1617 1598 4707 1614 1486 4708 1502 1482 4709 1619 1599 4710 1615 1600 4711 1617 1598 4712 1615 1600 4713 1631 1601 4714 1612 1596 4715 1617 1598 4716 1620 1602 4717 1619 1599 4718 1502 1482 4719 1618 1603 4720 1617 1598 4721 1621 1604 4722 1620 1602 4723 1622 1605 4724 1619 1599 4725 1624 1606 4726 1616 1607 4727 1623 1608 4728 1622 1605 4729 1817 1609 4730 1621 1604 4731 1625 1610 4732 1624 1606 4733 1624 1606 4734 1628 1611 4735 1626 1612 4736 1624 1606 4737 1629 1613 4738 1616 1607 4739 1626 1612 4740 1799 1614 4741 1627 1615 4742 1626 1612 4743 1630 1616 4744 1629 1613 4745 1631 1601 4746 1629 1613 4747 1630 1616 4748 1635 1617 4749 1630 1616 4750 1632 1618 4751 1627 1615 4752 1632 1618 4753 1630 1616 4754 1636 1619 4755 1632 1618 4756 1633 1620 4757 1634 1621 4758 1633 1620 4759 1632 1618 4760 1635 1617 4761 1638 1622 4762 1637 1623 4763 1631 1601 4764 1637 1623 4765 1612 1596 4766 1637 1623 4767 1639 1624 4768 1613 1597 4769 1638 1622 4770 1642 1625 4771 1640 1626 4772 1639 1624 4773 1640 1626 4774 1643 1627 4775 1640 1626 4776 1660 1628 4777 1641 1629 4778 1643 1627 4779 1641 1629 4780 1645 1630 4781 1749 1631 4782 1643 1627 4783 1644 1632 4784 1644 1632 4785 1645 1630 4786 1646 1633 4787 1646 1633 4788 1647 1634 4789 1648 1635 4790 1647 1634 4791 1641 1629 4792 1649 1636 4793 1652 1637 4794 1647 1634 4795 1650 1638 4796 1647 1634 4797 1653 1639 4798 1650 1638 4799 1650 1638 4800 1836 1640 4801 1652 1637 4802 1654 1641 4803 1650 1638 4804 1653 1639 4805 1656 1642 4806 1653 1639 4807 1655 1643 4808 1649 1636 4809 1655 1643 4810 1653 1639 4811 1657 1644 4812 1656 1642 4813 1655 1643 4814 1655 1643 4815 1661 1645 4816 1657 1644 4817 1659 1646 4818 1661 1645 4819 1658 1647 4820 1660 1628 4821 1659 1646 4822 1658 1647 4823 1649 1636 4824 1660 1628 4825 1658 1647 4826 1657 1644 4827 1662 1648 4828 1675 1649 4829 1665 1650 4830 1661 1645 4831 1663 1651 4832 1666 1652 4833 1663 1651 4834 1664 1653 4835 1663 1651 4836 1810 1654 4837 1664 1653 4838 1665 1650 4839 1668 1655 4840 1667 1656 4841 1662 1648 4842 1667 1656 4843 1669 1657 4844 1667 1656 4845 1670 1658 4846 1669 1657 4847 1786 1659 4848 1669 1657 4849 1670 1658 4850 1672 1660 4851 1671 1661 4852 1674 1662 4853 1675 1649 4854 1669 1657 4855 1672 1660 4856 1672 1660 4857 1676 1663 4858 1675 1649 4859 1674 1662 4860 1673 1664 4861 1672 1660 4862 1675 1649 4863 1678 1665 4864 1657 1644 4865 1676 1663 4866 1679 1666 4867 1678 1665 4868 1677 1667 4869 1673 1664 4870 1837 1668 4871 1679 1666 4872 1656 1642 4873 1678 1665 4874 1677 1667 4875 1680 1669 4876 1679 1666 4877 1651 1670 4878 1679 1666 4879 1680 1669 4880 1681 1671 4881 1682 1672 4882 1680 1669 4883 1680 1669 4884 1683 1673 4885 1651 1670 4886 1682 1672 4887 1686 1674 4888 1683 1673 4889 1684 1675 4890 1685 1676 4891 1682 1672 4892 1688 1677 4893 1686 1674 4894 1685 1676 4895 1687 1678 4896 1688 1677 4897 1685 1676 4898 1689 1679 4899 1691 1680 4900 1692 1681 4901 1688 1677 4902 1693 1682 4903 1691 1680 4904 1694 1683 4905 1692 1681 4906 1691 1680 4907 1693 1682 4908 1694 1683 4909 1691 1680 4910 1695 1684 4911 1697 1685 4912 1699 1686 4913 1697 1685 4914 1696 1687 4915 1700 1688 4916 1698 1689 4917 1700 1688 4918 1701 1690 4919 1832 1691 4920 1697 1685 4921 1698 1689 4922 1700 1688 4923 1703 1692 4924 1701 1690 4925 1700 1688 4926 1704 1693 4927 1702 1694 4928 1707 1695 4929 1702 1694 4930 1705 1696 4931 1705 1696 4932 1704 1693 4933 1706 1697 4934 1708 1698 4935 1706 1697 4936 1709 1699 4937 1710 1700 4938 1705 1696 4939 1708 1698 4940 1711 1701 4941 1709 1699 4942 1712 1702 4943 1713 1703 4944 1708 1698 4945 1711 1701 4946 1714 1704 4947 1712 1702 4948 1716 1705 4949 1715 1706 4950 1711 1701 4951 1714 1704 4952 1719 1707 4953 1714 1704 4954 1717 1708 4955 1717 1708 4956 1716 1705 4957 1718 1709 4958 1717 1708 4959 1720 1710 4960 1719 1707 4961 1724 1711 4962 1719 1707 4963 1720 1710 4964 1721 1712 4965 1715 1706 4966 1719 1707 4967 1719 1707 4968 1726 1713 4969 1721 1712 4970 1723 1714 4971 1724 1711 4972 1785 1715 4973 1723 1714 4974 1725 1716 4975 1722 1717 4976 1725 1716 4977 1726 1713 4978 1722 1717 4979 1726 1713 4980 1818 1718 4981 1721 1712 4982 1728 1719 4983 1727 1720 4984 1726 1713 4985 1730 1721 4986 1729 1722 4987 1728 1719 4988 1732 1723 4989 1728 1719 4990 1725 1716 4991 1762 1724 4992 1730 1721 4993 1732 1723 4994 1731 1725 4995 1733 1726 4996 1730 1721 4997 1733 1726 4998 1737 1727 4999 1729 1722 5000 1734 1728 5001 1735 1729 5002 1733 1726 5003 1736 1730 5004 1738 1731 5005 1735 1729 5006 1737 1727 5007 1735 1729 5008 1739 1732 5009 1735 1729 5010 1738 1731 5011 1739 1732 5012 1646 1633 5013 1739 1732 5014 1644 1632 5015 1737 1727 5016 1739 1732 5017 1646 1633 5018 1739 1732 5019 1738 1731 5020 1740 1733 5021 1739 1732 5022 1740 1733 5023 1644 1632 5024 1743 1734 5025 1741 1735 5026 1745 1736 5027 1741 1735 5028 1742 1737 5029 1756 1738 5030 1746 1739 5031 1740 1733 5032 1743 1734 5033 1738 1731 5034 1742 1737 5035 1740 1733 5036 1744 1586 5037 1745 1736 5038 1603 1583 5039 1744 1586 5040 1746 1739 5041 1743 1734 5042 1749 1631 5043 1746 1739 5044 1747 1740 5045 1748 1590 5046 1744 1586 5047 1604 1587 5048 1748 1590 5049 1749 1631 5050 1747 1740 5051 1613 1597 5052 1749 1631 5053 1607 1591 5054 1750 1741 5055 1603 1583 5056 1745 1736 5057 1745 1736 5058 1752 1742 5059 1750 1741 5060 1601 1582 5061 1751 1743 5062 1598 1581 5063 1750 1741 5064 1753 1744 5065 1751 1743 5066 1741 1735 5067 1754 1745 5068 1752 1742 5069 1752 1742 5070 1757 1746 5071 1753 1744 5072 1756 1738 5073 1755 1747 5074 1754 1745 5075 1754 1745 5076 1758 1748 5077 1757 1746 5078 1757 1746 5079 1760 1749 5080 1753 1744 5081 1758 1748 5082 1759 1750 5083 1757 1746 5084 1759 1750 5085 1725 1716 5086 1760 1749 5087 1759 1750 5088 1762 1724 5089 1732 1723 5090 1766 1751 5091 1761 1752 5092 1758 1748 5093 1764 1753 5094 1761 1752 5095 1763 1754 5096 1765 1755 5097 1764 1753 5098 1763 1754 5099 1767 1756 5100 1763 1754 5101 1766 1751 5102 1766 1751 5103 1755 1747 5104 1767 1756 5105 1769 1757 5106 1767 1756 5107 1755 1747 5108 1765 1755 5109 1768 1758 5110 1770 1759 5111 1769 1757 5112 1771 1760 5113 1768 1758 5114 1771 1760 5115 1770 1759 5116 1768 1758 5117 1771 1760 5118 1774 1761 5119 1772 1762 5120 1756 1738 5121 1773 1763 5122 1769 1757 5123 1738 1731 5124 1773 1763 5125 1742 1737 5126 1775 1764 5127 1774 1761 5128 1736 1730 5129 1770 1759 5130 1775 1764 5131 1776 1765 5132 1776 1765 5133 1736 1730 5134 1734 1728 5135 1734 1728 5136 1777 1766 5137 1776 1765 5138 1776 1765 5139 1765 1755 5140 1770 1759 5141 1764 1753 5142 1731 1725 5143 1762 1724 5144 1753 1744 5145 1723 1714 5146 1778 1767 5147 1753 1744 5148 1781 1768 5149 1751 1743 5150 1778 1767 5151 1785 1715 5152 1780 1769 5153 1781 1768 5154 1779 1770 5155 1782 1771 5156 1779 1770 5157 1780 1769 5158 1784 1772 5159 1598 1581 5160 1781 1768 5161 1782 1771 5162 1599 1577 5163 1779 1770 5164 1595 1576 5165 1784 1772 5166 1783 1773 5167 1787 1774 5168 1780 1769 5169 1786 1659 5170 1783 1773 5171 1785 1715 5172 1671 1661 5173 1786 1659 5174 1783 1773 5175 1670 1658 5176 1807 1775 5177 1779 1770 5178 1788 1776 5179 1595 1576 5180 1784 1772 5181 1789 1777 5182 1788 1776 5183 1595 1576 5184 1790 1778 5185 1566 1551 5186 1788 1776 5187 1791 1779 5188 1790 1778 5189 1790 1778 5190 1792 1780 5191 1567 1548 5192 1791 1779 5193 1794 1781 5194 1792 1780 5195 1789 1777 5196 1793 1782 5197 1791 1779 5198 1793 1782 5199 1797 1783 5200 1794 1781 5201 1795 1784 5202 1796 1785 5203 1793 1782 5204 1796 1785 5205 1628 1611 5206 1797 1783 5207 1798 1786 5208 1799 1614 5209 1796 1785 5210 1627 1615 5211 1800 1787 5212 1634 1621 5213 1802 1788 5214 1800 1787 5215 1801 1789 5216 1803 1790 5217 1800 1787 5218 1798 1786 5219 1802 1788 5220 1804 1791 5221 1805 1792 5222 1804 1791 5223 1803 1790 5224 1806 1793 5225 1666 1652 5226 1806 1793 5227 1668 1655 5228 1804 1791 5229 1664 1653 5230 1805 1792 5231 1668 1655 5232 1807 1775 5233 1670 1658 5234 1806 1793 5235 1808 1794 5236 1807 1775 5237 1787 1774 5238 1807 1775 5239 1808 1794 5240 1787 1774 5241 1795 1784 5242 1789 1777 5243 1808 1794 5244 1798 1786 5245 1795 1784 5246 1664 1653 5247 1809 1795 5248 1805 1792 5249 1805 1792 5250 1633 1620 5251 1802 1788 5252 1636 1619 5253 1809 1795 5254 1642 1625 5255 1642 1625 5256 1810 1654 5257 1660 1628 5258 1625 1610 5259 1797 1783 5260 1628 1611 5261 1811 1796 5262 1792 1780 5263 1794 1781 5264 1623 1608 5265 1794 1781 5266 1625 1610 5267 1811 1796 5268 1817 1609 5269 1812 1797 5270 1813 1798 5271 1812 1797 5272 1814 1799 5273 1562 1547 5274 1814 1799 5275 1543 1525 5276 1813 1798 5277 1567 1548 5278 1792 1780 5279 1814 1799 5280 1540 1523 5281 1543 1525 5282 1812 1797 5283 1815 1800 5284 1814 1799 5285 1538 1522 5286 1815 1800 5287 1816 1801 5288 1816 1801 5289 1817 1609 5290 1622 1605 5291 1816 1801 5292 1620 1602 5293 1618 1603 5294 1538 1522 5295 1618 1603 5296 1838 1484 5297 1648 1635 5298 1737 1727 5299 1646 1633 5300 1729 1722 5301 1648 1635 5302 1727 1720 5303 1727 1720 5304 1652 1637 5305 1818 1718 5306 1818 1718 5307 1821 1802 5308 1721 1712 5309 1820 1803 5310 1818 1718 5311 1652 1637 5312 1824 1804 5313 1819 1805 5314 1820 1803 5315 1819 1805 5316 1823 1806 5317 1821 1802 5318 1822 1807 5319 1826 1808 5320 1823 1806 5321 1824 1804 5322 1825 1809 5323 1822 1807 5324 1825 1809 5325 1829 1810 5326 1826 1808 5327 1827 1811 5328 1828 1812 5329 1825 1809 5330 1828 1812 5331 1701 1690 5332 1829 1810 5333 1832 1691 5334 1828 1812 5335 1830 1813 5336 1699 1686 5337 1830 1813 5338 1831 1814 5339 1827 1811 5340 1831 1814 5341 1830 1813 5342 1695 1684 5343 1831 1814 5344 1692 1681 5345 1833 1815 5346 1692 1681 5347 1831 1814 5348 1833 1815 5349 1824 1804 5350 1834 1816 5351 1689 1679 5352 1834 1816 5353 1686 1674 5354 1834 1816 5355 1820 1803 5356 1835 1817 5357 1686 1674 5358 1835 1817 5359 1683 1673 5360 1835 1817 5361 1652 1637 5362 1836 1640 5363 1683 1673 5364 1836 1640 5365 1651 1670 5366 1829 1810 5367 1703 1692 5368 1707 1695 5369 1826 1808 5370 1707 1695 5371 1710 1700 5372 1823 1806 5373 1710 1700 5374 1713 1703 5375 1821 1802 5376 1713 1703 5377 1715 1706 5378 1671 1661 5379 1720 1710 5380 1674 1662 5381 1720 1710 5382 1837 1668 5383 1674 1662 5384 1681 1671 5385 1837 1668 5386 1718 1709 5387 1718 1709 5388 1684 1675 5389 1681 1671 5390 1716 1705 5391 1687 1678 5392 1684 1675 5393 1712 1702 5394 1690 1818 5395 1687 1678 5396 1690 1818 5397 1706 1697 5398 1693 1682 5399 1706 1697 5400 1696 1687 5401 1693 1682 5402 1505 1483 5403 1537 1519 5404 1838 1484 5405 1503 1488 5406 1560 1543 5407 1508 1493 5408 1508 1493 5409 1558 1541 5410 1510 1819 5411 1510 1819 5412 1556 1539 5413 1513 1495 5414 1554 1506 5415 1513 1495 5416 1556 1539 5417 1507 1491 5418 1534 1516 5419 1537 1519 5420 1511 1492 5421 1531 1513 5422 1534 1516 5423 1514 1497 5424 1528 1510 5425 1531 1513 5426 1517 1499 5427 1525 1507 5428 1528 1510 5429 1845 1820 5430 1839 1821 5431 1840 1822 5432 1850 1823 5433 1840 1822 5434 1839 1821 5435 1841 1824 5436 1839 1821 5437 1842 1825 5438 1842 1825 5439 1839 1821 5440 1843 1826 5441 1843 1826 5442 1839 1821 5443 1844 1827 5444 1844 1827 5445 1839 1821 5446 1845 1820 5447 1846 1828 5448 1847 1829 5449 1839 1821 5450 1847 1829 5451 1848 1830 5452 1839 1821 5453 1848 1830 5454 1849 1831 5455 1839 1821 5456 1849 1831 5457 1850 1823 5458 1839 1821 5459 1851 1832 5460 1849 1831 5461 1853 1833 5462 1854 1834 5463 1850 1823 5464 1851 1832 5465 1852 1835 5466 1853 1833 5467 1903 1836 5468 1855 1837 5469 1851 1832 5470 1852 1835 5471 1845 1820 5472 1854 1834 5473 1856 1838 5474 1856 1838 5475 1855 1837 5476 1857 1839 5477 1844 1827 5478 1856 1838 5479 1858 1840 5480 1858 1840 5481 1857 1839 5482 1859 1841 5483 1843 1826 5484 1858 1840 5485 1860 1842 5486 1860 1842 5487 1859 1841 5488 1861 1843 5489 1842 1825 5490 1860 1842 5491 1862 1844 5492 1862 1844 5493 1861 1843 5494 1863 1845 5495 1864 1846 5496 1842 1825 5497 1862 1844 5498 1865 1847 5499 1862 1844 5500 1863 1845 5501 1866 1848 5502 1863 1845 5503 1867 1849 5504 1868 1850 5505 1867 1849 5506 1870 1851 5507 1868 1850 5508 1871 1852 5509 1869 1853 5510 1870 1851 5511 1873 1854 5512 1872 1855 5513 1871 1852 5514 1872 1855 5515 1874 1856 5516 1872 1855 5517 1876 1857 5518 1875 1858 5519 1874 1856 5520 1875 1858 5521 1877 1859 5522 1875 1858 5523 1879 1860 5524 1878 1861 5525 1877 1859 5526 1878 1861 5527 1880 1862 5528 1878 1861 5529 1882 1863 5530 1881 1864 5531 1880 1862 5532 1881 1864 5533 1883 1865 5534 1884 1866 5535 1882 1863 5536 1885 1867 5537 1886 1868 5538 1881 1864 5539 1884 1866 5540 1887 1869 5541 1885 1867 5542 1888 1870 5543 1890 1871 5544 1884 1866 5545 1887 1869 5546 1889 1872 5547 1888 1870 5548 1900 1873 5549 1891 1874 5550 1887 1869 5551 1889 1872 5552 1892 1875 5553 1889 1872 5554 1893 1876 5555 1892 1875 5556 1895 1877 5557 1894 1878 5558 1895 1877 5559 1898 1879 5560 1896 1880 5561 1896 1880 5562 1899 1881 5563 1897 1882 5564 1898 1879 5565 1901 1883 5566 1899 1881 5567 1893 1876 5568 1900 1873 5569 1898 1879 5570 1900 1873 5571 1903 1836 5572 1901 1883 5573 1901 1883 5574 1904 1884 5575 1899 1881 5576 1903 1836 5577 1902 1885 5578 1901 1883 5579 1888 1870 5580 1852 1835 5581 1903 1836 5582 1902 1885 5583 1847 1829 5584 1904 1884 5585 1853 1833 5586 1848 1830 5587 1902 1885 5588 1897 1882 5589 1904 1884 5590 1905 1886 5591 1905 1886 5592 1847 1829 5593 1846 1828 5594 1885 1867 5595 1855 1837 5596 1852 1835 5597 1879 1860 5598 1855 1837 5599 1882 1863 5600 1876 1857 5601 1857 1839 5602 1879 1860 5603 1873 1854 5604 1859 1841 5605 1876 1857 5606 1867 1849 5607 1861 1843 5608 1873 1854 5609 1906 1887 5610 1912 1888 5611 1911 1889 5612 1907 1890 5613 1906 1887 5614 1908 1891 5615 1908 1891 5616 1906 1887 5617 1910 1892 5618 1909 1893 5619 1911 1889 5620 1913 1894 5621 1906 1887 5622 1909 1893 5623 1910 1892 5624 1916 1895 5625 1913 1894 5626 1914 1896 5627 1917 1897 5628 1914 1896 5629 1915 1898 5630 1918 1899 5631 1916 1895 5632 1917 1897 5633 1918 1899 5634 1910 1892 5635 1916 1895 5636 1910 1892 5637 1909 1893 5638 1916 1895 5639 1910 1892 5640 1918 1899 5641 1921 1900 5642 1919 1901 5643 1918 1899 5644 1917 1897 5645 1920 1902 5646 1918 1899 5647 1919 1901 5648 1918 1899 5649 1920 1902 5650 1921 1900 5651 1910 1892 5652 1921 1900 5653 1922 1903 5654 1924 1904 5655 1922 1903 5656 1921 1900 5657 1921 1900 5658 1920 1902 5659 1923 1905 5660 1923 1905 5661 1924 1904 5662 1921 1900 5663 1925 1906 5664 1924 1904 5665 1927 1907 5666 1922 1903 5667 1924 1904 5668 1925 1906 5669 1924 1904 5670 1923 1905 5671 1926 1908 5672 1924 1904 5673 1926 1908 5674 1927 1907 5675 1928 1909 5676 1927 1907 5677 1930 1910 5678 1925 1906 5679 1927 1907 5680 1928 1909 5681 1927 1907 5682 1926 1908 5683 1929 1911 5684 1927 1907 5685 1929 1911 5686 1930 1910 5687 1930 1910 5688 1934 1912 5689 1931 1913 5690 1930 1910 5691 1931 1913 5692 1928 1909 5693 1932 1914 5694 1930 1910 5695 1929 1911 5696 1930 1910 5697 1935 1915 5698 1933 1916 5699 1932 1914 5700 1936 1917 5701 1935 1915 5702 1940 1918 5703 1936 1917 5704 1938 1919 5705 1938 1919 5706 1932 1914 5707 1929 1911 5708 1929 1911 5709 1941 1920 5710 1938 1919 5711 1939 1921 5712 1940 1918 5713 1938 1919 5714 1941 1920 5715 1939 1921 5716 1938 1919 5717 1943 1922 5718 1941 1920 5719 1942 1923 5720 1941 1920 5721 1926 1908 5722 1942 1923 5723 1926 1908 5724 1941 1920 5725 1929 1911 5726 1943 1922 5727 1939 1921 5728 1941 1920 5729 1944 1924 5730 1945 1925 5731 1943 1922 5732 1944 1924 5733 1943 1922 5734 1942 1923 5735 1943 1922 5736 1946 1926 5737 1939 1921 5738 1943 1922 5739 1945 1925 5740 1946 1926 5741 1946 1926 5742 1945 1925 5743 1948 1927 5744 1947 1928 5745 1949 1929 5746 1946 1926 5747 1948 1927 5748 1947 1928 5749 1946 1926 5750 1946 1926 5751 1949 1929 5752 1939 1921 5753 1950 1930 5754 1951 1931 5755 1949 1929 5756 1949 1929 5757 1947 1928 5758 1950 1930 5759 1939 1921 5760 1949 1929 5761 1940 1918 5762 1951 1931 5763 1940 1918 5764 1949 1929 5765 1955 1932 5766 1952 1933 5767 1950 1930 5768 1954 1934 5769 1955 1932 5770 1956 1935 5771 1955 1932 5772 1957 1936 5773 1956 1935 5774 1957 1936 5775 1955 1932 5776 1958 1937 5777 1958 1937 5778 1955 1932 5779 1947 1928 5780 1950 1930 5781 1947 1928 5782 1955 1932 5783 1959 1938 5784 1957 1936 5785 1958 1937 5786 1959 1938 5787 1958 1937 5788 1960 1939 5789 1958 1937 5790 1947 1928 5791 1948 1927 5792 1960 1939 5793 1958 1937 5794 1948 1927 5795 1961 1940 5796 1959 1938 5797 1960 1939 5798 1960 1939 5799 1963 1941 5800 1961 1940 5801 1962 1942 5802 1963 1941 5803 1960 1939 5804 1960 1939 5805 1948 1927 5806 1962 1942 5807 1964 1943 5808 1961 1940 5809 1963 1941 5810 1964 1943 5811 1963 1941 5812 1966 1944 5813 1963 1941 5814 1962 1942 5815 1965 1945 5816 1966 1944 5817 1963 1941 5818 1965 1945 5819 1966 1944 5820 1967 1946 5821 1964 1943 5822 1966 1944 5823 1969 1947 5824 1967 1946 5825 1968 1948 5826 1969 1947 5827 1966 1944 5828 1965 1945 5829 1968 1948 5830 1966 1944 5831 1969 1947 5832 1972 1949 5833 1967 1946 5834 1968 1948 5835 1970 1950 5836 1969 1947 5837 1973 1951 5838 1969 1947 5839 1970 1950 5840 1976 1952 5841 1973 1951 5842 1970 1950 5843 1976 1952 5844 1975 1953 5845 1974 1954 5846 1976 1952 5847 1980 1955 5848 1977 1956 5849 1976 1952 5850 1977 1956 5851 1979 1957 5852 1976 1952 5853 1979 1957 5854 1978 1958 5855 1976 1952 5856 1970 1950 5857 1980 1955 5858 1980 1955 5859 1968 1948 5860 1965 1945 5861 1965 1945 5862 1981 1959 5863 1980 1955 5864 1980 1955 5865 1970 1950 5866 1968 1948 5867 1980 1955 5868 1981 1959 5869 1977 1956 5870 1945 1925 5871 1981 1959 5872 1962 1942 5873 1965 1945 5874 1962 1942 5875 1981 1959 5876 1977 1956 5877 1981 1959 5878 1944 1924 5879 1944 1924 5880 1981 1959 5881 1945 1925 5882 1979 1957 5883 1920 1902 5884 1919 1901 5885 1920 1902 5886 1979 1957 5887 1982 1960 5888 1979 1957 5889 1919 1901 5890 1978 1958 5891 1979 1957 5892 1977 1956 5893 1982 1960 5894 1942 1923 5895 1923 1905 5896 1982 1960 5897 1920 1902 5898 1982 1960 5899 1923 1905 5900 1977 1956 5901 1944 1924 5902 1982 1960 5903 1944 1924 5904 1942 1923 5905 1982 1960 5906 1919 1901 5907 1917 1897 5908 1978 1958 5909 1917 1897 5910 1975 1953 5911 1978 1958 5912 1967 1946 5913 1983 1961 5914 1985 1962 5915 1985 1962 5916 1984 1963 5917 1986 1964 5918 1986 1964 5919 1964 1943 5920 1985 1962 5921 1964 1943 5922 1967 1946 5923 1985 1962 5924 1986 1964 5925 1997 1965 5926 1987 1966 5927 1987 1966 5928 1988 1967 5929 1986 1964 5930 1988 1967 5931 1964 1943 5932 1986 1964 5933 1989 1968 5934 1988 1967 5935 1987 1966 5936 1988 1967 5937 1961 1940 5938 1964 1943 5939 1961 1940 5940 1988 1967 5941 1989 1968 5942 1990 1969 5943 1991 1970 5944 1989 1968 5945 1990 1969 5946 1989 1968 5947 1987 1966 5948 1989 1968 5949 1959 1938 5950 1961 1940 5951 1989 1968 5952 1991 1970 5953 1959 1938 5954 1993 1971 5955 1991 1970 5956 1992 1972 5957 1992 1972 5958 1991 1970 5959 1990 1969 5960 1993 1971 5961 1959 1938 5962 1991 1970 5963 1957 1936 5964 1959 1938 5965 1993 1971 5966 1992 1972 5967 1994 1973 5968 1993 1971 5969 1956 1935 5970 1957 1936 5971 1993 1971 5972 1993 1971 5973 1954 1934 5974 1956 1935 5975 1990 1969 5976 1995 1974 5977 1992 1972 5978 1987 1966 5979 1996 1975 5980 1990 1969 5981 1962 1942 5982 1948 1927 5983 1945 1925 5984 1923 1905 5985 1942 1923 5986 1926 1908 5987 2000 1976 5988 1934 1912 5989 1998 1977 5990 2001 1978 5991 1998 1977 5992 1999 1979 5993 2000 1976 5994 2002 1980 5995 1925 1906 5996 1928 1909 5997 2000 1976 5998 1925 1906 5999 2000 1976 6000 2001 1978 6001 2002 1980 6002 1931 1913 6003 2000 1976 6004 1928 1909 6005 2001 1978 6006 2003 1981 6007 2002 1980 6008 2003 1981 6009 2004 1982 6010 2002 1980 6011 2004 1982 6012 1925 1906 6013 2002 1980 6014 2003 1981 6015 1907 1890 6016 2004 1982 6017 2004 1982 6018 1907 1890 6019 1908 1891 6020 1922 1903 6021 2004 1982 6022 1908 1891 6023 2004 1982 6024 1922 1903 6025 1925 1906 6026 1907 1890 6027 2005 1983 6028 1912 1888 6029 2003 1981 6030 1999 1979 6031 2005 1983 6032 1908 1891 6033 1910 1892 6034 1922 1903 6035 1 0 6036 0 3 6037 3 1 6038 0 3 6039 1 0 6040 5 4 6041 0 3 6042 2 8 6043 13 6 6044 0 3 6045 4 5 6046 6 7 6047 2 8 6048 6 7 6049 7 9 6050 10 11 6051 9 10 6052 7 9 6053 9 10 6054 10 11 6055 12 13 6056 2 8 6057 9 10 6058 11 14 6059 12 13 6060 15 17 6061 14 15 6062 13 6 6063 11 14 6064 14 15 6065 15 17 6066 18 20 6067 17 18 6068 16 16 6069 14 15 6070 17 18 6071 18 20 6072 21 23 6073 20 21 6074 19 19 6075 17 18 6076 20 21 6077 21 23 6078 24 26 6079 23 24 6080 22 22 6081 20 21 6082 23 24 6083 34 35 6084 33 30 6085 24 26 6086 35 36 6087 27 28 6088 33 30 6089 36 37 6090 34 35 6091 21 23 6092 37 38 6093 35 36 6094 34 35 6095 38 39 6096 36 37 6097 18 20 6098 39 40 6099 37 38 6100 36 37 6101 40 41 6102 38 39 6103 15 17 6104 41 42 6105 39 40 6106 38 39 6107 10 11 6108 42 44 6109 40 41 6110 43 43 6111 41 42 6112 40 41 6113 42 44 6114 10 11 6115 8 12 6116 43 43 6117 42 44 6118 44 45 6119 43 43 6120 45 46 6121 46 47 6122 48 48 6123 46 47 6124 47 49 6125 48 48 6126 50 51 6127 41 42 6128 49 50 6129 51 65 6130 50 51 6131 41 42 6132 50 51 6133 52 52 6134 50 51 6135 51 65 6136 53 53 6137 39 40 6138 52 52 6139 54 54 6140 52 52 6141 53 53 6142 55 55 6143 37 38 6144 54 54 6145 56 56 6146 54 54 6147 55 55 6148 57 57 6149 35 36 6150 56 56 6151 28 29 6152 56 56 6153 57 57 6154 29 31 6155 60 58 6156 58 59 6157 57 57 6158 58 59 6159 30 32 6160 29 31 6161 61 60 6162 59 61 6163 58 59 6164 59 61 6165 31 33 6166 30 32 6167 62 62 6168 60 58 6169 55 55 6170 63 63 6171 61 60 6172 60 58 6173 64 64 6174 62 62 6175 53 53 6176 65 2 6177 63 63 6178 62 62 6179 66 66 6180 64 64 6181 51 65 6182 1 0 6183 65 2 6184 64 64 6185 66 66 6186 49 50 6187 47 49 6188 1 0 6189 66 66 6190 67 67 6191 3 1 6192 68 68 6193 63 63 6194 68 68 6195 69 69 6196 61 60 6197 3 1 6198 13 6 6199 16 16 6200 68 68 6201 16 16 6202 19 19 6203 69 69 6204 70 70 6205 59 61 6206 69 69 6207 19 19 6208 22 22 6209 70 70 6210 32 34 6211 31 33 6212 70 70 6213 22 22 6214 25 25 6215 91 71 6216 72 74 6217 71 72 6218 72 74 6219 76 113 6220 75 75 6221 84 76 6222 73 73 6223 71 72 6224 74 77 6225 71 72 6226 75 75 6227 80 79 6228 74 77 6229 77 78 6230 80 79 6231 78 80 6232 79 81 6233 81 82 6234 83 84 6235 82 83 6236 82 83 6237 84 76 6238 74 77 6239 83 84 6240 86 121 6241 85 85 6242 84 76 6243 82 83 6244 85 85 6245 73 73 6246 84 76 6247 87 86 6248 91 71 6249 73 73 6250 88 87 6251 92 89 6252 91 71 6253 89 88 6254 93 91 6255 72 74 6256 91 71 6257 92 89 6258 94 93 6259 95 92 6260 94 93 6261 92 89 6262 90 90 6263 97 95 6264 99 97 6265 95 92 6266 96 94 6267 100 1984 6268 97 95 6269 98 96 6270 115 103 6271 99 97 6272 97 95 6273 100 1984 6274 101 98 6275 101 98 6276 102 1985 6277 104 99 6278 104 99 6279 102 1985 6280 103 100 6281 98 96 6282 104 99 6283 105 102 6284 108 104 6285 105 102 6286 104 99 6287 108 104 6288 106 101 6289 107 105 6290 106 101 6291 103 100 6292 126 107 6293 109 106 6294 111 1986 6295 110 108 6296 110 108 6297 112 109 6298 105 102 6299 112 109 6300 113 1987 6301 115 103 6302 115 103 6303 113 1987 6304 114 110 6305 99 97 6306 114 110 6307 116 111 6308 93 91 6309 95 92 6310 116 111 6311 72 74 6312 93 91 6313 117 112 6314 118 114 6315 111 1986 6316 109 106 6317 119 116 6318 118 114 6319 120 115 6320 120 115 6321 109 106 6322 107 105 6323 122 117 6324 120 115 6325 121 118 6326 83 84 6327 81 82 6328 122 117 6329 81 82 6330 79 81 6331 119 116 6332 83 84 6333 123 119 6334 124 120 6335 125 122 6336 124 120 6337 123 119 6338 126 107 6339 125 122 6340 121 118 6341 127 123 6342 128 1988 6343 133 124 6344 148 126 6345 128 1988 6346 127 123 6347 131 128 6348 129 127 6349 127 123 6350 130 125 6351 132 130 6352 141 129 6353 133 124 6354 134 132 6355 132 130 6356 136 131 6357 132 130 6358 134 132 6359 136 131 6360 135 133 6361 137 134 6362 139 135 6363 137 134 6364 138 136 6365 139 135 6366 141 129 6367 132 130 6368 140 137 6369 142 138 6370 141 129 6371 131 128 6372 141 129 6373 142 138 6374 142 138 6375 144 141 6376 145 140 6377 140 137 6378 138 136 6379 144 141 6380 147 142 6381 143 139 6382 145 140 6383 146 143 6384 148 126 6385 129 127 6386 147 142 6387 129 127 6388 131 128 6389 155 144 6390 153 150 6391 149 145 6392 149 145 6393 151 149 6394 196 147 6395 152 148 6396 260 252 6397 151 149 6398 153 150 6399 154 267 6400 152 148 6401 157 151 6402 154 267 6403 153 150 6404 158 153 6405 156 152 6406 153 150 6407 160 154 6408 157 151 6409 156 152 6410 159 155 6411 156 152 6412 158 153 6413 163 157 6414 160 154 6415 159 155 6416 162 158 6417 159 155 6418 161 156 6419 166 160 6420 163 157 6421 162 158 6422 165 161 6423 162 158 6424 164 159 6425 168 163 6426 169 262 6427 166 160 6428 168 163 6429 165 161 6430 167 162 6431 172 165 6432 169 262 6433 168 163 6434 173 167 6435 171 166 6436 168 163 6437 175 168 6438 172 165 6439 171 166 6440 174 169 6441 171 166 6442 173 167 6443 177 171 6444 178 258 6445 175 168 6446 177 171 6447 174 169 6448 176 170 6449 181 173 6450 178 258 6451 177 171 6452 182 175 6453 180 174 6454 177 171 6455 183 176 6456 184 179 6457 181 173 6458 185 177 6459 183 176 6460 180 174 6461 186 178 6462 187 255 6463 184 179 6464 186 178 6465 183 176 6466 185 177 6467 190 181 6468 187 255 6469 186 178 6470 191 183 6471 189 182 6472 186 178 6473 192 184 6474 193 186 6475 190 181 6476 194 185 6477 192 184 6478 189 182 6479 151 149 6480 260 252 6481 193 186 6482 151 149 6483 192 184 6484 194 185 6485 195 187 6486 194 185 6487 191 183 6488 197 189 6489 196 147 6490 194 185 6491 199 190 6492 150 146 6493 196 147 6494 198 191 6495 197 189 6496 195 187 6497 199 190 6498 197 189 6499 198 191 6500 200 194 6501 155 144 6502 150 146 6503 200 194 6504 199 190 6505 201 193 6506 201 193 6507 198 191 6508 243 196 6509 203 195 6510 201 193 6511 202 197 6512 205 199 6513 206 202 6514 200 194 6515 205 199 6516 203 195 6517 204 198 6518 208 201 6519 209 250 6520 206 202 6521 208 201 6522 205 199 6523 207 200 6524 212 204 6525 209 250 6526 208 201 6527 211 205 6528 208 201 6529 210 203 6530 215 207 6531 212 204 6532 211 205 6533 216 209 6534 214 208 6535 211 205 6536 218 210 6537 215 207 6538 214 208 6539 217 211 6540 214 208 6541 216 209 6542 221 213 6543 218 210 6544 217 211 6545 222 215 6546 220 214 6547 217 211 6548 223 216 6549 224 249 6550 221 213 6551 223 216 6552 220 214 6553 222 215 6554 227 218 6555 224 249 6556 223 216 6557 226 219 6558 223 216 6559 225 217 6560 230 221 6561 227 218 6562 226 219 6563 231 223 6564 229 222 6565 226 219 6566 232 224 6567 233 248 6568 230 221 6569 234 225 6570 232 224 6571 229 222 6572 236 226 6573 233 248 6574 232 224 6575 235 227 6576 232 224 6577 234 225 6578 238 229 6579 239 188 6580 236 226 6581 238 229 6582 235 227 6583 237 228 6584 195 187 6585 239 188 6586 238 229 6587 241 192 6588 238 229 6589 240 230 6590 243 196 6591 198 191 6592 241 192 6593 246 232 6594 243 196 6595 242 231 6596 242 231 6597 240 230 6598 245 234 6599 247 235 6600 202 197 6601 243 196 6602 204 198 6603 202 197 6604 247 235 6605 249 237 6606 207 200 6607 204 198 6608 250 238 6609 210 203 6610 207 200 6611 213 206 6612 210 203 6613 250 238 6614 252 240 6615 216 209 6616 213 206 6617 219 212 6618 216 209 6619 252 240 6620 254 242 6621 222 215 6622 219 212 6623 255 243 6624 225 217 6625 222 215 6626 228 220 6627 225 217 6628 255 243 6629 231 223 6630 228 220 6631 256 244 6632 234 225 6633 231 223 6634 257 245 6635 259 247 6636 237 228 6637 234 225 6638 245 234 6639 240 230 6640 237 228 6641 191 183 6642 188 180 6643 236 226 6644 188 180 6645 185 177 6646 233 248 6647 233 248 6648 185 177 6649 182 175 6650 182 175 6651 179 172 6652 227 218 6653 179 172 6654 176 170 6655 224 249 6656 176 170 6657 173 167 6658 221 213 6659 173 167 6660 170 164 6661 218 210 6662 218 210 6663 170 164 6664 167 162 6665 215 207 6666 167 162 6667 164 159 6668 212 204 6669 164 159 6670 161 156 6671 209 250 6672 161 156 6673 158 153 6674 206 202 6675 158 153 6676 155 144 6677 262 251 6678 261 253 6679 193 186 6680 261 253 6681 263 1989 6682 190 181 6683 190 181 6684 263 1989 6685 264 254 6686 187 255 6687 264 254 6688 265 256 6689 184 179 6690 265 256 6691 266 257 6692 266 257 6693 267 1990 6694 178 258 6695 178 258 6696 267 1990 6697 268 259 6698 175 168 6699 268 259 6700 269 260 6701 172 165 6702 269 260 6703 270 261 6704 169 262 6705 270 261 6706 271 263 6707 271 263 6708 272 1991 6709 163 157 6710 163 157 6711 272 1991 6712 273 264 6713 160 154 6714 273 264 6715 274 265 6716 157 151 6717 274 265 6718 275 266 6719 154 267 6720 275 266 6721 276 268 6722 276 268 6723 262 251 6724 260 252 6725 279 269 6726 292 278 6727 278 270 6728 277 187 6729 278 270 6730 281 271 6731 280 226 6732 281 271 6733 283 272 6734 282 221 6735 283 272 6736 285 273 6737 284 274 6738 285 273 6739 287 275 6740 286 210 6741 287 275 6742 289 276 6743 288 204 6744 289 276 6745 291 277 6746 290 202 6747 291 277 6748 292 278 6749 289 276 6750 294 282 6751 293 279 6752 291 277 6753 293 279 6754 295 280 6755 297 281 6756 296 283 6757 293 279 6758 296 283 6759 298 286 6760 295 280 6761 296 283 6762 297 281 6763 300 284 6764 299 285 6765 301 289 6766 298 286 6767 300 284 6768 303 420 6769 302 287 6770 299 285 6771 302 287 6772 304 288 6773 302 287 6774 303 420 6775 306 290 6776 305 291 6777 307 294 6778 304 288 6779 305 291 6780 306 290 6781 309 292 6782 308 293 6783 310 297 6784 307 294 6785 312 295 6786 311 296 6787 308 293 6788 311 296 6789 313 300 6790 310 297 6791 311 296 6792 312 295 6793 315 298 6794 314 299 6795 316 303 6796 313 300 6797 314 299 6798 315 298 6799 318 301 6800 317 302 6801 319 306 6802 316 303 6803 318 301 6804 321 307 6805 320 304 6806 317 302 6807 320 304 6808 322 305 6809 321 307 6810 324 419 6811 323 308 6812 320 304 6813 323 308 6814 325 309 6815 323 308 6816 324 419 6817 327 310 6818 326 311 6819 328 314 6820 325 309 6821 330 312 6822 329 313 6823 326 311 6824 329 313 6825 331 318 6826 328 314 6827 329 313 6828 330 312 6829 333 315 6830 329 313 6831 332 316 6832 334 317 6833 333 315 6834 337 322 6835 335 319 6836 332 316 6837 335 319 6838 338 320 6839 336 321 6840 335 319 6841 337 322 6842 335 319 6843 336 321 6844 340 324 6845 334 317 6846 338 320 6847 339 325 6848 338 320 6849 340 324 6850 341 327 6851 340 324 6852 342 329 6853 343 328 6854 336 321 6855 344 331 6856 342 329 6857 342 329 6858 345 332 6859 347 330 6860 344 331 6861 348 334 6862 345 332 6863 351 336 6864 349 335 6865 348 334 6866 351 336 6867 352 338 6868 350 337 6869 353 323 6870 354 339 6871 352 338 6872 353 323 6873 351 336 6874 344 331 6875 354 339 6876 353 323 6877 337 322 6878 356 341 6879 354 339 6880 355 340 6881 354 339 6882 356 341 6883 359 343 6884 357 342 6885 367 351 6886 358 344 6887 356 341 6888 358 344 6889 360 345 6890 359 343 6891 360 345 6892 362 346 6893 352 338 6894 359 343 6895 361 347 6896 360 345 6897 364 349 6898 363 348 6899 343 328 6900 347 330 6901 363 348 6902 341 327 6903 343 328 6904 364 349 6905 358 344 6906 365 350 6907 364 349 6908 365 350 6909 366 352 6910 339 325 6911 367 351 6912 366 352 6913 365 350 6914 369 326 6915 339 325 6916 366 352 6917 370 354 6918 368 353 6919 366 352 6920 372 355 6921 369 326 6922 368 353 6923 368 353 6924 370 354 6925 373 357 6926 374 358 6927 375 361 6928 372 355 6929 374 358 6930 371 356 6931 373 357 6932 377 360 6933 378 423 6934 375 361 6935 377 360 6936 374 358 6937 376 359 6938 381 363 6939 378 423 6940 377 360 6941 382 365 6942 380 364 6943 377 360 6944 384 366 6945 381 363 6946 380 364 6947 380 364 6948 382 365 6949 385 368 6950 386 369 6951 387 372 6952 384 366 6953 386 369 6954 383 367 6955 385 368 6956 389 371 6957 390 375 6958 387 372 6959 389 371 6960 386 369 6961 388 370 6962 392 374 6963 393 378 6964 390 375 6965 392 374 6966 389 371 6967 391 373 6968 395 377 6969 396 381 6970 393 378 6971 395 377 6972 392 374 6973 394 376 6974 398 380 6975 399 422 6976 396 381 6977 398 380 6978 395 377 6979 397 379 6980 402 383 6981 399 422 6982 398 380 6983 398 380 6984 400 382 6985 403 385 6986 404 386 6987 405 389 6988 402 383 6989 404 386 6990 401 384 6991 403 385 6992 407 388 6993 408 421 6994 405 389 6995 407 388 6996 404 386 6997 406 387 6998 283 272 6999 281 271 7000 407 388 7001 278 270 7002 408 421 7003 407 388 7004 285 273 7005 283 272 7006 409 390 7007 409 390 7008 406 387 7009 412 392 7010 410 391 7011 412 392 7012 413 393 7013 287 275 7014 285 273 7015 410 391 7016 406 387 7017 403 385 7018 414 395 7019 412 392 7020 414 395 7021 415 396 7022 400 382 7023 416 397 7024 414 395 7025 416 397 7026 417 400 7027 415 396 7028 400 382 7029 397 379 7030 418 398 7031 416 397 7032 418 398 7033 419 399 7034 397 379 7035 394 376 7036 420 401 7037 418 398 7038 420 401 7039 421 402 7040 394 376 7041 391 373 7042 422 403 7043 420 401 7044 422 403 7045 423 404 7046 391 373 7047 388 370 7048 424 405 7049 422 403 7050 424 405 7051 425 406 7052 388 370 7053 385 368 7054 426 407 7055 424 405 7056 426 407 7057 427 408 7058 382 365 7059 428 409 7060 426 407 7061 428 409 7062 429 411 7063 427 408 7064 379 362 7065 430 410 7066 428 409 7067 430 410 7068 431 414 7069 429 411 7070 379 362 7071 376 359 7072 432 412 7073 430 410 7074 432 412 7075 433 413 7076 376 359 7077 373 357 7078 434 415 7079 432 412 7080 434 415 7081 435 416 7082 370 354 7083 436 417 7084 434 415 7085 436 417 7086 437 418 7087 435 416 7088 436 417 7089 370 354 7090 367 351 7091 437 418 7092 436 417 7093 357 342 7094 435 416 7095 437 418 7096 333 315 7097 333 315 7098 437 418 7099 355 340 7100 433 413 7101 435 416 7102 330 312 7103 431 414 7104 433 413 7105 327 310 7106 321 307 7107 429 411 7108 431 414 7109 318 301 7110 427 408 7111 429 411 7112 425 406 7113 427 408 7114 318 301 7115 423 404 7116 425 406 7117 315 298 7118 421 402 7119 423 404 7120 312 295 7121 419 399 7122 421 402 7123 309 292 7124 417 400 7125 419 399 7126 306 290 7127 300 284 7128 415 396 7129 417 400 7130 413 393 7131 415 396 7132 300 284 7133 411 394 7134 413 393 7135 297 281 7136 289 276 7137 287 275 7138 411 394 7139 292 278 7140 295 280 7141 408 421 7142 408 421 7143 295 280 7144 298 286 7145 405 389 7146 298 286 7147 301 289 7148 301 289 7149 304 288 7150 399 422 7151 399 422 7152 304 288 7153 307 294 7154 396 381 7155 307 294 7156 310 297 7157 393 378 7158 310 297 7159 313 300 7160 390 375 7161 313 300 7162 316 303 7163 387 372 7164 316 303 7165 319 306 7166 319 306 7167 322 305 7168 381 363 7169 322 305 7170 325 309 7171 378 423 7172 378 423 7173 325 309 7174 328 314 7175 375 361 7176 328 314 7177 331 318 7178 331 318 7179 334 317 7180 369 326 7181 441 424 7182 443 431 7183 439 425 7184 444 427 7185 441 424 7186 438 426 7187 441 424 7188 444 427 7189 446 429 7190 442 430 7191 453 437 7192 443 431 7193 496 432 7194 445 483 7195 444 427 7196 444 427 7197 445 483 7198 447 433 7199 448 434 7200 446 429 7201 447 433 7202 450 436 7203 442 430 7204 446 429 7205 453 437 7206 442 430 7207 450 436 7208 454 439 7209 453 437 7210 451 438 7211 453 437 7212 454 439 7213 455 441 7214 454 439 7215 456 444 7216 457 442 7217 459 443 7218 456 444 7219 454 439 7220 456 444 7221 458 448 7222 467 445 7223 460 446 7224 458 448 7225 456 444 7226 461 447 7227 463 450 7228 458 448 7229 462 449 7230 464 464 7231 463 450 7232 458 448 7233 463 450 7234 465 451 7235 463 450 7236 464 464 7237 466 452 7238 468 453 7239 465 451 7240 466 452 7241 470 455 7242 467 445 7243 465 451 7244 471 456 7245 457 442 7246 467 445 7247 455 441 7248 457 442 7249 471 456 7250 443 431 7251 455 441 7252 472 457 7253 466 452 7254 475 462 7255 473 458 7256 473 458 7257 475 462 7258 477 459 7259 478 461 7260 477 459 7261 475 462 7262 464 464 7263 476 463 7264 475 462 7265 481 465 7266 479 470 7267 477 459 7268 477 459 7269 479 470 7270 482 466 7271 482 466 7272 479 470 7273 480 467 7274 507 469 7275 480 467 7276 479 470 7277 483 468 7278 480 467 7279 486 471 7280 486 471 7281 488 475 7282 485 473 7283 487 474 7284 489 476 7285 488 475 7286 487 474 7287 486 471 7288 480 467 7289 489 476 7290 491 479 7291 490 477 7292 488 475 7293 490 477 7294 493 478 7295 491 479 7296 499 486 7297 492 480 7298 490 477 7299 492 480 7300 494 481 7301 492 480 7302 497 485 7303 495 482 7304 495 482 7305 497 485 7306 445 483 7307 498 484 7308 447 433 7309 445 483 7310 499 486 7311 498 484 7312 497 485 7313 500 487 7314 498 484 7315 499 486 7316 449 435 7317 447 433 7318 498 484 7319 501 488 7320 499 486 7321 491 479 7322 491 479 7323 489 476 7324 503 490 7325 503 490 7326 489 476 7327 487 474 7328 487 474 7329 507 469 7330 505 492 7331 507 469 7332 481 465 7333 506 493 7334 481 465 7335 478 461 7336 508 494 7337 508 494 7338 478 461 7339 476 463 7340 509 495 7341 476 463 7342 464 464 7343 510 496 7344 511 524 7345 514 497 7346 520 499 7347 511 524 7348 510 496 7349 512 500 7350 510 496 7351 513 498 7352 518 502 7353 512 500 7354 515 501 7355 518 502 7356 516 503 7357 517 504 7358 519 505 7359 520 499 7360 512 500 7361 521 506 7362 523 510 7363 520 499 7364 521 506 7365 519 505 7366 517 504 7367 521 506 7368 524 507 7369 525 508 7370 522 509 7371 533 515 7372 523 510 7373 522 509 7374 525 508 7375 526 511 7376 529 513 7377 528 512 7378 526 511 7379 528 512 7380 530 516 7381 533 515 7382 529 513 7383 532 528 7384 530 516 7385 530 516 7386 532 528 7387 541 517 7388 530 516 7389 531 518 7390 534 519 7391 533 515 7392 534 519 7393 535 520 7394 534 519 7395 531 518 7396 537 521 7397 535 520 7398 534 519 7399 536 522 7400 535 520 7401 538 523 7402 514 497 7403 541 517 7404 539 526 7405 537 521 7406 542 525 7407 540 530 7408 539 526 7409 543 527 7410 542 525 7411 541 517 7412 542 525 7413 543 527 7414 545 529 7415 543 527 7416 544 532 7417 546 531 7418 544 532 7419 543 527 7420 532 528 7421 544 532 7422 529 513 7423 527 514 7424 523 510 7425 535 520 7426 511 524 7427 550 533 7428 938 926 7429 548 534 7430 549 536 7431 547 535 7432 548 534 7433 554 538 7434 551 540 7435 547 535 7436 547 535 7437 551 540 7438 553 539 7439 551 540 7440 554 538 7441 820 541 7442 551 540 7443 552 542 7444 566 543 7445 553 539 7446 551 540 7447 556 545 7448 561 547 7449 556 545 7450 551 540 7451 556 545 7452 560 553 7453 832 548 7454 559 550 7455 556 545 7456 557 549 7457 940 552 7458 558 546 7459 556 545 7460 561 547 7461 562 554 7462 560 553 7463 562 554 7464 561 547 7465 563 555 7466 563 555 7467 561 547 7468 555 544 7469 564 556 7470 563 555 7471 565 557 7472 563 555 7473 566 543 7474 567 559 7475 552 542 7476 568 667 7477 567 559 7478 567 559 7479 568 667 7480 570 560 7481 565 557 7482 567 559 7483 569 561 7484 570 560 7485 581 574 7486 571 563 7487 571 563 7488 575 567 7489 572 562 7490 573 564 7491 572 562 7492 574 565 7493 936 558 7494 565 557 7495 572 562 7496 574 565 7497 572 562 7498 575 567 7499 577 568 7500 575 567 7501 576 569 7502 590 571 7503 576 569 7504 575 567 7505 577 568 7506 578 585 7507 593 572 7508 584 573 7509 578 585 7510 577 568 7511 580 575 7512 577 568 7513 579 570 7514 585 577 7515 581 574 7516 577 568 7517 582 578 7518 581 574 7519 585 577 7520 571 563 7521 581 574 7522 582 578 7523 583 580 7524 581 574 7525 570 560 7526 581 574 7527 583 580 7528 591 582 7529 586 579 7530 585 577 7531 580 575 7532 586 579 7533 588 576 7534 589 583 7535 590 571 7536 582 578 7537 586 579 7538 576 569 7539 589 583 7540 588 576 7541 587 584 7542 589 583 7543 576 569 7544 584 573 7545 591 582 7546 593 572 7547 583 580 7548 670 664 7549 592 586 7550 594 587 7551 593 572 7552 591 582 7553 594 587 7554 595 566 7555 574 565 7556 594 587 7557 596 590 7558 597 588 7559 594 587 7560 592 586 7561 598 589 7562 599 591 7563 601 925 7564 597 588 7565 596 590 7566 598 589 7567 602 592 7568 599 591 7569 602 592 7570 604 593 7571 612 595 7572 601 925 7573 599 591 7574 598 589 7575 669 665 7576 603 596 7577 602 592 7578 603 596 7579 605 597 7580 604 593 7581 605 597 7582 608 598 7583 606 599 7584 609 601 7585 600 594 7586 607 600 7587 610 604 7588 609 601 7589 606 599 7590 608 598 7591 617 602 7592 614 603 7593 611 605 7594 609 601 7595 600 594 7596 609 601 7597 611 605 7598 612 595 7599 611 605 7600 613 606 7601 615 608 7602 613 606 7603 611 605 7604 615 608 7605 614 603 7606 616 609 7607 610 604 7608 607 600 7609 617 602 7610 617 602 7611 619 613 7612 616 609 7613 622 611 7614 618 612 7615 617 602 7616 618 612 7617 620 614 7618 619 613 7619 620 614 7620 621 610 7621 616 609 7622 615 608 7623 621 610 7624 620 614 7625 613 606 7626 615 608 7627 618 612 7628 623 615 7629 626 607 7630 613 606 7631 622 611 7632 608 598 7633 624 616 7634 623 615 7635 624 616 7636 637 617 7637 623 615 7638 625 618 7639 628 619 7640 627 620 7641 601 925 7642 612 595 7643 629 621 7644 627 620 7645 626 607 7646 631 622 7647 629 621 7648 628 619 7649 628 619 7650 625 618 7651 633 624 7652 931 625 7653 631 622 7654 630 623 7655 630 623 7656 633 624 7657 634 627 7658 625 618 7659 637 617 7660 635 628 7661 634 627 7662 633 624 7663 635 628 7664 636 629 7665 635 628 7666 638 630 7667 635 628 7668 637 617 7669 641 632 7670 638 630 7671 641 632 7672 642 633 7673 640 631 7674 638 630 7675 639 634 7676 641 632 7677 643 637 7678 644 636 7679 637 617 7680 645 640 7681 643 637 7682 646 638 7683 648 642 7684 644 636 7685 649 639 7686 646 638 7687 643 637 7688 647 641 7689 687 682 7690 648 642 7691 651 643 7692 647 641 7693 646 638 7694 652 644 7695 651 643 7696 649 639 7697 939 646 7698 650 645 7699 649 639 7700 653 647 7701 654 650 7702 647 641 7703 655 648 7704 653 647 7705 651 643 7706 653 647 7707 656 651 7708 657 649 7709 655 648 7710 658 655 7711 656 651 7712 660 652 7713 657 649 7714 656 651 7715 661 654 7716 659 653 7717 656 651 7718 664 656 7719 660 652 7720 659 653 7721 662 657 7722 659 653 7723 661 654 7724 663 659 7725 662 657 7726 665 658 7727 676 661 7728 664 656 7729 662 657 7730 661 654 7731 658 655 7732 667 662 7733 668 663 7734 666 660 7735 665 658 7736 652 644 7737 650 645 7738 668 663 7739 667 662 7740 658 655 7741 655 648 7742 603 596 7743 669 665 7744 668 663 7745 670 664 7746 666 660 7747 668 663 7748 592 586 7749 670 664 7750 669 665 7751 671 581 7752 666 660 7753 670 664 7754 671 581 7755 672 666 7756 663 659 7757 672 666 7758 671 581 7759 570 560 7760 672 666 7761 673 668 7762 676 661 7763 568 667 7764 675 670 7765 673 668 7766 673 668 7767 674 671 7768 677 669 7769 675 670 7770 817 821 7771 674 671 7772 676 661 7773 677 669 7774 679 672 7775 677 669 7776 678 674 7777 680 673 7778 674 671 7779 818 822 7780 678 674 7781 679 672 7782 680 673 7783 682 675 7784 664 656 7785 679 672 7786 681 676 7787 681 676 7788 682 675 7789 684 677 7790 660 652 7791 681 676 7792 683 678 7793 683 678 7794 684 677 7795 686 679 7796 657 649 7797 683 678 7798 685 680 7799 685 680 7800 686 679 7801 688 681 7802 654 650 7803 685 680 7804 687 682 7805 687 682 7806 688 681 7807 689 683 7808 689 683 7809 688 681 7810 690 684 7811 688 681 7812 686 679 7813 693 686 7814 691 685 7815 690 684 7816 692 687 7817 690 684 7818 693 686 7819 694 689 7820 686 679 7821 684 677 7822 695 690 7823 693 686 7824 695 690 7825 696 691 7826 697 692 7827 695 690 7828 684 677 7829 698 693 7830 696 691 7831 695 690 7832 699 694 7833 697 692 7834 682 675 7835 701 695 7836 698 693 7837 697 692 7838 700 696 7839 699 694 7840 680 673 7841 702 697 7842 701 695 7843 699 694 7844 703 698 7845 701 695 7846 702 697 7847 706 700 7848 698 693 7849 701 695 7850 705 701 7851 703 698 7852 704 699 7853 707 703 7854 706 700 7855 703 698 7856 708 704 7857 696 691 7858 698 693 7859 707 703 7860 709 707 7861 708 704 7862 710 705 7863 694 689 7864 696 691 7865 711 706 7866 710 705 7867 708 704 7868 692 687 7869 694 689 7870 710 705 7871 712 708 7872 710 705 7873 711 706 7874 713 710 7875 712 708 7876 714 709 7877 870 688 7878 692 687 7879 712 708 7880 717 712 7881 715 711 7882 714 709 7883 711 706 7884 709 707 7885 716 713 7886 717 712 7887 716 713 7888 705 701 7889 716 713 7890 709 707 7891 707 703 7892 893 714 7893 715 711 7894 717 712 7895 720 716 7896 718 715 7897 717 712 7898 720 716 7899 719 702 7900 721 717 7901 721 717 7902 719 702 7903 704 699 7904 722 718 7905 721 717 7906 723 720 7907 723 720 7908 721 717 7909 724 719 7910 724 719 7911 704 699 7912 702 697 7913 726 722 7914 724 719 7915 725 723 7916 754 725 7917 723 720 7918 726 722 7919 727 727 7920 726 722 7921 729 724 7922 728 726 7923 726 722 7924 727 727 7925 729 724 7926 725 723 7927 819 730 7928 731 728 7929 729 724 7930 730 731 7931 733 733 7932 731 728 7933 732 732 7934 736 735 7935 727 727 7936 731 728 7937 735 736 7938 733 733 7939 734 734 7940 738 738 7941 736 735 7942 733 733 7943 750 729 7944 727 727 7945 736 735 7946 740 740 7947 737 739 7948 736 735 7949 738 738 7950 739 742 7951 741 741 7952 735 736 7953 806 809 7954 739 742 7955 743 743 7956 742 746 7957 740 740 7958 740 740 7959 742 746 7960 744 744 7961 745 745 7962 744 744 7963 742 746 7964 795 747 7965 746 748 7966 744 744 7967 746 748 7968 748 750 7969 747 749 7970 747 749 7971 750 729 7972 737 739 7973 748 750 7974 751 752 7975 749 751 7976 728 726 7977 750 729 7978 747 749 7979 751 752 7980 753 754 7981 752 753 7982 754 725 7983 728 726 7984 749 751 7985 753 754 7986 773 774 7987 755 755 7988 758 756 7989 754 725 7990 752 753 7991 755 755 7992 759 759 7993 756 757 7994 757 758 7995 756 757 7996 759 759 7997 756 757 7998 757 758 7999 769 761 8000 771 762 8001 760 763 8002 759 759 8003 761 760 8004 759 759 8005 760 763 8006 757 758 8007 761 760 8008 762 764 8009 764 766 8010 762 764 8011 760 763 8012 763 765 8013 762 764 8014 764 766 8015 765 767 8016 768 721 8017 767 769 8018 769 761 8019 766 768 8020 764 766 8021 758 756 8022 769 761 8023 767 769 8024 757 758 8025 763 765 8026 766 768 8027 758 756 8028 768 721 8029 723 720 8030 770 770 8031 722 718 8032 768 721 8033 765 767 8034 760 763 8035 771 762 8036 770 770 8037 771 762 8038 755 755 8039 896 771 8040 722 718 8041 755 755 8042 755 755 8043 773 774 8044 774 773 8045 773 774 8046 775 778 8047 776 775 8048 777 776 8049 775 778 8050 773 774 8051 779 777 8052 776 775 8053 775 778 8054 777 776 8055 781 782 8056 778 779 8057 779 777 8058 778 779 8059 780 780 8060 781 782 8061 782 784 8062 780 780 8063 783 783 8064 784 787 8065 782 784 8066 785 785 8067 783 783 8068 781 782 8069 786 786 8070 787 790 8071 784 787 8072 788 788 8073 786 786 8074 783 783 8075 789 789 8076 791 794 8077 787 790 8078 792 791 8079 789 789 8080 786 786 8081 789 789 8082 792 791 8083 793 792 8084 791 794 8085 789 789 8086 790 793 8087 793 792 8088 792 791 8089 746 748 8090 792 791 8091 788 788 8092 748 750 8093 913 796 8094 790 793 8095 793 792 8096 794 797 8097 793 792 8098 795 747 8099 796 798 8100 795 747 8101 745 745 8102 922 800 8103 794 797 8104 796 798 8105 797 801 8106 796 798 8107 798 799 8108 798 799 8109 745 745 8110 801 803 8111 799 802 8112 798 799 8113 800 804 8114 803 806 8115 800 804 8116 801 803 8117 805 808 8118 802 805 8119 800 804 8120 804 807 8121 739 742 8122 806 809 8123 803 806 8124 806 809 8125 807 810 8126 809 737 8127 807 810 8128 806 809 8129 810 811 8130 808 817 8131 807 810 8132 807 810 8133 808 817 8134 825 812 8135 809 737 8136 734 734 8137 812 813 8138 811 814 8139 810 811 8140 812 813 8141 810 811 8142 811 814 8143 821 816 8144 813 815 8145 812 813 8146 814 818 8147 734 734 8148 732 732 8149 814 818 8150 815 819 8151 814 818 8152 816 820 8153 732 732 8154 730 731 8155 816 820 8156 817 821 8157 816 820 8158 818 822 8159 730 731 8160 819 730 8161 818 822 8162 819 730 8163 700 696 8164 678 674 8165 725 723 8166 702 697 8167 700 696 8168 820 541 8169 815 819 8170 817 821 8171 554 538 8172 813 815 8173 815 819 8174 552 542 8175 820 541 8176 675 670 8177 549 536 8178 811 814 8179 813 815 8180 811 814 8181 549 536 8182 822 537 8183 825 812 8184 808 817 8185 821 816 8186 824 824 8187 823 823 8188 821 816 8189 823 823 8190 824 824 8191 827 551 8192 825 812 8193 823 823 8194 826 825 8195 827 551 8196 557 549 8197 829 827 8198 826 825 8199 829 827 8200 830 828 8201 557 549 8202 832 548 8203 831 829 8204 829 827 8205 831 829 8206 833 830 8207 832 548 8208 835 834 8209 834 831 8210 831 829 8211 834 831 8212 836 832 8213 837 833 8214 834 831 8215 835 834 8216 839 836 8217 836 832 8218 834 831 8219 837 833 8220 838 835 8221 841 837 8222 842 839 8223 839 836 8224 837 833 8225 840 838 8226 841 837 8227 844 840 8228 842 839 8229 840 838 8230 843 841 8231 846 843 8232 843 841 8233 844 840 8234 848 845 8235 845 842 8236 843 841 8237 847 844 8238 851 849 8239 849 846 8240 849 846 8241 850 911 8242 848 845 8243 853 847 8244 850 911 8245 849 846 8246 852 848 8247 849 846 8248 851 849 8249 852 848 8250 855 635 8251 856 851 8252 854 850 8253 640 631 8254 855 635 8255 855 635 8256 639 634 8257 857 852 8258 860 853 8259 853 847 8260 856 851 8261 858 854 8262 856 851 8263 857 852 8264 859 856 8265 858 854 8266 861 855 8267 904 858 8268 860 853 8269 858 854 8270 861 855 8271 857 852 8272 864 859 8273 862 857 8274 861 855 8275 863 860 8276 863 860 8277 864 859 8278 867 862 8279 865 861 8280 863 860 8281 866 863 8282 867 862 8283 689 683 8284 691 685 8285 866 863 8286 691 685 8287 870 688 8288 868 864 8289 870 688 8290 713 710 8291 871 866 8292 865 861 8293 868 864 8294 869 865 8295 872 868 8296 874 867 8297 872 868 8298 869 865 8299 713 710 8300 872 868 8301 715 711 8302 893 714 8303 873 869 8304 876 877 8305 874 867 8306 871 866 8307 874 867 8308 875 870 8309 874 867 8310 876 877 8311 878 872 8312 877 873 8313 876 877 8314 879 874 8315 878 872 8316 876 877 8317 877 873 8318 876 877 8319 873 869 8320 881 878 8321 880 875 8322 879 874 8323 882 879 8324 879 874 8325 881 878 8326 884 781 8327 882 879 8328 885 882 8329 887 881 8330 885 882 8331 882 879 8332 884 781 8333 780 780 8334 782 784 8335 886 883 8336 885 882 8337 886 883 8338 888 884 8339 888 884 8340 889 886 8341 883 880 8342 891 885 8343 889 886 8344 888 884 8345 890 876 8346 888 884 8347 886 883 8348 890 876 8349 877 873 8350 880 875 8351 891 885 8352 880 875 8353 883 880 8354 886 883 8355 782 784 8356 875 870 8357 779 777 8358 884 781 8359 881 878 8360 873 869 8361 893 714 8362 892 887 8363 893 714 8364 718 715 8365 894 888 8366 776 775 8367 779 777 8368 892 887 8369 895 889 8370 894 888 8371 718 715 8372 894 888 8373 895 889 8374 774 773 8375 895 889 8376 720 716 8377 722 718 8378 774 773 8379 895 889 8380 896 771 8381 784 787 8382 897 871 8383 875 870 8384 784 787 8385 787 790 8386 898 890 8387 900 891 8388 871 866 8389 897 871 8390 787 790 8391 791 794 8392 899 892 8393 899 892 8394 901 893 8395 900 891 8396 901 893 8397 859 856 8398 862 857 8399 900 891 8400 862 857 8401 865 861 8402 905 894 8403 902 895 8404 901 893 8405 859 856 8406 901 893 8407 902 895 8408 905 894 8409 906 898 8410 903 896 8411 904 858 8412 902 895 8413 903 896 8414 906 898 8415 905 894 8416 907 899 8417 791 794 8418 907 899 8419 905 894 8420 907 899 8421 791 794 8422 910 795 8423 908 900 8424 910 795 8425 911 901 8426 916 903 8427 906 898 8428 908 900 8429 910 795 8430 790 793 8431 913 796 8432 912 904 8433 911 901 8434 913 796 8435 914 906 8436 911 901 8437 912 904 8438 916 903 8439 909 902 8440 911 901 8441 918 908 8442 915 897 8443 911 901 8444 860 853 8445 904 858 8446 915 897 8447 916 903 8448 915 897 8449 903 896 8450 918 908 8451 919 910 8452 917 909 8453 919 910 8454 918 908 8455 914 906 8456 848 845 8457 919 910 8458 920 907 8459 848 845 8460 850 911 8461 917 909 8462 845 842 8463 920 907 8464 912 904 8465 853 847 8466 860 853 8467 917 909 8468 921 905 8469 913 796 8470 794 797 8471 839 836 8472 921 905 8473 922 800 8474 842 839 8475 912 904 8476 921 905 8477 836 832 8478 922 800 8479 797 801 8480 648 642 8481 689 683 8482 867 862 8483 642 633 8484 644 636 8485 867 862 8486 639 634 8487 642 633 8488 864 859 8489 923 912 8490 636 629 8491 640 631 8492 854 850 8493 851 849 8494 924 913 8495 924 913 8496 926 915 8497 925 914 8498 925 914 8499 634 627 8500 636 629 8501 926 915 8502 928 918 8503 927 916 8504 925 914 8505 927 916 8506 632 626 8507 929 917 8508 632 626 8509 927 916 8510 841 837 8511 929 917 8512 928 918 8513 847 844 8514 844 840 8515 928 918 8516 838 835 8517 930 919 8518 929 917 8519 930 919 8520 931 625 8521 632 626 8522 838 835 8523 835 834 8524 932 920 8525 932 920 8526 933 921 8527 931 625 8528 560 553 8529 932 920 8530 835 834 8531 562 554 8532 933 921 8533 932 920 8534 933 921 8535 562 554 8536 564 556 8537 933 921 8538 934 922 8539 631 622 8540 934 922 8541 564 556 8542 936 558 8543 934 922 8544 935 923 8545 629 621 8546 935 923 8547 936 558 8548 573 564 8549 935 923 8550 937 924 8551 627 620 8552 937 924 8553 573 564 8554 595 566 8555 937 924 8556 597 588 8557 601 925 8558 926 915 8559 924 913 8560 851 849 8561 833 830 8562 797 801 8563 799 802 8564 830 828 8565 799 802 8566 802 805 8567 825 812 8568 828 826 8569 802 805 8570 824 824 8571 938 926 8572 559 550 8573 938 926 8574 824 824 8575 822 537 8576 938 926 8577 550 533 8578 940 552 8579 801 803 8580 745 745 8581 739 742 8582 788 788 8583 785 785 8584 751 752 8585 785 785 8586 777 776 8587 753 754 8588 739 742 8589 745 745 8590 743 743 8591 603 596 8592 650 645 8593 939 646 8594 605 597 8595 939 646 8596 624 616 8597 624 616 8598 939 646 8599 645 640 8600 558 546 8601 940 552 8602 550 533 8603 941 927 8604 942 950 8605 964 928 8606 944 930 8607 941 927 8608 943 929 8609 946 932 8610 944 930 8611 945 931 8612 948 934 8613 946 932 8614 947 933 8615 948 934 8616 949 935 8617 951 936 8618 950 937 8619 951 936 8620 953 938 8621 952 939 8622 953 938 8623 955 940 8624 954 941 8625 955 940 8626 957 942 8627 956 943 8628 957 942 8629 959 944 8630 958 945 8631 959 944 8632 961 946 8633 962 948 8634 960 947 8635 961 946 8636 942 950 8637 962 948 8638 963 949 8639 961 946 8640 966 953 8641 965 951 8642 963 949 8643 965 951 8644 967 952 8645 966 953 8646 969 956 8647 968 954 8648 965 951 8649 968 954 8650 970 955 8651 969 956 8652 972 1124 8653 971 957 8654 968 954 8655 971 957 8656 973 958 8657 971 957 8658 972 1124 8659 975 959 8660 973 958 8661 971 957 8662 974 960 8663 974 960 8664 975 959 8665 978 962 8666 976 961 8667 974 960 8668 977 963 8669 977 963 8670 978 962 8671 981 965 8672 979 964 8673 977 963 8674 980 966 8675 981 965 8676 984 970 8677 983 968 8678 982 967 8679 980 966 8680 983 968 8681 984 970 8682 987 1087 8683 986 971 8684 983 968 8685 986 971 8686 988 972 8687 986 971 8688 987 1087 8689 990 973 8690 988 972 8691 986 971 8692 989 974 8693 989 974 8694 990 973 8695 993 976 8696 991 975 8697 989 974 8698 992 977 8699 992 977 8700 993 976 8701 996 979 8702 994 978 8703 992 977 8704 995 980 8705 996 979 8706 999 984 8707 998 982 8708 995 980 8709 998 982 8710 1000 983 8711 999 984 8712 1002 987 8713 1001 985 8714 998 982 8715 1001 985 8716 1003 986 8717 1002 987 8718 1005 1016 8719 1004 988 8720 1001 985 8721 1004 988 8722 1006 989 8723 1004 988 8724 1005 1016 8725 1008 990 8726 1006 989 8727 1004 988 8728 1007 991 8729 1007 991 8730 1008 990 8731 1011 993 8732 1009 992 8733 1007 991 8734 1010 994 8735 1014 996 8736 1009 992 8737 1012 995 8738 1016 998 8739 1014 996 8740 1013 997 8741 1018 1000 8742 1016 998 8743 1015 999 8744 1018 1000 8745 1017 1001 8746 1019 1002 8747 1020 1003 8748 1019 1002 8749 1021 1004 8750 1022 1005 8751 1021 1004 8752 1023 1006 8753 1024 1007 8754 1023 1006 8755 1025 1008 8756 1026 1009 8757 1025 1008 8758 1027 1010 8759 1028 1011 8760 1027 1010 8761 1029 1012 8762 1008 990 8763 1030 1013 8764 1029 1012 8765 1033 1014 8766 1028 1011 8767 1030 1013 8768 1005 1016 8769 1031 1015 8770 1030 1013 8771 1032 1017 8772 1034 1018 8773 1033 1014 8774 1032 1017 8775 1031 1015 8776 1005 1016 8777 1034 1018 8778 1036 1020 8779 1035 1019 8780 1035 1019 8781 1026 1009 8782 1028 1011 8783 1036 1020 8784 1038 1022 8785 1037 1021 8786 1037 1021 8787 1024 1007 8788 1026 1009 8789 1038 1022 8790 1040 1024 8791 1039 1023 8792 1039 1023 8793 1022 1005 8794 1024 1007 8795 1040 1024 8796 1042 1026 8797 1041 1025 8798 1041 1025 8799 1020 1003 8800 1022 1005 8801 1042 1026 8802 1044 1029 8803 1043 1027 8804 1043 1027 8805 1018 1000 8806 1020 1003 8807 1046 1028 8808 1045 1031 8809 1043 1027 8810 1043 1027 8811 1045 1031 8812 1016 998 8813 1048 1030 8814 1047 1032 8815 1045 1031 8816 1045 1031 8817 1047 1032 8818 1014 996 8819 1003 986 8820 1006 989 8821 1047 1032 8822 1047 1032 8823 1006 989 8824 1009 992 8825 1000 983 8826 1003 986 8827 1048 1030 8828 1049 1033 8829 1048 1030 8830 1046 1028 8831 997 981 8832 1000 983 8833 1049 1033 8834 1050 1035 8835 1049 1033 8836 1051 1034 8837 1052 1036 8838 1051 1034 8839 1053 1037 8840 1051 1034 8841 1046 1028 8842 1044 1029 8843 1056 1039 8844 1054 1038 8845 1053 1037 8846 1055 1040 8847 1053 1037 8848 1044 1029 8849 1058 1041 8850 1056 1039 8851 1055 1040 8852 1057 1042 8853 1055 1040 8854 1042 1026 8855 1060 1043 8856 1058 1041 8857 1057 1042 8858 1059 1044 8859 1057 1042 8860 1040 1024 8861 1062 1045 8862 1060 1043 8863 1059 1044 8864 1061 1046 8865 1059 1044 8866 1038 1022 8867 1064 1047 8868 1062 1045 8869 1061 1046 8870 1063 1048 8871 1061 1046 8872 1036 1020 8873 1066 1049 8874 1064 1047 8875 1063 1048 8876 1065 1050 8877 1063 1048 8878 1034 1018 8879 1066 1049 8880 1065 1050 8881 999 984 8882 1065 1050 8883 1032 1017 8884 1002 987 8885 1069 1051 8886 1064 1047 8887 1066 1049 8888 993 976 8889 1067 1052 8890 1066 1049 8891 1070 1053 8892 1069 1051 8893 1067 1052 8894 990 973 8895 1068 1054 8896 1067 1052 8897 1072 1055 8898 1071 1056 8899 1069 1051 8900 1071 1056 8901 1062 1045 8902 1064 1047 8903 1074 1057 8904 1073 1058 8905 1071 1056 8906 1073 1058 8907 1060 1043 8908 1062 1045 8909 1076 1059 8910 1075 1060 8911 1073 1058 8912 1075 1060 8913 1058 1041 8914 1060 1043 8915 1078 1061 8916 1077 1062 8917 1075 1060 8918 1077 1062 8919 1056 1039 8920 1058 1041 8921 1080 1063 8922 1079 1064 8923 1077 1062 8924 1079 1064 8925 1054 1038 8926 1056 1039 8927 1080 1063 8928 1082 1066 8929 1081 1065 8930 1079 1064 8931 1081 1065 8932 1052 1036 8933 1082 1066 8934 1084 1068 8935 1083 1067 8936 1081 1065 8937 1083 1067 8938 1050 1035 8939 1084 1068 8940 991 975 8941 994 978 8942 1083 1067 8943 994 978 8944 997 981 8945 1085 1069 8946 988 972 8947 991 975 8948 1087 1070 8949 1085 1069 8950 1084 1068 8951 985 969 8952 988 972 8953 1085 1069 8954 1086 1071 8955 1085 1069 8956 1087 1070 8957 1088 1072 8958 1087 1070 8959 1089 1073 8960 1089 1073 8961 1087 1070 8962 1082 1066 8963 1090 1074 8964 1089 1073 8965 1091 1075 8966 1089 1073 8967 1080 1063 8968 1078 1061 8969 1092 1076 8970 1091 1075 8971 1093 1077 8972 1091 1075 8973 1078 1061 8974 1076 1059 8975 1096 1079 8976 1094 1078 8977 1093 1077 8978 1093 1077 8979 1076 1059 8980 1074 1057 8981 1098 1081 8982 1096 1079 8983 1095 1080 8984 1095 1080 8985 1074 1057 8986 1072 1055 8987 1100 1083 8988 1098 1081 8989 1097 1082 8990 1097 1082 8991 1072 1055 8992 1070 1053 8993 1102 1085 8994 1100 1083 8995 1099 1084 8996 1099 1084 8997 1070 1053 8998 1068 1054 8999 984 970 9000 1102 1085 9001 1101 1086 9002 987 1087 9003 1101 1086 9004 1068 1054 9005 1103 1088 9006 1105 1090 9007 1100 1083 9008 1103 1088 9009 1102 1085 9010 984 970 9011 1104 1089 9012 1106 1091 9013 1105 1090 9014 1104 1089 9015 1103 1088 9016 981 965 9017 1106 1091 9018 1108 1094 9019 1107 1092 9020 1105 1090 9021 1107 1092 9022 1098 1081 9023 1110 1093 9024 1109 1096 9025 1107 1092 9026 1107 1092 9027 1109 1096 9028 1096 1079 9029 1112 1095 9030 1111 1097 9031 1109 1096 9032 1111 1097 9033 1094 1078 9034 1096 1079 9035 1114 1098 9036 1113 1099 9037 1111 1097 9038 1113 1099 9039 1092 1076 9040 1094 1078 9041 1116 1100 9042 1115 1101 9043 1113 1099 9044 1115 1101 9045 1090 1074 9046 1092 1076 9047 1116 1100 9048 1118 1103 9049 1117 1102 9050 1117 1102 9051 1088 1072 9052 1090 1074 9053 1118 1103 9054 1120 1105 9055 1119 1104 9056 1117 1102 9057 1119 1104 9058 1086 1071 9059 1120 1105 9060 979 964 9061 982 967 9062 1119 1104 9063 982 967 9064 985 969 9065 1121 1106 9066 976 961 9067 979 964 9068 1123 1107 9069 1121 1106 9070 1120 1105 9071 973 958 9072 976 961 9073 1121 1106 9074 1122 1108 9075 1121 1106 9076 1123 1107 9077 1124 1109 9078 1123 1107 9079 1125 1110 9080 1125 1110 9081 1123 1107 9082 1118 1103 9083 1128 1112 9084 1126 1111 9085 1125 1110 9086 1125 1110 9087 1116 1100 9088 1114 1098 9089 1130 1114 9090 1128 1112 9091 1127 1113 9092 1127 1113 9093 1114 1098 9094 1112 1095 9095 1132 1116 9096 1130 1114 9097 1129 1115 9098 1129 1115 9099 1112 1095 9100 1110 1093 9101 1134 1118 9102 1132 1116 9103 1131 1117 9104 1131 1117 9105 1110 1093 9106 1108 1094 9107 1136 1120 9108 1134 1118 9109 1133 1119 9110 1133 1119 9111 1108 1094 9112 1106 1091 9113 1138 1122 9114 1136 1120 9115 1135 1121 9116 1135 1121 9117 1106 1091 9118 1104 1089 9119 972 1124 9120 1138 1122 9121 1137 1123 9122 975 959 9123 1137 1123 9124 1104 1089 9125 1139 1125 9126 1141 1127 9127 1136 1120 9128 1139 1125 9129 1138 1122 9130 972 1124 9131 1140 1126 9132 1142 1128 9133 1141 1127 9134 1140 1126 9135 1139 1125 9136 969 956 9137 1142 1128 9138 1144 1130 9139 1143 1129 9140 1141 1127 9141 1143 1129 9142 1134 1118 9143 1144 1130 9144 1146 1132 9145 1145 1131 9146 1143 1129 9147 1145 1131 9148 1132 1116 9149 1146 1132 9150 1148 1134 9151 1147 1133 9152 1145 1131 9153 1147 1133 9154 1130 1114 9155 1148 1134 9156 1150 1136 9157 1149 1135 9158 1147 1133 9159 1149 1135 9160 1128 1112 9161 1150 1136 9162 1152 1139 9163 1151 1137 9164 1149 1135 9165 1151 1137 9166 1126 1111 9167 1154 1138 9168 1153 1140 9169 1151 1137 9170 1153 1140 9171 1124 1109 9172 1126 1111 9173 1156 1141 9174 1155 1142 9175 1153 1140 9176 1155 1142 9177 1122 1108 9178 1124 1109 9179 967 952 9180 970 955 9181 1155 1142 9182 970 955 9183 973 958 9184 1122 1108 9185 964 928 9186 967 952 9187 1156 1141 9188 943 929 9189 1156 1141 9190 1154 1138 9191 945 931 9192 1154 1138 9193 1152 1139 9194 949 935 9195 947 933 9196 1152 1139 9197 951 936 9198 949 935 9199 1150 1136 9200 953 938 9201 951 936 9202 1148 1134 9203 955 940 9204 953 938 9205 1146 1132 9206 957 942 9207 955 940 9208 1144 1130 9209 959 944 9210 957 942 9211 1142 1128 9212 959 944 9213 1140 1126 9214 966 953 9215 1157 1143 9216 1159 1147 9217 1180 1144 9218 1160 1146 9219 1161 1149 9220 1159 1147 9221 1162 1148 9222 1163 1151 9223 1161 1149 9224 1164 1150 9225 1165 1357 9226 1163 1151 9227 1167 1152 9228 1165 1357 9229 1164 1150 9230 1169 1154 9231 1167 1152 9232 1166 1153 9233 1171 1156 9234 1169 1154 9235 1168 1155 9236 1173 1158 9237 1171 1156 9238 1170 1157 9239 1175 1160 9240 1173 1158 9241 1172 1159 9242 1177 1162 9243 1175 1160 9244 1174 1161 9245 1178 1164 9246 1179 1165 9247 1177 1162 9248 1158 1145 9249 1180 1144 9250 1179 1165 9251 1181 1166 9252 1182 1169 9253 1177 1162 9254 1183 1167 9255 1181 1166 9256 1179 1165 9257 1184 1168 9258 1185 1172 9259 1182 1169 9260 1186 1170 9261 1184 1168 9262 1181 1166 9263 1187 1171 9264 1188 1175 9265 1185 1172 9266 1189 1173 9267 1187 1171 9268 1184 1168 9269 1187 1171 9270 1190 1176 9271 1191 1174 9272 1189 1173 9273 1192 1178 9274 1190 1176 9275 1190 1176 9276 1193 1179 9277 1194 1177 9278 1192 1178 9279 1195 1181 9280 1193 1179 9281 1193 1179 9282 1196 1182 9283 1197 1180 9284 1195 1181 9285 1198 1184 9286 1196 1182 9287 1199 1183 9288 1200 1186 9289 1197 1180 9290 1198 1184 9291 1201 1188 9292 1199 1183 9293 1202 1185 9294 1203 1190 9295 1200 1186 9296 1204 1187 9297 1202 1185 9298 1199 1183 9299 1202 1185 9300 1205 1191 9301 1206 1189 9302 1204 1187 9303 1207 1193 9304 1205 1191 9305 1205 1191 9306 1208 1194 9307 1209 1192 9308 1207 1193 9309 1210 1196 9310 1208 1194 9311 1208 1194 9312 1211 1197 9313 1212 1195 9314 1210 1196 9315 1213 1200 9316 1211 1197 9317 1214 1198 9318 1215 1202 9319 1212 1195 9320 1216 1199 9321 1214 1198 9322 1211 1197 9323 1217 1201 9324 1218 1205 9325 1215 1202 9326 1219 1203 9327 1217 1201 9328 1214 1198 9329 1220 1204 9330 1221 1208 9331 1218 1205 9332 1222 1206 9333 1220 1204 9334 1217 1201 9335 1220 1204 9336 1223 1209 9337 1224 1207 9338 1222 1206 9339 1225 1211 9340 1223 1209 9341 1223 1209 9342 1226 1212 9343 1227 1210 9344 1225 1211 9345 1228 1214 9346 1226 1212 9347 1230 1213 9348 1229 1216 9349 1228 1214 9350 1232 1215 9351 1231 1218 9352 1229 1216 9353 1234 1217 9354 1233 1992 9355 1231 1218 9356 1235 1219 9357 1233 1992 9358 1234 1217 9359 1237 1221 9360 1235 1219 9361 1236 1220 9362 1239 1223 9363 1237 1221 9364 1238 1222 9365 1241 1225 9366 1239 1223 9367 1240 1224 9368 1243 1227 9369 1241 1225 9370 1242 1226 9371 1245 1229 9372 1243 1227 9373 1244 1228 9374 1224 1207 9375 1227 1210 9376 1245 1229 9377 1246 1230 9378 1244 1228 9379 1249 1231 9380 1221 1208 9381 1224 1207 9382 1246 1230 9383 1248 1233 9384 1247 1232 9385 1249 1231 9386 1221 1208 9387 1247 1232 9388 1248 1233 9389 1250 1234 9390 1249 1231 9391 1251 1235 9392 1244 1228 9393 1242 1226 9394 1251 1235 9395 1252 1236 9396 1251 1235 9397 1253 1237 9398 1242 1226 9399 1240 1224 9400 1253 1237 9401 1254 1238 9402 1253 1237 9403 1255 1239 9404 1240 1224 9405 1238 1222 9406 1255 1239 9407 1256 1240 9408 1255 1239 9409 1257 1241 9410 1238 1222 9411 1236 1220 9412 1257 1241 9413 1258 1242 9414 1257 1241 9415 1259 1243 9416 1236 1220 9417 1234 1217 9418 1259 1243 9419 1259 1243 9420 1261 1246 9421 1262 1245 9422 1259 1243 9423 1234 1217 9424 1232 1215 9425 1261 1246 9426 1263 1248 9427 1264 1247 9428 1261 1246 9429 1232 1215 9430 1230 1213 9431 1263 1248 9432 1222 1206 9433 1219 1203 9434 1263 1248 9435 1230 1213 9436 1225 1211 9437 1264 1247 9438 1219 1203 9439 1216 1199 9440 1262 1245 9441 1264 1247 9442 1265 1249 9443 1265 1249 9444 1216 1199 9445 1213 1200 9446 1267 1250 9447 1265 1249 9448 1266 1251 9449 1269 1253 9450 1267 1250 9451 1268 1252 9452 1260 1244 9453 1262 1245 9454 1267 1250 9455 1272 1255 9456 1271 1256 9457 1269 1253 9458 1271 1256 9459 1258 1242 9460 1260 1244 9461 1274 1257 9462 1273 1258 9463 1271 1256 9464 1273 1258 9465 1256 1240 9466 1258 1242 9467 1276 1259 9468 1275 1260 9469 1273 1258 9470 1275 1260 9471 1254 1238 9472 1256 1240 9473 1278 1261 9474 1277 1262 9475 1275 1260 9476 1277 1262 9477 1252 1236 9478 1254 1238 9479 1280 1263 9480 1279 1264 9481 1277 1262 9482 1279 1264 9483 1250 1234 9484 1252 1236 9485 1282 1265 9486 1281 1266 9487 1279 1264 9488 1281 1266 9489 1248 1233 9490 1250 1234 9491 1215 1202 9492 1281 1266 9493 1282 1265 9494 1218 1205 9495 1248 1233 9496 1281 1266 9497 1282 1265 9498 1280 1263 9499 1285 1267 9500 1209 1192 9501 1212 1195 9502 1282 1265 9503 1283 1268 9504 1285 1267 9505 1286 1269 9506 1206 1189 9507 1209 1192 9508 1283 1268 9509 1285 1267 9510 1287 1272 9511 1288 1271 9512 1280 1263 9513 1278 1261 9514 1287 1272 9515 1287 1272 9516 1289 1274 9517 1290 1273 9518 1278 1261 9519 1276 1259 9520 1289 1274 9521 1289 1274 9522 1291 1276 9523 1292 1275 9524 1276 1259 9525 1274 1257 9526 1291 1276 9527 1291 1276 9528 1293 1278 9529 1294 1277 9530 1274 1257 9531 1272 1255 9532 1293 1278 9533 1293 1278 9534 1295 1280 9535 1296 1279 9536 1272 1255 9537 1270 1254 9538 1295 1280 9539 1296 1279 9540 1295 1280 9541 1297 1281 9542 1295 1280 9543 1270 1254 9544 1268 1252 9545 1298 1282 9546 1297 1281 9547 1299 1283 9548 1297 1281 9549 1268 1252 9550 1266 1251 9551 1300 1284 9552 1299 1283 9553 1210 1196 9554 1299 1283 9555 1266 1251 9556 1213 1200 9557 1301 1285 9558 1300 1284 9559 1207 1193 9560 1303 1286 9561 1298 1282 9562 1300 1284 9563 1301 1285 9564 1204 1187 9565 1201 1188 9566 1303 1286 9567 1301 1285 9568 1302 1287 9569 1305 1289 9570 1303 1286 9571 1304 1288 9572 1305 1289 9573 1296 1279 9574 1298 1282 9575 1307 1291 9576 1305 1289 9577 1306 1290 9578 1294 1277 9579 1296 1279 9580 1305 1289 9581 1309 1293 9582 1307 1291 9583 1308 1292 9584 1292 1275 9585 1294 1277 9586 1307 1291 9587 1312 1295 9588 1311 1296 9589 1309 1293 9590 1290 1273 9591 1292 1275 9592 1309 1293 9593 1314 1297 9594 1313 1298 9595 1311 1296 9596 1288 1271 9597 1290 1273 9598 1311 1296 9599 1316 1299 9600 1315 1300 9601 1313 1298 9602 1286 1269 9603 1288 1271 9604 1313 1298 9605 1318 1301 9606 1317 1302 9607 1315 1300 9608 1284 1270 9609 1286 1269 9610 1315 1300 9611 1200 1186 9612 1203 1190 9613 1317 1302 9614 1203 1190 9615 1206 1189 9616 1284 1270 9617 1319 1303 9618 1318 1301 9619 1316 1299 9620 1200 1186 9621 1318 1301 9622 1319 1303 9623 1320 1305 9624 1319 1303 9625 1321 1304 9626 1197 1180 9627 1319 1303 9628 1320 1305 9629 1322 1306 9630 1321 1304 9631 1323 1307 9632 1321 1304 9633 1316 1299 9634 1314 1297 9635 1323 1307 9636 1325 1310 9637 1326 1309 9638 1323 1307 9639 1314 1297 9640 1312 1295 9641 1325 1310 9642 1327 1312 9643 1328 1311 9644 1312 1295 9645 1310 1294 9646 1327 1312 9647 1327 1312 9648 1329 1314 9649 1330 1313 9650 1310 1294 9651 1308 1292 9652 1329 1314 9653 1329 1314 9654 1331 1316 9655 1332 1315 9656 1308 1292 9657 1306 1290 9658 1331 1316 9659 1332 1315 9660 1331 1316 9661 1333 1317 9662 1306 1290 9663 1304 1288 9664 1333 1317 9665 1334 1318 9666 1333 1317 9667 1335 1319 9668 1333 1317 9669 1304 1288 9670 1302 1287 9671 1336 1320 9672 1335 1319 9673 1198 1184 9674 1335 1319 9675 1302 1287 9676 1201 1188 9677 1337 1321 9678 1336 1320 9679 1195 1181 9680 1339 1322 9681 1334 1318 9682 1336 1320 9683 1337 1321 9684 1192 1178 9685 1189 1173 9686 1339 1322 9687 1337 1321 9688 1338 1323 9689 1341 1325 9690 1339 1322 9691 1340 1324 9692 1341 1325 9693 1332 1315 9694 1334 1318 9695 1344 1327 9696 1343 1328 9697 1341 1325 9698 1330 1313 9699 1332 1315 9700 1341 1325 9701 1346 1329 9702 1345 1330 9703 1343 1328 9704 1328 1311 9705 1330 1313 9706 1343 1328 9707 1348 1331 9708 1347 1332 9709 1345 1330 9710 1326 1309 9711 1328 1311 9712 1345 1330 9713 1350 1333 9714 1349 1334 9715 1347 1332 9716 1324 1308 9717 1326 1309 9718 1347 1332 9719 1352 1335 9720 1351 1336 9721 1349 1334 9722 1322 1306 9723 1324 1308 9724 1349 1334 9725 1354 1337 9726 1353 1338 9727 1351 1336 9728 1320 1305 9729 1322 1306 9730 1351 1336 9731 1188 1175 9732 1191 1174 9733 1353 1338 9734 1191 1174 9735 1194 1177 9736 1320 1305 9737 1355 1339 9738 1354 1337 9739 1352 1335 9740 1188 1175 9741 1354 1337 9742 1355 1339 9743 1356 1341 9744 1355 1339 9745 1357 1340 9746 1185 1172 9747 1355 1339 9748 1356 1341 9749 1358 1342 9750 1357 1340 9751 1359 1343 9752 1357 1340 9753 1352 1335 9754 1350 1333 9755 1360 1344 9756 1359 1343 9757 1361 1345 9758 1359 1343 9759 1350 1333 9760 1348 1331 9761 1362 1346 9762 1361 1345 9763 1363 1347 9764 1361 1345 9765 1348 1331 9766 1346 1329 9767 1364 1348 9768 1363 1347 9769 1365 1349 9770 1363 1347 9771 1346 1329 9772 1344 1327 9773 1366 1350 9774 1365 1349 9775 1367 1351 9776 1365 1349 9777 1344 1327 9778 1342 1326 9779 1367 1351 9780 1369 1354 9781 1370 1353 9782 1342 1326 9783 1340 1324 9784 1369 1354 9785 1369 1354 9786 1371 1356 9787 1372 1355 9788 1340 1324 9789 1338 1323 9790 1371 1356 9791 1371 1356 9792 1186 1170 9793 1183 1167 9794 1338 1323 9795 1189 1173 9796 1186 1170 9797 1372 1355 9798 1183 1167 9799 1180 1144 9800 1370 1353 9801 1372 1355 9802 1159 1147 9803 1368 1352 9804 1370 1353 9805 1161 1149 9806 1165 1357 9807 1366 1350 9808 1368 1352 9809 1167 1152 9810 1364 1348 9811 1366 1350 9812 1169 1154 9813 1362 1346 9814 1364 1348 9815 1171 1156 9816 1360 1344 9817 1362 1346 9818 1173 1158 9819 1358 1342 9820 1360 1344 9821 1175 1160 9822 1356 1341 9823 1358 1342 9824 1182 1169 9825 1356 1341 9826 1175 1160 9827 1373 1358 9828 1374 1361 9829 1380 1359 9830 1375 1363 9831 1373 1358 9832 1378 1360 9833 1375 1363 9834 1398 1383 9835 1377 1365 9836 1376 1362 9837 1373 1358 9838 1377 1365 9839 1383 1368 9840 1375 1363 9841 1381 1364 9842 1383 1368 9843 1382 1369 9844 1384 1370 9845 1380 1359 9846 1374 1361 9847 1385 1371 9848 1394 1380 9849 1397 1385 9850 1396 1382 9851 1375 1363 9852 1393 1379 9853 1396 1382 9854 1401 1384 9855 1399 1387 9856 1397 1385 9857 1401 1384 9858 1403 1389 9859 1400 1386 9860 1403 1389 9861 1405 1390 9862 1407 1392 9863 1405 1390 9864 1406 1393 9865 1408 1394 9866 1406 1393 9867 1411 1397 9868 1409 1395 9869 1413 1396 9870 1410 1403 9871 1409 1395 9872 1413 1396 9873 1415 1401 9874 1429 1402 9875 1428 1414 9876 1427 1993 9877 1425 1412 9878 1425 1412 9879 1427 1993 9880 1429 1402 9881 1432 1415 9882 1430 1417 9883 1428 1414 9884 1433 1416 9885 1431 1479 9886 1430 1417 9887 1453 1436 9888 1454 1458 9889 1451 1435 9890 1455 1438 9891 1453 1436 9892 1450 1433 9893 1458 1439 9894 1456 1441 9895 1455 1438 9896 1459 1440 9897 1457 1457 9898 1456 1441 9899 1376 1362 9900 1475 1366 9901 1457 1457 9902 1454 1458 9903 1476 1994 9904 1478 1459 9905 1478 1459 9906 1476 1994 9907 1477 1460 9908 1479 1461 9909 1481 1464 9910 1483 1462 9911 1480 1463 9912 1484 1466 9913 1481 1464 9914 1477 1460 9915 1500 1995 9916 1480 1463 9917 1486 1467 9918 1485 1468 9919 1484 1466 9920 1487 1469 9921 1485 1468 9922 1486 1467 9923 1444 1428 9924 1447 1431 9925 1483 1462 9926 1494 1476 9927 1497 1996 9928 1496 1478 9929 1495 1477 9930 1496 1478 9931 1431 1479 9932 1498 1480 9933 1497 1996 9934 1494 1476 9935 1499 1481 9936 1498 1480 9937 1492 1474 9938 1480 1463 9939 1500 1995 9940 1499 1481 9941 1502 1482 9942 1501 1485 9943 1505 1483 9944 1501 1485 9945 1502 1482 9946 1614 1486 9947 1503 1488 9948 1508 1493 9949 1506 1489 9950 1501 1485 9951 1504 1487 9952 1570 1490 9953 1501 1485 9954 1506 1489 9955 1507 1491 9956 1506 1489 9957 1509 1494 9958 1511 1492 9959 1508 1493 9960 1510 1819 9961 1509 1494 9962 1509 1494 9963 1510 1819 9964 1513 1495 9965 1509 1494 9966 1512 1496 9967 1514 1497 9968 1516 1498 9969 1515 1501 9970 1512 1496 9971 1512 1496 9972 1515 1501 9973 1517 1499 9974 1516 1498 9975 1520 1505 9976 1518 1500 9977 1515 1501 9978 1518 1500 9979 1519 1502 9980 1518 1500 9981 1520 1505 9982 1522 1503 9983 1521 1504 9984 1523 1536 9985 1522 1503 9986 1554 1506 9987 1521 1504 9988 1520 1505 9989 1522 1503 9990 1524 1509 9991 1525 1507 9992 1522 1503 9993 1523 1536 9994 1526 1508 9995 1528 1510 9996 1525 1507 9997 1524 1509 9998 1529 1512 9999 1527 1511 10000 1524 1509 10001 1531 1513 10002 1528 1510 10003 1527 1511 10004 1530 1514 10005 1527 1511 10006 1529 1512 10007 1534 1516 10008 1531 1513 10009 1530 1514 10010 1533 1517 10011 1530 1514 10012 1532 1515 10013 1537 1519 10014 1534 1516 10015 1533 1517 10016 1536 1520 10017 1533 1517 10018 1535 1518 10019 1538 1522 10020 1838 1484 10021 1537 1519 10022 1540 1523 10023 1538 1522 10024 1536 1520 10025 1540 1523 10026 1539 1521 10027 1541 1524 10028 1539 1521 10029 1535 1518 10030 1544 1526 10031 1565 1527 10032 1543 1525 10033 1541 1524 10034 1542 1528 10035 1541 1524 10036 1544 1526 10037 1545 1529 10038 1544 1526 10039 1546 1530 10040 1535 1518 10041 1532 1515 10042 1546 1530 10043 1546 1530 10044 1548 1533 10045 1549 1532 10046 1532 1515 10047 1529 1512 10048 1548 1533 10049 1549 1532 10050 1548 1533 10051 1550 1534 10052 1548 1533 10053 1529 1512 10054 1526 1508 10055 1523 1536 10056 1551 1535 10057 1550 1534 10058 1552 1537 10059 1551 1535 10060 1523 1536 10061 1553 1538 10062 1549 1532 10063 1551 1535 10064 1554 1506 10065 1553 1538 10066 1552 1537 10067 1553 1538 10068 1554 1506 10069 1556 1539 10070 1549 1532 10071 1553 1538 10072 1555 1540 10073 1558 1541 10074 1557 1542 10075 1555 1540 10076 1557 1542 10077 1545 1529 10078 1547 1531 10079 1560 1543 10080 1559 1544 10081 1557 1542 10082 1559 1544 10083 1542 1528 10084 1545 1529 10085 1561 1545 10086 1565 1527 10087 1542 1528 10088 1563 1546 10089 1561 1545 10090 1559 1544 10091 1565 1527 10092 1561 1545 10093 1562 1547 10094 1561 1545 10095 1564 1550 10096 1567 1548 10097 1561 1545 10098 1563 1546 10099 1569 1549 10100 1566 1551 10101 1790 1778 10102 1567 1548 10103 1566 1551 10104 1564 1550 10105 1568 1552 10106 1569 1549 10107 1571 1554 10108 1568 1552 10109 1503 1488 10110 1570 1490 10111 1569 1549 10112 1570 1490 10113 1572 1555 10114 1571 1554 10115 1572 1555 10116 1575 1559 10117 1573 1556 10118 1571 1554 10119 1573 1556 10120 1574 1557 10121 1573 1556 10122 1576 1560 10123 1577 1558 10124 1575 1559 10125 1578 1562 10126 1576 1560 10127 1580 1561 10128 1579 1564 10129 1578 1562 10130 1580 1561 10131 1582 1565 10132 1581 1563 10133 1582 1565 10134 1584 1589 10135 1583 1566 10136 1583 1566 10137 1584 1589 10138 1586 1567 10139 1587 1569 10140 1585 1568 10141 1586 1567 10142 1588 1570 10143 1590 1573 10144 1589 1571 10145 1592 1572 10146 1591 1574 10147 1589 1571 10148 1574 1557 10149 1577 1558 10150 1591 1574 10151 1593 1553 10152 1592 1572 10153 1590 1573 10154 1568 1552 10155 1574 1557 10156 1592 1572 10157 1566 1551 10158 1593 1553 10159 1594 1575 10160 1599 1577 10161 1595 1576 10162 1594 1575 10163 1597 1578 10164 1594 1575 10165 1596 1579 10166 1596 1579 10167 1594 1575 10168 1590 1573 10169 1598 1581 10170 1597 1578 10171 1600 1580 10172 1598 1581 10173 1782 1771 10174 1599 1577 10175 1603 1583 10176 1601 1582 10177 1600 1580 10178 1602 1584 10179 1600 1580 10180 1596 1579 10181 1602 1584 10182 1604 1587 10183 1744 1586 10184 1604 1587 10185 1602 1584 10186 1605 1585 10187 1588 1570 10188 1586 1567 10189 1605 1585 10190 1584 1589 10191 1606 1588 10192 1605 1585 10193 1748 1590 10194 1604 1587 10195 1606 1588 10196 1570 1490 10197 1504 1487 10198 1610 1594 10199 1610 1594 10200 1580 1561 10201 1575 1559 10202 1614 1486 10203 1611 1595 10204 1609 1593 10205 1611 1595 10206 1613 1597 10207 1607 1591 10208 1612 1596 10209 1637 1623 10210 1613 1597 10211 1614 1486 10212 1615 1600 10213 1612 1596 10214 1617 1598 10215 1615 1600 10216 1614 1486 10217 1619 1599 10218 1616 1607 10219 1615 1600 10220 1615 1600 10221 1616 1607 10222 1631 1601 10223 1617 1598 10224 1618 1603 10225 1620 1602 10226 1502 1482 10227 1838 1484 10228 1618 1603 10229 1621 1604 10230 1619 1599 10231 1620 1602 10232 1619 1599 10233 1621 1604 10234 1624 1606 10235 1623 1608 10236 1621 1604 10237 1622 1605 10238 1621 1604 10239 1623 1608 10240 1625 1610 10241 1624 1606 10242 1625 1610 10243 1628 1611 10244 1624 1606 10245 1626 1612 10246 1629 1613 10247 1626 1612 10248 1628 1611 10249 1799 1614 10250 1626 1612 10251 1627 1615 10252 1630 1616 10253 1631 1601 10254 1616 1607 10255 1629 1613 10256 1635 1617 10257 1631 1601 10258 1630 1616 10259 1627 1615 10260 1634 1621 10261 1632 1618 10262 1636 1619 10263 1635 1617 10264 1632 1618 10265 1634 1621 10266 1802 1788 10267 1633 1620 10268 1635 1617 10269 1636 1619 10270 1638 1622 10271 1631 1601 10272 1635 1617 10273 1637 1623 10274 1637 1623 10275 1638 1622 10276 1639 1624 10277 1638 1622 10278 1636 1619 10279 1642 1625 10280 1639 1624 10281 1638 1622 10282 1640 1626 10283 1640 1626 10284 1642 1625 10285 1660 1628 10286 1643 1627 10287 1640 1626 10288 1641 1629 10289 1749 1631 10290 1639 1624 10291 1643 1627 10292 1644 1632 10293 1643 1627 10294 1645 1630 10295 1646 1633 10296 1645 1630 10297 1647 1634 10298 1647 1634 10299 1645 1630 10300 1641 1629 10301 1652 1637 10302 1648 1635 10303 1647 1634 10304 1647 1634 10305 1649 1636 10306 1653 1639 10307 1650 1638 10308 1651 1670 10309 1836 1640 10310 1654 1641 10311 1651 1670 10312 1650 1638 10313 1656 1642 10314 1654 1641 10315 1653 1639 10316 1649 1636 10317 1658 1647 10318 1655 1643 10319 1657 1644 10320 1678 1665 10321 1656 1642 10322 1655 1643 10323 1658 1647 10324 1661 1645 10325 1659 1646 10326 1663 1651 10327 1661 1645 10328 1660 1628 10329 1810 1654 10330 1659 1646 10331 1649 1636 10332 1641 1629 10333 1660 1628 10334 1657 1644 10335 1661 1645 10336 1662 1648 10337 1665 1650 10338 1662 1648 10339 1661 1645 10340 1666 1652 10341 1665 1650 10342 1663 1651 10343 1663 1651 10344 1659 1646 10345 1810 1654 10346 1665 1650 10347 1666 1652 10348 1668 1655 10349 1662 1648 10350 1665 1650 10351 1667 1656 10352 1667 1656 10353 1668 1655 10354 1670 1658 10355 1786 1659 10356 1671 1661 10357 1669 1657 10358 1672 1660 10359 1669 1657 10360 1671 1661 10361 1675 1649 10362 1662 1648 10363 1669 1657 10364 1672 1660 10365 1673 1664 10366 1676 1663 10367 1674 1662 10368 1837 1668 10369 1673 1664 10370 1675 1649 10371 1676 1663 10372 1678 1665 10373 1676 1663 10374 1677 1667 10375 1679 1666 10376 1677 1667 10377 1676 1663 10378 1673 1664 10379 1679 1666 10380 1654 1641 10381 1656 1642 10382 1677 1667 10383 1681 1671 10384 1680 1669 10385 1651 1670 10386 1654 1641 10387 1679 1666 10388 1681 1671 10389 1684 1675 10390 1682 1672 10391 1680 1669 10392 1682 1672 10393 1683 1673 10394 1682 1672 10395 1685 1676 10396 1686 1674 10397 1684 1675 10398 1687 1678 10399 1685 1676 10400 1688 1677 10401 1689 1679 10402 1686 1674 10403 1687 1678 10404 1690 1818 10405 1688 1677 10406 1689 1679 10407 1688 1677 10408 1691 1680 10409 1688 1677 10410 1690 1818 10411 1693 1682 10412 1694 1683 10413 1695 1684 10414 1692 1681 10415 1693 1682 10416 1696 1687 10417 1694 1683 10418 1695 1684 10419 1694 1683 10420 1697 1685 10421 1697 1685 10422 1694 1683 10423 1696 1687 10424 1698 1689 10425 1697 1685 10426 1700 1688 10427 1832 1691 10428 1699 1686 10429 1697 1685 10430 1700 1688 10431 1702 1694 10432 1703 1692 10433 1700 1688 10434 1696 1687 10435 1704 1693 10436 1707 1695 10437 1703 1692 10438 1702 1694 10439 1705 1696 10440 1702 1694 10441 1704 1693 10442 1708 1698 10443 1705 1696 10444 1706 1697 10445 1710 1700 10446 1707 1695 10447 1705 1696 10448 1711 1701 10449 1708 1698 10450 1709 1699 10451 1713 1703 10452 1710 1700 10453 1708 1698 10454 1714 1704 10455 1711 1701 10456 1712 1702 10457 1715 1706 10458 1713 1703 10459 1711 1701 10460 1719 1707 10461 1715 1706 10462 1714 1704 10463 1717 1708 10464 1714 1704 10465 1716 1705 10466 1717 1708 10467 1718 1709 10468 1720 1710 10469 1724 1711 10470 1722 1717 10471 1719 1707 10472 1721 1712 10473 1821 1802 10474 1715 1706 10475 1719 1707 10476 1722 1717 10477 1726 1713 10478 1723 1714 10479 1722 1717 10480 1724 1711 10481 1723 1714 10482 1760 1749 10483 1725 1716 10484 1725 1716 10485 1728 1719 10486 1726 1713 10487 1726 1713 10488 1727 1720 10489 1818 1718 10490 1728 1719 10491 1729 1722 10492 1727 1720 10493 1730 1721 10494 1733 1726 10495 1729 1722 10496 1732 1723 10497 1730 1721 10498 1728 1719 10499 1762 1724 10500 1731 1725 10501 1730 1721 10502 1731 1725 10503 1734 1728 10504 1733 1726 10505 1733 1726 10506 1735 1729 10507 1737 1727 10508 1734 1728 10509 1736 1730 10510 1735 1729 10511 1736 1730 10512 1774 1761 10513 1738 1731 10514 1743 1734 10515 1740 1733 10516 1741 1735 10517 1741 1735 10518 1740 1733 10519 1742 1737 10520 1746 1739 10521 1644 1632 10522 1740 1733 10523 1744 1586 10524 1743 1734 10525 1745 1736 10526 1744 1586 10527 1747 1740 10528 1746 1739 10529 1749 1631 10530 1644 1632 10531 1746 1739 10532 1748 1590 10533 1747 1740 10534 1744 1586 10535 1748 1590 10536 1607 1591 10537 1749 1631 10538 1613 1597 10539 1639 1624 10540 1749 1631 10541 1750 1741 10542 1601 1582 10543 1603 1583 10544 1745 1736 10545 1741 1735 10546 1752 1742 10547 1601 1582 10548 1750 1741 10549 1751 1743 10550 1750 1741 10551 1752 1742 10552 1753 1744 10553 1741 1735 10554 1756 1738 10555 1754 1745 10556 1752 1742 10557 1754 1745 10558 1757 1746 10559 1756 1738 10560 1769 1757 10561 1755 1747 10562 1754 1745 10563 1755 1747 10564 1758 1748 10565 1757 1746 10566 1759 1750 10567 1760 1749 10568 1758 1748 10569 1761 1752 10570 1759 1750 10571 1759 1750 10572 1732 1723 10573 1725 1716 10574 1759 1750 10575 1761 1752 10576 1762 1724 10577 1766 1751 10578 1763 1754 10579 1761 1752 10580 1764 1753 10581 1762 1724 10582 1761 1752 10583 1765 1755 10584 1777 1766 10585 1764 1753 10586 1767 1756 10587 1765 1755 10588 1763 1754 10589 1766 1751 10590 1758 1748 10591 1755 1747 10592 1769 1757 10593 1768 1758 10594 1767 1756 10595 1765 1755 10596 1767 1756 10597 1768 1758 10598 1769 1757 10599 1773 1763 10600 1771 1760 10601 1771 1760 10602 1772 1762 10603 1770 1759 10604 1771 1760 10605 1773 1763 10606 1774 1761 10607 1756 1738 10608 1742 1737 10609 1773 1763 10610 1738 1731 10611 1774 1761 10612 1773 1763 10613 1775 1764 10614 1772 1762 10615 1774 1761 10616 1770 1759 10617 1772 1762 10618 1775 1764 10619 1776 1765 10620 1775 1764 10621 1736 1730 10622 1734 1728 10623 1731 1725 10624 1777 1766 10625 1776 1765 10626 1777 1766 10627 1765 1755 10628 1764 1753 10629 1777 1766 10630 1731 1725 10631 1753 1744 10632 1760 1749 10633 1723 1714 10634 1753 1744 10635 1778 1767 10636 1781 1768 10637 1778 1767 10638 1723 1714 10639 1785 1715 10640 1781 1768 10641 1778 1767 10642 1779 1770 10643 1779 1770 10644 1778 1767 10645 1780 1769 10646 1598 1581 10647 1751 1743 10648 1781 1768 10649 1599 1577 10650 1782 1771 10651 1779 1770 10652 1784 1772 10653 1780 1769 10654 1783 1773 10655 1780 1769 10656 1785 1715 10657 1786 1659 10658 1785 1715 10659 1724 1711 10660 1671 1661 10661 1783 1773 10662 1786 1659 10663 1670 1658 10664 1779 1770 10665 1784 1772 10666 1788 1776 10667 1784 1772 10668 1787 1774 10669 1789 1777 10670 1595 1576 10671 1788 1776 10672 1790 1778 10673 1788 1776 10674 1789 1777 10675 1791 1779 10676 1790 1778 10677 1791 1779 10678 1792 1780 10679 1791 1779 10680 1793 1782 10681 1794 1781 10682 1789 1777 10683 1795 1784 10684 1793 1782 10685 1793 1782 10686 1796 1785 10687 1797 1783 10688 1795 1784 10689 1798 1786 10690 1796 1785 10691 1796 1785 10692 1799 1614 10693 1628 1611 10694 1798 1786 10695 1800 1787 10696 1799 1614 10697 1627 1615 10698 1799 1614 10699 1800 1787 10700 1802 1788 10701 1634 1621 10702 1800 1787 10703 1803 1790 10704 1801 1789 10705 1800 1787 10706 1802 1788 10707 1801 1789 10708 1804 1791 10709 1804 1791 10710 1801 1789 10711 1803 1790 10712 1666 1652 10713 1804 1791 10714 1806 1793 10715 1804 1791 10716 1666 1652 10717 1664 1653 10718 1668 1655 10719 1806 1793 10720 1807 1775 10721 1806 1793 10722 1803 1790 10723 1808 1794 10724 1787 1774 10725 1783 1773 10726 1807 1775 10727 1787 1774 10728 1808 1794 10729 1795 1784 10730 1808 1794 10731 1803 1790 10732 1798 1786 10733 1664 1653 10734 1810 1654 10735 1809 1795 10736 1805 1792 10737 1809 1795 10738 1633 1620 10739 1636 1619 10740 1633 1620 10741 1809 1795 10742 1642 1625 10743 1809 1795 10744 1810 1654 10745 1625 1610 10746 1794 1781 10747 1797 1783 10748 1811 1796 10749 1813 1798 10750 1792 1780 10751 1623 1608 10752 1811 1796 10753 1794 1781 10754 1811 1796 10755 1623 1608 10756 1817 1609 10757 1813 1798 10758 1811 1796 10759 1812 1797 10760 1562 1547 10761 1813 1798 10762 1814 1799 10763 1813 1798 10764 1562 1547 10765 1567 1548 10766 1814 1799 10767 1815 1800 10768 1540 1523 10769 1812 1797 10770 1817 1609 10771 1815 1800 10772 1538 1522 10773 1540 1523 10774 1815 1800 10775 1816 1801 10776 1815 1800 10777 1817 1609 10778 1816 1801 10779 1622 1605 10780 1620 1602 10781 1538 1522 10782 1816 1801 10783 1618 1603 10784 1729 1722 10785 1737 1727 10786 1648 1635 10787 1727 1720 10788 1648 1635 10789 1652 1637 10790 1818 1718 10791 1819 1805 10792 1821 1802 10793 1820 1803 10794 1819 1805 10795 1818 1718 10796 1824 1804 10797 1822 1807 10798 1819 1805 10799 1819 1805 10800 1822 1807 10801 1823 1806 10802 1822 1807 10803 1825 1809 10804 1826 1808 10805 1824 1804 10806 1827 1811 10807 1825 1809 10808 1825 1809 10809 1828 1812 10810 1829 1810 10811 1827 1811 10812 1830 1813 10813 1828 1812 10814 1828 1812 10815 1698 1689 10816 1701 1690 10817 1832 1691 10818 1698 1689 10819 1828 1812 10820 1699 1686 10821 1832 1691 10822 1830 1813 10823 1827 1811 10824 1833 1815 10825 1831 1814 10826 1695 1684 10827 1699 1686 10828 1831 1814 10829 1833 1815 10830 1689 1679 10831 1692 1681 10832 1833 1815 10833 1827 1811 10834 1824 1804 10835 1689 1679 10836 1833 1815 10837 1834 1816 10838 1834 1816 10839 1824 1804 10840 1820 1803 10841 1686 1674 10842 1834 1816 10843 1835 1817 10844 1835 1817 10845 1820 1803 10846 1652 1637 10847 1683 1673 10848 1835 1817 10849 1836 1640 10850 1829 1810 10851 1701 1690 10852 1703 1692 10853 1826 1808 10854 1829 1810 10855 1707 1695 10856 1823 1806 10857 1826 1808 10858 1710 1700 10859 1821 1802 10860 1823 1806 10861 1713 1703 10862 1671 1661 10863 1724 1711 10864 1720 1710 10865 1720 1710 10866 1718 1709 10867 1837 1668 10868 1681 1671 10869 1677 1667 10870 1837 1668 10871 1718 1709 10872 1716 1705 10873 1684 1675 10874 1716 1705 10875 1712 1702 10876 1687 1678 10877 1712 1702 10878 1709 1699 10879 1690 1818 10880 1690 1818 10881 1709 1699 10882 1706 1697 10883 1706 1697 10884 1704 1693 10885 1696 1687 10886 1505 1483 10887 1507 1491 10888 1537 1519 10889 1503 1488 10890 1563 1546 10891 1560 1543 10892 1508 1493 10893 1560 1543 10894 1558 1541 10895 1510 1819 10896 1558 1541 10897 1556 1539 10898 1554 1506 10899 1516 1498 10900 1513 1495 10901 1507 1491 10902 1511 1492 10903 1534 1516 10904 1511 1492 10905 1514 1497 10906 1531 1513 10907 1514 1497 10908 1517 1499 10909 1528 1510 10910 1517 1499 10911 1519 1502 10912 1525 1507 10913 1851 1832 10914 1850 1823 10915 1849 1831 10916 1854 1834 10917 1840 1822 10918 1850 1823 10919 1852 1835 10920 1851 1832 10921 1853 1833 10922 1855 1837 10923 1854 1834 10924 1851 1832 10925 1845 1820 10926 1840 1822 10927 1854 1834 10928 1856 1838 10929 1854 1834 10930 1855 1837 10931 1844 1827 10932 1845 1820 10933 1856 1838 10934 1858 1840 10935 1856 1838 10936 1857 1839 10937 1843 1826 10938 1844 1827 10939 1858 1840 10940 1860 1842 10941 1858 1840 10942 1859 1841 10943 1842 1825 10944 1843 1826 10945 1860 1842 10946 1862 1844 10947 1860 1842 10948 1861 1843 10949 1864 1846 10950 1841 1824 10951 1842 1825 10952 1865 1847 10953 1864 1846 10954 1862 1844 10955 1866 1848 10956 1865 1847 10957 1863 1845 10958 1868 1850 10959 1866 1848 10960 1867 1849 10961 1868 1850 10962 1870 1851 10963 1871 1852 10964 1870 1851 10965 1867 1849 10966 1873 1854 10967 1871 1852 10968 1870 1851 10969 1872 1855 10970 1872 1855 10971 1873 1854 10972 1876 1857 10973 1874 1856 10974 1872 1855 10975 1875 1858 10976 1875 1858 10977 1876 1857 10978 1879 1860 10979 1877 1859 10980 1875 1858 10981 1878 1861 10982 1878 1861 10983 1879 1860 10984 1882 1863 10985 1880 1862 10986 1878 1861 10987 1881 1864 10988 1884 1866 10989 1881 1864 10990 1882 1863 10991 1886 1868 10992 1883 1865 10993 1881 1864 10994 1887 1869 10995 1884 1866 10996 1885 1867 10997 1890 1871 10998 1886 1868 10999 1884 1866 11000 1889 1872 11001 1887 1869 11002 1888 1870 11003 1891 1874 11004 1890 1871 11005 1887 1869 11006 1892 1875 11007 1891 1874 11008 1889 1872 11009 1892 1875 11010 1893 1876 11011 1895 1877 11012 1895 1877 11013 1893 1876 11014 1898 1879 11015 1896 1880 11016 1898 1879 11017 1899 1881 11018 1898 1879 11019 1900 1873 11020 1901 1883 11021 1893 1876 11022 1889 1872 11023 1900 1873 11024 1900 1873 11025 1888 1870 11026 1903 1836 11027 1901 1883 11028 1902 1885 11029 1904 1884 11030 1903 1836 11031 1853 1833 11032 1902 1885 11033 1888 1870 11034 1885 1867 11035 1852 1835 11036 1902 1885 11037 1848 1830 11038 1847 1829 11039 1853 1833 11040 1849 1831 11041 1848 1830 11042 1897 1882 11043 1899 1881 11044 1904 1884 11045 1905 1886 11046 1904 1884 11047 1847 1829 11048 1885 1867 11049 1882 1863 11050 1855 1837 11051 1879 1860 11052 1857 1839 11053 1855 1837 11054 1876 1857 11055 1859 1841 11056 1857 1839 11057 1873 1854 11058 1861 1843 11059 1859 1841 11060 1867 1849 11061 1863 1845 11062 1861 1843 11063 1906 1887 11064 1907 1890 11065 1912 1888 11066 1909 1893 11067 1906 1887 11068 1911 1889 11069 1916 1895 11070 1909 1893 11071 1913 1894 11072 1917 1897 11073 1916 1895 11074 1914 1896 11075 1930 1910 11076 1933 1916 11077 1934 1912 11078 1930 1910 11079 1932 1914 11080 1935 1915 11081 1932 1914 11082 1938 1919 11083 1936 1917 11084 1940 1918 11085 1937 1997 11086 1936 1917 11087 1950 1930 11088 1952 1933 11089 1951 1931 11090 1951 1931 11091 1937 1997 11092 1940 1918 11093 1955 1932 11094 1953 1998 11095 1952 1933 11096 1954 1934 11097 1953 1998 11098 1955 1932 11099 1969 1947 11100 1971 1999 11101 1972 1949 11102 1973 1951 11103 1971 1999 11104 1969 1947 11105 1976 1952 11106 1974 1954 11107 1973 1951 11108 1976 1952 11109 1978 1958 11110 1975 1953 11111 1917 1897 11112 1915 1898 11113 1975 1953 11114 1967 1946 11115 1972 1949 11116 1983 1961 11117 1985 1962 11118 1983 1961 11119 1984 1963 11120 1986 1964 11121 1984 1963 11122 1997 1965 11123 1992 1972 11124 1995 1974 11125 1994 1973 11126 1993 1971 11127 1994 1973 11128 1954 1934 11129 1990 1969 11130 1996 1975 11131 1995 1974 11132 1987 1966 11133 1997 1965 11134 1996 1975 11135 2000 1976 11136 1931 1913 11137 1934 1912 11138 2001 1978 11139 2000 1976 11140 1998 1977 11141 1907 1890 11142 2003 1981 11143 2005 1983 11144 2003 1981 11145 2001 1978 11146 1999 1979 11147</p>
        </triangles>
      </mesh>
    </geometry>
  </library_geometries>
  <library_visual_scenes>
    <visual_scene id="Scene" name="Scene">
      <node id="NurbsPath_007" name="NurbsPath.007" type="NODE">
        <matrix sid="transform">1 0 0 1.049294 0 1 0 -0.1815481 0 0 1 0.9598543 0 0 0 1</matrix>
        <instance_geometry url="#NurbsPath_024-mesh" name="NurbsPath.007">
          <bind_material>
            <technique_common>
              <instance_material symbol="Sprout-material" target="#Sprout-material">
                <bind_vertex_input semantic="UVMap" input_semantic="TEXCOORD" input_set="0"/>
              </instance_material>
            </technique_common>
          </bind_material>
        </instance_geometry>
      </node>
      <node id="Cube_008" name="Cube.008" type="NODE">
        <matrix sid="transform">1 0 0 -0.7661734 0 1 0 0.260387 0 0 1 2.788187 0 0 0 1</matrix>
        <instance_geometry url="#Cube_003-mesh" name="Cube.008">
          <bind_material>
            <technique_common>
              <instance_material symbol="Pirate-material" target="#Pirate-material">
                <bind_vertex_input semantic="UVMap" input_semantic="TEXCOORD" input_set="0"/>
              </instance_material>
            </technique_common>
          </bind_material>
        </instance_geometry>
      </node>
    </visual_scene>
  </library_visual_scenes>
  <scene>
    <instance_visual_scene url="#Scene"/>
  </scene>
</COLLADA>