<?xml version="1.0" encoding="utf-8"?>
<COLLADA xmlns="http://www.collada.org/2005/11/COLLADASchema" version="1.4.1" xmlns:xsi="http://www.w3.org/2001/XMLSchema-instance">
  <asset>
    <contributor>
      <author>Blender User</author>
      <authoring_tool>Blender 2.93.0 commit date:2021-06-02, commit time:11:21, hash:84da05a8b806</authoring_tool>
    </contributor>
    <created>2021-07-07T14:38:09</created>
    <modified>2021-07-07T14:38:09</modified>
    <unit name="meter" meter="1"/>
    <up_axis>Z_UP</up_axis>
  </asset>
  <library_effects>
    <effect id="Manon_Details-effect">
      <profile_COMMON>
        <newparam sid="Manon_Details_Albedo_Final-surface">
          <surface type="2D">
            <init_from>Manon_Details_Albedo_Final</init_from>
          </surface>
        </newparam>
        <newparam sid="Manon_Details_Albedo_Final-sampler">
          <sampler2D>
            <source>Manon_Details_Albedo_Final-surface</source>
          </sampler2D>
        </newparam>
        <technique sid="common">
          <lambert>
            <emission>
              <color sid="emission">0 0 0 1</color>
            </emission>
            <diffuse>
              <texture texture="Manon_Details_Albedo_Final-sampler" texcoord="UVMap"/>
            </diffuse>
            <index_of_refraction>
              <float sid="ior">1.45</float>
            </index_of_refraction>
          </lambert>
        </technique>
      </profile_COMMON>
    </effect>
    <effect id="Manon_Main-effect">
      <profile_COMMON>
        <newparam sid="Manon__Main_Albedo_Final-surface">
          <surface type="2D">
            <init_from>Manon__Main_Albedo_Final</init_from>
          </surface>
        </newparam>
        <newparam sid="Manon__Main_Albedo_Final-sampler">
          <sampler2D>
            <source>Manon__Main_Albedo_Final-surface</source>
          </sampler2D>
        </newparam>
        <technique sid="common">
          <lambert>
            <emission>
              <color sid="emission">0 0 0 1</color>
            </emission>
            <diffuse>
              <texture texture="Manon__Main_Albedo_Final-sampler" texcoord="UVMap"/>
            </diffuse>
            <index_of_refraction>
              <float sid="ior">1.45</float>
            </index_of_refraction>
          </lambert>
        </technique>
      </profile_COMMON>
    </effect>
  </library_effects>
  <library_images>
    <image id="Manon_Details_Albedo_Final" name="Manon_Details_Albedo_Final">
      <init_from>Manon_Details_Albedo_Final.png</init_from>
    </image>
    <image id="Manon__Main_Albedo_Final" name="Manon__Main_Albedo_Final">
      <init_from>Manon__Main_Albedo_Final.png</init_from>
    </image>
  </library_images>
  <library_materials>
    <material id="Manon_Details-material" name="Manon_Details">
      <instance_effect url="#Manon_Details-effect"/>
    </material>
    <material id="Manon_Main-material" name="Manon_Main">
      <instance_effect url="#Manon_Main-effect"/>
    </material>
  </library_materials>
  <library_geometries>
    <geometry id="Cube_018-mesh" name="Cube.018">
      <mesh>
        <source id="Cube_018-mesh-positions">
          <float_array id="Cube_018-mesh-positions-array" count="4992">0.914247 -0.3504027 -0.6310121 1.064568 -0.2874947 -0.5033503 1.342868 -0.1617107 0.1127758 1.393825 -0.03959912 -0.5851753 1.325609 -0.161359 0.3087418 1.411638 -0.09441727 -0.05555462 1.523755 -0.02218842 0.4024396 1.433256 -0.07863736 0.008512735 1.795143 0.127295 0.481535 1.618398 0.07207912 -0.4088678 2.135745 0.3129512 0.6746945 1.71658 0.1298184 -0.281795 1.720387 0.1172876 0.1780838 1.453858 -0.06693333 0.08863162 1.50174 -0.08093935 0.1983098 1.661827 0.04956406 -0.03782796 1.716115 0.04840838 0.08631682 1.875993 0.1761591 -0.1663804 1.90715 0.1730626 -0.138216 1.504931 -7.3272e-4 -0.2244849 1.047684 -0.2457597 -0.6144701 1.571125 0.03650879 -0.134747 1.291808 -0.1830738 -0.1015455 1.157351 -0.2437583 -0.3967755 1.115199 -0.2402184 -0.499042 1.390702 -0.1131962 -0.1196219 1.387653 -0.1105881 -0.3092921 1.282241 -0.1319105 -0.3363483 1.460763 -0.0658434 -0.3293552 1.543504 -0.01271033 -0.6170681 1.345083 -0.1092025 -0.3311799 1.562428 -3.43502e-4 -0.5689777 1.972812 0.2821272 0.3912501 1.267595 -0.1026349 -0.5683158 1.75678 0.1536159 0.3600869 1.505214 -0.05347442 0.2559447 1.23202 -0.1602048 -0.322614 1.167589 -0.1925202 -0.5010043 1.194468 -0.1734942 -0.635568 1.183609 -0.1815267 -0.6773197 1.514729 -0.04186224 0.3255286 1.874762 0.2200406 0.08740329 0.8957781 -0.311797 -0.6289824 1.046324 -0.2497835 -0.5015239 1.324399 -0.123105 0.1148059 1.37526 -0.001546502 -0.5786212 1.307141 -0.1227533 0.3107717 1.393169 -0.05581152 -0.05352473 1.505286 0.01641732 0.4044693 1.414787 -0.04003161 0.01054263 1.776674 0.1659008 0.4835651 1.600023 0.1105254 -0.4068589 2.116756 0.3504027 0.6773198 1.698111 0.1684234 -0.2797656 1.701918 0.1558933 0.1801137 1.435389 -0.02832758 0.09066176 1.483271 -0.0423336 0.20034 1.643358 0.08816981 -0.03579831 1.697646 0.08701413 0.08834671 1.857524 0.2147648 -0.1643507 1.888681 0.2116683 -0.1361858 1.486463 0.03787064 -0.2224555 1.029521 -0.2080758 -0.6125847 1.552657 0.07511454 -0.1327171 1.273339 -0.144468 -0.09951567 1.138897 -0.2051784 -0.3947437 1.096503 -0.2033076 -0.4979446 1.372233 -0.0745905 -0.117592 1.369184 -0.07198244 -0.3072622 1.263676 -0.09385788 -0.3297937 1.442434 -0.02747547 -0.3273566 1.525035 0.02589541 -0.6150383 1.326518 -0.07114982 -0.3246257 1.544258 0.03775656 -0.5670138 1.954343 0.320733 0.39328 1.24903 -0.06458228 -0.5617616 1.738311 0.1922217 0.3621168 1.48692 -0.01537859 0.262991 1.213551 -0.1215991 -0.3205841 1.148931 -0.1545631 -0.4994141 1.175999 -0.1348885 -0.6335381 1.164618 -0.1443574 -0.6763537 1.496435 -0.003766357 0.3325753 1.856293 0.2586464 0.08943319 1.848374 0.2024766 0.1029036 1.935885 0.2601602 0.3859234 2.077524 0.2812162 0.6416769 1.874495 0.1517549 -0.09983563 1.686963 0.1108192 -0.2518537 1.832386 0.1503824 -0.1402051 1.595294 0.05725353 -0.3713248 1.541728 -0.01368027 -0.5201869 1.386692 -0.04978495 -0.5480052 1.269738 -0.1069191 -0.5343692 1.520697 -0.02703392 -0.5720277 1.199964 -0.1715494 -0.5897698 0.9458144 -0.3371921 -0.6042031 1.061862 -0.2445961 -0.5902302 1.180244 -0.1838353 -0.6402935 1.214143 -1.979863 -3.121919 1.310148 -1.982818 -2.35174 1.708444 -1.504004 -3.123859 1.704577 -1.602098 -2.353805 1.673544 -2.458524 -3.121878 1.673106 -2.362344 -2.351709 2.15452 -1.991198 -3.122927 2.057224 -1.988227 -2.353761 1.579038 -1.562221 -3.179373 1.415249 -1.685947 -3.206953 1.282355 -1.846851 -3.178103 1.1534 -1.981313 -2.965192 1.147237 -1.983116 -2.719759 1.216328 -1.983492 -2.49535 1.37931 -1.881414 -2.305456 1.485429 -1.762542 -2.282441 1.60534 -1.663366 -2.306575 1.706575 -1.51034 -2.497933 1.708714 -1.441638 -2.722555 1.709172 -1.445778 -2.967636 2.100318 -1.857363 -3.177386 1.985392 -1.694287 -3.204939 1.834685 -1.566604 -3.177967 1.799487 -1.666269 -2.305582 1.908974 -1.76755 -2.281344 2.000457 -1.88642 -2.305701 2.142558 -1.990904 -2.497357 2.207302 -1.993239 -2.721226 2.206976 -1.992873 -2.966457 1.810457 -2.398765 -3.17799 1.973136 -2.27794 -3.206481 2.096167 -2.121181 -3.178529 1.995458 -2.087274 -2.306358 1.895558 -2.203201 -2.281964 1.776131 -2.301032 -2.305139 1.667691 -2.454233 -2.495348 1.664985 -2.522497 -2.719719 1.668127 -2.517591 -2.965147 1.268634 -2.112527 -3.175971 1.386508 -2.273314 -3.20315 1.542582 -2.397963 -3.175946 1.575613 -2.299333 -2.303382 1.462597 -2.200213 -2.278973 1.368254 -2.083271 -2.30333 1.210682 -1.787646 -2.981501 1.206245 -1.784587 -2.719163 1.271933 -1.814845 -2.481439 1.343849 -1.612316 -2.996313 1.339645 -1.608897 -2.719578 1.390821 -1.663226 -2.469412 1.521845 -1.489087 -2.983153 1.516977 -1.486011 -2.721024 1.543375 -1.553512 -2.483011 1.892703 -1.495531 -2.980795 1.895883 -1.492116 -2.718418 1.865276 -1.55886 -2.480983 2.054672 -1.621852 -2.993298 2.055893 -1.617496 -2.716284 2.003481 -1.670706 -2.467077 2.16652 -1.798783 -2.980053 2.165874 -1.794292 -2.717557 2.102582 -1.822184 -2.48078 2.160828 -2.183496 -2.981958 2.159968 -2.188621 -2.719665 2.096164 -2.157099 -2.482256 2.038453 -2.353896 -2.995535 2.037791 -2.358846 -2.718602 1.986316 -2.304243 -2.468634 1.863927 -2.472894 -2.981256 1.864543 -2.477374 -2.718824 1.83649 -2.410894 -2.481076 1.473537 -2.471934 -2.977939 1.464655 -2.47675 -2.715085 1.499117 -2.409384 -2.477856 1.303339 -2.34973 -2.99058 1.294452 -2.356227 -2.713017 1.353687 -2.301202 -2.463705 1.188959 -2.175535 -2.977956 1.18208 -2.18256 -2.715093 1.25217 -2.152196 -2.477802 1.705125 -1.676147 -3.293289 1.857134 -1.823405 -3.329467 1.992623 -1.986527 -3.292835 1.542895 -1.818652 -3.330181 1.697055 -1.98059 -3.369928 1.84966 -2.143268 -3.32996 1.389961 -1.97911 -3.292196 1.528697 -2.140141 -3.328586 1.683914 -2.285348 -3.292173 1.892332 -1.984333 -2.212129 1.795329 -1.881601 -2.184409 1.700164 -1.776247 -2.212172 1.787563 -2.084428 -2.184265 1.692719 -1.981955 -2.161178 1.596782 -1.879864 -2.184495 1.682822 -2.187877 -2.211044 1.587525 -2.082986 -2.183478 1.487726 -1.981663 -2.211229 0.2089682 -5.250165 -1.730271 0.3208627 -5.193188 -1.685131 0.2120617 -5.141434 -1.751536 0.3161676 -5.067734 -1.702843 0.2459676 -5.189842 -1.825152 0.2838634 -5.170545 -1.821113 0.2470152 -5.153017 -1.826589 0.2822733 -5.128057 -1.822309 0.229847 -5.147225 -1.777808 0.2277764 -5.220004 -1.776208 0.3026716 -5.181866 -1.771711 0.299529 -5.097895 -1.773043 -0.2089682 -5.250165 -1.730271 -0.3208627 -5.193188 -1.685131 -0.2120617 -5.141434 -1.751536 -0.3161676 -5.067734 -1.702843 -0.2459676 -5.189842 -1.825152 -0.2838634 -5.170545 -1.821113 -0.2470152 -5.153017 -1.826589 -0.2822733 -5.128057 -1.822309 -0.229847 -5.147225 -1.777808 -0.2277764 -5.220004 -1.776208 -0.3026716 -5.181866 -1.771711 -0.299529 -5.097895 -1.773043 0.565774 -3.712803 0.07727175 0.6676565 -3.738757 0.009121656 0.4815601 -3.746516 0.1636985 0.7156542 -3.661918 0.2602691 0.8655344 -3.611034 0.4432665 0.6472845 -3.689288 0.3304008 0.798312 -3.682999 0.2049015 0.9289675 -3.627242 0.4006815 0.8731275 -3.746894 0.1791242 0.7599087 -3.817423 -0.02249026 0.9863466 -3.676366 0.3807389 0.9200569 -3.836506 0.1898489 0.8178111 -3.927722 -0.009095668 1.022303 -3.745289 0.3887935 0.9265108 -3.927833 0.2342191 0.8258489 -4.040101 0.04571783 1.027173 -3.815565 0.4227207 0.8907414 -3.996392 0.3003576 0.7818685 -4.124446 0.1272637 0.9996143 -3.868338 0.4734513 0.8223303 -4.023788 0.3705336 0.6976548 -4.158159 0.2136896 0.9470057 -3.889417 0.5273774 0.7396231 -4.00267 0.4259278 0.595772 -4.132206 0.2818394 0.8834742 -3.873135 0.5700162 0.6648002 -3.938711 0.4516876 0.5035198 -4.05354 0.3134523 0.8260806 -3.823882 0.5899229 0.6179126 -3.849073 0.4409171 0.4456175 -3.943241 0.3000569 0.7902076 -3.754904 0.5817773 0.6115075 -3.757783 0.3965192 0.4375795 -3.830862 0.2452426 0.7854355 -3.684704 0.5477957 0.9593635 -3.611624 0.6990722 0.8130089 -3.63206 0.497103 0.9787334 -3.574832 0.6638052 1.144458 -3.517604 0.8305074 1.015414 -3.56015 0.6262639 1.165294 -3.509266 0.8092613 1.059623 -3.571485 0.5964614 1.190279 -3.515727 0.7922413 1.099565 -3.605837 0.5823534 1.212784 -3.535309 0.7839679 1.124548 -3.654072 0.587738 1.226794 -3.562855 0.7866826 1.127834 -3.703298 0.611222 1.228496 -3.59103 0.7997234 1.108487 -3.740283 0.6465451 1.21736 -3.612229 0.8196389 1.071681 -3.755046 0.6842213 1.196357 -3.620675 0.8410651 1.027325 -3.743599 0.7141045 1.171176 -3.614064 0.858193 0.9873611 -3.709053 0.7281582 1.148642 -3.594224 0.8663936 0.9625025 -3.660737 0.7226375 1.134798 -3.566569 0.8634977 1.307092 -3.4724 1.004358 1.133291 -3.538545 0.8503487 1.307219 -3.465465 1.001625 1.361547 -3.442638 1.048877 1.310182 -3.460376 0.9972096 1.315175 -3.458382 0.9922586 1.320934 -3.45997 0.9880212 1.326003 -3.46478 0.9855825 1.32904 -3.471639 0.9856272 1.329158 -3.478762 0.9882248 1.326233 -3.484174 0.9927326 1.321032 -3.486304 0.997909 1.315028 -3.484528 1.002281 1.309922 -3.479395 1.004629 -0.5657739 -3.712802 0.07727187 -0.6676563 -3.738757 0.009121775 -0.4815599 -3.746516 0.1636986 -0.715654 -3.661918 0.2602692 -0.8655342 -3.611034 0.4432666 -0.6472843 -3.689288 0.3304009 -0.7983118 -3.682999 0.2049016 -0.9289674 -3.627242 0.4006816 -0.8731275 -3.746894 0.1791242 -0.7599086 -3.817423 -0.02249026 -0.9863464 -3.676366 0.380739 -0.9200568 -3.836506 0.189849 -0.8178109 -3.927722 -0.009095549 -1.022303 -3.745289 0.3887937 -0.9265106 -3.927833 0.2342193 -0.8258488 -4.040101 0.04571795 -1.027173 -3.815565 0.4227207 -0.8907414 -3.996392 0.3003577 -0.7818685 -4.124446 0.1272639 -0.9996142 -3.868338 0.4734514 -0.8223301 -4.023787 0.3705337 -0.6976546 -4.158159 0.2136898 -0.9470056 -3.889417 0.5273776 -0.739623 -4.00267 0.4259279 -0.5957719 -4.132205 0.2818396 -0.8834741 -3.873135 0.5700163 -0.6648002 -3.938711 0.4516877 -0.5035197 -4.05354 0.3134524 -0.8260806 -3.823882 0.589923 -0.6179124 -3.849072 0.4409172 -0.4456174 -3.943241 0.3000571 -0.7902075 -3.754904 0.5817775 -0.6115074 -3.757783 0.3965193 -0.4375793 -3.830862 0.2452427 -0.7854354 -3.684704 0.5477958 -0.9593635 -3.611624 0.6990723 -0.8130088 -3.63206 0.497103 -0.9787333 -3.574832 0.6638053 -1.144458 -3.517604 0.8305075 -1.015414 -3.56015 0.626264 -1.165294 -3.509266 0.8092614 -1.059623 -3.571485 0.5964615 -1.190279 -3.515727 0.7922414 -1.099565 -3.605837 0.5823535 -1.212784 -3.535309 0.783968 -1.124548 -3.654072 0.5877382 -1.226794 -3.562855 0.7866827 -1.127834 -3.703297 0.6112221 -1.228496 -3.59103 0.7997235 -1.108487 -3.740283 0.6465452 -1.21736 -3.612229 0.819639 -1.071681 -3.755046 0.6842214 -1.196357 -3.620675 0.8410652 -1.027325 -3.743599 0.7141047 -1.171176 -3.614064 0.858193 -0.987361 -3.709053 0.7281584 -1.148642 -3.594224 0.8663937 -0.9625025 -3.660737 0.7226377 -1.134798 -3.566568 0.8634978 -1.307092 -3.4724 1.004358 -1.133291 -3.538544 0.8503488 -1.307219 -3.465465 1.001625 -1.361547 -3.442638 1.048878 -1.310182 -3.460376 0.9972097 -1.315175 -3.458382 0.9922587 -1.320934 -3.45997 0.9880213 -1.326003 -3.46478 0.9855826 -1.32904 -3.471639 0.9856274 -1.329158 -3.478762 0.9882249 -1.326233 -3.484174 0.9927327 -1.321032 -3.486304 0.9979091 -1.315028 -3.484528 1.002281 -1.309922 -3.479394 1.004629 -0.2325157 -3.738329 0.2208572 -0.3820097 -3.759668 0.2073206 -0.09524899 -3.790768 0.2582067 -0.2781969 -3.672907 0.5458937 -0.323878 -3.607485 0.8709302 -0.1631221 -3.716877 0.5771444 -0.4035108 -3.690787 0.5345786 -0.4250118 -3.621906 0.8618364 -0.505492 -3.765721 0.5462278 -0.5036731 -3.849062 0.2212221 -0.5073109 -3.682379 0.8712334 -0.5568211 -3.877637 0.5777212 -0.5649074 -3.982563 0.2588375 -0.5487348 -3.77271 0.8966051 -0.543743 -3.996552 0.6206223 -0.5493043 -4.124397 0.3100873 -0.5381817 -3.868708 0.9311574 -0.4697554 -4.090608 0.6634376 -0.4610449 -4.236561 0.3612408 -0.4784659 -3.944655 0.9656343 -0.3546774 -4.134595 0.6946926 -0.323778 -4.288998 0.3985894 -0.3855769 -3.980193 0.9907959 -0.2293453 -4.116724 0.7060111 -0.1742843 -4.267662 0.412126 -0.2844063 -3.965785 0.9998963 -0.1273484 -4.041777 0.6943603 -0.05262058 -4.178266 0.3982251 -0.2020763 -3.905287 0.9904955 -0.07602262 -3.929841 0.6628614 0.008613646 -4.044765 0.3606096 -0.1606588 -3.814918 0.9651133 -0.08911925 -3.810919 0.6199571 -0.006989419 -3.902931 0.3093593 -0.171249 -3.718907 0.9305549 -0.2533789 -3.626895 1.241153 -0.2309954 -3.642985 0.8960821 -0.2988686 -3.569094 1.21502 -0.3667418 -3.495202 1.533957 -0.3695591 -3.542062 1.195967 -0.4152402 -3.47664 1.521003 -0.4465129 -3.553026 1.189094 -0.468014 -3.484145 1.516352 -0.5091298 -3.599038 1.196239 -0.5109487 -3.515696 1.521245 -0.5406485 -3.667783 1.215489 -0.5325623 -3.562857 1.534373 -0.5326203 -3.740863 1.241692 -0.527059 -3.613018 1.552227 -0.4871764 -3.798703 1.267831 -0.4958869 -3.65275 1.570028 -0.4164763 -3.82579 1.286899 -0.4473757 -3.671387 1.583002 -0.3394672 -3.814847 1.293781 -0.3945282 -3.663909 1.587667 -0.2768043 -3.768798 1.286631 -0.3515322 -3.632308 1.582766 -0.2452951 -3.699995 1.267365 -0.3299314 -3.585071 1.569617 -0.4145677 -3.470148 1.871869 -0.3355087 -3.534883 1.55175 -0.4176385 -3.442872 1.862348 -0.4997683 -3.35086 2.172946 -0.434615 -3.421311 1.852895 -0.5024883 -3.347419 2.171833 -0.4609214 -3.411218 1.84604 -0.5066025 -3.345796 2.171076 -0.4895151 -3.415265 1.84361 -0.5110162 -3.346384 2.170868 -0.5127676 -3.432354 1.84625 -0.5145865 -3.349013 2.171256 -0.524476 -3.457931 1.853257 -0.5163897 -3.353004 2.172141 -0.5214976 -3.485174 1.862762 -0.5159363 -3.357329 2.173297 -0.5045974 -3.506797 1.872225 -0.5133079 -3.360845 2.174421 -0.4782751 -3.516984 1.879106 -0.5091746 -3.362581 2.175209 -0.4495892 -3.51297 1.881552 -0.5046502 -3.362032 2.175437 -0.4262601 -3.495819 1.878901 -0.500988 -3.359329 2.175036 -0.5149166 -3.333889 2.230234 -0.4992039 -3.355224 2.174121 0.2325158 -3.738329 0.2208572 0.3820098 -3.759668 0.2073206 0.09524911 -3.790768 0.2582067 0.2781971 -3.672907 0.5458937 0.3238781 -3.607485 0.8709302 0.1631223 -3.716877 0.5771444 0.4035109 -3.690787 0.5345786 0.4250119 -3.621906 0.8618364 0.5054923 -3.765721 0.5462278 0.5036734 -3.849062 0.2212221 0.5073112 -3.682379 0.8712334 0.5568212 -3.877637 0.5777212 0.5649076 -3.982563 0.2588375 0.548735 -3.77271 0.8966051 0.5437432 -3.996552 0.6206223 0.5493046 -4.124397 0.3100873 0.5381819 -3.868708 0.9311574 0.4697555 -4.090608 0.6634376 0.4610451 -4.236561 0.3612408 0.4784661 -3.944655 0.9656343 0.3546776 -4.134595 0.6946926 0.3237782 -4.288998 0.3985894 0.385577 -3.980193 0.9907959 0.2293455 -4.116724 0.7060111 0.1742845 -4.267662 0.412126 0.2844065 -3.965785 0.9998963 0.1273487 -4.041777 0.6943603 0.05262076 -4.178266 0.3982251 0.2020764 -3.905287 0.9904955 0.0760228 -3.929841 0.6628614 -0.008613407 -4.044765 0.3606096 0.160659 -3.814918 0.9651133 0.08911943 -3.810919 0.6199571 0.006989657 -3.902931 0.3093593 0.1712492 -3.718907 0.9305549 0.2533791 -3.626895 1.241153 0.2309955 -3.642985 0.8960821 0.2988688 -3.569094 1.21502 0.366742 -3.495202 1.533957 0.3695594 -3.542062 1.195967 0.4152405 -3.47664 1.521003 0.4465131 -3.553026 1.189094 0.4680142 -3.484145 1.516352 0.5091301 -3.599038 1.196239 0.510949 -3.515696 1.521245 0.5406488 -3.667783 1.215489 0.5325624 -3.562857 1.534373 0.5326205 -3.740863 1.241692 0.5270591 -3.613018 1.552227 0.4871765 -3.798703 1.267831 0.4958871 -3.65275 1.570028 0.4164764 -3.82579 1.286899 0.4473758 -3.671387 1.583002 0.3394675 -3.814847 1.293781 0.3945285 -3.663909 1.587667 0.2768045 -3.768798 1.286631 0.3515323 -3.632308 1.582766 0.2452953 -3.699995 1.267365 0.3299316 -3.585071 1.569617 0.4145678 -3.470148 1.871869 0.3355089 -3.534883 1.55175 0.4176386 -3.442872 1.862348 0.4997684 -3.35086 2.172946 0.4346152 -3.421311 1.852895 0.5024884 -3.347419 2.171833 0.4609216 -3.411218 1.84604 0.5066027 -3.345796 2.171076 0.4895153 -3.415265 1.84361 0.5110164 -3.346384 2.170868 0.5127679 -3.432354 1.84625 0.5145868 -3.349013 2.171256 0.5244761 -3.457931 1.853257 0.5163899 -3.353004 2.172141 0.5214978 -3.485174 1.862762 0.5159364 -3.357329 2.173297 0.5045975 -3.506797 1.872225 0.5133081 -3.360845 2.174421 0.4782754 -3.516984 1.879106 0.5091748 -3.362581 2.175209 0.4495893 -3.51297 1.881552 0.5046504 -3.362032 2.175437 0.4262603 -3.495819 1.878901 0.5009881 -3.359329 2.175036 0.5149167 -3.333889 2.230234 0.4992041 -3.355224 2.174121 -0.4516368 -1.738102 -1.516071 -0.1228059 -2.118192 -1.869611 -0.2317231 -1.720777 -1.336117 0.1096263 -1.994509 -1.724314 0.2660586 -2.410606 -2.230979 0.4812942 -2.276025 -2.091969 0.742424 -2.61045 -2.596799 0.8765222 -2.355116 -2.457345 1.1057 -2.561001 -2.884073 1.100607 -2.33177 -2.578834 -1.029862 -0.4627562 -0.7694254 -1.144794 -0.4316145 -1.111639 -1.077541 -0.763294 -1.055899 -0.9831768 -0.7877497 -0.782426 -0.9261462 -1.12406 -1.112949 -0.7389585 -1.128698 -0.8863594 -0.6588087 -1.445805 -1.33982 -0.4738955 -1.472872 -1.134666 -0.438592 -1.641542 -1.598448 -0.143228 -2.036662 -1.961513 -0.1700298 -1.620849 -1.378808 0.1407364 -1.885889 -1.78426 0.2207012 -2.334994 -2.324941 0.4832935 -2.171747 -2.15759 0.6764746 -2.554993 -2.683527 0.8404883 -2.244524 -2.513272 1.033325 -2.501778 -2.971013 1.034245 -2.22556 -2.607006 -1.243653 -0.3949767 -1.052414 -1.144759 -0.430652 -0.7748351 -1.014074 -0.7094074 -1.132182 -0.8947022 -0.7509291 -0.7870686 -0.8654816 -1.045486 -1.193531 -0.6493185 -1.067868 -0.9011617 -0.6233885 -1.352678 -1.417136 -0.4044597 -1.395513 -1.161676 -0.8561273 0.1576563 -1.240196 -1.163264 -0.1065881 -1.093175 -1.030098 -0.1125521 -0.8051497 -0.6995702 0.1302963 -0.916316 -1.089409 -0.2050948 -1.152848 -0.8011832 0.0805099 -1.312629 -0.5999448 0.04945874 -0.9219581 -0.9363051 -0.2044906 -0.8075028 1.26482 -2.291463 -2.638256 1.168636 -2.545261 -2.925129 1.195036 -2.186549 -2.66364 1.079043 -2.486291 -3.002291 1.197118 -2.74053 -3.445977 1.657735 -2.227698 -3.146492 1.923167 -1.682532 -3.207159 1.748657 -1.616583 -2.779668 1.540602 -2.023416 -2.753849 1.427554 -1.946022 -2.76033 1.621982 -1.566646 -2.784238 1.980266 -1.777397 -3.679109 1.660593 -2.337125 -3.636907 0.9746192 -2.577422 -2.736304 1.139659 -2.473232 -2.82914 0.9708549 -2.445874 -2.577779 1.135972 -2.331563 -2.66552 0.9356657 -2.615892 -2.831061 1.122671 -2.521659 -2.955841 0.9481309 -2.395722 -2.509032 1.091922 -2.282798 -2.599102 0.8794752 -2.366549 -2.523071 0.9859552 -2.241937 -2.635927 0.8900493 -2.556928 -2.892999 1.066761 -2.510226 -3.013737 1.04562 -2.632671 -2.725202 1.169123 -2.549089 -2.793763 1.036623 -2.477663 -2.533936 1.152527 -2.393996 -2.598392 0.9922431 -2.680408 -2.869804 1.144353 -2.614207 -2.968735 0.9879664 -2.375414 -2.424123 1.097895 -2.2876 -2.489461 0.9021688 -2.315725 -2.469063 0.9878042 -2.207898 -2.541267 0.9117605 -2.624037 -2.968647 1.044779 -2.582459 -3.058555 0.8291939 -2.543156 -2.64786 0.9530966 -2.491315 -2.823114 0.8922998 -2.424186 -2.558624 1.01897 -2.408523 -2.725431 0.7679992 -2.629897 -2.712723 0.9012981 -2.506197 -2.89783 0.9114359 -2.374227 -2.505644 1.023288 -2.34243 -2.674093 0.8628368 -2.318552 -2.491776 0.9547502 -2.251453 -2.673042 0.6824995 -2.535422 -2.702815 0.8268056 -2.485026 -2.908465 0.8829615 -2.610695 -2.660146 1.009659 -2.581684 -2.770509 0.9481741 -2.482078 -2.547193 1.084672 -2.485206 -2.658512 0.7906296 -2.704096 -2.76161 0.9491845 -2.609447 -2.887485 0.9758821 -2.375219 -2.466706 1.094754 -2.365037 -2.587447 0.9163979 -2.283554 -2.474513 1.038823 -2.240396 -2.589085 0.6606547 -2.597013 -2.758189 0.8177532 -2.560534 -2.901455 2.094515 -1.47213 -2.793308 1.363996 -2.541512 -2.771338 2.228613 -1.516427 -3.002532 1.653139 -2.570502 -2.817705 1.374957 -2.700841 -2.994978 2.279889 -1.883908 -2.813514 1.584664 -2.720557 -3.681384 2.192146 -1.99211 -3.718529 1.732008 -2.711393 -3.591093 2.223915 -2.154429 -3.613337 2.348878 -1.933311 -3.022518 1.678012 -2.668197 -3.017822 1.973383 -2.47162 -2.866 2.208901 -2.230942 -2.867006 2.003472 -2.215036 -3.822682 1.757792 -2.499916 -3.827671 2.016934 -2.57919 -3.059218 2.273384 -2.30833 -3.066931 2.105864 -2.325412 -3.65114 1.894206 -2.57905 -3.646335 1.822203 -1.072588 -2.734991 1.064867 -2.342919 -2.661374 1.973739 -1.126863 -3.066935 1.074075 -2.576327 -3.009631 1.262474 -2.607686 -3.80626 1.968429 -1.502597 -3.909507 1.742965 -1.961941 -4.007894 1.491375 -2.314309 -3.994035 1.174823 -2.433047 -2.704744 1.193472 -2.649926 -2.994525 2.09195 -1.250026 -3.031538 1.9234 -1.179677 -2.749953 1.394858 -2.715503 -3.794218 1.602975 -2.405762 -3.950037 2.099968 -1.713 -3.873136 1.874742 -2.06555 -3.963177 2.308023 -1.845275 -3.510638 2.314369 -1.688864 -3.261188 1.430179 -2.77366 -3.244408 1.483196 -2.780453 -3.469385 1.724411 -2.749337 -3.435885 1.701768 -2.732704 -3.231488 2.349805 -2.04406 -3.247491 2.299631 -2.120512 -3.458366 2.007665 -2.632696 -3.253396 1.974616 -2.637015 -3.45434 2.204437 -2.382808 -3.462483 2.262868 -2.362827 -3.261507 2.029165 -1.226508 -3.410615 2.032791 -1.308606 -3.631774 1.109495 -2.686833 -3.533435 1.082843 -2.674276 -3.35281 2.205945 -1.402865 -3.316494 2.195064 -1.515709 -3.610254 1.268674 -2.772641 -3.525856 1.209896 -2.752069 -3.294237 2.072563 -1.497663 -2.805688 1.390401 -2.506256 -2.789703 1.655897 -2.539265 -2.827116 2.249142 -1.892103 -2.822698 1.957234 -2.44466 -2.872879 2.179759 -2.218607 -2.873168 1.809853 -1.113746 -2.756316 1.106692 -2.324286 -2.688467 1.213644 -2.405374 -2.733755 1.905123 -1.216208 -2.766159 2.209857 -1.554237 -3.005505 1.3437 -2.633268 -2.985574 1.635505 -2.674375 -3.069098 2.320767 -1.996319 -3.09206 1.956714 -2.567158 -3.12858 2.202638 -2.324723 -3.138851 1.908457 -1.188792 -3.006585 1.126586 -2.42995 -2.896615 1.209412 -2.509867 -2.918214 2.021897 -1.306359 -2.986584 1.972248 -0.8984519 -2.927754 1.83438 -1.047977 -2.653508 1.768427 -0.3997719 -2.703317 1.715682 -0.6206246 -2.407775 1.431531 0.08447062 -2.352113 1.462342 -0.1252758 -2.040733 0.7521721 0.2725625 -2.0627 0.9083594 0.1832807 -1.713525 0.1781019 0.4193359 -1.668962 0.2994148 0.388752 -1.444117 -0.4137418 0.3465887 -1.3694 -0.3184974 0.336454 -1.162674 1.983223 -1.201399 -3.094332 1.830064 -1.229349 -2.706335 1.868096 -0.8608627 -3.011192 1.700809 -1.047098 -2.668749 1.661924 -0.393893 -2.7795 1.601131 -0.6642197 -2.425361 1.331402 0.02197718 -2.438603 1.372223 -0.2285516 -2.05452 0.6811644 0.1748391 -2.124141 0.871912 0.06577587 -1.698666 0.1527494 0.3482704 -1.705354 0.2995007 0.3065655 -1.432766 -0.4107145 0.2782061 -1.408107 -0.2953035 0.2669588 -1.154099 1.888893 -1.166183 -3.177507 1.700043 -1.212646 -2.734569 1.965077 -1.318725 -3.125869 1.811485 -1.319551 -2.743793 1.903945 -1.294373 -3.194956 1.681092 -1.297694 -2.761622 2.0753 -1.449134 -3.607684 1.923167 -1.682532 -3.207159 1.748657 -1.616583 -2.779668 1.621982 -1.566646 -2.784238 1.980266 -1.777397 -3.679109 -0.187431 0.5253947 -1.510285 0.04549705 0.5266867 -1.564281 0.06337082 0.4914913 -1.324378 -0.08338338 0.5021141 -1.298299 -0.197279 0.4525545 -1.546685 0.03963768 0.4538524 -1.605068 0.06078118 0.4109314 -1.312859 -0.07150238 0.4243171 -1.287631 0.05100703 -3.471459 0.5282517 0.05100703 -3.423381 0.4608216 0.05104947 -3.053616 0.7591724 0.05105096 -3.024326 0.6797762 0.05106467 -2.974907 0.6969476 0.05106467 -3.000999 0.7781124 0.0510118 -3.418851 0.8694649 0.05101478 -3.379861 0.892127 0.05101412 -3.205966 0.5963245 0.05101126 -3.254869 0.568634 0.0513677 -2.462842 0.7883773 0.0513677 -2.472053 0.8857012 0.05132436 -2.514905 0.7831955 0.05132436 -2.524901 0.8786445 0.05115449 -2.809456 0.9575439 0.05117863 -2.762947 0.9682078 0.05117851 -2.727045 0.7550707 0.05115449 -2.770075 0.7474475 0.05195033 -2.004586 0.9294386 0.05195033 -2.007164 0.8076658 0.05205023 -1.954878 0.8061466 0.05205023 -1.949959 0.9319725 0.05158078 -2.276025 1.242642 0.05162793 -2.234318 1.252548 0.05163955 -2.207195 0.805738 0.05156975 -2.263329 0.8032003 0.05348926 -1.440158 0.7317844 0.05348926 -1.392493 0.9108496 0.05331462 -1.490883 0.7445946 0.05331462 -1.44946 0.9178019 0.05254393 -1.702473 1.138591 0.05266284 -1.651159 1.143817 0.05266278 -1.701164 0.7839799 0.05254387 -1.744491 0.7896061 0.05507087 -0.8989964 0.7869186 0.05507087 -1.016216 0.5654731 0.05523663 -0.9702762 0.5403862 0.05523663 -0.8442606 0.7648282 0.05422151 -0.9241272 1.498115 0.05435574 -0.8645338 1.499278 0.0543881 -1.197338 0.65031 0.05418896 -1.249685 0.6707764 0.05592125 -0.5458136 0.2390685 0.05592125 -0.3598216 0.4558649 0.05597543 -0.5858453 0.2728667 0.05597543 -0.4020655 0.4943762 0.05578583 -0.4102131 0.9833288 0.05586355 -0.3606321 0.9580803 0.05586344 -0.7553368 0.4035978 0.05578577 -0.7912067 0.4286537 0.05454647 -0.04880517 0.06662797 0.05454647 -0.222473 -0.08251953 0.05435037 -0.1887545 -0.1225304 0.05435037 -0.0183776 0.01795673 0.05543428 0.3751499 0.8800354 0.05531126 0.3969129 0.828958 0.05528056 -0.3581818 0.06447649 0.05546259 -0.3981091 0.1040792 0.05251312 0.09911465 -0.5559116 0.05251318 0.2273168 -0.488122 0.05270409 0.07419919 -0.5098896 0.05270409 0.2079854 -0.4358616 0.05360174 0.3138299 -0.03111457 0.05345147 0.3304491 -0.08214378 0.05345135 -0.03690272 -0.3270059 0.05360168 -0.06143879 -0.2908363 0.05084842 0.3516768 -0.9505229 0.05084842 0.2792603 -0.9746633 0.05069434 0.2951955 -1.024471 0.05069434 0.362062 -1.003847 0.05171966 0.6141672 -0.558012 0.05157679 0.6092023 -0.6079216 0.05154258 0.2086607 -0.7875123 0.05175441 0.1863768 -0.7359223 0.05002045 0.3895617 -1.535804 0.05001896 0.4315274 -1.532351 0.05002975 0.3848814 -1.483706 0.05002975 0.427231 -1.479568 0.05024206 0.4682906 -1.204271 0.05018293 0.4712458 -1.250626 0.05018293 0.3557319 -1.271755 0.05024206 0.3474793 -1.228871 0.05016607 0.4580326 -1.990037 0.05016607 0.409882 -1.991644 0.05020153 0.4119756 -2.043921 0.05020153 0.461552 -2.041423 0.0500431 0.5795866 -1.737257 0.05005651 0.5833752 -1.775833 0.05005997 0.4037572 -1.791658 0.05004012 0.401557 -1.735507 0.05065566 0.6022769 -2.515388 0.05065566 0.6527777 -2.469288 0.05061161 0.5681729 -2.475707 0.05061161 0.6198094 -2.433705 0.05037647 0.5738299 -2.211797 0.05041718 0.5883801 -2.241324 0.05041712 0.4576968 -2.293335 0.05037647 0.4432877 -2.25209 0.05093353 1.002826 -2.691881 0.05093502 0.9771501 -2.767486 0.05095142 1.027297 -2.782417 0.05095142 1.047702 -2.70446 0.05080878 0.9374673 -2.402802 0.05083203 0.9606744 -2.413892 0.05083751 0.7976137 -2.680226 0.050803 0.7512519 -2.648455 0.05100685 1.541478 -2.755123 0.0510084 1.518831 -2.675407 0.05100768 1.490956 -2.768743 0.05100768 1.47086 -2.688375 0.0509957 1.231848 -2.607892 0.05099976 1.266262 -2.60588 0.0509997 1.280054 -2.803661 0.05099415 1.236396 -2.805701 0.05105042 1.92952 -2.511852 0.05104893 1.965711 -2.588325 0.05106192 2.0129 -2.565721 0.05106192 1.97579 -2.489093 0.05101531 1.613703 -2.368197 0.05101829 1.644441 -2.355296 0.05101907 1.782993 -2.669799 0.05101472 1.730831 -2.69072 0.05129861 2.476055 -2.326828 0.05129867 2.431426 -2.243066 0.05126762 2.429867 -2.351413 0.05126762 2.385924 -2.268736 0.05113673 2.104646 -2.282661 0.0511561 2.141959 -2.261216 0.05115604 2.24046 -2.451097 0.05113661 2.201635 -2.471159 0.05161345 2.831212 -2.018081 0.05161345 2.87994 -2.114348 0.051651 2.926701 -2.09086 0.051651 2.877888 -1.992899 0.0514357 2.466315 -1.861964 0.05146241 2.498319 -1.839872 0.05146878 2.702294 -2.206411 0.05142927 2.652626 -2.232717 0.05196309 3.402249 -1.877998 0.05196309 3.357884 -1.764001 0.0519393 3.353597 -1.897269 0.0519393 3.308292 -1.784698 0.0517947 3.001189 -1.74768 0.05182206 3.041698 -1.726232 0.051822 3.1568 -1.981408 0.05179458 3.117026 -1.999537 0.05206137 3.805363 -1.615157 0.05205988 3.836215 -1.737649 0.05205595 3.887065 -1.725284 0.0520575 3.858338 -1.60244 0.0520361 3.436583 -1.31635 0.05204427 3.47731 -1.301681 0.05204617 3.643796 -1.792416 0.05203229 3.590346 -1.809817 0.05186676 4.40248 -1.653191 0.05186676 4.397425 -1.534948 0.05189561 4.350227 -1.655984 0.05189561 4.342709 -1.536678 0.05201077 4.047218 -1.38963 0.05199366 4.095271 -1.384035 0.0519936 4.137377 -1.677984 0.05200922 4.09414 -1.684416 0.05156028 4.872006 -1.570005 0.05156028 4.857737 -1.674744 0.05152106 4.909506 -1.682367 0.05152106 4.925529 -1.579522 0.05173629 4.630558 -1.187286 0.05171054 4.675177 -1.193879 0.05170416 4.658647 -1.6553 0.05174231 4.602509 -1.652583 0.05112004 5.414243 -1.809318 0.05112004 5.443125 -1.726679 0.05115985 5.364688 -1.79252 0.05115985 5.392612 -1.707822 0.05135905 5.16994 -1.494798 0.05132514 5.215078 -1.509135 0.05132508 5.159165 -1.732927 0.05135905 5.116672 -1.722691 0.05077743 5.866498 -1.927559 0.05077743 5.831849 -1.992269 0.0507375 5.877724 -2.017442 0.0507375 5.912812 -1.95485 0.05096292 5.7413 -1.578079 0.05093461 5.777962 -1.599393 0.05092775 5.652239 -1.904189 0.05096977 5.600752 -1.881653 0.050309 6.297204 -2.323994 0.050309 6.335383 -2.285701 0.05035454 6.25948 -2.28774 0.05035454 6.29753 -2.246714 0.05057162 6.145123 -1.99936 0.05053591 6.181667 -2.029118 0.05053591 6.093189 -2.153239 0.05057162 6.057321 -2.128266 0.0499143 6.598156 -2.673885 0.0499143 6.564728 -2.691504 0.04987108 6.588499 -2.738115 0.04987108 6.620819 -2.722244 0.05012547 6.587904 -2.367834 0.05009251 6.608355 -2.405829 0.05008453 6.461254 -2.520411 0.05013352 6.428352 -2.474853 0.04948991 6.750981 -3.231517 0.04948991 6.770952 -3.228013 0.04952299 6.741217 -3.180113 0.04952299 6.762405 -3.175708 0.04970473 6.736598 -2.9087 0.04967206 6.74838 -2.95253 0.04967206 6.685046 -2.973715 0.04970473 6.67072 -2.932429 -0.04699289 -3.471459 0.5282517 -0.04699289 -3.423381 0.4608216 -0.04694753 -3.053597 0.7591782 -0.04694902 -3.024307 0.6797819 -0.04693228 -2.974877 0.6969533 -0.04693228 -3.000967 0.7781181 -0.04698812 -3.418848 0.8694649 -0.0469852 -3.379855 0.8921299 -0.04698282 -3.205957 0.5963273 -0.04698872 -3.254866 0.568634 -0.04662925 -2.462755 0.788383 -0.04662925 -2.471964 0.8857069 -0.04667258 -2.514833 0.7832012 -0.04667258 -2.524833 0.8786502 -0.04684245 -2.809411 0.9575524 -0.04681837 -2.762893 0.9682164 -0.04681843 -2.726988 0.7550793 -0.04684245 -2.77003 0.7474532 -0.04604661 -2.004425 0.9294386 -0.04604661 -2.007 0.8076658 -0.04594671 -1.954677 0.8061342 -0.04594671 -1.949756 0.9319573 -0.04641622 -2.275914 1.242645 -0.04636901 -2.234195 1.252551 -0.04635739 -2.207063 0.8057408 -0.04642719 -2.263225 0.8032031 -0.04450768 -1.439859 0.7316947 -0.04450768 -1.392194 0.9107542 -0.04468238 -1.490593 0.7445345 -0.04468232 -1.449173 0.9177418 -0.04545301 -1.702237 1.138564 -0.0453341 -1.650902 1.143781 -0.04533416 -1.700904 0.7839408 -0.04545307 -1.744261 0.7895823 -0.04292607 -0.8987272 0.7867928 -0.04292607 -1.01595 0.5653443 -0.04276037 -0.9700519 0.5402546 -0.04276031 -0.8440423 0.7646966 -0.04377549 -0.923852 1.49801 -0.0436412 -0.8642616 1.49917 -0.04360884 -1.197063 0.6501966 -0.04380804 -1.249401 0.6706715 -0.04207569 -0.5459243 0.2391705 -0.04207569 -0.3599442 0.4559784 -0.04202449 -0.5858603 0.272882 -0.04202449 -0.4020685 0.4943791 -0.04221117 -0.4100725 0.9832335 -0.04213339 -0.3605304 0.9580088 -0.04213351 -0.7552561 0.4035406 -0.04221117 -0.7910452 0.428546 -0.04345047 -0.04903548 0.06687593 -0.04345047 -0.2227033 -0.0822649 -0.04364657 -0.1889638 -0.1222643 -0.04364657 -0.01858395 0.0182228 -0.04256272 0.3749614 0.8802204 -0.04268568 0.3967125 0.8291583 -0.04271638 -0.3583971 0.06469488 -0.04253435 -0.3982827 0.104247 -0.04548382 0.09895908 -0.5555978 -0.04548382 0.2271612 -0.4878054 -0.04529285 0.07402873 -0.5095997 -0.04529285 0.2078149 -0.4355745 -0.04439526 0.3136505 -0.03085708 -0.04454547 0.3302757 -0.08188343 -0.04454559 -0.03707617 -0.3267398 -0.04439526 -0.06162124 -0.290576 -0.04714852 0.3515662 -0.9502301 -0.04714852 0.2791556 -0.9743762 -0.0473026 0.2951297 -1.024237 -0.0473026 0.3619962 -1.003613 -0.04627734 0.6140266 -0.5576916 -0.04642015 0.6090678 -0.6076079 -0.04645437 0.208532 -0.7872014 -0.04624253 0.1862333 -0.7356019 -0.04797947 0.3895617 -1.535801 -0.04797798 0.4315274 -1.532351 -0.04796725 0.3848754 -1.483664 -0.04796725 0.427225 -1.479524 -0.04775488 0.4682577 -1.204113 -0.04781401 0.4712278 -1.250524 -0.04781407 0.355717 -1.27166 -0.04775494 0.3474434 -1.22871 -0.04783087 0.4580326 -1.990095 -0.04783087 0.409882 -1.991701 -0.04779541 0.4119845 -2.043992 -0.04779541 0.461564 -2.041498 -0.04795384 0.5795866 -1.737281 -0.04794043 0.5833752 -1.775872 -0.04793697 0.4037572 -1.7917 -0.04795682 0.401557 -1.735527 -0.04734128 0.6023337 -2.515442 -0.04734128 0.6528344 -2.469339 -0.04738533 0.5682209 -2.475779 -0.04738533 0.6198573 -2.433779 -0.04762047 0.5738568 -2.211886 -0.04757976 0.588419 -2.241414 -0.04757982 0.4577357 -2.293425 -0.04762047 0.4433147 -2.25218 -0.04706341 1.002865 -2.6919 -0.0470649 0.977189 -2.767501 -0.04704552 1.027324 -2.78242 -0.04704552 1.047726 -2.704463 -0.04718816 0.9375241 -2.402841 -0.04716491 0.9607252 -2.413925 -0.04715949 0.7976645 -2.680256 -0.04719394 0.7513087 -2.648497 -0.04699009 1.541478 -2.755123 -0.04699158 1.518831 -2.675407 -0.04699224 1.490956 -2.768743 -0.04699224 1.47086 -2.688375 -0.04700428 1.23186 -2.607892 -0.04700022 1.266268 -2.60588 -0.04700022 1.28006 -2.803661 -0.04700279 1.236411 -2.805701 -0.0469495 1.929535 -2.511846 -0.04694807 1.965729 -2.588318 -0.04693502 2.012924 -2.565709 -0.04693502 1.975816 -2.489081 -0.04698461 1.613709 -2.368197 -0.04698163 1.64445 -2.355293 -0.04698091 1.783002 -2.669796 -0.04698526 1.730834 -2.69072 -0.04669833 2.476109 -2.326801 -0.04669827 2.43148 -2.24304 -0.04672932 2.429914 -2.351389 -0.04672932 2.385971 -2.268712 -0.04686027 2.104682 -2.282643 -0.04684084 2.141999 -2.261195 -0.0468409 2.240502 -2.451076 -0.04686033 2.201668 -2.471141 -0.0463835 2.831271 -2.018051 -0.0463835 2.88 -2.114319 -0.04634594 2.92676 -2.090833 -0.04634594 2.877948 -1.992873 -0.04656124 2.466372 -1.861934 -0.04653459 2.498378 -1.839842 -0.04652816 2.702353 -2.206381 -0.04656767 2.652683 -2.232687 -0.04603385 3.402285 -1.877985 -0.04603385 3.357917 -1.763989 -0.04605764 3.353639 -1.897251 -0.04605764 3.308337 -1.784679 -0.0462023 3.001243 -1.747656 -0.04617494 3.041749 -1.726211 -0.04617494 3.156851 -1.981387 -0.04620236 3.117083 -1.999513 -0.04593861 3.805363 -1.615157 -0.04593712 3.836215 -1.737649 -0.04594099 3.887053 -1.725284 -0.04594248 3.858323 -1.60244 -0.04596382 3.436604 -1.316345 -0.04595565 3.477325 -1.301678 -0.04595375 3.643809 -1.792413 -0.04596465 3.59037 -1.809811 -0.04613018 4.402426 -1.653191 -0.04613018 4.397371 -1.534948 -0.04610133 4.350179 -1.655987 -0.04610133 4.342664 -1.536681 -0.04598915 4.047191 -1.389633 -0.04600328 4.095234 -1.384038 -0.04600334 4.137341 -1.677987 -0.04598772 4.094116 -1.684419 -0.04643666 4.871938 -1.57 -0.04643666 4.857668 -1.674738 -0.04647594 4.909437 -1.682354 -0.04647588 4.92546 -1.579509 -0.04626065 4.630497 -1.187286 -0.0462864 4.675114 -1.193876 -0.04629284 4.658584 -1.655297 -0.04625469 4.602449 -1.652583 -0.0468769 5.414177 -1.809294 -0.0468769 5.443059 -1.726655 -0.04683709 5.36462 -1.7925 -0.04683709 5.392543 -1.707801 -0.04663789 5.169871 -1.494783 -0.0466718 5.21501 -1.509117 -0.04667186 5.159097 -1.732909 -0.04663795 5.116604 -1.722676 -0.04721951 5.866436 -1.92753 -0.04721951 5.831786 -1.992239 -0.04725944 5.877661 -2.017406 -0.04725944 5.912749 -1.954813 -0.04703402 5.741237 -1.578052 -0.04706233 5.777899 -1.599367 -0.04706919 5.652176 -1.904162 -0.04702723 5.600689 -1.881626 -0.04768794 6.297151 -2.323934 -0.04768794 6.33533 -2.285641 -0.0476424 6.25942 -2.28769 -0.0476424 6.29747 -2.246664 -0.04742532 6.14506 -1.999318 -0.04746103 6.181604 -2.029073 -0.04746103 6.093126 -2.153194 -0.04742532 6.057258 -2.128224 -0.04808264 6.598117 -2.673816 -0.0480827 6.564689 -2.691435 -0.04812586 6.588469 -2.738046 -0.04812586 6.620789 -2.722176 -0.04787147 6.587856 -2.367771 -0.04790443 6.60831 -2.405763 -0.04791241 6.461209 -2.520346 -0.04786348 6.428304 -2.47479 -0.04850709 6.770944 -3.227953 -0.04847395 6.741201 -3.180053 -0.04847395 6.76239 -3.175649 -0.04829221 6.736574 -2.908632 -0.04832488 6.748359 -2.952464 -0.04832488 6.685025 -2.973649 -0.04829221 6.670696 -2.93236 0.002007007 -3.471459 0.5282517 0.002007007 -3.423381 0.4608216 0.002050936 -3.053606 0.7591753 0.002066195 -3.000983 0.7781153 0.002011775 -3.41885 0.8694649 0.002014756 -3.379858 0.8921285 0.002369225 -2.472008 0.8857041 0.002325892 -2.524867 0.8786473 0.002156019 -2.809433 0.9575482 0.002180099 -2.76292 0.9682121 0.00295186 -2.004505 0.9294386 0.003051757 -1.949857 0.9319649 0.002582252 -2.27597 1.242643 0.002629399 -2.234257 1.25255 0.004490733 -1.392343 0.9108019 0.004316091 -1.449316 0.9177718 0.003545403 -1.702355 1.138577 0.003664374 -1.65103 1.143799 0.006072402 -0.8988618 0.7868557 0.006238102 -0.8441515 0.7647624 0.005222976 -0.9239896 1.498062 0.005357265 -0.8643977 1.499224 0.006922721 -0.3598829 0.4559217 0.006975471 -0.402067 0.4943776 0.0067873 -0.4101428 0.9832811 0.006865084 -0.3605813 0.9580445 0.00554794 -0.04892033 0.06675195 0.005351841 -0.01848077 0.01808977 0.006435751 0.3750556 0.8801279 0.006312787 0.3968127 0.8290582 0.003514647 0.227239 -0.4879637 0.00370562 0.2079001 -0.4357181 0.004603207 0.3137402 -0.03098583 0.004453003 0.3303624 -0.0820136 0.001849949 0.3516215 -0.9503765 0.001695871 0.3620291 -1.00373 0.00272113 0.6140969 -0.5578518 0.002578258 0.609135 -0.6077647 0.001020491 0.4315274 -1.532351 0.001031219 0.427228 -1.479546 0.001243531 0.4682742 -1.204192 0.001184403 0.4712368 -1.250575 0.001167595 0.4580326 -1.990066 0.00120306 0.461558 -2.04146 0.001044631 0.5795866 -1.737269 0.001057982 0.5833752 -1.775853 0.001657187 0.6528061 -2.469314 0.00161314 0.6198334 -2.433742 0.001377999 0.5738434 -2.211842 0.00141865 0.5883995 -2.241369 0.001935064 1.002846 -2.69189 0.001952946 1.047714 -2.704462 0.001810312 0.9374957 -2.402821 0.001833498 0.9606998 -2.413909 0.002008378 1.518831 -2.675407 0.002007722 1.47086 -2.688375 0.001995682 1.231854 -2.607892 0.001999735 1.266265 -2.60588 0.002050399 1.929527 -2.511849 0.002063393 1.975803 -2.489087 0.002015352 1.613706 -2.368197 0.002018332 1.644445 -2.355295 0.002300143 2.431453 -2.243053 0.002269148 2.385947 -2.268724 0.002138197 2.104664 -2.282652 0.002157628 2.141979 -2.261205 0.002614915 2.831241 -2.018066 0.002652525 2.877918 -1.992886 0.002437174 2.466343 -1.861949 0.002463877 2.498349 -1.839857 0.002964615 3.3579 -1.763995 0.002940833 3.308315 -1.784688 0.002796173 3.001216 -1.747668 0.002823531 3.041723 -1.726221 0.003061354 3.805363 -1.615157 0.003057479 3.85833 -1.60244 0.003036141 3.436594 -1.316348 0.003044307 3.477317 -1.301679 0.002868235 4.397398 -1.534948 0.002897143 4.342687 -1.53668 0.003010809 4.047204 -1.389631 0.002995133 4.095252 -1.384037 0.002561807 4.871972 -1.570003 0.002522528 4.925494 -1.579515 0.00273782 4.630527 -1.187286 0.002712011 4.675146 -1.193877 0.002121567 5.443092 -1.726667 0.002161383 5.392578 -1.707811 0.002360582 5.169906 -1.494791 0.002326607 5.215044 -1.509126 0.0017789 5.866467 -1.927545 0.001739025 5.91278 -1.954832 0.001964449 5.741269 -1.578065 0.001936137 5.77793 -1.59938 0.001310467 6.335357 -2.285671 0.001356065 6.2975 -2.246689 0.001573145 6.145091 -1.999339 0.001537442 6.181636 -2.029096 9.15803e-4 6.598137 -2.673851 8.72627e-4 6.620804 -2.72221 0.001127004 6.58788 -2.367802 0.001093983 6.608333 -2.405796 4.91414e-4 6.750977 -3.231487 4.91414e-4 6.770948 -3.227983 5.24498e-4 6.762398 -3.175678 7.0627e-4 6.736586 -2.908666 6.73611e-4 6.748369 -2.952497 0.05100703 -3.439945 0.4840527 0.05105042 -3.034828 0.7082453 0.0513677 -2.466938 0.8316598 0.05106467 -2.984386 0.7264347 0.05101466 -3.352351 0.8453312 0.05101168 -3.392871 0.8218036 0.05132436 -2.519247 0.824657 0.05117857 -2.753931 0.9146795 0.05115449 -2.799455 0.9041901 0.05195033 -2.005735 0.8751683 0.05348926 -1.406456 0.8583937 0.05205023 -1.952079 0.8777313 0.0516293 -2.231029 1.198365 0.05157941 -2.274457 1.188382 0.05331462 -1.462086 0.8650079 0.05266284 -1.658631 1.090052 0.05254393 -1.708962 1.084697 0.05507087 -0.9243919 0.7389431 0.05592125 -0.3951663 0.4146662 0.05523663 -0.8708359 0.7174959 0.05435764 -0.8843453 1.44874 0.05421948 -0.9440038 1.447602 0.05597543 -0.4367259 0.4526 0.05586355 -0.3921117 0.9138575 0.05578577 -0.4409468 0.9385848 0.05454647 -0.0899856 0.03126144 0.05251318 0.1793298 -0.5134959 0.05435037 -0.06025856 -0.01657676 0.05530971 0.3587672 0.790338 0.05543565 0.3368332 0.8415852 0.05270409 0.1604891 -0.462143 0.05345147 0.2852811 -0.1122508 0.05360168 0.2691948 -0.06200647 0.05084842 0.3001802 -0.9676895 0.05002045 0.3895617 -1.535804 0.05069434 0.3101907 -1.019846 0.05157256 0.5596707 -0.6301298 0.05172371 0.5640463 -0.5788565 0.05002975 0.3848814 -1.483706 0.05018293 0.4178491 -1.260393 0.05024206 0.4150995 -1.215102 0.05016607 0.409882 -1.991644 0.05065566 0.6126871 -2.505885 0.05020153 0.4119756 -2.043921 0.05005753 0.5293021 -1.780597 0.05004221 0.5253067 -1.736723 0.05061161 0.577699 -2.467958 0.05041718 0.537945 -2.261397 0.05037647 0.5219619 -2.227806 0.05093455 0.9853704 -2.743281 0.05100739 1.533665 -2.727623 0.05095142 1.033957 -2.756974 0.05083298 0.9323306 -2.460187 0.05080777 0.9046757 -2.44606 0.05100768 1.484028 -2.741036 0.05099976 1.270038 -2.660031 0.05099529 1.233096 -2.662161 0.05104947 1.95274 -2.560917 0.05129867 2.456951 -2.290973 0.05106192 1.99945 -2.537948 0.05101841 1.666325 -2.404972 0.05101525 1.632232 -2.419219 0.05126762 2.4114 -2.316669 0.0511561 2.166955 -2.309401 0.05113667 2.129482 -2.330929 0.05161345 2.855726 -2.066512 0.05196309 3.377571 -1.814588 0.051651 2.902097 -2.041484 0.05146324 2.524715 -1.887305 0.05143487 2.490688 -1.910466 0.0519393 3.328559 -1.835055 0.051822 3.064017 -1.775713 0.05179464 3.023871 -1.796996 0.05206072 3.818621 -1.667795 0.05186676 4.399744 -1.589181 0.05205684 3.870698 -1.655297 0.05204451 3.49475 -1.353085 0.05203568 3.452732 -1.368175 0.05189561 4.346123 -1.590854 0.05199366 4.102968 -1.437769 0.05201053 4.055751 -1.443237 0.05156028 4.864679 -1.623791 0.05112004 5.425215 -1.777922 0.05152106 4.917172 -1.633157 0.05170977 4.673233 -1.248126 0.05173701 4.627291 -1.241471 0.05115985 5.375616 -1.759375 0.05132514 5.201921 -1.561799 0.05135905 5.157585 -1.547656 0.05077743 5.840874 -1.975413 0.050309 6.297204 -2.323994 0.0507375 5.886269 -2.0022 0.05093348 5.757263 -1.649575 0.05096405 5.718494 -1.627338 0.05035454 6.260618 -2.286514 0.05053591 6.150158 -2.073319 0.05057162 6.114564 -2.044224 0.0499143 6.564728 -2.691504 0.04948991 6.750981 -3.231517 0.04987108 6.588499 -2.738115 0.05009019 6.565531 -2.439186 0.05012774 6.542823 -2.398072 0.04952299 6.741217 -3.180113 0.04967206 6.696901 -2.969749 0.04970473 6.685527 -2.927095 -0.04699289 -3.439945 0.4840527 -0.04694849 -3.03481 0.708251 -0.04662925 -2.46685 0.8316655 -0.04693228 -2.984355 0.72644 -0.04698479 -3.352344 0.845335 -0.04698824 -3.392868 0.8218036 -0.04667258 -2.519176 0.8246632 -0.04681837 -2.753876 0.9146881 -0.04684245 -2.79941 0.9041991 -0.04604661 -2.005572 0.8751679 -0.04450768 -1.406157 0.8582983 -0.04594671 -1.951877 0.8777166 -0.04636764 -2.230905 1.198369 -0.04641753 -2.274348 1.188385 -0.04468232 -1.461798 0.8649473 -0.0453341 -1.658373 1.090015 -0.04545301 -1.708726 1.084671 -0.04292607 -0.9241228 0.7388172 -0.04207569 -0.3952866 0.4147778 -0.04276031 -0.8706166 0.7173634 -0.0436393 -0.8840728 1.448632 -0.04377746 -0.9437283 1.447497 -0.04202449 -0.4367315 0.4526048 -0.04213339 -0.3920117 0.9137869 -0.04221117 -0.4408046 0.938488 -0.04345047 -0.09021675 0.0315113 -0.04548382 0.1791748 -0.5131803 -0.04364657 -0.06046521 -0.01631069 -0.04268723 0.3585659 0.7905388 -0.04256129 0.3366455 0.8417692 -0.04529285 0.1603181 -0.4618549 -0.04454547 0.2851073 -0.1119899 -0.04439526 0.2690151 -0.0617485 -0.04714852 0.3000712 -0.9674015 -0.04797947 0.3895617 -1.535801 -0.0473026 0.3101249 -1.019612 -0.04642438 0.5595365 -0.629817 -0.04627323 0.5639056 -0.5785356 -0.04796725 0.3848754 -1.483664 -0.04781401 0.4178318 -1.260294 -0.04775488 0.4150664 -1.214942 -0.04783087 0.409882 -1.991701 -0.04734128 0.6127449 -2.505937 -0.04779541 0.4119845 -2.043992 -0.04793941 0.5293022 -1.780637 -0.04795473 0.5253067 -1.736747 -0.04738533 0.5777457 -2.468031 -0.04757982 0.537984 -2.261487 -0.04762047 0.5219889 -2.227896 -0.04706442 0.9854086 -2.743299 -0.04699057 1.533665 -2.727623 -0.04704552 1.033982 -2.756977 -0.04716396 0.9323812 -2.46022 -0.04718917 0.9047327 -2.446099 -0.04699224 1.484028 -2.741036 -0.04700022 1.270044 -2.660031 -0.04700386 1.233108 -2.662161 -0.04694855 1.952757 -2.56091 -0.04669833 2.457005 -2.290946 -0.04693502 1.999475 -2.537937 -0.04698151 1.666334 -2.404969 -0.04698473 1.632238 -2.419219 -0.04672932 2.411448 -2.316645 -0.04684084 2.166995 -2.30938 -0.04686027 2.129517 -2.330911 -0.0463835 2.855786 -2.066483 -0.04603385 3.377605 -1.814575 -0.04634594 2.902157 -2.041458 -0.04653376 2.524774 -1.887275 -0.04656207 2.490745 -1.910437 -0.04605764 3.328602 -1.835037 -0.04617494 3.064068 -1.775692 -0.0462023 3.023925 -1.796972 -0.04593795 3.818621 -1.667795 -0.04613018 4.39969 -1.589181 -0.04594182 3.870685 -1.655297 -0.04595547 3.494764 -1.353083 -0.04596394 3.452753 -1.36817 -0.04610133 4.346076 -1.590857 -0.04600334 4.102931 -1.437772 -0.04598891 4.055725 -1.44324 -0.04643666 4.86461 -1.623785 -0.0468769 5.425149 -1.777899 -0.04647588 4.917104 -1.633145 -0.04628717 4.673171 -1.248124 -0.04625993 4.627231 -1.241471 -0.04683709 5.375547 -1.759354 -0.0466718 5.201852 -1.56178 -0.04663789 5.157516 -1.547641 -0.04721951 5.840811 -1.975384 -0.04768794 6.297151 -2.323934 -0.04725944 5.886206 -2.002164 -0.04706346 5.7572 -1.649548 -0.04703295 5.718431 -1.627311 -0.0476424 6.260557 -2.286464 -0.04746103 6.150095 -2.073275 -0.04742532 6.114501 -2.044182 -0.0480827 6.564689 -2.691435 -0.04850709 6.750972 -3.231457 -0.04812586 6.588469 -2.738046 -0.04790675 6.565486 -2.439121 -0.0478692 6.542776 -2.398009 -0.04847395 6.741201 -3.180053 -0.04832488 6.69688 -2.969683 -0.04829221 6.685503 -2.927027 4.91414e-4 6.750977 -3.231487 0.002007007 -3.439945 0.4840527 0.4032885 -4.606515 -0.6851567 0.373583 -4.637621 -0.5487133 0.6789574 -4.430954 -0.5206133 0.6621484 -4.479123 -0.3767051 0.6660785 -4.293913 -0.5183582 0.6579015 -4.374705 -0.2504164 0.6796969 -4.452704 -0.448194 0.3712027 -4.630162 -0.6239075 0.2956989 -4.547067 -0.7332975 0.2632606 -4.615595 -0.5097993 0.6920663 -4.288643 -0.3399323 0.2716242 -4.624723 -0.6395867 0.7006252 -4.34607 -0.3768894 0.3076128 -4.631856 -0.5273047 0.2197545 -4.605223 -0.638363 0.3398998 -4.577972 -0.7212536 0.6682783 -4.41583 -0.2963513 0.6804679 -4.349379 -0.5203092 0.6224577 -4.504486 -0.5857912 0.5049327 -4.58012 -0.6585513 0.4629016 -4.617646 -0.5046654 0.5866314 -4.558749 -0.4298463 0.5694502 -4.54108 -0.3481448 0.4234762 -4.608787 -0.4434612 0.4917968 -4.539302 -0.7144657 0.6288341 -4.440179 -0.6247055 0.4813759 -4.609192 -0.5863052 0.6016961 -4.552472 -0.5212717 0.6218369 -4.396651 -0.6442553 0.4710346 -4.502702 -0.7405079 0.3908755 -4.594485 -0.4098647 0.5495115 -4.522308 -0.3051514 -0.410722 -4.606515 -0.6851567 -0.3810164 -4.637621 -0.5487133 -0.6863908 -4.430954 -0.5206133 -0.6695818 -4.479123 -0.3767051 -0.6735119 -4.293913 -0.5183582 -0.6653349 -4.374705 -0.2504164 -0.6871303 -4.452704 -0.448194 -0.3786361 -4.630162 -0.6239075 -0.3031324 -4.547067 -0.7332975 -0.270694 -4.615595 -0.5097993 -0.6994997 -4.288643 -0.3399323 -0.2790576 -4.624723 -0.6395867 -0.7080586 -4.34607 -0.3768894 -0.3150463 -4.631856 -0.5273047 -0.2271879 -4.605223 -0.638363 -0.3473333 -4.577972 -0.7212536 -0.6757118 -4.41583 -0.2963513 -0.6879013 -4.349379 -0.5203092 -0.6298911 -4.504486 -0.5857912 -0.5123661 -4.58012 -0.6585513 -0.4703351 -4.617646 -0.5046654 -0.5940648 -4.558749 -0.4298463 -0.5768836 -4.54108 -0.3481448 -0.4309096 -4.608787 -0.4434612 -0.4992303 -4.539302 -0.7144657 -0.6362676 -4.440179 -0.6247055 -0.4888094 -4.609192 -0.5863052 -0.6091296 -4.552472 -0.5212717 -0.6292703 -4.396651 -0.6442553 -0.4784681 -4.502702 -0.7405079 -0.3983089 -4.594485 -0.4098647 -0.5569449 -4.522308 -0.3051514 -0.914247 -0.3504027 -0.6310121 -1.064568 -0.2874947 -0.5033503 -1.342868 -0.1617107 0.1127758 -1.393825 -0.03959912 -0.5851753 -1.325609 -0.161359 0.3087418 -1.411638 -0.09441727 -0.05555462 -1.523755 -0.02218842 0.4024396 -1.433256 -0.07863736 0.008512735 -1.795143 0.127295 0.481535 -1.618398 0.07207912 -0.4088678 -2.135745 0.3129512 0.6746945 -1.71658 0.1298184 -0.281795 -1.720387 0.1172876 0.1780838 -1.453858 -0.06693333 0.08863162 -1.50174 -0.08093935 0.1983098 -1.661827 0.04956406 -0.03782796 -1.716115 0.04840838 0.08631682 -1.875993 0.1761591 -0.1663804 -1.90715 0.1730626 -0.138216 -1.504931 -7.3272e-4 -0.2244849 -1.047684 -0.2457597 -0.6144701 -1.571125 0.03650879 -0.134747 -1.291808 -0.1830738 -0.1015455 -1.157351 -0.2437583 -0.3967755 -1.115199 -0.2402184 -0.499042 -1.390702 -0.1131962 -0.1196219 -1.387653 -0.1105881 -0.3092921 -1.282241 -0.1319105 -0.3363483 -1.460763 -0.0658434 -0.3293552 -1.543504 -0.01271033 -0.6170681 -1.345083 -0.1092025 -0.3311799 -1.562428 -3.43502e-4 -0.5689777 -1.972812 0.2821272 0.3912501 -1.267595 -0.1026349 -0.5683158 -1.75678 0.1536159 0.3600869 -1.505214 -0.05347442 0.2559447 -1.23202 -0.1602048 -0.322614 -1.167589 -0.1925202 -0.5010043 -1.194468 -0.1734942 -0.635568 -1.183609 -0.1815267 -0.6773197 -1.514729 -0.04186224 0.3255286 -1.874762 0.2200406 0.08740329 -0.8957781 -0.311797 -0.6289824 -1.046324 -0.2497835 -0.5015239 -1.324399 -0.123105 0.1148059 -1.37526 -0.001546502 -0.5786212 -1.307141 -0.1227533 0.3107717 -1.393169 -0.05581152 -0.05352473 -1.505286 0.01641732 0.4044693 -1.414787 -0.04003161 0.01054263 -1.776674 0.1659008 0.4835651 -1.600023 0.1105254 -0.4068589 -2.116756 0.3504027 0.6773198 -1.698111 0.1684234 -0.2797656 -1.701918 0.1558933 0.1801137 -1.435389 -0.02832758 0.09066176 -1.483271 -0.0423336 0.20034 -1.643358 0.08816981 -0.03579831 -1.697646 0.08701413 0.08834671 -1.857524 0.2147648 -0.1643507 -1.888681 0.2116683 -0.1361858 -1.486463 0.03787064 -0.2224555 -1.029521 -0.2080758 -0.6125847 -1.552657 0.07511454 -0.1327171 -1.273339 -0.144468 -0.09951567 -1.138897 -0.2051784 -0.3947437 -1.096503 -0.2033076 -0.4979446 -1.372233 -0.0745905 -0.117592 -1.369184 -0.07198244 -0.3072622 -1.263676 -0.09385788 -0.3297937 -1.442434 -0.02747547 -0.3273566 -1.525035 0.02589541 -0.6150383 -1.326518 -0.07114982 -0.3246257 -1.544258 0.03775656 -0.5670138 -1.954343 0.320733 0.39328 -1.24903 -0.06458228 -0.5617616 -1.738311 0.1922217 0.3621168 -1.48692 -0.01537859 0.262991 -1.213551 -0.1215991 -0.3205841 -1.148931 -0.1545631 -0.4994141 -1.175999 -0.1348885 -0.6335381 -1.164618 -0.1443574 -0.6763537 -1.496435 -0.003766357 0.3325753 -1.856293 0.2586464 0.08943319 -1.848374 0.2024766 0.1029036 -1.935885 0.2601602 0.3859234 -2.077524 0.2812162 0.6416769 -1.874495 0.1517549 -0.09983563 -1.686963 0.1108192 -0.2518537 -1.832386 0.1503824 -0.1402051 -1.595294 0.05725353 -0.3713248 -1.541728 -0.01368027 -0.5201869 -1.386692 -0.04978495 -0.5480052 -1.269738 -0.1069191 -0.5343692 -1.520697 -0.02703392 -0.5720277 -1.199964 -0.1715494 -0.5897698 -0.9458144 -0.3371921 -0.6042031 -1.061862 -0.2445961 -0.5902302 -1.180244 -0.1838353 -0.6402935</float_array>
          <technique_common>
            <accessor source="#Cube_018-mesh-positions-array" count="1664" stride="3">
              <param name="X" type="float"/>
              <param name="Y" type="float"/>
              <param name="Z" type="float"/>
            </accessor>
          </technique_common>
        </source>
        <source id="Cube_018-mesh-normals">
          <float_array id="Cube_018-mesh-normals-array" count="4086">0.6550455 -0.754601 -0.03863799 0.7030723 -0.7110683 0.008453786 0.66163 -0.7493732 -0.02618563 0.5333209 -0.8368026 -0.1238158 0.5360947 -0.7847016 -0.311201 0.5589225 -0.8180887 -0.1354122 0.5917454 -0.7812725 0.1986218 0.6717892 -0.6353187 0.3808799 0.6411539 -0.731858 0.2308801 0.5372679 -0.8236644 0.1814393 0.5734549 -0.8134574 0.09714245 0.5792264 -0.8118141 0.07385677 0.6413981 -0.7668944 0.0219435 0.7082414 -0.6963386 0.1162192 0.6240618 -0.765672 0.1558628 0.5836314 -0.7461497 0.320367 0.7106692 -0.6595191 0.2449163 0.540564 -0.8019038 -0.2544423 0.580436 -0.7876583 -0.2066119 0.6464012 -0.6943471 -0.3163032 0.6499423 -0.7015811 -0.2921627 0.4820783 -0.8619483 -0.1569898 0.6413032 -0.685953 -0.3438005 0.6044309 -0.7113089 -0.3587521 0.1077939 -0.9586087 -0.2635335 0.3175223 -0.9194535 -0.2319158 0.2322225 -0.9472324 -0.2209608 0.7163512 -0.6948351 -0.06360238 0.5622299 -0.4216572 -0.7114091 0.5610135 -0.8189051 -0.1210717 0.3976002 -0.9013451 -0.1717298 0.7120504 -0.3867126 -0.5860354 0.403038 -0.8923542 -0.2031365 0.458462 -0.8816741 -0.1116398 0.4081631 -0.8871917 -0.21516 0.5937505 -0.8032341 -0.04770141 0.4815269 -0.8606629 -0.1655039 0.2731199 -0.93979 -0.2054274 0.004211604 -0.5675661 -0.8233172 0.1202159 -0.9621241 -0.244674 -0.08893209 -0.5155864 -0.8522099 0.57047 -0.8208823 -0.02676552 0.6050813 -0.7946385 0.04925858 0.6817673 -0.7255012 0.09402948 0.9021723 -0.2801949 -0.3279877 -0.6550455 0.754601 0.03863799 -0.66163 0.7493732 0.02618563 -0.7032236 0.7109144 -0.008789479 0.1583948 0.9722512 -0.172159 -0.533627 0.786417 0.3111121 0.5621421 0.7234081 -0.4008455 -0.5877618 0.7875685 -0.1851271 -0.6709698 0.6377646 -0.3782273 -0.5775099 0.7616002 -0.2940195 -0.5306738 0.8277205 -0.1823847 -0.5780943 0.8111692 -0.08838349 -0.5709831 0.8140072 -0.1066339 -0.6418513 0.7664921 -0.02273684 -0.7074587 0.6966551 -0.1190542 0.08133345 0.9532038 -0.2911829 -0.5602454 0.8170664 0.1361167 -0.6432554 0.7300218 -0.230848 0.6328153 0.7711588 -0.06970578 -0.6081051 0.6499782 -0.4557813 -0.5822174 0.7843471 0.2140626 -0.5292999 0.3731316 -0.7619807 -0.6548581 0.7012784 0.281726 -0.6491441 0.6930613 0.3134936 -0.4820805 0.8619524 0.15696 -0.638224 0.6918162 0.3377289 -0.1561661 0.3482532 -0.9243007 -0.0946384 0.9590193 0.267069 -0.2255948 0.9480962 0.2240993 -0.3177924 0.9185858 0.2349643 -0.412562 0.785937 -0.4605386 -0.4870205 0.8574894 0.1659007 -0.3998553 0.9000254 0.1734069 -0.4076501 0.8876926 0.2140643 0.04684668 0.9078191 -0.4167373 -0.5937505 0.8032341 0.04770141 -0.3249661 0.7908688 -0.5185785 -0.57047 0.8208823 0.02676552 0.00891155 0.8896299 -0.4565953 0.4200984 0.7620368 -0.4927649 -0.2627378 0.4148443 -0.8711333 0.2623432 -0.5530694 -0.7907531 0.1552485 0.597281 -0.786863 0.2099398 0.7720074 -0.5999416 0.6151127 -0.295364 -0.7310243 0.9525403 -0.1022399 -0.2867296 0.9698582 -0.2432656 0.01403862 0.8836097 -0.276683 -0.3777307 0.8603727 0.08032709 -0.5032957 -0.04937994 -0.6431601 -0.7641379 0.9900099 0.005859613 0.1408762 0.5646992 -0.7893216 -0.2410112 0.2728384 -0.1991049 -0.9412314 0.4296451 -0.9025965 -0.02691763 -0.8736987 0.4370935 -0.2135416 -0.685095 0.7161636 0.1332468 -0.6723638 0.701601 -0.2359728 -0.8055851 0.4077062 0.4298936 -0.8840084 0.4479248 0.133764 -0.3923217 0.8951832 -0.2114966 -0.363365 0.8272917 0.4284325 -0.400654 0.9062631 0.1347721 -0.8584042 0.04199391 -0.5112521 -0.7222753 0.3060194 -0.620218 -0.9816201 0.05142486 -0.1837867 -0.9098958 0.05493432 0.4111835 -0.9896057 0.05700927 0.1320247 -0.7586491 0.04886138 0.6496647 -0.6443262 0.2735456 0.7141546 -0.6189348 0.6478673 0.4440582 -0.2350639 0.6617009 0.711967 0.01040691 0.7682197 0.6401017 0.01425242 0.9141424 0.4051427 0.01706004 0.990705 0.1349546 0.01922708 0.9846728 -0.1733493 0.01867735 0.8653554 -0.5008105 -0.2692714 0.7374369 -0.6194189 -0.5202604 0.5416238 -0.6602824 0.4356329 0.8757216 -0.2081723 0.7349987 0.6640716 0.1370626 0.7203776 0.6556462 -0.2262395 0.3979426 0.8098022 0.4311172 0.4418852 0.8864257 0.1377934 0.9103198 0.3671126 -0.1911708 0.8458761 0.3354389 0.4146978 0.9194133 0.3685466 0.1373046 0.3067771 0.7267493 -0.614592 0.2577075 0.650617 0.7143419 0.6638016 0.6031591 0.4422292 0.6827445 0.2163809 0.6978819 0.7847095 -0.01907449 0.6195701 0.9221665 -0.01867771 0.3863419 0.9905701 -0.01712137 0.1359336 0.9883955 -0.01529008 -0.1511312 0.8799006 -0.01217716 -0.4750016 0.758376 0.2595673 -0.5979052 0.5610728 0.5120278 -0.6504037 0.8920443 -0.4080715 -0.1942543 0.6917236 -0.7089061 0.1377343 0.6792646 -0.6980033 -0.2266961 0.8249009 -0.3794135 0.4190273 0.899365 -0.4145398 0.1389225 0.3880829 -0.8977852 -0.2082634 0.3599405 -0.8291694 0.4276925 0.3958033 -0.9082511 0.1357188 0.7448521 -0.287369 -0.6021748 0.6684347 -0.2545313 0.6988625 0.6272013 -0.6411791 0.442163 0.2370152 -0.6616345 0.7113814 0.002014219 -0.765574 0.6433447 1.52596e-4 -0.9137122 0.4063622 -0.001556456 -0.9911144 0.1330031 -0.004303216 -0.9840065 -0.1780807 -0.004608392 -0.8628729 -0.5054 0.2675669 -0.7410812 -0.6157976 0.5277475 -0.5422139 -0.6538246 -0.4012335 -0.8873709 -0.2271225 -0.7154872 -0.685365 0.1354737 -0.6971491 -0.668217 -0.2597485 -0.3629326 -0.8180938 0.446097 -0.4059008 -0.9038161 0.1355037 -0.9039255 -0.3597635 -0.2312765 -0.8326303 -0.32317 0.4497644 -0.9220319 -0.3627151 0.135259 -0.2796514 -0.7243226 -0.6302 -0.2323764 -0.646009 0.7270995 -0.6362922 -0.6099847 0.4722827 -0.6516704 -0.1979762 0.7322098 -0.7330973 -0.2454034 -0.6343072 -0.5303693 -0.5087919 -0.6781145 0.01141411 0.5010024 -0.8653707 0.002594113 -7.62983e-4 -0.9999964 -0.2588299 0.2694199 -0.9275884 0.5180661 -0.007812917 -0.855305 0.28084 0.2559971 -0.9249835 -0.497615 0.01843357 -0.8672022 -0.005951225 -0.5014617 -0.8651595 -0.264726 -0.2544714 -0.9301422 0.2643588 -0.2707068 -0.9256525 0.2511146 0.2323146 0.9396656 0.2445532 -0.2455909 0.9380186 0.4833998 -0.01498508 0.8752714 -0.2359109 0.2508041 0.9388523 0.00338757 0.003234982 0.999989 -0.2338082 -0.2211427 0.9467996 0.003570675 -0.4626955 0.8865101 0.4974629 0.4564146 0.7377101 0.006744623 0.4684631 0.8834574 -0.465155 0.4883502 0.7383394 -0.4595224 0.02871823 0.8877018 -0.4663965 -0.4464368 0.7636548 0.4750958 -0.4835192 0.7351824 0.5791662 -0.3889999 0.7164118 -0.8929731 0.4347823 0.1164628 -0.546167 -0.7955067 0.2624324 0.6125547 -0.336049 -0.7154355 -0.5274254 0.3180056 -0.787842 0.2841676 0.5816417 -0.7621954 -0.7655991 0.4327896 -0.475974 -0.3131927 -0.5260673 -0.7906728 -0.3808819 -0.6883953 -0.6172851 0.8274996 -0.4594371 -0.3227413 0.4210746 0.7555354 -0.5018591 0.3721474 0.8098189 0.4535413 -0.5791662 -0.3889999 0.7164118 0.8929731 0.4347823 0.1164628 -0.3721474 0.8098189 0.4535413 -0.6125547 -0.336049 -0.7154355 0.5274254 0.3180056 -0.787842 0.3131927 -0.5260673 -0.7906728 0.7655991 0.4327896 -0.475974 0.3808819 -0.6883953 -0.6172851 -0.8274996 -0.4594371 -0.3227413 -0.2841676 0.5816417 -0.7621954 -0.4210746 0.7555354 -0.5018591 0.546167 -0.7955067 0.2624324 -0.1585488 0.9771123 -0.1418241 0.2548329 0.8718033 -0.4183533 -0.5002469 0.8403269 0.2088151 -0.5002437 0.8403216 0.2088443 0.6291481 0.5526066 -0.5466248 0.8640783 0.1050761 -0.492268 0.8966941 -0.3508829 -0.2698536 0.7182379 -0.6931206 0.06097728 0.376544 -0.8299045 0.4116715 -0.0368067 -0.7245981 0.6881881 -0.4111291 -0.4054219 0.8164594 -0.6460926 0.04211652 0.7620962 -0.6786964 0.498081 0.5397098 -0.678686 0.4981039 0.5397016 0.7182366 -0.6931194 0.06100767 -0.03680586 -0.7246127 0.6881729 -0.4111544 -0.4054168 0.8164492 -0.6460598 0.0421164 0.762124 0.5784938 0.3906169 0.716075 -0.158544 0.9771136 -0.1418198 0.6291297 0.5526172 -0.5466353 0.3765487 -0.8299149 0.4116461 0.1585488 0.9771123 -0.1418241 -0.2548329 0.8718033 -0.4183533 0.5002437 0.8403216 0.2088443 -0.6291481 0.5526066 -0.5466248 -0.8640783 0.1050761 -0.492268 -0.8966941 -0.3508829 -0.2698536 -0.7182379 -0.6931206 0.06097728 -0.376544 -0.8299045 0.4116715 0.0368067 -0.7245981 0.6881881 0.4111291 -0.4054219 0.8164594 0.4111544 -0.4054168 0.8164492 0.6460926 0.04211652 0.7620962 0.6786964 0.498081 0.5397098 -0.5784938 0.3906169 0.716075 0.5002469 0.8403269 0.2088151 -0.6291297 0.5526172 -0.5466353 0.03683638 -0.7246118 0.6881721 0.1348651 0.9748803 -0.1772565 -0.3693391 0.9041819 -0.214578 0.1372135 0.974625 -0.1768577 0.6019309 0.796552 -0.05643004 0.6029362 0.7958171 -0.05606365 -0.3720024 0.9031029 -0.2145217 -0.780832 0.6040957 -0.1592793 -0.7824166 0.6021711 -0.1587905 -0.9875167 0.1553438 -0.02606356 -0.9877588 0.1538785 -0.02557522 -0.9348738 -0.3220419 0.1493319 -0.6381958 -0.7003032 0.319815 -0.9348116 -0.3221941 0.1493928 -0.6372081 -0.7010235 0.3202063 -0.1759446 -0.8802727 0.4406399 -0.1735936 -0.8805421 0.441034 0.3298245 -0.8132233 0.4794618 0.3324726 -0.8121684 0.479421 0.7439922 -0.5153744 0.4252822 0.7456037 -0.5134475 0.4247905 0.9541561 -0.06543338 0.2920699 0.9544043 -0.06396877 0.2915828 0.9022919 0.4153625 0.1155141 0.902238 0.4154878 0.1154845 -0.3693415 0.9041879 -0.2145489 0.9022411 0.4154893 0.1154544 0.9022265 0.415513 0.115483 0.6029167 0.7958317 -0.05606466 -0.6372217 -0.701008 0.3202131 -0.1736232 -0.8805374 0.4410316 0.3324775 -0.8121803 0.4793975 0.74559 -0.5134592 0.4248002 -0.1157293 0.3313181 0.9363948 -0.1348651 0.9748803 -0.1772565 0.3693391 0.9041819 -0.214578 0.3720024 0.9031029 -0.2145217 -0.6019309 0.796552 -0.05643004 -0.1372135 0.974625 -0.1768577 -0.6029362 0.7958171 -0.05606365 0.780832 0.6040957 -0.1592793 0.7824166 0.6021711 -0.1587905 0.9875167 0.1553438 -0.02606356 0.9877588 0.1538785 -0.02557522 0.9348738 -0.3220419 0.1493319 0.9348116 -0.3221941 0.1493928 0.6381958 -0.7003032 0.319815 0.6372081 -0.7010235 0.3202063 0.1759446 -0.8802727 0.4406399 0.1735936 -0.8805421 0.441034 -0.3298245 -0.8132233 0.4794618 -0.3324726 -0.8121684 0.479421 -0.7439922 -0.5153744 0.4252822 -0.7456037 -0.5134475 0.4247905 -0.9541561 -0.06543338 0.2920699 -0.9544043 -0.06396877 0.2915828 -0.9022919 0.4153625 0.1155141 -0.902238 0.4154878 0.1154845 -0.9544155 -0.06396746 0.2915464 -0.9022411 0.4154893 0.1154544 -0.6029167 0.7958317 -0.05606466 0.3693415 0.9041879 -0.2145489 0.1736232 -0.8805374 0.4410316 -0.74559 -0.5134592 0.4248002 0.1157273 0.3312814 0.936408 -0.1372128 0.9746198 -0.1768873 -0.7229149 -0.6886415 0.05627787 0.4655961 -0.4286988 0.7742336 0.2190072 -0.6049556 0.7655487 -0.5243191 -0.8152277 0.2459539 0.5241087 -0.3217654 0.7885284 -0.3522493 -0.9102877 0.2174777 0.04025489 -0.9809501 0.1900434 0.4521037 -0.1984934 0.8695992 0.5755974 -0.1082525 0.8105363 0.7745806 -0.5553907 0.3025991 0.6456431 -0.723163 0.2453169 0.7852808 -0.6032968 0.1391659 -0.5794728 0.7699141 -0.2672894 -0.5237032 0.3536522 -0.7750259 -0.6029941 0.7321504 -0.316787 -0.9671749 -0.04886072 -0.24937 -0.5581996 0.0817309 -0.8256715 -0.5579191 -0.1596147 -0.8144013 -0.4675822 -0.350969 0.8112877 -0.8445291 -0.5267931 -0.09622722 -0.151528 -0.5379624 0.829238 -0.8353431 -0.5405269 -0.1001642 -0.01745688 -0.5989364 0.8006063 -0.8089523 -0.5076629 -0.2964368 0.681463 -0.0870102 0.7266619 -0.660072 -0.7034705 -0.2635039 0.7224256 0.3550021 0.5933589 0.7957531 0.1015673 0.5970438 -0.3650668 -0.8797067 -0.3047005 0.1897078 -0.9818053 0.008331716 -0.1384364 -0.8683404 -0.4762566 0.3118758 0.4341968 0.8451075 0.5075129 0.5147767 0.6909672 0.01141405 0.7117299 0.7023606 0.2947233 0.2875207 0.9113013 0.4259915 0.2494665 0.8696538 -0.02804732 0.03506678 0.9989914 -0.652502 -0.01324534 0.7576714 -0.09030669 0.6720966 0.7349359 -0.4012668 0.471339 0.7853819 -0.900193 -0.3616825 -0.2425662 -0.7147564 -0.1602861 -0.6807582 0.1128889 -0.119481 0.9863977 -0.7964884 -0.1770415 -0.5781545 0.3337853 -0.242137 0.9110199 0.5500196 -0.1867173 0.8140118 -0.8444448 -0.2631394 -0.466552 -0.08624559 -0.850859 -0.5182671 0.4599274 -0.8667205 0.1930352 -0.8502531 0.4632444 -0.2499487 0.1281199 0.1245186 0.9839109 -0.6689918 -0.2179716 -0.7105902 0.1703295 0.3348298 0.9267561 0.4727747 -0.2832192 0.8344286 0.5370771 -0.2030138 0.818739 0.8664768 -0.3980038 0.3013488 0.5252082 -0.2165656 0.8229554 0.05844438 0.1675813 0.9841244 0.8814663 -0.4452806 0.1572979 0.1089853 -0.8724925 0.4763184 0.93611 -0.07962411 0.342576 0.1047729 -0.7333491 0.6717306 0.9460948 -0.3076334 0.1013237 -0.118567 -0.9910494 0.06134355 0.7762336 -0.4927682 -0.3932441 0.6761221 0.4111239 0.6114214 -0.05701047 -0.24672 0.9674084 -0.3608573 -0.02462887 0.9322959 0.4122186 -0.5620358 -0.7170717 0.7452222 0.6664212 -0.02295053 0.9503039 0.3070832 0.05121105 0.7023152 0.2329249 -0.6726807 -0.670482 -0.6711229 0.3163037 -0.5841124 -0.641428 0.497376 -0.5610979 -0.6726155 0.4824496 -0.3927771 -0.581597 0.7123701 0.9475336 0.2622221 -0.1828107 0.8618319 0.2635028 -0.4333727 -0.6069356 -0.6732539 0.4223249 -0.4608075 -0.8664366 -0.1922091 0.3461531 0.8723108 0.3453291 0.1115778 -0.7656934 0.6334542 0.9397419 -0.340104 0.03485268 0.03549391 -0.6068148 0.7940505 0.554911 -0.4945733 -0.6689329 0.7991811 -0.5667148 -0.2003598 0.9805464 0.05426281 0.1886382 0.2266062 -0.211255 0.9508002 0.8669425 0.4979593 0.02115011 0.1269909 0.0478543 0.990749 -0.1648624 -0.9858175 0.03137326 -0.1240596 -0.4144172 -0.9015917 0.7480512 0.3459939 -0.5663106 0.8074055 0.2117699 -0.5506813 0.3815481 0.06988841 -0.9217032 0.1112102 -0.1050759 -0.9882265 -0.3736484 -0.5509353 0.7462286 -0.3944605 -0.42852 0.8128786 -0.44586 -0.3753904 0.8125829 -0.09579849 -0.3185247 0.9430614 0.7926125 0.2059736 -0.5738818 -0.5654016 -0.4036795 0.7192802 -0.6331539 -0.7241015 0.2734836 0.198679 -0.4266258 0.8823362 -0.07358133 -0.9040952 0.4209487 0.211286 -0.8985226 0.3847279 0.9508175 0.07382529 -0.3008252 0.6669872 0.0901829 -0.7395913 0.8478309 0.3867427 -0.3627849 0.8219492 -0.2608495 -0.5063173 0.5874062 -0.3418169 -0.7335634 0.7881633 -0.1413963 -0.5990041 0.3092855 -0.3880565 0.8681905 0.5145859 -0.7824539 0.3506668 0.07062101 -0.9947677 -0.07382547 -0.08963412 -0.7627599 -0.6404399 0.2602064 -0.8516374 -0.4549797 0.9815403 0.00314337 0.1912297 0.9685801 0.2467457 -0.0311293 0.8876358 0.3796349 0.26073 0.2160455 -0.9562586 0.1972151 0.5521293 -0.8306812 0.07156831 0.5496565 -0.01651102 0.8352277 0.3988844 0.1287905 0.9079121 0.3481636 -0.8556989 -0.3828336 0.400291 -0.5555731 -0.7287701 0.5388515 -0.6409085 -0.546695 0.8529545 -0.4552264 0.2554163 0.9933825 -0.1024206 -0.05197328 0.257431 -0.9646261 -0.05679655 0.5809957 -0.7747627 -0.2493731 0.6689906 -0.4625252 -0.5818265 0.7881842 -0.5181214 -0.3321385 0.4734513 -0.2886548 0.8321793 0.7907013 0.5893025 0.1658739 0.7384391 0.6566785 -0.1532362 0.7128051 0.6958059 0.08810871 0.8632041 -0.5032916 -0.03970539 0.9382872 -0.1960869 -0.2848982 0.04516899 -0.3951373 0.9175109 -0.5181537 -0.7651755 0.3821299 -0.3833208 -0.8268865 0.41149 0.4128351 0.2452839 0.8771562 0.3745017 0.228345 0.8986697 0.197398 -0.4291607 -0.8813939 -0.3628719 -0.6053766 -0.708409 0.08008104 -0.3447393 -0.9352764 0.6178399 0.3005881 -0.7265815 0.7445437 0.5639928 -0.3571649 -0.359054 -0.9233471 0.1360529 -0.5477608 -0.8325672 0.08240216 0.2695725 -0.06665301 -0.9606707 -0.2657946 -0.9460446 -0.1853451 0.4145065 -0.1837537 -0.8913019 0.009979546 -0.9852318 0.1709346 0.8577568 0.5070366 -0.08465868 0.0786488 -0.4184838 0.9048125 -0.463649 -0.8576225 -0.2225161 -0.8137415 -0.1442046 0.5630542 -0.7550464 0.3573805 0.5497128 -0.7773535 -0.4850715 0.4005334 -0.6283071 -0.5721815 0.527104 0.6141073 0.469721 0.6342195 0.06695973 -0.3651046 0.9285554 0.3755391 0.8741318 0.308 -0.4974408 -0.5550314 0.6667031 0.6257137 0.7178831 0.3051659 -0.04571759 0.9015037 0.4303498 -0.4382258 0.7501935 0.4951442 -0.9572001 0.1315677 -0.2577946 -0.779438 0.5565235 -0.287677 -0.8440751 -0.3835678 -0.3747172 -0.7159757 -0.6924456 -0.0888713 -0.7862434 -0.5725459 -0.232406 0.5404328 0.7399364 -0.4005331 -0.501072 0.7772445 -0.3805498 -0.1992616 0.8626635 -0.4648726 0.1558298 0.8226692 -0.5467473 0.4303556 0.7569448 -0.4917608 0.9644438 0.2373189 -0.1163094 0.6596849 -0.1782659 0.730094 0.5488587 -0.2696989 0.7912123 0.5300625 0.8360815 -0.1414273 0.6932752 0.1963914 0.6933974 0.06595212 0.9259852 -0.3717553 0.5705227 0.5685694 0.5926489 0.04287981 0.8350129 -0.5485571 0.5399523 0.6505858 0.5340315 -0.2412868 0.4916074 -0.8367215 0.1009581 0.9059982 -0.4110655 0.9314444 -0.210399 0.2968903 0.9439365 -0.2545934 0.210157 0.9851169 -0.1518006 0.08063071 0.4646861 -0.3526805 0.8122088 0.8121283 0.5599443 -0.1640431 0.6452436 0.4587084 -0.6109397 0.4586471 0.6645927 -0.589881 -0.1189016 -0.4203366 0.8995441 0.09653383 0.7501443 -0.6541903 0.3360744 -0.4037653 0.8508982 0.08902454 -0.5648802 0.8203566 -0.2697863 0.6453508 -0.7146591 -0.3347646 0.5315216 -0.7780858 0.4558351 0.1142029 0.8827074 0.4895655 -0.04168981 0.8709694 0.3605556 0.1216806 0.9247668 0.4866927 -0.2990595 0.8207885 -0.2207775 -0.322926 0.9203131 -0.1590057 -0.153085 0.975337 0.9754782 0.04297071 -0.2158607 0.723801 0.1184768 -0.6797613 0.6915741 0.290394 -0.6613597 -0.09366166 -0.09042668 0.9914891 0.5670168 -0.2023119 0.7984747 0.2969211 0.1731353 0.9390752 0.004242181 0.7709242 0.6369128 0.3551239 0.6734415 0.6483545 -0.494719 0.4393263 -0.7498304 -0.4030668 0.8488299 -0.3420894 -0.5381764 0.3969944 -0.7434794 1 -1.83111e-4 -6.1037e-5 1 -3.05185e-4 -9.15555e-5 1 -9.15555e-5 -3.05185e-5 0.621708 -0.6470695 0.4413391 1 -3.05194e-5 0 0.7071019 -0.5757468 -0.4105152 1 0 0 0.9999998 -7.32466e-4 -6.10389e-5 0.9999997 -8.85063e-4 -6.10389e-5 0.9999999 -5.79869e-4 -9.15583e-5 0.6527543 -0.3561643 0.6686245 1 -4.27272e-4 -6.10389e-5 0.9999999 -4.57792e-4 -6.10389e-5 0.9999987 -0.001678526 0 0.9999979 -0.002105832 6.10387e-5 0.999998 -0.002044796 9.15581e-5 0.9999992 -0.001312315 -3.05194e-5 0.6256833 -0.4730851 0.6202508 0.9999995 -0.001037657 -3.05194e-5 0.9999991 -0.00137335 -3.05194e-5 0.9999994 -0.001098692 -3.05194e-5 0.9999956 -0.002929806 6.40905e-4 0.9999944 -0.003265559 8.2402e-4 0.9999951 -0.003021359 8.85059e-4 0.9999967 -0.002563595 3.35713e-4 0.6458725 -0.2974987 0.7030955 0.9999974 -0.002288937 2.74674e-4 0.9999961 -0.002777218 3.96751e-4 0.9999969 -0.002472043 2.74674e-4 0.9999956 -0.002685666 0.001312315 0.9999961 -0.00250256 0.001342833 0.9999967 -0.002258419 0.001312315 0.9999963 -0.002533078 0.00100708 0.6212173 -0.3478878 0.7021846 0.9999961 -0.002655148 0.00100708 0.9999945 -0.003082394 0.001281797 0.9999942 -0.003235042 0.001159727 1 1.52593e-4 -1.52593e-4 0.9999989 0.001129209 -0.001037657 0.9999997 -7.62986e-4 5.4935e-4 0.6174964 9.76617e-4 0.7865732 0.9999982 -0.001556456 0.001068174 0.9999994 -9.15583e-4 6.40908e-4 0.9999977 -0.001770079 0.001159727 0.9999933 0.002349972 -0.002807736 0.9999943 0.00213629 -0.002655148 0.9999942 0.002288937 -0.002563595 0.6170411 0.7852945 -0.05072319 0.9999975 0.001617491 -0.001556456 0.9999958 0.002044737 -0.002044737 0.9999943 0.002349972 -0.002441525 0.9999964 0.001922667 -0.001861631 0.9999938 0.001678526 -0.003112912 0.9999937 0.001617491 -0.003173947 0.9999943 0.001678526 -0.002960324 0.6406464 0.7677869 -0.008697748 0.9999954 0.001739561 -0.002533078 0.9999951 0.001739561 -0.002594113 0.9999943 0.001861631 -0.002838253 0.9999943 0.001953184 -0.002777218 0.999995 0.00100708 -0.003021359 0.9999969 7.32464e-4 -0.002411007 0.9999951 0.00100708 -0.002960324 0.6494223 0.7078975 -0.2777265 0.9999942 0.00137335 -0.003143429 0.9999944 0.001312315 -0.003082394 0.9999937 0.00137335 -0.003296077 0.9999932 0.00149542 -0.003387629 0 0 1 0.7104256 0 0.7037724 0.7125033 3.05193e-5 0.7016689 0.6794812 0.732188 -0.04696911 0.9999986 3.35713e-4 -0.001648008 0.9999995 1.83117e-4 -9.76622e-4 0.9999995 1.83117e-4 -0.001007139 0.9999986 3.35713e-4 -0.001678526 0.6942192 -3.05192e-5 0.7197637 0.7058392 0 0.7083722 1 0 4.27272e-4 0.6527476 0.708476 0.2682955 1 0 2.13636e-4 1 0 3.05194e-4 0.9999997 -5.4935e-4 7.01947e-4 0.9999998 -5.1883e-4 5.79869e-4 0.9999998 -5.4935e-4 5.79869e-4 0.9999995 -3.66233e-4 9.76622e-4 0.6931522 0.6250638 0.3589364 0.9999997 -2.74675e-4 9.15583e-4 0.9999997 -3.05194e-4 8.85063e-4 0.9999997 -2.44155e-4 8.24025e-4 1 -3.66233e-4 1.52597e-4 1 -2.44148e-4 6.1037e-5 0.9999999 -5.4935e-4 3.66233e-4 0.6392951 0.08255565 0.7645172 0.9999998 -6.40908e-4 4.57791e-4 0.9999999 -4.57792e-4 3.05194e-4 0.9999998 -5.4935e-4 3.96753e-4 1 -6.10389e-5 0 0.6626109 -0.2003611 0.7216663 1 -1.52593e-4 0 1 -6.1037e-5 0 1 -1.52593e-4 -9.15555e-5 1 -2.44156e-4 -1.22078e-4 0.6230862 -0.5794738 0.5253322 1 -3.05185e-5 0 0.9999999 -4.88311e-4 -2.44156e-4 0.9999999 -5.4935e-4 -2.74675e-4 0.9999999 -4.27272e-4 -2.13636e-4 0.6561666 -0.5239871 0.5430312 1 -3.35714e-4 -1.83117e-4 1 -3.35714e-4 -1.52597e-4 0.9999998 -6.10389e-4 -3.05194e-4 0.6227114 -0.6756924 0.3945507 0.9999998 -5.79869e-4 -3.05194e-4 0.9999999 -4.27272e-4 -1.83117e-4 1 -3.66233e-4 -1.22078e-4 1 -3.66222e-4 -1.22074e-4 0.9999999 -5.1883e-4 -2.13636e-4 0.6444684 -0.5465942 0.5346918 0.9999999 -5.4935e-4 -2.44156e-4 0.9999999 -5.79869e-4 -2.44156e-4 1 1.22074e-4 0 1 -1.22074e-4 -3.05185e-5 0.6096267 -0.6065747 0.5103163 1 -2.44148e-4 -6.1037e-5 1 -2.74675e-4 -9.15583e-5 0.9999999 4.88311e-4 0 0.9999999 5.4935e-4 0 0.9999999 4.57792e-4 3.05194e-5 0.6400783 0.1666956 0.7500083 1 2.74675e-4 3.05194e-5 1 3.66233e-4 3.05194e-5 1 3.96753e-4 3.05194e-5 0.9999998 7.01947e-4 -9.15583e-5 0.9999998 7.32466e-4 -9.15583e-5 0.9999998 7.01947e-4 -6.10389e-5 0.6175624 0.4557785 0.6410014 0.9999999 5.79869e-4 0 0.9999999 6.40908e-4 -3.05194e-5 0.9999998 6.71428e-4 -3.05194e-5 0.9999999 6.10389e-4 0 0.9999998 7.01947e-4 -2.13636e-4 0.9999998 6.71428e-4 -2.44155e-4 0.6520835 0.4123818 0.6361827 0.9999998 7.01947e-4 -1.52597e-4 0.9999998 7.32466e-4 -1.83117e-4 0.9999998 7.32466e-4 -1.52597e-4 0.9999998 6.40908e-4 -3.35714e-4 0.9999998 6.40908e-4 -3.66233e-4 0.6304035 0.6163952 0.4718565 0.9999998 6.40908e-4 -2.74675e-4 0.9999998 6.71428e-4 -3.05194e-4 0.9999998 6.71428e-4 -2.74675e-4 0.9999997 6.10389e-4 -5.79869e-4 0.7171965 3.96747e-4 0.6968709 0.9999998 6.10389e-4 -5.4935e-4 0.6650398 0.577084 0.4740213 0.9999998 6.10389e-4 -4.27272e-4 0.9999998 6.40908e-4 -4.57791e-4 0.9999997 6.71427e-4 -4.57791e-4 0.9999998 6.40908e-4 -4.27272e-4 0.7152236 2.44156e-4 0.6988957 0.7153592 2.74669e-4 0.698757 0.6522472 0.7385237 0.1707525 0.9999998 4.88311e-4 -6.40908e-4 0.9999997 4.57791e-4 -6.71427e-4 0.9999998 4.88311e-4 -5.4935e-4 0.6997963 0.12 0.7041911 0.7159472 9.15572e-5 0.6981545 0.6852409 0.7187812 0.1174672 0.9999998 2.44155e-4 -7.01947e-4 0.9999998 2.13636e-4 -6.71428e-4 0.9999999 2.13636e-4 -5.4935e-4 0.9999999 2.44156e-4 -6.10389e-4 -1 2.1363e-4 9.15555e-5 -1 3.35714e-4 9.15583e-5 -1 2.13636e-4 9.15583e-5 -1 9.15555e-5 3.05185e-5 -0.6217617 -0.6470008 0.4413644 -0.6199996 -0.0546295 0.782698 -1 9.15555e-5 6.1037e-5 -0.7071019 -0.5757468 -0.4105152 -1 3.05185e-5 3.05185e-5 -0.7181615 -0.5666002 -0.4039906 -0.9999998 7.32466e-4 6.10389e-5 -0.9999997 8.85063e-4 6.10389e-5 -0.9999999 5.79869e-4 9.15583e-5 -0.6529963 -0.3555527 0.6687138 -0.647495 0.05154687 0.7603244 -1 3.35704e-4 9.15555e-5 -0.9999999 4.57792e-4 6.10389e-5 -0.9999987 0.001678526 0 -0.9999979 0.002105832 -6.10387e-5 -0.9999986 0.001709043 -3.05194e-5 -0.9999992 0.001312315 3.05194e-5 -0.6266871 -0.4716786 0.6203085 -0.5999864 0.2822765 0.7485562 -0.9999991 0.00137335 3.05194e-5 -0.9999994 0.001098692 3.05194e-5 -0.9999956 0.002929806 -6.40905e-4 -0.9999944 0.003265559 -8.2402e-4 -0.999995 0.003082394 -7.32463e-4 -0.9999967 0.002563595 -3.35713e-4 -0.6476823 -0.2943899 0.7027392 -0.6172745 0.2862669 0.7328189 -0.9999961 0.002777218 -3.96751e-4 -0.999998 0.002044796 -9.15581e-5 -0.9999969 0.002472043 -2.74674e-4 -0.9999956 0.002685666 -0.001312315 -0.9999961 0.00250256 -0.001342833 -0.9999946 0.002899289 -0.001525938 -0.9999963 0.002533078 -0.00100708 -0.6243343 -0.3447465 0.7009683 -0.5729675 0.588868 0.5700377 -0.9999945 0.003082394 -0.001281797 -0.9999951 0.003021359 -8.85059e-4 -0.9999942 0.003235042 -0.001159727 -0.9999989 -0.001129209 0.001007139 -1 -1.52593e-4 1.22074e-4 -0.9999997 7.62986e-4 -5.1883e-4 -0.6188434 0.002594113 0.7855102 -0.5996345 0.7005909 0.3867959 -0.9999994 8.85063e-4 -6.40908e-4 -0.9999967 0.002258419 -0.001312315 -0.9999977 0.001770079 -0.001159727 -0.9999943 -0.00213629 0.002655148 -0.9999933 -0.002349972 0.002807736 -0.9999942 -0.002288937 0.002563595 -0.9999975 -0.001617491 0.001556456 -0.6201424 0.7829908 -0.04846388 -0.9999958 -0.002044737 0.002044737 -0.9999943 -0.002349972 0.002441525 -0.9999964 -0.001922667 0.001861631 -0.9999987 -0.001220762 0.001068174 -0.9999937 -0.001617491 0.003173947 -0.9999938 -0.001678526 0.003112912 -0.9999943 -0.001678526 0.002960324 -0.9999954 -0.001739561 0.002533078 -0.6432529 0.7656348 -0.005401849 -0.9999951 -0.001739561 0.002594113 -0.9999943 -0.001861631 0.002838253 -0.9999943 -0.001953184 0.002777218 -0.9999935 -0.002319455 0.002807736 -0.9999969 -7.32464e-4 0.00238049 -0.999995 -0.00100708 0.003021359 -0.9999951 -0.00100708 0.002960324 -0.9999942 -0.00137335 0.003143429 -0.6529944 0.7061899 -0.273668 -0.9999944 -0.001312315 0.003082394 -0.9999937 -0.00137335 0.003296077 -0.9999932 -0.00149542 0.003387629 -0.9999932 -0.001739561 0.0032655 -0.7103952 0 0.703803 -0.7121701 0 0.7020071 -0.9999986 -3.35713e-4 0.001648008 -0.679974 0.7318267 -0.04544347 -0.9999995 -1.83117e-4 9.76622e-4 -0.9999993 -1.83117e-4 0.001190245 -0.9999986 -3.35713e-4 0.001678526 -0.9999969 -7.32464e-4 0.002411007 -0.6947318 3.05189e-5 0.719269 -0.7062366 0 0.7079761 -1 0 -4.27272e-4 -0.6529222 0.7084667 0.2678952 -0.6437423 0.7474467 -0.1640714 -1 0 -9.15555e-5 -0.9999997 5.4935e-4 -7.01947e-4 -0.9999998 5.1883e-4 -5.79869e-4 -0.9999997 5.4935e-4 -6.71427e-4 -0.9999995 3.66233e-4 -9.76622e-4 -0.6935595 0.6253786 0.357599 -0.6752781 0.7026238 0.2243195 -0.9999997 3.05194e-4 -8.85063e-4 -0.9999998 2.44155e-4 -7.01947e-4 -1 3.96753e-4 -1.22078e-4 -1 2.74675e-4 -6.10389e-5 -1 3.96753e-4 -9.15583e-5 -0.9999999 5.4935e-4 -3.66233e-4 -0.6398955 0.08337837 0.7639254 -0.6151211 0.6337075 0.4690851 -0.9999999 4.57792e-4 -3.05194e-4 -0.9999998 5.4935e-4 -5.79869e-4 -0.9999998 5.4935e-4 -3.96753e-4 -1 3.05185e-5 0 -1 6.1037e-5 0 -0.6626378 -0.2001769 0.7216929 -0.6609504 0.1214047 0.7405441 -1 2.74667e-4 -6.1037e-5 -1 1.22074e-4 0 -1 1.83111e-4 6.1037e-5 -1 2.74675e-4 1.22078e-4 -1 9.15583e-5 3.05194e-5 -0.6231455 -0.5794112 0.5253308 -0.6210588 0.04107838 0.7826868 -1 3.05194e-5 0 -0.9999999 4.88311e-4 2.44156e-4 -0.9999999 5.4935e-4 2.74675e-4 -0.9999999 4.27272e-4 2.13636e-4 -0.656369 -0.5234899 0.5432661 -0.6504896 -0.1842454 0.7368289 -1 3.35714e-4 1.52597e-4 -0.9999998 6.10389e-4 3.05194e-4 -0.9999998 6.40908e-4 3.05194e-4 -0.6232709 -0.6749406 0.3949539 -0.6063203 -0.04437458 0.7939814 -0.9999998 5.79869e-4 3.05194e-4 -0.9999999 4.27272e-4 1.83117e-4 -1 3.66222e-4 1.22074e-4 -0.9999999 4.57792e-4 1.83117e-4 -0.9999999 5.1883e-4 2.13636e-4 -0.6448068 -0.545864 0.5350298 -0.6370888 -0.1037653 0.763774 -0.9999999 5.79869e-4 2.44156e-4 -1 -1.22074e-4 -3.05185e-5 -1 0 0 -1 1.22078e-4 3.05194e-5 -0.6098129 -0.6063337 0.5103799 -0.6055657 0.1647741 0.7785497 -1 1.22074e-4 3.05185e-5 -1 3.35714e-4 1.22078e-4 -1 2.44156e-4 6.10389e-5 -0.9999999 -5.4935e-4 0 -0.9999999 -4.88311e-4 0 -0.9999999 -4.57792e-4 -3.05194e-5 -1 -2.44156e-4 -3.05194e-5 -0.6402318 0.1662381 0.7499788 -1 -3.66233e-4 -3.05194e-5 -1 -3.96753e-4 -3.05194e-5 -1 -2.74675e-4 -3.05194e-5 -0.9999998 -7.32466e-4 9.15583e-5 -0.9999998 -7.01947e-4 9.15583e-5 -0.9999998 -7.01947e-4 6.10389e-5 -0.9999999 -5.79869e-4 0 -0.6180737 0.4550099 0.6410546 -0.9999999 -6.40908e-4 3.05194e-5 -0.9999998 -6.71428e-4 3.05194e-5 -0.9999999 -6.10389e-4 0 -0.9999998 -6.71428e-4 2.44155e-4 -0.9999998 -7.01947e-4 2.13636e-4 -0.9999998 -7.01947e-4 1.52597e-4 -0.6524385 0.4114593 0.636416 -0.9999998 -7.32466e-4 1.83117e-4 -0.9999998 -7.32466e-4 1.52597e-4 -0.9999998 -6.40908e-4 3.66233e-4 -0.9999998 -6.40908e-4 3.35714e-4 -0.9999998 -6.40908e-4 2.74675e-4 -0.6309152 0.6155947 0.4722174 -0.9999998 -6.71428e-4 3.05194e-4 -0.9999998 -6.71428e-4 2.74675e-4 -0.9999998 -7.01947e-4 2.44155e-4 -0.7167754 -3.9675e-4 0.6973041 -0.9999997 -6.10389e-4 5.79869e-4 -0.9999998 -6.10389e-4 5.4935e-4 -0.9999998 -6.10389e-4 4.27272e-4 -0.6653451 0.5762296 0.4746318 -0.9999998 -6.40908e-4 4.57791e-4 -0.9999997 -6.71427e-4 4.57791e-4 -0.9999998 -6.40908e-4 4.27272e-4 -0.9999998 -6.71428e-4 3.66233e-4 -0.7147558 -2.44152e-4 0.6993741 -0.7148463 -2.74671e-4 0.6992816 -0.9999998 -4.88311e-4 6.40908e-4 -0.6526877 0.7379283 0.171641 -0.9999997 -4.57791e-4 6.71427e-4 -0.9999997 -4.88311e-4 7.01947e-4 -0.9999998 -2.44155e-4 7.01947e-4 -0.6854107 0.7184635 0.1184163 -0.9999998 -2.13636e-4 6.71428e-4 -0.8985094 -9.15569e-5 0.4389545 -0.9999998 -2.13636e-4 7.62986e-4 0 -0.8142302 -0.5805423 -0.6313561 -0.7545021 -0.1792103 3.05194e-5 0.02072262 0.9997853 -0.7556584 -0.3416333 0.5588088 -0.7972103 0.01266527 0.603569 0 -0.8261157 0.5635007 0 -0.9729332 -0.2310869 0 -0.06970489 0.9975677 1.22078e-4 0.1133185 0.9935588 -0.8242434 -0.3194794 0.4674995 -0.7662335 0.07336699 0.6383601 1.22078e-4 0.06717324 0.9977414 -1.22077e-4 -0.4698119 0.8827666 -9.15577e-5 -0.5219401 0.8529823 -8.5452e-4 -0.3624387 0.9320072 -0.8319177 0.2440605 0.4983448 6.71428e-4 0.4378625 0.8990418 4.57785e-4 0.3520363 0.9359863 -6.40899e-4 -0.6058629 0.7955689 -4.57788e-4 -0.5651848 0.8249642 -0.001983702 -0.3782256 0.9257114 -0.7952465 0.2829768 0.5361971 7.62973e-4 0.4634606 0.8861173 6.10386e-4 0.3619896 0.932182 -0.001190245 -0.3880212 0.9216497 -0.7870064 -0.2222124 0.5755368 0.001586973 0.8422803 0.5390375 -0.8134406 -0.02240139 0.5812165 -0.8623831 0.4274529 0.2712553 0.001220703 0.7172262 0.6968395 -0.002197325 -0.4426166 0.8967083 -0.8359632 -0.2058854 0.5087012 0.00100708 0.1076106 0.9941927 -0.8219438 0.5307599 0.2066457 0 0.931909 0.3626922 5.18826e-4 0.8750153 0.4840952 -9.76619e-4 0.002288937 0.9999969 -0.00137335 -0.04132324 0.9991449 0.001068115 0.547361 0.8368961 -0.8450675 0.5345685 0.009888112 -0.00225836 0.9998866 0.01489311 0.001159727 0.3167585 0.9485056 -0.5703467 0.2589266 0.7795267 -0.866124 0.05282807 0.4970295 -0.002166807 0.9980041 -0.06311339 -0.001647949 0.9999423 0.01062047 -0.8366253 0.3498121 0.4215325 -0.7924066 0.6099309 0.008728504 8.24028e-4 0.6451838 0.7640271 -0.60498 0.512324 0.6095273 -0.8140619 0.3157488 0.4874483 -0.001800596 0.9999563 -0.009186208 9.15582e-5 0.9427444 0.3335161 -0.8119882 0.5693012 -0.1287291 -0.001709043 0.9745711 -0.2240723 8.24021e-4 0.7982017 0.6023898 -0.5810217 0.6484383 0.4918755 0.001403868 0.6423336 0.766424 -0.002441465 0.9316716 -0.3632933 -6.10383e-5 0.998525 -0.05429351 -0.7729361 0.5952517 0.2196485 -0.7389363 0.6728007 -0.03622651 1.22076e-4 0.9622668 0.2721081 -0.6627332 0.7202932 0.2048476 -0.7416477 0.631748 0.2255066 -2.44155e-4 0.9980141 -0.06299197 1.22077e-4 0.9735658 -0.2284064 -0.7692034 0.605621 0.203837 -0.7797332 0.609467 -0.1434094 -6.10373e-5 0.9352741 0.3539246 0 0.938181 0.3461452 6.10375e-5 0.9768142 -0.2140891 1.22078e-4 0.8983716 0.4392364 -0.8395867 0.1595855 0.5192559 -0.7781071 0.5645977 0.2752795 -1.83117e-4 0.8676397 0.4971936 -1.22077e-4 0.947471 0.3198421 6.10377e-5 0.9523409 0.305036 1.83116e-4 0.7491294 0.6624237 -0.8003988 -0.06256449 0.5961942 -0.8515504 0.3930279 0.3469743 -3.05191e-4 0.1079156 0.9941601 -3.35715e-4 0.2925907 0.9562378 1.83113e-4 0.8034366 0.5953903 0 0.05957359 0.9982239 -0.8333948 -0.3837822 0.397699 -0.78617 0.03683644 0.6169115 -3.05192e-5 -0.2674093 0.9635831 -6.10386e-5 -0.1047118 0.9945027 0 0.1616912 0.9868414 6.10383e-5 0.0225231 0.9997463 -0.7744231 -0.4240329 0.469537 -0.8270476 0.01281815 0.5619859 -3.05192e-5 -0.7408536 0.6716666 0 -0.6944366 0.7195539 3.05185e-5 0.05236977 0.9986279 9.15582e-5 -0.2390584 0.9710053 -0.8281207 -0.4703997 0.304861 -0.7728391 -0.1512839 0.6163059 -9.15572e-5 -0.694126 0.7198536 -6.10391e-5 -0.6705449 0.741869 9.15561e-5 -0.2429593 0.9700365 2.74675e-4 -0.001586973 0.9999987 -0.7815142 -0.4471114 0.4351173 -0.830441 -3.35717e-4 0.5571066 -3.35713e-4 -0.8633314 0.5046374 -3.05193e-4 -0.8396152 0.5431817 2.44149e-4 -0.05627626 0.9984153 1.22075e-4 -0.08960288 0.9959776 -0.8327159 -0.4322127 0.3460875 -0.7814052 -0.05554431 0.6215473 -2.13634e-4 -0.7145143 0.6996209 -2.13633e-4 -0.7172267 0.6968401 1.22077e-4 -0.1350778 0.9908351 0 0.2604824 0.9654787 -0.7812055 -0.3211863 0.5353106 -0.8321996 0.1444172 0.5353386 -1.22076e-4 -0.765143 0.6438604 -1.52596e-4 -0.7808659 0.6246988 3.05191e-5 0.2069501 0.9783516 2.44154e-4 -0.4845854 0.8747441 -0.7781349 0.1614744 0.6069861 -1.22078e-4 0.2576152 0.9662476 9.15579e-5 -0.462154 0.8867997 -0.6348943 -0.3571987 0.6850682 6.10382e-5 -0.5143387 0.8575872 -9.1557e-5 0.2166848 0.9762417 1.52593e-4 -0.07879906 0.9968906 -0.8211406 0.3368977 0.4606823 -3.35707e-4 0.5909971 0.8066736 2.44157e-4 -0.4047504 0.9144272 -0.6041658 -0.3228362 0.7285332 -0.8254998 -0.2738441 0.4935176 -3.35712e-4 0.5791345 0.815232 2.44154e-4 -0.05249315 0.9986212 -0.7654115 0.3625938 0.531668 -2.13636e-4 0.564151 0.8256717 1.52594e-4 -0.013062 0.9999148 -0.642461 -0.01046806 0.766247 -0.7683612 -0.05099821 0.6379815 -2.1363e-4 0.5434448 0.8394448 9.15574e-5 0.3530759 0.9355947 -0.802984 0.4738066 0.361558 -3.05193e-4 0.7955172 0.6059311 2.44149e-4 0.03213602 0.9994835 -0.6140729 0.02493399 0.7888553 -0.8085237 -0.03143513 0.5876233 -3.35712e-4 0.7937458 0.6082496 2.13632e-4 0.5288298 0.8487279 -0.7402096 0.5429343 0.3966259 -1.52596e-4 0.8080281 0.5891439 9.15566e-5 0.4225947 0.9063188 -0.6558948 0.3185626 0.6843389 -0.7475401 0.2339611 0.6216479 -1.83117e-4 0.7722957 0.6352632 -0.9999997 -2.44155e-4 8.85063e-4 3.05191e-5 0.8790117 0.4768002 -0.7644093 0.6317432 0.1287596 -2.13636e-4 0.9800394 0.1988034 1.83112e-4 0.6409226 0.7676056 -0.6320272 0.4962766 0.5951902 -0.7652894 0.3398573 0.5466527 -2.74673e-4 0.9741427 0.2259337 -4.27269e-4 0.8153203 -0.5790102 -0.7185099 0.6910732 0.07849496 -6.10375e-5 0.9936906 0.1121564 3.05191e-5 0.917465 0.3978164 -0.6756305 0.6761798 0.2937762 -0.7205055 0.6092618 0.3311676 -9.15566e-5 0.9867967 0.1619635 0.7183843 0.6913141 0.07751798 0.6757037 0.6765277 0.292805 0.7205834 0.6097691 0.3300627 0.577618 0.6653929 -0.4728739 0.6323007 0.4969167 0.594365 0.765573 0.3407769 0.5456824 0.7641128 0.6323304 0.1276319 0.7399694 0.5438832 0.3957734 0.7477136 0.2349652 0.6210601 0.6560732 0.3193844 0.6837847 0.802618 0.4748444 0.3610087 0.8088414 -0.03033572 0.587244 0.6144703 0.02572751 0.7885204 0.7651414 0.3636947 0.531305 0.6427003 -0.009552419 0.7660583 0.7685959 -0.04983782 0.6377905 0.8207561 0.338032 0.4605365 0.8257939 -0.2729349 0.4935292 0.6045604 -0.3221026 0.7285305 0.777956 0.1622077 0.60702 0.6350734 -0.3568301 0.6850943 0.781322 -0.3209094 0.5353067 0.8322227 0.1444159 0.5353033 0.6057094 0.1645886 0.7784772 0.8325322 -0.4327617 0.3458431 0.7815939 -0.05624663 0.6212466 0.6373377 -0.1044375 0.7634746 0.7812315 -0.4480835 0.4346245 0.6067469 -0.04510694 0.7936143 0.8277617 -0.4713325 0.3043946 0.8307937 -0.001403868 0.5565788 0.6506434 -0.184795 0.7365556 0.7742893 -0.424501 0.4693347 0.7730001 -0.1520485 0.6159158 0.6211283 0.04098737 0.7826364 0.8333854 -0.3838388 0.397664 0.8271222 0.01251268 0.5618828 0.6609774 0.1212819 0.7405401 0.8003408 -0.06299203 0.596227 0.7861718 0.03677546 0.6169129 0.6155707 0.6329361 0.4695367 0.8391545 0.1584859 0.5202904 0.8518224 0.3921417 0.3473089 0.6754747 0.7020261 0.2255957 0.7689467 0.6055436 0.2050321 0.7782988 0.5637799 0.2764117 0.6438685 0.7474515 -0.1635536 0.7729008 0.5953091 0.2196167 0.7798618 0.6095026 -0.142556 0.7417002 0.6329615 0.2219027 0.6627026 0.720934 0.2026807 0.7387284 0.6729891 -0.03695929 0.8381189 0.3524054 0.4163737 0.582277 0.6501213 0.4881556 0.8099774 0.5710737 -0.1334601 0.8152594 0.3191088 0.483241 0.6062048 0.5145248 0.6064489 0.7904711 0.6124847 0.004242122 0.8428863 0.5380579 0.006042838 0.8670998 0.05456757 0.4951368 0.5721768 0.261032 0.7774806 0.822088 0.5306324 0.2063994 0.6006191 0.6992878 0.3876252 0.8119678 -0.02575832 0.5831336 0.8637951 0.4233368 0.2732111 0.5747531 0.5858929 0.5713043 0.8339949 -0.210368 0.5100959 0.7961549 0.2784268 0.5372298 0.6181126 0.2830689 0.7333545 0.7859019 -0.2254764 0.5757767 0.8326599 0.2413777 0.4984118 0.600683 0.2808091 0.7485494 0.8237175 -0.3209721 0.467404 0.647653 0.05081486 0.7602392 0.7555104 -0.3421542 0.5586901 0.7664043 0.07223951 0.6382837 0.6200301 -0.05472105 0.7826675 0.6313231 -0.7545297 -0.1792095 0.7972796 0.01236021 0.6034837 -0.001190245 0.3356536 -0.9419848 -0.7107031 0.1215584 -0.6929103 -0.5783123 0.6652927 -0.4721658 0.7181491 -0.5666209 -0.4039837 -0.9999999 5.4935e-4 2.44156e-4 -1 3.35704e-4 1.83111e-4 -1 1.52593e-4 0 -0.9999998 6.40908e-4 -4.57791e-4 -0.9999997 2.74675e-4 -9.15583e-4 -1 0 -2.1363e-4 -0.9999982 0.001556456 -0.001068174 -0.9999961 0.002655148 -0.00100708 -0.9999974 0.002288937 -2.74674e-4 -0.9999995 0.001037657 3.05194e-5 -1 4.27272e-4 6.10389e-5 0.9278621 0.2479955 -0.2785143 0.9988905 -0.01403874 0.04495459 0.948913 0.1130138 -0.294605 0.921862 -0.3857928 -0.03653144 0.948925 -0.2228492 -0.2233375 0.6552333 -0.7497493 -0.09244066 0.7738676 -0.5165323 -0.3665014 0.5214568 -0.8392262 0.1542152 0.7932647 -0.5703498 0.2131487 0.8006892 -0.2319422 -0.5523583 -0.1588829 -0.9724941 0.1703276 0.06772261 -0.9702438 -0.2324666 0.05304211 -0.9977905 0.04001045 0.796124 -0.4197611 0.4358752 0.3725457 -0.7664546 0.523218 0.3903678 -0.8230654 0.4125245 0.140052 -0.836955 -0.5290481 0.4684681 -0.4843686 -0.7388673 0.5000886 -0.7547107 -0.424645 -0.2701219 -0.9417493 0.2003559 -0.2186679 -0.9216711 -0.320479 -0.04526007 -0.635289 -0.7709471 0.8081661 -0.09262424 -0.5816256 -0.1869927 -0.5837764 -0.7900879 0.3606808 -0.9234625 -0.1308681 0.2728104 -0.9547602 0.1183531 0.3700695 -0.3658275 -0.8539432 0.8332039 -0.2983554 0.46557 0.9899618 0.06765967 0.1240885 0.0070194 -0.9121291 0.4098432 0.09842437 -0.9360846 0.3377254 -0.9278621 0.2479955 -0.2785143 -0.9988905 -0.01403874 0.04495459 -0.9899618 0.06765967 0.1240885 -0.948913 0.1130138 -0.294605 -0.921862 -0.3857928 -0.03653144 -0.948925 -0.2228492 -0.2233375 -0.6552333 -0.7497493 -0.09244066 -0.5214568 -0.8392262 0.1542152 -0.7932647 -0.5703498 0.2131487 -0.8006892 -0.2319422 -0.5523583 -0.06772261 -0.9702438 -0.2324666 0.1588829 -0.9724941 0.1703276 -0.05304217 -0.9977917 0.03997999 -0.796124 -0.4197611 0.4358752 -0.3725457 -0.7664546 0.523218 -0.8332039 -0.2983554 0.46557 -0.140052 -0.836955 -0.5290481 -0.4684681 -0.4843686 -0.7388673 0.04526007 -0.635289 -0.7709471 0.2186679 -0.9216711 -0.320479 0.2701219 -0.9417493 0.2003559 -0.8081661 -0.09262424 -0.5816256 0.1869927 -0.5837764 -0.7900879 -0.3606822 -0.9234662 -0.1308381 -0.2728104 -0.9547602 0.1183531 -0.3700791 -0.3658369 -0.8539349 -0.3903678 -0.8230654 0.4125245 -0.0070194 -0.9121291 0.4098432 -0.09842437 -0.9360846 0.3377254 -0.7738676 -0.5165323 -0.3665014 -0.500095 -0.7547205 -0.4246199 -0.6550455 -0.754601 -0.03863799 -0.66163 -0.7493732 -0.02618563 -0.7030723 -0.7110683 0.008453786 -0.5333209 -0.8368026 -0.1238158 -0.5360947 -0.7847016 -0.311201 -0.5646992 -0.7893216 -0.2410112 -0.5917454 -0.7812725 0.1986218 -0.6717892 -0.6353187 0.3808799 -0.5836314 -0.7461497 0.320367 -0.5372679 -0.8236644 0.1814393 -0.5792264 -0.8118141 0.07385677 -0.5734549 -0.8134574 0.09714245 -0.6413981 -0.7668944 0.0219435 -0.7082414 -0.6963386 0.1162192 -0.6240618 -0.765672 0.1558628 -0.5589225 -0.8180887 -0.1354122 -0.6411539 -0.731858 0.2308801 -0.7106692 -0.6595191 0.2449163 -0.540564 -0.8019038 -0.2544423 -0.580436 -0.7876583 -0.2066119 -0.4296451 -0.9025965 -0.02691763 -0.6499423 -0.7015811 -0.2921627 -0.6464012 -0.6943471 -0.3163032 -0.4820783 -0.8619483 -0.1569898 -0.6413032 -0.685953 -0.3438005 -0.6044309 -0.7113089 -0.3587521 -0.1077939 -0.9586087 -0.2635335 -0.2322225 -0.9472324 -0.2209608 -0.3175223 -0.9194535 -0.2319158 -0.5622299 -0.4216572 -0.7114091 -0.7163512 -0.6948351 -0.06360238 -0.5610344 -0.8188911 -0.1210696 -0.3976002 -0.9013451 -0.1717298 -0.403038 -0.8923542 -0.2031365 -0.7120504 -0.3867126 -0.5860354 -0.458462 -0.8816741 -0.1116398 -0.5937505 -0.8032341 -0.04770141 -0.4081631 -0.8871917 -0.21516 -0.4815269 -0.8606629 -0.1655039 -0.2731199 -0.93979 -0.2054274 -0.1202159 -0.9621241 -0.244674 -0.004211604 -0.5675661 -0.8233172 -0.57047 -0.8208823 -0.02676552 -0.6050813 -0.7946385 0.04925858 -0.9021723 -0.2801949 -0.3279877 -0.6817673 -0.7255012 0.09402948 -0.9525403 -0.1022399 -0.2867296 0.6550455 0.754601 0.03863799 0.7032236 0.7109144 -0.008789479 0.66163 0.7493732 0.02618563 -0.1583948 0.9722512 -0.172159 0.533627 0.786417 0.3111121 0.5602454 0.8170664 0.1361167 0.5877618 0.7875685 -0.1851271 0.6709698 0.6377646 -0.3782273 0.6432554 0.7300218 -0.230848 0.5306738 0.8277205 -0.1823847 0.5709831 0.8140072 -0.1066339 0.5780943 0.8111692 -0.08838349 0.6418513 0.7664921 -0.02273684 0.7074587 0.6966551 -0.1190542 -0.08133345 0.9532038 -0.2911829 0.5775099 0.7616002 -0.2940195 -0.6328153 0.7711588 -0.06970578 0.6081051 0.6499782 -0.4557813 0.5822174 0.7843471 0.2140626 0.6491441 0.6930613 0.3134936 0.6548581 0.7012784 0.281726 0.4820805 0.8619524 0.15696 0.638224 0.6918162 0.3377289 0.1561661 0.3482532 -0.9243007 0.0946384 0.9590193 0.267069 0.3177924 0.9185858 0.2349643 0.2255948 0.9480962 0.2240993 0.4870205 0.8574894 0.1659007 0.412562 0.785937 -0.4605386 0.3998553 0.9000254 0.1734069 -0.04684668 0.9078191 -0.4167373 0.4076501 0.8876926 0.2140643 0.5937505 0.8032341 0.04770141 0.3249661 0.7908688 -0.5185785 0.2627378 0.4148443 -0.8711333 0.57047 0.8208823 0.02676552 -0.00891155 0.8896299 -0.4565953 0.08893209 -0.5155864 -0.8522099 -0.2623432 -0.5530694 -0.7907531 -0.2728101 -0.1991065 -0.9412392 -0.1552485 0.597281 -0.786863 -0.7428761 -0.1467379 -0.6531487 -0.2099398 0.7720074 -0.5999416 -0.4201235 0.7620271 -0.4927586 -0.9698582 -0.2432656 0.01403862 -0.9900099 0.005859613 0.1408762 -0.5621421 0.7234081 -0.4008455 -0.8836097 -0.276683 -0.3777307 -0.8603727 0.08032709 -0.5032957 0.5292999 0.3731316 -0.7619807 0.04937994 -0.6431601 -0.7641379 0.7428761 -0.1467379 -0.6531487 -0.009308278 0.06763017 0.9976671 -0.8598974 -0.4785346 0.1777109 0.4343163 0.8448889 -0.3123013 -0.4630701 -0.496092 0.7344787 0.5974134 0.457666 -0.6585129 0.9348722 -0.3087654 0.1751512 1 -2.1363e-4 -3.05185e-5 0.9999986 -0.001709043 3.05194e-5 0.999995 -0.003082394 7.32463e-4 0.9999946 -0.002899289 0.001525938 0.9999987 0.00125128 -0.001068174 0.9999935 0.002319455 -0.002807736 0.9999932 0.001739561 -0.0032655 0.9999997 -5.4935e-4 6.71427e-4 1 -3.66233e-4 1.22078e-4 1 -1.52597e-4 -9.15583e-5 0.9999998 -6.40908e-4 -3.05194e-4 0.9999999 -4.57792e-4 -1.83117e-4 0.9999998 7.01947e-4 -2.44155e-4 0.9999998 6.71428e-4 -3.66233e-4 -0.3405362 -0.8860717 -0.3145031 0.3405362 -0.8860717 -0.3145031 -0.6151127 -0.295364 -0.7310243</float_array>
          <technique_common>
            <accessor source="#Cube_018-mesh-normals-array" count="1362" stride="3">
              <param name="X" type="float"/>
              <param name="Y" type="float"/>
              <param name="Z" type="float"/>
            </accessor>
          </technique_common>
        </source>
        <source id="Cube_018-mesh-map-0">
          <float_array id="Cube_018-mesh-map-0-array" count="16620">0.9460085 0.09724909 0.962462 0.06975245 0.9537022 0.0727657 0.1272351 0.3644224 0.1558597 0.3604745 0.1525222 0.3771914 0.1895643 0.4031847 0.1541849 0.4172725 0.1517244 0.4023007 0.2181086 0.404039 0.1903483 0.3938074 0.1909167 0.3832892 0.9584544 0.04481899 0.962462 0.06975245 0.9755603 0.04317289 0.1282368 0.4065318 0.1525222 0.3771914 0.1517244 0.4023007 0.1897468 0.4116246 0.1895643 0.4031847 0.2181086 0.404039 0.2181086 0.404039 0.1895643 0.4031847 0.1903483 0.3938074 0.1903483 0.3938074 0.1517244 0.4023007 0.1525222 0.3771914 0.1282368 0.4065318 0.1541849 0.4172725 0.124284 0.4356631 0.724839 0.4612851 0.7151313 0.4436439 0.7129783 0.4527094 0.1909167 0.3832892 0.1525222 0.3771914 0.1558597 0.3604745 0.7000737 0.4459594 0.7129783 0.4527094 0.7151313 0.4436439 0.942916 0.04562598 0.9537022 0.0727657 0.9584544 0.04481899 0.724839 0.4612851 0.7114155 0.4616996 0.7202826 0.4818139 0.05771994 0.02802908 0.08089721 0.006753563 0.05318045 0.02370524 0.01481461 0.008010149 0.01821029 0.02204144 0.02327704 0.02111798 0.05318045 0.02370524 0.08089721 0.006753563 0.05048787 0.01529043 0.9409211 0.0143876 0.9157086 0.01916748 0.9414753 0.02093297 0.9253416 0.04684603 0.9450593 0.07595425 0.942916 0.04562598 0.08089721 0.006753563 0.05076718 0.007446765 0.05048787 0.01529043 0.02693068 0.03953123 0.01821029 0.02204144 0.02285385 0.04253262 0.7114155 0.4616996 0.7129783 0.4527094 0.7000737 0.4459594 0.03118729 0.05648046 0.02285385 0.04253262 0.0275712 0.06137305 0.9450593 0.07595425 0.9460085 0.09724909 0.9537022 0.0727657 0.935229 0.08100378 0.9460085 0.09724909 0.9450593 0.07595425 0.9639232 0.02061402 0.9409211 0.0143876 0.9414753 0.02093297 0.9872341 0.0179817 0.9656007 0.01443785 0.9639232 0.02061402 0.4971039 0.4361448 0.5051096 0.461057 0.5140565 0.4640849 0.8868406 0.6448575 0.863295 0.6692068 0.8581689 0.6113577 0.8747848 0.7232555 0.9091429 0.7040709 0.8820014 0.7289837 0.8578642 0.7467827 0.8587097 0.7118681 0.8668199 0.7179152 0.5140565 0.4640849 0.5099728 0.4893867 0.5274078 0.4913999 0.9190521 0.6743459 0.878494 0.6776948 0.8868406 0.6448575 0.8820014 0.7289837 0.8578642 0.7467827 0.8747848 0.7232555 0.8578642 0.7467827 0.8668199 0.7179152 0.8747848 0.7232555 0.8668199 0.7179152 0.898611 0.6929243 0.8747848 0.7232555 0.9091429 0.7040709 0.9190521 0.6743459 0.9480243 0.6859207 0.9191353 0.484239 0.90015 0.4710006 0.9001486 0.4948045 0.8587097 0.7118681 0.878494 0.6776948 0.8668199 0.7179152 0.9032917 0.4557099 0.90015 0.4710006 0.9095695 0.4692559 0.5051096 0.461057 0.4943415 0.4886594 0.5099728 0.4893867 0.9186745 0.4682182 0.9191353 0.484239 0.9418612 0.4832975 0.1837983 0.3515391 0.1862703 0.3458729 0.1548258 0.3374286 0.2178156 0.3347133 0.184657 0.3293275 0.1864824 0.3368949 0.1862703 0.3458729 0.1864824 0.3368949 0.1548258 0.3374286 0.4764991 0.4878146 0.4930273 0.5190117 0.4943415 0.4886594 0.4962826 0.4578734 0.4764991 0.4878146 0.4943415 0.4886594 0.1548258 0.3374286 0.1864824 0.3368949 0.184657 0.3293275 0.1862703 0.3458729 0.2178156 0.3347133 0.1864824 0.3368949 0.9186745 0.4682182 0.9032917 0.4557099 0.9095695 0.4692559 0.1837983 0.3515391 0.2213692 0.3534776 0.1862703 0.3458729 0.4962826 0.4578734 0.5051096 0.461057 0.4971039 0.4361448 0.4862074 0.4528107 0.4962826 0.4578734 0.4971039 0.4361448 0.5099728 0.4893867 0.4930273 0.5190117 0.5160489 0.51932 0.5274078 0.4913999 0.5160489 0.51932 0.5401734 0.5251821 0.02285385 0.04253262 0.02261054 0.06126189 0.0275712 0.06137305 0.7279585 0.4637951 0.7275555 0.4870703 0.7336717 0.4652042 0.01821029 0.02204144 0.005971908 0.01058763 0.01278674 0.02527195 0.01821029 0.02204144 0.01764523 0.04305809 0.02285385 0.04253262 0.9409211 0.0143876 0.9138881 0.006955683 0.9129636 0.01237684 0.9886282 0.0070104 0.9656007 0.01443785 0.9904864 0.01195627 0.9643586 0.008835077 0.9409211 0.0143876 0.9656007 0.01443785 0.123335 0.407581 0.1137334 0.4373376 0.117655 0.4061233 0.1221889 0.3616352 0.1135505 0.3185424 0.1188256 0.3177037 0.1221889 0.3616352 0.117655 0.4061233 0.1163558 0.3619351 0.7279585 0.4637951 0.7419956 0.4459533 0.7375374 0.4437146 0.123335 0.407581 0.124284 0.4356631 0.1186034 0.4395845 0.123335 0.407581 0.1272351 0.3644224 0.1282368 0.4065318 0.1221889 0.3616352 0.1248961 0.32501 0.1272351 0.3644224 0.9755603 0.04317289 0.9639232 0.02061402 0.9584544 0.04481899 0.9584544 0.04481899 0.9414753 0.02093297 0.942916 0.04562598 0.9414753 0.02093297 0.9253416 0.04684603 0.942916 0.04562598 0.05771994 0.02802908 0.02693068 0.03953123 0.03118729 0.05648046 0.05318045 0.02370524 0.02327704 0.02111798 0.02693068 0.03953123 0.05076718 0.007446765 0.02327704 0.02111798 0.05048787 0.01529043 0.7279585 0.4637951 0.7202826 0.4818139 0.72231 0.486903 0.7279585 0.4637951 0.7330405 0.4439502 0.724839 0.4612851 0.4435506 0.3980562 0.4123745 0.4297066 0.4155351 0.3948341 0.4350182 0.4657421 0.4123745 0.4297066 0.4414454 0.4327731 0.4123745 0.4297066 0.3879511 0.3927224 0.4155351 0.3948341 0.4123745 0.4297066 0.3842149 0.4607186 0.3839177 0.4271299 0.4676182 0.3728924 0.4435506 0.3980562 0.4442005 0.3695104 0.4729588 0.3992707 0.4414454 0.4327731 0.4435506 0.3980562 0.4605215 0.4713539 0.4414454 0.4327731 0.4706187 0.4368021 0.4472661 0.4949598 0.4350182 0.4657421 0.4605215 0.4713539 0.4279477 0.4944988 0.409296 0.4633542 0.4350182 0.4657421 0.409296 0.4633542 0.3857699 0.4903766 0.3842149 0.4607186 0.3842149 0.4607186 0.3675211 0.4870369 0.3594141 0.461359 0.3839177 0.4271299 0.3594141 0.461359 0.3561049 0.4256161 0.3839177 0.4271299 0.3604288 0.3885847 0.3879511 0.3927224 0.3879511 0.3927224 0.3699757 0.363889 0.3922888 0.3646578 0.4155351 0.3948341 0.3922888 0.3646578 0.418048 0.3665431 0.4442005 0.3695104 0.4155351 0.3948341 0.418048 0.3665431 0.2650952 0.6328732 0.3010126 0.608817 0.2905815 0.6426028 0.2913745 0.5697212 0.3010126 0.608817 0.2763684 0.5996749 0.3010126 0.608817 0.3169161 0.648307 0.2905815 0.6426028 0.3010126 0.608817 0.3351822 0.5881271 0.3254339 0.6170948 0.2353951 0.6494302 0.2650952 0.6328732 0.254724 0.662701 0.2390046 0.6238234 0.2763684 0.5996749 0.2650952 0.6328732 0.2695522 0.559077 0.2763684 0.5996749 0.2513398 0.5893064 0.2871617 0.5394122 0.2913745 0.5697212 0.2695522 0.559077 0.3061901 0.5418456 0.3138671 0.5780157 0.2913745 0.5697212 0.3138671 0.5780157 0.348002 0.5606872 0.3351822 0.5881271 0.3351822 0.5881271 0.3622782 0.5741245 0.3553547 0.5969281 0.3254339 0.6170948 0.3553547 0.5969281 0.3484582 0.6239472 0.3254339 0.6170948 0.3417615 0.6527175 0.3169161 0.648307 0.3169161 0.648307 0.3367236 0.6760143 0.3128144 0.6786149 0.2905815 0.6426028 0.3128144 0.6786149 0.2827536 0.6741609 0.254724 0.662701 0.2905815 0.6426028 0.2827536 0.6741609 0.3655393 0.6590784 0.3946065 0.6318106 0.3908734 0.664228 0.37608 0.6003016 0.3946065 0.6318106 0.3709476 0.6285552 0.3946065 0.6318106 0.4168298 0.6641551 0.3908734 0.664228 0.3946065 0.6318106 0.4190459 0.6048506 0.4183608 0.6333999 0.3367236 0.6760143 0.3655393 0.6590784 0.3573364 0.6881147 0.3417615 0.6527175 0.3709476 0.6285552 0.3655393 0.6590784 0.3553547 0.5969281 0.3709476 0.6285552 0.3484582 0.6239472 0.3622782 0.5741245 0.37608 0.6003016 0.3553547 0.5969281 0.3803345 0.5739002 0.3976297 0.6021286 0.37608 0.6003016 0.3976297 0.6021286 0.4194062 0.5779434 0.4190459 0.6048506 0.4190459 0.6048506 0.4374454 0.5819678 0.439951 0.6060351 0.4183608 0.6333999 0.439951 0.6060351 0.4413262 0.6334765 0.4183608 0.6333999 0.4416964 0.6624305 0.4168298 0.6641551 0.4168298 0.6641551 0.4414113 0.6864697 0.4177024 0.6943908 0.3908734 0.664228 0.4177024 0.6943908 0.3867619 0.695437 0.3573364 0.6881147 0.3908734 0.664228 0.3867619 0.695437 0.4665569 0.6628152 0.4895059 0.6283877 0.4927665 0.6626015 0.4612039 0.6018424 0.4895059 0.6283877 0.4647478 0.6315047 0.4895059 0.6283877 0.5195429 0.6585277 0.4927665 0.6626015 0.4895059 0.6283877 0.5070305 0.5924944 0.5151709 0.6243904 0.4414113 0.6864697 0.4665569 0.6628152 0.4642263 0.6937144 0.4416964 0.6624305 0.4647478 0.6315047 0.4665569 0.6628152 0.439951 0.6060351 0.4647478 0.6315047 0.4413262 0.6334765 0.4374454 0.5819678 0.4612039 0.6018424 0.439951 0.6060351 0.4540529 0.5717282 0.4835357 0.5963247 0.4612039 0.6018424 0.4835357 0.5963247 0.4988811 0.5615358 0.5070305 0.5924944 0.5070305 0.5924944 0.5182445 0.5627632 0.531176 0.5859158 0.5151709 0.6243904 0.531176 0.5859158 0.5425682 0.619168 0.5151709 0.6243904 0.5477858 0.6553439 0.5195429 0.6585277 0.5195429 0.6585277 0.5464919 0.6813551 0.5244193 0.6901952 0.4927665 0.6626015 0.5244193 0.6901952 0.4944459 0.695437 0.4642263 0.6937144 0.4927665 0.6626015 0.4944459 0.695437 0.3929215 0.3382217 0.4231069 0.3118078 0.4204143 0.340031 0.3967666 0.2814056 0.4231069 0.3118078 0.393705 0.3103455 0.4231069 0.3118078 0.4484186 0.343193 0.4204143 0.340031 0.4231069 0.3118078 0.455931 0.2865406 0.4534428 0.3155604 0.3699757 0.363889 0.3929215 0.3382217 0.3922888 0.3646578 0.3617238 0.3102961 0.3929215 0.3382217 0.3642213 0.3410065 0.3660704 0.2786036 0.393705 0.3103455 0.3617238 0.3102961 0.373421 0.2545746 0.3967666 0.2814056 0.3660704 0.2786036 0.3979955 0.2506598 0.4260768 0.2823306 0.3967666 0.2814056 0.4260768 0.2823306 0.46104 0.2563854 0.455931 0.2865406 0.455931 0.2865406 0.485239 0.2648128 0.4878391 0.2894254 0.4534428 0.3155604 0.4878391 0.2894254 0.4858658 0.320801 0.4534428 0.3155604 0.4783197 0.3509297 0.4484186 0.343193 0.4484186 0.343193 0.4676182 0.3728924 0.4442005 0.3695104 0.4204143 0.340031 0.4442005 0.3695104 0.418048 0.3665431 0.3922888 0.3646578 0.4204143 0.340031 0.418048 0.3665431 0.3848081 0.5328894 0.4016215 0.552035 0.382954 0.5515841 0.3848081 0.5328894 0.4044492 0.5171424 0.4029777 0.5347138 0.4016215 0.552035 0.4214286 0.5365501 0.4202653 0.5553734 0.4044492 0.5171424 0.4214286 0.5365501 0.4029777 0.5347138 0.3579018 0.554826 0.3803345 0.5739002 0.3622782 0.5741245 0.3570606 0.53016 0.382954 0.5515841 0.3579018 0.554826 0.3570606 0.53016 0.3854803 0.5138674 0.3848081 0.5328894 0.3609762 0.5057364 0.3857699 0.4903766 0.3854803 0.5138674 0.3854803 0.5138674 0.4065571 0.4932696 0.4044492 0.5171424 0.4065571 0.4932696 0.4240111 0.517646 0.4044492 0.5171424 0.4279477 0.4944988 0.4505963 0.5146441 0.4240111 0.517646 0.4240111 0.517646 0.450341 0.5394402 0.4214286 0.5365501 0.4202653 0.5553734 0.450341 0.5394402 0.4452056 0.563704 0.4194062 0.5779434 0.4452056 0.563704 0.4374454 0.5819678 0.3998966 0.5748829 0.4202653 0.5553734 0.4194062 0.5779434 0.382954 0.5515841 0.3998966 0.5748829 0.3803345 0.5739002 0.7096908 0.5589289 0.7274857 0.5534541 0.7251453 0.56827 0.7084603 0.5777213 0.7100933 0.5830025 0.7044029 0.5817405 0.7218244 0.5835927 0.7138251 0.5797502 0.7196195 0.5739132 0.7089843 0.5707092 0.7138251 0.5797502 0.7084603 0.5777213 0.7089843 0.5707092 0.7027934 0.5786352 0.6979927 0.5719978 0.7093508 0.5899499 0.7044029 0.5817405 0.7100933 0.5830025 0.7095487 0.5942756 0.6982539 0.5870049 0.7093508 0.5899499 0.7096908 0.5589289 0.6979927 0.5719978 0.6931977 0.5627258 0.7251453 0.56827 0.7089843 0.5707092 0.7096908 0.5589289 0.7261566 0.5832704 0.7196195 0.5739132 0.7251453 0.56827 0.8716298 0.02498042 0.8771066 0.007185757 0.8884811 0.02174746 0.8528369 0.02620911 0.8475559 0.02457565 0.8508085 0.02084398 0.8508085 0.02084398 0.8469669 0.01284426 0.8566463 0.01505011 0.8598492 0.02568578 0.8508085 0.02084398 0.8566463 0.01505011 0.8519225 0.03187602 0.8598492 0.02568578 0.8585596 0.03667742 0.8406081 0.02531731 0.8488174 0.0302661 0.8435522 0.03641468 0.8362826 0.025119 0.8435522 0.03641468 0.8357527 0.04344344 0.8585596 0.03667742 0.8716298 0.02498042 0.8678311 0.04147332 0.8598492 0.02568578 0.8622902 0.009524941 0.8716298 0.02498042 0.8566463 0.01505011 0.8472896 0.008512079 0.8622902 0.009524941 0.4544284 0.8846539 0.4902943 0.8843109 0.461732 0.8998227 0.5997732 0.9568837 0.6134219 0.9900582 0.5966064 0.9892371 0.4843739 0.8719949 0.5188568 0.8687992 0.4902943 0.8843109 0.60294 0.9245302 0.6134219 0.9575468 0.5997732 0.9568837 0.461732 0.8998227 0.4973785 0.8959981 0.4704788 0.9142079 0.4902943 0.8843109 0.5242782 0.8777883 0.4973785 0.8959981 0.4704788 0.9142079 0.5055642 0.9069446 0.4805851 0.9276728 0.4973785 0.8959981 0.5305432 0.8862164 0.5055642 0.9069446 0.4805851 0.9276728 0.5147797 0.9170424 0.4919551 0.9400888 0.5055642 0.9069446 0.5376041 0.8939962 0.5147797 0.9170424 0.4919551 0.9400888 0.5249417 0.9261904 0.5044808 0.9513382 0.5147797 0.9170424 0.5454025 0.9010425 0.5249417 0.9261904 0.5044808 0.9513382 0.5359542 0.9342955 0.5180425 0.9613139 0.5249417 0.9261904 0.5538662 0.9072772 0.5359542 0.9342955 0.5359542 0.9342955 0.5325115 0.9699212 0.5180425 0.9613139 0.5538662 0.9072772 0.5477105 0.9412778 0.5359542 0.9342955 0.5477105 0.9412778 0.5477502 0.9770779 0.5325115 0.9699212 0.5629096 0.9126346 0.5600944 0.9470717 0.5477105 0.9412778 0.5600944 0.9470717 0.5636137 0.982716 0.5477502 0.9770779 0.5724384 0.9170654 0.572983 0.9516264 0.5600944 0.9470717 0.572983 0.9516264 0.5799508 0.986782 0.5636137 0.982716 0.5823524 0.9205369 0.5862515 0.9549055 0.572983 0.9516264 0.5862515 0.9549055 0.5966064 0.9892371 0.5799508 0.986782 0.5925521 0.9230287 0.5997732 0.9568837 0.5862515 0.9549055 0.5917218 0.8894472 0.5925521 0.9230287 0.5823524 0.9205369 0.5988526 0.8911522 0.60294 0.9245302 0.5925521 0.9230287 0.6061068 0.8921767 0.6134219 0.9250353 0.60294 0.9245302 0.6051533 0.8592755 0.6061068 0.8921767 0.5988526 0.8911522 0.6092736 0.8598231 0.6134219 0.8925238 0.6061068 0.8921767 0.5143197 0.8593358 0.5474188 0.8532873 0.5188568 0.8687992 0.5442655 0.8466768 0.5759811 0.8377755 0.5474188 0.8532873 0.5474188 0.8532873 0.5780773 0.8413686 0.5511777 0.8595786 0.5188568 0.8687992 0.5511777 0.8595786 0.5242782 0.8777883 0.5511777 0.8595786 0.5805013 0.8447601 0.5555223 0.8654883 0.5242782 0.8777883 0.5555223 0.8654883 0.5305432 0.8862164 0.5555223 0.8654883 0.5832534 0.8479036 0.5604287 0.8709501 0.5305432 0.8862164 0.5604287 0.8709501 0.5376041 0.8939962 0.5604287 0.8709501 0.5863242 0.8507469 0.5658634 0.8758947 0.5376041 0.8939962 0.5658634 0.8758947 0.5454025 0.9010425 0.5658634 0.8758947 0.5896895 0.8532403 0.5717777 0.8802587 0.5454025 0.9010425 0.5717777 0.8802587 0.5538662 0.9072772 0.5896895 0.8532403 0.5781086 0.8839914 0.5717777 0.8802587 0.5717777 0.8802587 0.5629096 0.9126346 0.5538662 0.9072772 0.5933076 0.8553481 0.5847824 0.8870592 0.5781086 0.8839914 0.5781086 0.8839914 0.5724384 0.9170654 0.5629096 0.9126346 0.5971265 0.8570531 0.5917218 0.8894472 0.5847824 0.8870592 0.5847824 0.8870592 0.5823524 0.9205369 0.5724384 0.9170654 0.6010913 0.8583576 0.5988526 0.8911522 0.5917218 0.8894472 0.6104606 0.827268 0.6051533 0.8592755 0.6010913 0.8583576 0.6094706 0.8270468 0.6010913 0.8583576 0.5971265 0.8570531 0.6114538 0.8273989 0.6092736 0.8598231 0.6051533 0.8592755 0.6114538 0.8273989 0.6104606 0.827268 0.6134219 0.8174419 0.6124404 0.8274696 0.6114538 0.8273989 0.6134219 0.8174419 0.6134219 0.8275009 0.6124404 0.8274696 0.6134219 0.8174419 0.6124404 0.8274696 0.6134219 0.8600123 0.6092736 0.8598231 0.6045436 0.8222636 0.6041567 0.8213586 0.6134219 0.8174419 0.5742111 0.8340177 0.6045436 0.8222636 0.5759811 0.8377755 0.6049771 0.8231588 0.6045436 0.8222636 0.6134219 0.8174419 0.5759811 0.8377755 0.6049771 0.8231588 0.5780773 0.8413686 0.6054802 0.8240319 0.6049771 0.8231588 0.6134219 0.8174419 0.5780773 0.8413686 0.6054802 0.8240319 0.5805013 0.8447601 0.6060779 0.8248574 0.6054802 0.8240319 0.6134219 0.8174419 0.5805013 0.8447601 0.6060779 0.8248574 0.5832534 0.8479036 0.6067853 0.8255991 0.6060779 0.8248574 0.6134219 0.8174419 0.5832534 0.8479036 0.6067853 0.8255991 0.5863242 0.8507469 0.6076012 0.826222 0.6067853 0.8255991 0.6134219 0.8174419 0.5863242 0.8507469 0.6076012 0.826222 0.5896895 0.8532403 0.6085067 0.8267048 0.6076012 0.826222 0.6134219 0.8174419 0.6076012 0.826222 0.5933076 0.8553481 0.5896895 0.8532403 0.6094706 0.8270468 0.6085067 0.8267048 0.6134219 0.8174419 0.6085067 0.8267048 0.5971265 0.8570531 0.5933076 0.8553481 0.6104606 0.827268 0.6094706 0.8270468 0.6134219 0.8174419 0.9901953 0.6528975 0.976547 0.6197293 0.990196 0.620387 0.8312078 0.5474935 0.8670778 0.5471485 0.8385112 0.562662 0.990196 0.620387 0.9797136 0.5873821 0.9901965 0.5878765 0.8611529 0.5348353 0.8956444 0.531635 0.8670778 0.5471485 0.9733801 0.6520764 0.9630241 0.6177546 0.976547 0.6197293 0.976547 0.6197293 0.9693234 0.5858885 0.9797136 0.5873821 0.9567251 0.649621 0.9497548 0.614477 0.9630241 0.6177546 0.9630241 0.6177546 0.9591211 0.5833995 0.9693234 0.5858885 0.9403885 0.6455547 0.9368658 0.6099207 0.9497548 0.614477 0.9497548 0.614477 0.9492061 0.5799248 0.9591211 0.5833995 0.9245255 0.6399164 0.9244835 0.6041226 0.9368658 0.6099207 0.9368658 0.6099207 0.9396801 0.5754857 0.9492061 0.5799248 0.9092875 0.6327596 0.9127307 0.597135 0.9244835 0.6041226 0.9244835 0.6041226 0.9306421 0.5701177 0.9396801 0.5754857 0.8812575 0.6141768 0.9127307 0.597135 0.8948188 0.6241525 0.9017221 0.5890253 0.9306421 0.5701177 0.9127307 0.597135 0.8687327 0.6029275 0.9017221 0.5890253 0.8812575 0.6141768 0.891564 0.5798748 0.9221867 0.563874 0.9017221 0.5890253 0.8573632 0.5905115 0.891564 0.5798748 0.8687327 0.6029275 0.8823508 0.569777 0.9143956 0.5568225 0.891564 0.5798748 0.8472571 0.5770471 0.8823508 0.569777 0.8573632 0.5905115 0.8741646 0.5588327 0.9073382 0.5490426 0.8823508 0.569777 0.8385112 0.562662 0.8741646 0.5588327 0.8472571 0.5770471 0.8670778 0.5471485 0.9010718 0.5406184 0.8741646 0.5588327 0.9010718 0.5406184 0.9323256 0.5283081 0.9073382 0.5490426 0.8956444 0.531635 0.927979 0.522404 0.9010718 0.5406184 0.8910982 0.5221771 0.9242109 0.5161215 0.8956444 0.531635 0.9242109 0.5161215 0.9548862 0.5041898 0.927979 0.522404 0.9210432 0.5095189 0.9527776 0.5006079 0.9242109 0.5161215 0.9901965 0.5878765 0.9828804 0.5550351 0.9901967 0.5553659 0.9901967 0.5553659 0.986047 0.522688 0.9901972 0.5228554 0.9828804 0.5550351 0.9819214 0.5221562 0.986047 0.522688 0.9797136 0.5873821 0.9756224 0.5540224 0.9828804 0.5550351 0.9756224 0.5540224 0.9778538 0.5212443 0.9819214 0.5221562 0.9693234 0.5858885 0.9684875 0.5523219 0.9756224 0.5540224 0.9684875 0.5523219 0.973887 0.5199335 0.9778538 0.5212443 0.9591211 0.5833995 0.9615467 0.5499292 0.9684875 0.5523219 0.9615467 0.5499292 0.9700728 0.5182118 0.973887 0.5199335 0.9492061 0.5799248 0.9548762 0.5468487 0.9615467 0.5499292 0.9548762 0.5468487 0.9664657 0.5160831 0.9700728 0.5182118 0.9396801 0.5754857 0.948554 0.5431003 0.9548762 0.5468487 0.9426512 0.5387225 0.9664657 0.5160831 0.948554 0.5431003 0.9221867 0.563874 0.948554 0.5431003 0.9306421 0.5701177 0.937227 0.5337701 0.9631157 0.5135712 0.9426512 0.5387225 0.9143956 0.5568225 0.9426512 0.5387225 0.9221867 0.563874 0.9323256 0.5283081 0.9600585 0.5107176 0.937227 0.5337701 0.9073382 0.5490426 0.937227 0.5337701 0.9143956 0.5568225 0.927979 0.522404 0.9573133 0.5075737 0.9323256 0.5283081 0.9548862 0.5041898 0.9823008 0.4868393 0.9573133 0.5075737 0.9573133 0.5075737 0.9828898 0.4876651 0.9600585 0.5107176 0.9527776 0.5006079 0.9817933 0.4859755 0.9548862 0.5041898 0.9817933 0.4859755 0.9901981 0.4802861 0.9823008 0.4868393 0.9813442 0.4850943 0.9901981 0.4802861 0.9817933 0.4859755 0.9809332 0.4842025 0.9901981 0.4802861 0.9813442 0.4850943 0.9509882 0.4968608 0.9813442 0.4850943 0.9527776 0.5006079 0.9892137 0.490341 0.9901981 0.4802861 0.9901981 0.4903448 0.9901972 0.5228554 0.9892137 0.490341 0.9901981 0.4903448 0.9882205 0.4902903 0.9901981 0.4802861 0.9892137 0.490341 0.986047 0.522688 0.9882205 0.4902903 0.9892137 0.490341 0.9872203 0.4901666 0.9901981 0.4802861 0.9882205 0.4902903 0.9819214 0.5221562 0.9872203 0.4901666 0.9882205 0.4902903 0.9862275 0.4899376 0.9901981 0.4802861 0.9872203 0.4901666 0.9778538 0.5212443 0.9862275 0.4899376 0.9872203 0.4901666 0.9852691 0.489575 0.9901981 0.4802861 0.9862275 0.4899376 0.973887 0.5199335 0.9852691 0.489575 0.9862275 0.4899376 0.9843774 0.4890658 0.9901981 0.4802861 0.9852691 0.489575 0.9700728 0.5182118 0.9843774 0.4890658 0.9852691 0.489575 0.9835801 0.4884197 0.9901981 0.4802861 0.9843774 0.4890658 0.9631157 0.5135712 0.9843774 0.4890658 0.9664657 0.5160831 0.9828898 0.4876651 0.9901981 0.4802861 0.9835801 0.4884197 0.9600585 0.5107176 0.9835801 0.4884197 0.9631157 0.5135712 0.9823008 0.4868393 0.9901981 0.4802861 0.9828898 0.4876651 0.841636 0.8159927 0.7959671 0.8000369 0.8071753 0.78718 0.6478529 0.9146648 0.6276964 0.8706463 0.6447373 0.8698996 0.8071753 0.78718 0.7636658 0.7687392 0.7727151 0.7583673 0.6447373 0.8698996 0.6278679 0.8257279 0.6416209 0.8251346 0.8282685 0.8313345 0.7838578 0.8120492 0.7959671 0.8000369 0.7959671 0.8000369 0.7538936 0.7784332 0.7636658 0.7687392 0.813822 0.8456645 0.7708619 0.8230968 0.7838578 0.8120492 0.7838578 0.8120492 0.7434094 0.7873532 0.7538936 0.7784332 0.7983143 0.8588393 0.7570217 0.8330672 0.7708619 0.8230968 0.7708619 0.8230968 0.732245 0.795408 0.7434094 0.7873532 0.7643653 0.8812209 0.7570217 0.8330672 0.7817981 0.8707253 0.7424126 0.841874 0.732245 0.795408 0.7570217 0.8330672 0.746141 0.8902729 0.7424126 0.841874 0.7643653 0.8812209 0.7271384 0.84947 0.7204597 0.8025261 0.7424126 0.841874 0.7272673 0.8978782 0.7271384 0.84947 0.746141 0.8902729 0.7113171 0.8558503 0.7081351 0.8086661 0.7271384 0.84947 0.7078846 0.9040732 0.7113171 0.8558503 0.7272673 0.8978782 0.6950672 0.8610436 0.6953662 0.8138212 0.7113171 0.8558503 0.6881197 0.9089116 0.6950672 0.8610436 0.7078846 0.9040732 0.6784959 0.8650946 0.682249 0.818013 0.6950672 0.8610436 0.6680791 0.9124377 0.6784959 0.8650946 0.6881197 0.9089116 0.6616936 0.8680422 0.6688709 0.8212772 0.6784959 0.8650946 0.6680791 0.9124377 0.6447373 0.8698996 0.6616936 0.8680422 0.6616936 0.8680422 0.6416209 0.8251346 0.6553074 0.8236463 0.6553074 0.8236463 0.6592443 0.7774586 0.6688709 0.8212772 0.6553074 0.8236463 0.6385021 0.7803696 0.6489189 0.77925 0.6416209 0.8251346 0.6280375 0.7808104 0.6385021 0.7803696 0.6385021 0.7803696 0.6425214 0.7348516 0.6489189 0.77925 0.6385021 0.7803696 0.6281993 0.7358967 0.6353753 0.7356054 0.7727151 0.7583673 0.7313664 0.7374399 0.7382571 0.7295537 0.7382571 0.7295537 0.6990743 0.706135 0.7038078 0.7007381 0.7313664 0.7374399 0.6939734 0.7111889 0.6990743 0.706135 0.7636658 0.7687392 0.7239308 0.744815 0.7313664 0.7374399 0.7239308 0.744815 0.6885086 0.7158518 0.6939734 0.7111889 0.7538936 0.7784332 0.7159574 0.7516074 0.7239308 0.744815 0.7159574 0.7516074 0.6826928 0.7200746 0.6885086 0.7158518 0.7434094 0.7873532 0.7074686 0.7577465 0.7159574 0.7516074 0.7074686 0.7577465 0.6765514 0.7238147 0.6826928 0.7200746 0.7204597 0.8025261 0.7074686 0.7577465 0.732245 0.795408 0.6891309 0.7678598 0.6765514 0.7238147 0.6985061 0.7631757 0.7081351 0.8086661 0.6985061 0.7631757 0.7204597 0.8025261 0.6794138 0.7717902 0.6701233 0.7270435 0.6891309 0.7678598 0.6953662 0.8138212 0.6891309 0.7678598 0.7081351 0.8086661 0.6694288 0.7749808 0.6634548 0.7297509 0.6794138 0.7717902 0.682249 0.818013 0.6794138 0.7717902 0.6953662 0.8138212 0.6592443 0.7774586 0.6566007 0.7319419 0.6694288 0.7749808 0.6688709 0.8212772 0.6694288 0.7749808 0.682249 0.818013 0.6489189 0.77925 0.6496086 0.7336352 0.6592443 0.7774586 0.6496086 0.7336352 0.6437339 0.6888428 0.6566007 0.7319419 0.6425214 0.7348516 0.6399311 0.6897621 0.6496086 0.7336352 0.6353753 0.7356054 0.6360791 0.690419 0.6425214 0.7348516 0.6321998 0.6908285 0.6290749 0.6460947 0.6360791 0.690419 0.6360791 0.690419 0.6298528 0.6460155 0.6399311 0.6897621 0.6283107 0.6909967 0.6282944 0.6461184 0.6321998 0.6908285 0.6353753 0.7356054 0.6283107 0.6909967 0.6321998 0.6908285 0.6694083 0.6718924 0.6350924 0.6428563 0.6356294 0.6422923 0.7038078 0.7007381 0.6668058 0.6747848 0.6694083 0.6718924 0.6668058 0.6747848 0.6345409 0.6434028 0.6350924 0.6428563 0.6990743 0.706135 0.664019 0.6775062 0.6668058 0.6747848 0.664019 0.6775062 0.6339716 0.6439315 0.6345409 0.6434028 0.6939734 0.7111889 0.6610477 0.6800325 0.664019 0.6775062 0.6610477 0.6800325 0.6333773 0.6444355 0.6339716 0.6439315 0.6885086 0.7158518 0.6578939 0.6823343 0.6610477 0.6800325 0.6578939 0.6823343 0.6327481 0.6448987 0.6333773 0.6444355 0.6826928 0.7200746 0.6545663 0.6843842 0.6578939 0.6823343 0.6545663 0.6843842 0.6320777 0.6453015 0.6327481 0.6448987 0.6701233 0.7270435 0.6545663 0.6843842 0.6765514 0.7238147 0.6474605 0.6876455 0.6320777 0.6453015 0.651082 0.6861612 0.6634548 0.7297509 0.651082 0.6861612 0.6701233 0.7270435 0.6437339 0.6888428 0.6313652 0.6456266 0.6474605 0.6876455 0.6566007 0.7319419 0.6474605 0.6876455 0.6634548 0.7297509 0.6399311 0.6897621 0.6306198 0.6458634 0.6437339 0.6888428 0.6306198 0.6458634 0.6275041 0.6355525 0.6313652 0.6456266 0.6298528 0.6460155 0.6275041 0.6355525 0.6306198 0.6458634 0.6290749 0.6460947 0.6275041 0.6355525 0.6298528 0.6460155 0.6275146 0.6461021 0.6275041 0.6355525 0.6282944 0.6461184 0.6350924 0.6428563 0.6275041 0.6355525 0.6356294 0.6422923 0.6320777 0.6453015 0.6275041 0.6355525 0.6327481 0.6448987 0.6327481 0.6448987 0.6275041 0.6355525 0.6333773 0.6444355 0.6345409 0.6434028 0.6275041 0.6355525 0.6350924 0.6428563 0.6339716 0.6439315 0.6275041 0.6355525 0.6345409 0.6434028 0.6313652 0.6456266 0.6275041 0.6355525 0.6320777 0.6453015 0.6333773 0.6444355 0.6275041 0.6355525 0.6339716 0.6439315 0.6282944 0.6461184 0.6275041 0.6355525 0.6290749 0.6460947 0.991204 0.9912236 0.9460001 0.9739952 0.9908686 0.970878 0.9066074 0.7908977 0.8628287 0.8115684 0.8916426 0.7771096 0.8753781 0.8231204 0.8340147 0.8460268 0.8628287 0.8115684 0.9462857 0.9910494 0.9011319 0.9771131 0.9460001 0.9739952 0.9908686 0.970878 0.9444811 0.9570066 0.9890559 0.9506108 0.9460001 0.9739952 0.8999059 0.9634031 0.9444811 0.9570066 0.9890559 0.9506108 0.9416626 0.9401843 0.9856875 0.9305432 0.9444811 0.9570066 0.8976371 0.949826 0.9416626 0.9401843 0.9856875 0.9305432 0.9375043 0.9236415 0.9807173 0.9108113 0.9416626 0.9401843 0.8942906 0.9364722 0.9375043 0.9236415 0.9375043 0.9236415 0.9741503 0.8915517 0.9807173 0.9108113 0.8942906 0.9364722 0.9320083 0.9074929 0.9375043 0.9236415 0.9320083 0.9074929 0.9660475 0.8728863 0.9741503 0.8915517 0.8898655 0.9234348 0.9252232 0.8918417 0.9320083 0.9074929 0.9252232 0.8918417 0.9565163 0.8549083 0.9660475 0.8728863 0.8843978 0.9107977 0.9172366 0.8767676 0.9252232 0.8918417 0.9172366 0.8767676 0.9456869 0.8376811 0.9565163 0.8549083 0.8779559 0.8986273 0.9081574 0.8623252 0.9172366 0.8767676 0.9081574 0.8623252 0.9336909 0.8212447 0.9456869 0.8376811 0.8706267 0.8869692 0.8980961 0.8485487 0.9081574 0.8623252 0.8980961 0.8485487 0.9206386 0.8056343 0.9336909 0.8212447 0.8625004 0.8758525 0.8871474 0.8354675 0.8980961 0.8485487 0.9206386 0.8056343 0.8753781 0.8231204 0.9066074 0.7908977 0.8871474 0.8354675 0.8441485 0.8553429 0.8753781 0.8231204 0.8536553 0.8653004 0.8129175 0.8875636 0.8441485 0.8553429 0.8269023 0.9031558 0.8536553 0.8653004 0.8625004 0.8758525 0.8441485 0.8553429 0.8051996 0.8804832 0.8340147 0.8460268 0.8129175 0.8875636 0.7763817 0.9149311 0.8051996 0.8804832 0.7866593 0.9249591 0.8129175 0.8875636 0.8201614 0.8951322 0.9013678 0.9908758 0.8562636 0.9802332 0.9011319 0.9771131 0.8564509 0.9907041 0.8113968 0.9833623 0.8562636 0.9802332 0.8562636 0.9802332 0.8107531 0.9762101 0.8553302 0.9698019 0.9011319 0.9771131 0.8553302 0.9698019 0.8999059 0.9634031 0.8553302 0.9698019 0.8095791 0.9691227 0.8536104 0.9594699 0.8999059 0.9634031 0.8536104 0.9594699 0.8976371 0.949826 0.8536104 0.9594699 0.8078532 0.9621454 0.8510752 0.9493049 0.8976371 0.949826 0.8510752 0.9493049 0.8942906 0.9364722 0.8510752 0.9493049 0.8055673 0.9553277 0.8477204 0.939378 0.8510752 0.9493049 0.8898655 0.9234348 0.8942906 0.9364722 0.8055673 0.9553277 0.84357 0.9297547 0.8477204 0.939378 0.8477204 0.939378 0.8843978 0.9107977 0.8898655 0.9234348 0.8027328 0.9487165 0.8386724 0.9204875 0.84357 0.9297547 0.84357 0.9297547 0.8779559 0.8986273 0.8843978 0.9107977 0.7993784 0.9423489 0.8330934 0.9116134 0.8386724 0.9204875 0.8386724 0.9204875 0.8706267 0.8869692 0.8779559 0.8986273 0.7955496 0.9362567 0.8269023 0.9031558 0.8330934 0.9116134 0.8330934 0.9116134 0.8625004 0.8758525 0.8706267 0.8869692 0.7912943 0.930456 0.8201614 0.8951322 0.8269023 0.9031558 0.7556244 0.957766 0.7866593 0.9249591 0.7912943 0.930456 0.7579392 0.9609204 0.7912943 0.930456 0.7955496 0.9362567 0.753103 0.9547805 0.7816806 0.9197778 0.7866593 0.9249591 0.7196946 0.9846898 0.753103 0.9547805 0.7556244 0.957766 0.719147 0.9841313 0.7504015 0.9519662 0.753103 0.9547805 0.7185617 0.9836142 0.7475374 0.94933 0.7504015 0.9519662 0.7816806 0.9197778 0.7475374 0.94933 0.7763817 0.9149311 0.7666385 0.9904285 0.7216961 0.9904703 0.7665138 0.9865397 0.8115386 0.9905399 0.7665138 0.9865397 0.8113968 0.9833623 0.7665138 0.9865397 0.7216234 0.9896975 0.766138 0.9826632 0.8113968 0.9833623 0.766138 0.9826632 0.8107531 0.9762101 0.766138 0.9826632 0.7215259 0.9889267 0.7654952 0.9788171 0.8107531 0.9762101 0.7654952 0.9788171 0.8095791 0.9691227 0.7654952 0.9788171 0.721391 0.9881597 0.7645681 0.9750247 0.8095791 0.9691227 0.7645681 0.9750247 0.8078532 0.9621454 0.7645681 0.9750247 0.7212033 0.9874015 0.7633457 0.9713126 0.8078532 0.9621454 0.7633457 0.9713126 0.8055673 0.9553277 0.7633457 0.9713126 0.7209468 0.9866626 0.7618281 0.9677075 0.7633457 0.9713126 0.8027328 0.9487165 0.8055673 0.9553277 0.7209468 0.9866626 0.7600165 0.9642383 0.7618281 0.9677075 0.7618281 0.9677075 0.7993784 0.9423489 0.8027328 0.9487165 0.7206054 0.9859584 0.7579392 0.9609204 0.7600165 0.9642383 0.7600165 0.9642383 0.7955496 0.9362567 0.7993784 0.9423489 0.7201855 0.9852987 0.7556244 0.957766 0.7579392 0.9609204 0.7196946 0.9846898 0.7201855 0.9852987 0.7111924 0.9912278 0.7201855 0.9852987 0.7206054 0.9859584 0.7111924 0.9912278 0.719147 0.9841313 0.7196946 0.9846898 0.7111924 0.9912278 0.7216961 0.9904703 0.721751 0.9912474 0.7111924 0.9912278 0.7179526 0.9831265 0.7185617 0.9836142 0.7111924 0.9912278 0.7212033 0.9874015 0.721391 0.9881597 0.7111924 0.9912278 0.7209468 0.9866626 0.7212033 0.9874015 0.7111924 0.9912278 0.7215259 0.9889267 0.7216234 0.9896975 0.7111924 0.9912278 0.7216234 0.9896975 0.7216961 0.9904703 0.7111924 0.9912278 0.7206054 0.9859584 0.7209468 0.9866626 0.7111924 0.9912278 0.721391 0.9881597 0.7215259 0.9889267 0.7111924 0.9912278 0.7185617 0.9836142 0.719147 0.9841313 0.7111924 0.9912278 0.04285943 0.497968 0.08010697 0.4193956 0.0796312 0.4965512 0.03984475 0.4178228 0.07808041 0.3397552 0.08010697 0.4193956 0.07808041 0.3397552 0.03965389 0.3388438 0.04793655 0.2561013 0.04793655 0.2561013 0.1036258 0.2265813 0.09134316 0.2630844 0.1152644 0.1117168 0.006981611 0.120984 0.07289242 0.05297029 0.01797187 0.8455669 0.004648089 0.7871832 0.01866412 0.7849287 0.02918577 0.7106118 0.00996387 0.7341688 0.01730549 0.7040304 0.0710361 0.6646214 0.04276454 0.6135216 0.07959103 0.6124282 0.07959103 0.6124282 0.04046356 0.5511457 0.07820487 0.5482215 0.07820487 0.5482215 0.04285943 0.497968 0.0796312 0.4965512 0.04285943 0.497968 0.0233823 0.4186611 0.03984475 0.4178228 0.08010697 0.4193956 0.09583103 0.4958244 0.0796312 0.4965512 0.03984475 0.4178228 0.02217149 0.3390365 0.03965389 0.3388438 0.08010697 0.4193956 0.09464693 0.3394699 0.09734141 0.4184108 0.03965389 0.3388438 0.03107774 0.2544972 0.04793655 0.2561013 0.09134316 0.2630844 0.09464693 0.3394699 0.07808041 0.3397552 0.05781769 0.1941354 0.03107774 0.2544972 0.04010665 0.1902611 0.09134316 0.2630844 0.119054 0.2372806 0.1098734 0.2677993 0.04838705 0.8487521 0.07408845 0.7938115 0.05793285 0.8484952 0.0710361 0.6646214 0.07231044 0.705042 0.05912899 0.7078186 0.04838705 0.8487521 0.01866412 0.7849287 0.05972325 0.7879716 0.0574181 0.742882 0.02918577 0.7106118 0.05912899 0.7078186 0.03350543 0.6626929 0.02619349 0.613545 0.04276454 0.6135216 0.07959103 0.6124282 0.08314073 0.6655107 0.0710361 0.6646214 0.04046356 0.5511457 0.02619349 0.613545 0.0235002 0.5526149 0.07820487 0.5482215 0.09368705 0.6121456 0.07959103 0.6124282 0.0796312 0.4965512 0.09258937 0.5478771 0.07820487 0.5482215 0.04046356 0.5511457 0.0261482 0.500185 0.04285943 0.497968 0.05781769 0.1941354 0.04152131 0.1819757 0.06067335 0.1833585 0.0574181 0.742882 0.01866412 0.7849287 0.02542471 0.7402665 0.01866412 0.7849287 0.00996387 0.7341688 0.02542471 0.7402665 0.07316493 0.7404575 0.05972325 0.7879716 0.0574181 0.742882 0.05912899 0.7078186 0.03350543 0.6626929 0.0710361 0.6646214 0.05912899 0.7078186 0.07316493 0.7404575 0.0574181 0.742882 0.03350543 0.6626929 0.01730549 0.7040304 0.01893401 0.6631693 0.1036258 0.2265813 0.1289516 0.2136279 0.119054 0.2372806 0.05781769 0.1941354 0.114175 0.2028193 0.1036258 0.2265813 0.1560688 0.1635269 0.1289516 0.2136279 0.114175 0.2028193 0.114175 0.2028193 0.1152644 0.1117168 0.1560688 0.1635269 0.1560688 0.1635269 0.1928567 0.07079118 0.2161674 0.1346458 0.2161674 0.1346458 0.1669019 0.1802617 0.1560688 0.1635269 0.157016 0.008863389 0.1152644 0.1117168 0.07289242 0.05297029 0.8554509 0.20626 0.8751098 0.2369882 0.8549616 0.2373935 0.8763702 0.2051392 0.8545811 0.1863701 0.8761089 0.1828649 0.8549616 0.2373935 0.8702214 0.2541206 0.8564158 0.2545011 0.8702214 0.2541206 0.8515217 0.2687317 0.8564158 0.2545011 0.8545811 0.1863701 0.875118 0.1622009 0.8761089 0.1828649 0.883621 0.2521505 0.8751098 0.2369882 0.887632 0.2383413 0.8911231 0.1688897 0.8761089 0.1828649 0.875118 0.1622009 0.8411563 0.1895734 0.8554509 0.20626 0.8429223 0.2070831 0.8446226 0.2521745 0.8515217 0.2687317 0.8384414 0.2642229 0.8889752 0.2060457 0.8751098 0.2369882 0.8763702 0.2051392 0.8446226 0.2521745 0.8549616 0.2373935 0.8564158 0.2545011 0.8895664 0.1839647 0.8763702 0.2051392 0.8761089 0.1828649 0.8429223 0.2070831 0.8549616 0.2373935 0.8430653 0.237899 0.8411563 0.1895734 0.8479846 0.1676558 0.8545811 0.1863701 0.883621 0.2521505 0.8746151 0.2708844 0.8702214 0.2541206 0.1395688 0.7280089 0.1219427 0.7062922 0.1430284 0.704283 0.1395688 0.7280089 0.1157146 0.738079 0.1188613 0.7247947 0.1430284 0.704283 0.1243238 0.6907837 0.1428593 0.6870843 0.1428593 0.6870843 0.1216992 0.6701853 0.1500601 0.6734938 0.1342006 0.7462458 0.1119785 0.756892 0.1157146 0.738079 0.1068027 0.6896532 0.1219427 0.7062922 0.1050149 0.7039062 0.1016401 0.7427843 0.1119785 0.756892 0.09860467 0.7561537 0.1453175 0.745564 0.1395688 0.7280089 0.1520172 0.7266659 0.1531401 0.6893502 0.1500601 0.6734938 0.1599334 0.6786765 0.1050149 0.7039062 0.1188613 0.7247947 0.1022202 0.727151 0.1531401 0.6893502 0.1430284 0.704283 0.1428593 0.6870843 0.1022202 0.727151 0.1157146 0.738079 0.1016401 0.7427843 0.1520172 0.7266659 0.1430284 0.704283 0.1544656 0.7014399 0.1453175 0.745564 0.1451394 0.7650258 0.1342006 0.7462458 0.1068027 0.6896532 0.1216992 0.6701853 0.1243238 0.6907837 0.4885535 0.05452209 0.5238797 0.09335404 0.4818659 0.08693802 0.3372859 0.141573 0.3302578 0.1952465 0.2973847 0.1640156 0.3757252 0.1502637 0.3934594 0.1817727 0.3596482 0.1664372 0.43553 0.05433344 0.4818659 0.08693802 0.4355661 0.08707344 0.493512 0.1508088 0.4886251 0.1910873 0.4725059 0.1711986 0.3416344 0.08135962 0.3140099 0.1139206 0.285615 0.08268272 0.4355661 0.08707344 0.4747907 0.1154375 0.4366616 0.1116018 0.3325591 0.05377703 0.285615 0.08268272 0.2693837 0.04917854 0.4597689 0.155851 0.4382976 0.1854832 0.4356037 0.1580383 0.3893371 0.08471673 0.3568516 0.1076647 0.3416344 0.08135962 0.4667958 0.1388756 0.4725059 0.1711986 0.4597689 0.155851 0.4362816 0.134443 0.3989157 0.1555091 0.3993092 0.1311175 0.3842709 0.05447077 0.3416344 0.08135962 0.3325591 0.05377703 0.3893371 0.08471673 0.43553 0.05433344 0.4355661 0.08707344 0.4356037 0.1580383 0.3934594 0.1817727 0.3989157 0.1555091 0.2439701 0.09054535 0.2425966 0.1487241 0.2187677 0.09757721 0.3949148 0.1081647 0.4355661 0.08707344 0.4366616 0.1116018 0.3993092 0.1311175 0.3757252 0.1502637 0.3682832 0.1316787 0.57367 0.04816293 0.5709937 0.1024013 0.5503197 0.0979349 0.218567 0.04888689 0.2187677 0.09757721 0.1969234 0.0465455 0.4427207 0.213597 0.5027282 0.2113541 0.4446987 0.2355487 0.2973847 0.1640156 0.3021593 0.2192699 0.2619119 0.180857 0.5349293 0.139783 0.5709937 0.1024013 0.5536633 0.1533622 0.3302578 0.1952465 0.3793099 0.2361153 0.3021593 0.2192699 0.5173099 0.1669359 0.5027282 0.2113541 0.4886251 0.1910873 0.384211 0.2113852 0.4446987 0.2355487 0.3793099 0.2361153 0.3934594 0.1817727 0.4427207 0.213597 0.384211 0.2113852 0.4818659 0.08693802 0.5080657 0.125479 0.4747907 0.1154375 0.3596482 0.1664372 0.384211 0.2113852 0.3302578 0.1952465 0.4362816 0.134443 0.4597689 0.155851 0.4356037 0.1580383 0.285615 0.08268272 0.2755326 0.1271971 0.2439701 0.09054535 0.5238797 0.09335404 0.5349293 0.139783 0.5080657 0.125479 0.4725059 0.1711986 0.4427207 0.213597 0.4382976 0.1854832 0.2693837 0.04917854 0.2439701 0.09054535 0.218567 0.04888689 0.5371626 0.05285543 0.5503197 0.0979349 0.5238797 0.09335404 0.3372859 0.141573 0.3568516 0.1076647 0.3682832 0.1316787 0.493512 0.1508088 0.4747907 0.1154375 0.5080657 0.125479 0.3993092 0.1311175 0.4366616 0.1116018 0.4362816 0.134443 0.4667958 0.1388756 0.4366616 0.1116018 0.4747907 0.1154375 0.3682832 0.1316787 0.3949148 0.1081647 0.3993092 0.1311175 0.2619119 0.180857 0.2755326 0.1271971 0.2973847 0.1640156 0.5349293 0.139783 0.540906 0.178794 0.5173099 0.1669359 0.2973847 0.1640156 0.3140099 0.1139206 0.3372859 0.141573 0.5080657 0.125479 0.5173099 0.1669359 0.493512 0.1508088 0.3682832 0.1316787 0.3596482 0.1664372 0.3372859 0.141573 0.3842709 0.05447077 0.3335946 0.0493794 0.3848178 0.04994875 0.3325591 0.05377703 0.271664 0.04432559 0.3335946 0.0493794 0.2693837 0.04917854 0.2218921 0.0433427 0.271664 0.04432559 0.57367 0.04816293 0.5900512 0.0379492 0.5954187 0.04372042 0.4885535 0.05452209 0.5333009 0.04585051 0.5371626 0.05285543 0.218567 0.04888689 0.2012033 0.04066568 0.2218921 0.0433427 0.5371626 0.05285543 0.5686987 0.04092442 0.57367 0.04816293 0.43553 0.05433344 0.4872842 0.04965931 0.4885535 0.05452209 0.43553 0.05433344 0.3848178 0.04994875 0.4353842 0.04988318 0.3848178 0.04994875 0.3522662 0.0139504 0.3957749 0.0114265 0.3335946 0.0493794 0.2908055 0.01623761 0.3522662 0.0139504 0.2218921 0.0433427 0.2254106 0.007685542 0.2479953 0.01421409 0.5686987 0.04092442 0.566918 0.0134077 0.5900512 0.0379492 0.4353842 0.04988318 0.3957749 0.0114265 0.4385833 0.008440136 0.271664 0.04432559 0.2479953 0.01421409 0.2908055 0.01623761 0.4872842 0.04965931 0.4385833 0.008440136 0.4845302 0.006664156 0.4872842 0.04965931 0.5265364 0.009496808 0.5333009 0.04585051 0.5333009 0.04585051 0.5510305 0.0154916 0.5686987 0.04092442 0.6200588 0.4614865 0.6565497 0.3836795 0.6645849 0.4538788 0.6565497 0.3836795 0.6042552 0.3022654 0.6484234 0.2961012 0.6484234 0.2961012 0.5978818 0.20587 0.6505559 0.2066551 0.6505559 0.2066551 0.6124339 0.1067894 0.6502941 0.1122941 0.6124339 0.1067894 0.6118641 0.08444499 0.6217086 0.08165013 0.6480825 0.5696942 0.5807003 0.5731265 0.6289585 0.5214727 0.6728426 0.4783278 0.6200588 0.4614865 0.6645849 0.4538788 0.6044139 0.3872503 0.6010493 0.462246 0.5872495 0.3870221 0.6565497 0.3836795 0.6829286 0.4486831 0.6645849 0.4538788 0.6044139 0.3872503 0.5853982 0.3028504 0.6042552 0.3022654 0.6565497 0.3836795 0.6664515 0.2976919 0.6736049 0.3831915 0.5978818 0.20587 0.5853982 0.3028504 0.5795008 0.2037289 0.6505559 0.2066551 0.6664515 0.2976919 0.6484234 0.2961012 0.5978818 0.20587 0.6005075 0.1078093 0.6124339 0.1067894 0.6505559 0.2066551 0.6615673 0.1152698 0.6668681 0.2075942 0.6502941 0.1122941 0.6598609 0.07523876 0.6615673 0.1152698 0.6780245 0.4913609 0.6903446 0.4729629 0.6957798 0.4843008 0.6728426 0.4783278 0.6829286 0.4486831 0.6903446 0.4729629 0.6241169 0.5060009 0.6010493 0.462246 0.6200588 0.4614865 0.6241169 0.5060009 0.6162572 0.5255627 0.6071622 0.5097575 0.6241169 0.5060009 0.6780245 0.4913609 0.6289585 0.5214727 0.6780245 0.4913609 0.7131628 0.5183447 0.6984022 0.5293428 0.6289585 0.5214727 0.6984022 0.5293428 0.6480825 0.5696942 0.6568984 0.01483505 0.6572731 0.05622404 0.6465578 0.05710601 0.6502941 0.1122941 0.6217086 0.08165013 0.6494162 0.07466769 0.6465578 0.05710601 0.6225799 0.01236093 0.6568984 0.01483505 0.6572731 0.05622404 0.6494162 0.07466769 0.6465578 0.05710601 0.6217086 0.08165013 0.6090396 0.0531252 0.6196451 0.05507421 0.6465578 0.05710601 0.6217086 0.08165013 0.6196451 0.05507421 0.6225799 0.01236093 0.6090396 0.0531252 0.6118256 0.008925795 0.7730011 0.07573759 0.7726325 0.08423948 0.7688012 0.08204299 0.776838 0.02925765 0.7764623 0.02246314 0.7805492 0.02574431 0.8004116 0.05468511 0.7730011 0.07573759 0.776838 0.02925765 0.8172273 0.02192181 0.8056214 0.04924225 0.7805492 0.02574431 0.7421556 0.1421943 0.7462297 0.1505228 0.7399765 0.1490496 0.7427224 0.1097479 0.7397097 0.1031833 0.7449745 0.1049345 0.7606456 0.1170894 0.7421556 0.1421943 0.7427224 0.1097479 0.7688012 0.08204299 0.7626746 0.1119735 0.7449745 0.1049345 0.7306233 0.2249034 0.7413547 0.230839 0.7308729 0.2320697 0.6958408 0.1859932 0.6921434 0.1818541 0.6969532 0.1815397 0.7425113 0.1909533 0.7306233 0.2249034 0.6958408 0.1859932 0.7399765 0.1490496 0.7430592 0.1835143 0.6969532 0.1815397 0.7468112 0.3027253 0.7668848 0.2994281 0.7497144 0.3096536 0.718928 0.2764362 0.7136585 0.2733083 0.7183021 0.2711302 0.7517572 0.2647907 0.7468112 0.3027253 0.718928 0.2764362 0.7308729 0.2320697 0.7500038 0.2598969 0.7183021 0.2711302 0.8047176 0.3716654 0.8251481 0.3507621 0.8104265 0.3755433 0.7225341 0.4114088 0.7166932 0.4106087 0.7197306 0.406326 0.793282 0.328156 0.8047176 0.3716654 0.7225341 0.4114088 0.7497144 0.3096536 0.7872433 0.3231496 0.7197306 0.406326 0.1958038 0.4402723 0.2180522 0.4669792 0.2121191 0.4705665 0.1826484 0.5170828 0.1788134 0.5215412 0.1775104 0.5172672 0.1694968 0.4500947 0.2121191 0.4705665 0.1826484 0.5170828 0.1388858 0.4849833 0.1645509 0.4510866 0.1775104 0.5172672 0.2469353 0.3911281 0.2731557 0.395753 0.2711148 0.4027414 0.3259645 0.5138369 0.320167 0.5148422 0.322407 0.509773 0.2304024 0.4149107 0.2711148 0.4027414 0.322407 0.509773 0.2180522 0.4669792 0.2248049 0.4204409 0.320167 0.5148422 0.2659184 0.3176219 0.2800326 0.3100757 0.2811335 0.3173441 0.3099439 0.3619673 0.3052259 0.3657703 0.3050683 0.3601608 0.2611597 0.3494164 0.2811335 0.3173441 0.3050683 0.3601608 0.2731557 0.395753 0.2598715 0.3546364 0.3052259 0.3657703 0.2510434 0.2370195 0.2502766 0.2297933 0.2540668 0.2359052 0.3109205 0.2613313 0.3088092 0.2659131 0.305559 0.2616246 0.2586 0.2696401 0.2540668 0.2359052 0.305559 0.2616246 0.2800326 0.3100757 0.2601305 0.2771787 0.3088092 0.2659131 0.6136987 0.8006911 0.6047213 0.8035504 0.6136471 0.8005363 0.2412991 0.1959982 0.239361 0.2034231 0.2358382 0.1991771 0.2290313 0.2032659 0.2158844 0.1787902 0.2358382 0.1991771 0.2502766 0.2297933 0.232068 0.2081911 0.239361 0.2034231 0.5396619 0.8305828 0.5297289 0.8348297 0.5395842 0.830366 0.5640617 0.8043886 0.5662195 0.7969491 0.5693872 0.8024463 0.5695131 0.8212233 0.5395842 0.830366 0.5640617 0.8043886 0.6047213 0.8035504 0.5774731 0.8177471 0.5693872 0.8024463 0.4667671 0.8537517 0.4599851 0.8570973 0.4594271 0.8549867 0.4944971 0.8400787 0.4964941 0.8323807 0.4993534 0.83879 0.4982486 0.8515481 0.4667671 0.8537517 0.4944971 0.8400787 0.5297289 0.8348297 0.5040357 0.8493061 0.4993534 0.83879 0.3825076 0.8605742 0.3752271 0.8637192 0.3753334 0.8599628 0.416141 0.8328988 0.4184678 0.8277336 0.4198506 0.8329204 0.4173926 0.8676859 0.3825076 0.8605742 0.416141 0.8328988 0.4594271 0.8549867 0.4257056 0.8668127 0.4198506 0.8329204 0.313304 0.8494643 0.3059378 0.85182 0.3067308 0.8478646 0.3433714 0.8456648 0.348071 0.8406503 0.3476513 0.8463765 0.3398161 0.8629203 0.313304 0.8494643 0.3433714 0.8456648 0.3753334 0.8599628 0.3452494 0.8638629 0.3476513 0.8463765 0.2380629 0.8327767 0.2308133 0.8355098 0.2313556 0.8314748 0.2757499 0.8135467 0.279781 0.8096722 0.2795194 0.8143522 0.2670654 0.8465275 0.2380629 0.8327767 0.2757499 0.8135467 0.3067308 0.8478646 0.2742336 0.8480203 0.2795194 0.8143522 0.1716881 0.8252114 0.1652026 0.8303847 0.1651622 0.8248681 0.2002 0.8175605 0.2047418 0.8128526 0.2047473 0.8180732 0.1985098 0.8351463 0.1716881 0.8252114 0.2002 0.8175605 0.2313556 0.8314748 0.2035609 0.8355339 0.2047473 0.8180732 0.2369605 0.6780627 0.2464712 0.6764433 0.2420206 0.6823646 0.1244173 0.7948222 0.1272273 0.7901718 0.1284809 0.7946467 0.1278754 0.8351025 0.09762275 0.8267077 0.1244173 0.7948222 0.1651622 0.8248681 0.1347554 0.8342742 0.1284809 0.7946467 0.2935577 0.7252516 0.305112 0.7205443 0.2994845 0.7293588 0.2588635 0.7169293 0.2522242 0.7181112 0.2550948 0.7136833 0.2753892 0.6962316 0.2935577 0.7252516 0.2588635 0.7169293 0.2420206 0.6823646 0.2711036 0.692898 0.2550948 0.7136833 0.3754044 0.7476143 0.3807604 0.7595266 0.3735457 0.758444 0.3216393 0.7894833 0.3162404 0.7925549 0.3173254 0.7877766 0.3431759 0.7369923 0.3735457 0.758444 0.3216393 0.7894833 0.2994845 0.7293588 0.3360336 0.7343038 0.3173254 0.7877766 0.4476249 0.7491035 0.4565543 0.7570823 0.4492931 0.7586509 0.4167996 0.7816331 0.4122856 0.7766218 0.4173398 0.776534 0.4175142 0.7490396 0.4492931 0.7586509 0.4173398 0.776534 0.3807604 0.7595266 0.4123072 0.7490031 0.4122856 0.7766218 0.5260079 0.7185969 0.5364142 0.7208135 0.5303326 0.7253372 0.5125437 0.785406 0.5069628 0.7828318 0.5113704 0.7806004 0.4940903 0.732765 0.5303326 0.7253372 0.5113704 0.7806004 0.4565543 0.7570823 0.4868291 0.7356059 0.5069628 0.7828318 0.5631615 0.2080093 0.5560786 0.2129942 0.5586511 0.206304 0.5760406 0.7104282 0.5687624 0.7097907 0.5725658 0.7059101 0.5585294 0.6894295 0.5862515 0.6762845 0.5725658 0.7059101 0.5364142 0.7208135 0.5541957 0.6931149 0.5687624 0.7097907 0.5359048 0.2836352 0.5319047 0.2901821 0.5331397 0.2828518 0.513037 0.2370846 0.5187243 0.2348057 0.5174837 0.2395281 0.5489217 0.2530313 0.5331397 0.2828518 0.5174837 0.2395281 0.5560786 0.2129942 0.551702 0.2458003 0.5187243 0.2348057 0.5299161 0.3549255 0.5302215 0.364973 0.5295444 0.3549151 0.5146599 0.3238592 0.5208485 0.3191238 0.5207255 0.3247305 0.5332124 0.3262628 0.5295444 0.3549151 0.5207255 0.3247305 0.5319047 0.2901821 0.5339077 0.32033 0.5208485 0.3191238 0.5408701 0.4295878 0.5431466 0.4392131 0.5406671 0.4296233 0.5145506 0.402439 0.5187705 0.3969864 0.5202634 0.4022253 0.5370886 0.4008055 0.5406671 0.4296233 0.5202634 0.4022253 0.5302215 0.364973 0.5358464 0.3928965 0.5187705 0.3969864 0.5638132 0.494919 0.5646951 0.5010517 0.5636909 0.4949532 0.547033 0.4723637 0.5509095 0.4651336 0.5532335 0.4701787 0.5547199 0.4696792 0.5636909 0.4949532 0.5532335 0.4701787 0.5431466 0.4392131 0.5527547 0.4643846 0.5509095 0.4651336 0.9572358 0.4105422 0.9590108 0.402542 0.9611044 0.4092543 0.93746 0.4525967 0.9339335 0.4614243 0.9310573 0.45609 0.9572358 0.4105422 0.9715308 0.4340082 0.93746 0.4525967 0.9856026 0.4659151 0.9750397 0.4406957 0.9887935 0.4637905 0.9438197 0.3407934 0.9489347 0.3333723 0.9494065 0.3403885 0.9307203 0.3719257 0.9247247 0.3791998 0.9234927 0.3729066 0.9438197 0.3407934 0.9522708 0.3690013 0.9307203 0.3719257 0.9550101 0.403688 0.9531098 0.3748145 0.9590108 0.402542 0.9392458 0.271601 0.9487358 0.2650629 0.9483049 0.272083 0.8948722 0.3004723 0.8887326 0.3063265 0.8875814 0.3006812 0.9392458 0.271601 0.9477031 0.2989591 0.8948722 0.3004723 0.9431042 0.3337361 0.9478024 0.3065123 0.9489347 0.3333723 0.9429572 0.1986176 0.960947 0.1962442 0.9590043 0.2030026 0.911886 0.2240492 0.9051775 0.2297313 0.9046974 0.2228147 0.9429572 0.1986176 0.9528077 0.2310773 0.911886 0.2240492 0.9391346 0.264379 0.9518634 0.2368757 0.9487358 0.2650629 0.9622079 0.1269502 0.9886775 0.1339722 0.9851105 0.1400285 0.8670523 0.1185193 0.8602498 0.1236495 0.8603501 0.1156412 0.9622079 0.1269502 0.9729364 0.1639873 0.8670523 0.1185193 0.9440892 0.1911739 0.9699613 0.1709284 0.960947 0.1962442 0.7893278 0.6540732 0.8211254 0.652428 0.7911334 0.6613752 0.7518345 0.7094784 0.7486825 0.7185664 0.7450339 0.7120677 0.7911334 0.6613752 0.8302975 0.6795965 0.7518345 0.7094784 0.8198187 0.723175 0.8324285 0.6850474 0.8440819 0.7108205 0.7838767 0.5810209 0.806971 0.5857224 0.7836387 0.5885972 0.6756469 0.6471291 0.6697538 0.641121 0.6771236 0.6396605 0.7836387 0.5885972 0.8112443 0.6122988 0.6771236 0.6396605 0.7893278 0.6540732 0.812747 0.6196846 0.8191794 0.6456996 0.7940856 0.5075252 0.8055894 0.5157625 0.7923715 0.5146764 0.7503827 0.5513669 0.7450259 0.5445467 0.752326 0.5445429 0.7923715 0.5146764 0.8043994 0.5445132 0.752326 0.5445429 0.7838767 0.5810209 0.804452 0.550391 0.8061712 0.5787267 0.8171698 0.4410721 0.8172653 0.4484444 0.8144043 0.4476664 0.7558874 0.4715354 0.7529984 0.4649149 0.7601986 0.4661202 0.8144043 0.4476664 0.8112215 0.4746615 0.7601986 0.4661202 0.7940856 0.5075252 0.8098722 0.4820997 0.8062267 0.508755 0.9038953 0.0654242 0.9156692 0.06158268 0.9157329 0.06178748 0.8199797 0.4113843 0.8163445 0.4032154 0.8230503 0.4061012 0.8433869 0.3835517 0.8308508 0.4094582 0.8230503 0.4061012 0.8171698 0.4410721 0.828576 0.4148829 0.8191934 0.4416722 0.837832 0.07977688 0.8493661 0.07717949 0.8494047 0.07742726 0.8775703 0.09024822 0.884198 0.09564703 0.8792743 0.09697526 0.8494047 0.07742726 0.8731479 0.07412248 0.8775703 0.09024822 0.9038953 0.0654242 0.880542 0.07255882 0.9038173 0.0651769 0.7877371 0.1127336 0.7820617 0.1171103 0.7864869 0.11166 0.8140074 0.1026213 0.8213804 0.106086 0.8178713 0.1087339 0.7877371 0.1127336 0.8079478 0.0927177 0.8140074 0.1026213 0.837832 0.07977688 0.8131037 0.08986175 0.8377502 0.07953947 0.761105 0.1731283 0.7569382 0.179596 0.757713 0.1726198 0.7972219 0.1593771 0.8049216 0.1586883 0.804011 0.1620164 0.761105 0.1731283 0.7649539 0.1468333 0.7972219 0.1593771 0.7835651 0.1182587 0.7680426 0.1399546 0.7820617 0.1171103 0.7732911 0.2389183 0.7728007 0.2468406 0.7697976 0.2404937 0.7788867 0.2087301 0.7848613 0.2024447 0.7859475 0.2069404 0.7732911 0.2389183 0.7601587 0.213477 0.7788867 0.2087301 0.7604568 0.1798688 0.7588486 0.2077616 0.7569382 0.179596 0.8082521 0.2965211 0.8090527 0.3045809 0.8049419 0.2988877 0.8220161 0.2549805 0.8256174 0.2471546 0.8280543 0.2509062 0.8082521 0.2965211 0.7898264 0.2767005 0.8220161 0.2549805 0.7762458 0.2451534 0.7858195 0.2703105 0.7728007 0.2468406 0.8514433 0.3512694 0.8516436 0.3600503 0.8472954 0.3545364 0.8465748 0.3188155 0.8486201 0.3099494 0.8523419 0.3143661 0.8514433 0.3512694 0.8296158 0.3319005 0.8465748 0.3188155 0.8123994 0.3021427 0.8260403 0.3272505 0.8090527 0.3045809 0.008847951 0.9459553 0.01788818 0.9504204 0.01125276 0.9527466 0.9108448 0.3559984 0.9127989 0.3476821 0.9164794 0.351382 0.8950712 0.4039819 0.8729392 0.3870557 0.9108448 0.3559984 0.8559229 0.3566728 0.8682811 0.3811237 0.8516436 0.3600503 0.07583844 0.9232361 0.08492016 0.9302261 0.07810604 0.9319576 0.04160332 0.9107808 0.0337125 0.9059647 0.03947925 0.9038028 0.07583844 0.9232361 0.05043375 0.9397887 0.04160332 0.9107808 0.01545774 0.9434173 0.04482221 0.9415208 0.01788818 0.9504204 0.1511716 0.9085982 0.1451625 0.918981 0.1440182 0.909369 0.106266 0.8618608 0.09914636 0.8559651 0.1048252 0.8547102 0.1440182 0.909369 0.1185791 0.9229726 0.106266 0.8618608 0.08272087 0.9213512 0.1111582 0.9243729 0.08492016 0.9302261 0.2228096 0.9088783 0.215063 0.9169308 0.2156356 0.9081802 0.1794768 0.8835171 0.1857597 0.8763061 0.1858621 0.8835996 0.2156356 0.9081802 0.1863195 0.9162049 0.1858621 0.8835996 0.1511716 0.9085982 0.1804484 0.9163192 0.1521503 0.9182068 0.2910115 0.9236299 0.2823753 0.9281517 0.2841761 0.9214804 0.2591105 0.8664484 0.2663099 0.8609283 0.2651185 0.8681244 0.2841761 0.9214804 0.256177 0.9221392 0.2651185 0.8681244 0.2228096 0.9088783 0.2487423 0.9208127 0.2220742 0.9174562 0.2194237 0.7655094 0.2266476 0.7705872 0.2220947 0.7725281 0.3245213 0.9163662 0.3328459 0.9122201 0.3301872 0.9190127 0.3499405 0.9483292 0.321548 0.9410848 0.3301872 0.9190127 0.2910115 0.9236299 0.3160606 0.9389906 0.2891438 0.9300565 0.2001204 0.6954106 0.204161 0.702135 0.2015209 0.7027527 0.1759202 0.7483844 0.1673749 0.7446696 0.1746571 0.7421736 0.2015209 0.7027527 0.211605 0.7295095 0.1746571 0.7421736 0.2194237 0.7655094 0.2140276 0.7371026 0.2237942 0.7637373 0.1965851 0.6197806 0.1969492 0.630572 0.1965579 0.6305644 0.1832087 0.6672276 0.1753914 0.661491 0.1829586 0.6607657 0.1965579 0.6305644 0.1967844 0.6592118 0.1829586 0.6607657 0.2001204 0.6954106 0.1975212 0.6653803 0.2025439 0.6948928 0.206013 0.559677 0.2039439 0.5704398 0.2037247 0.5703793 0.1800614 0.5946593 0.1752684 0.5885454 0.1815749 0.5893988 0.2037247 0.5703793 0.1974782 0.591098 0.1815749 0.5893988 0.1965851 0.6197806 0.1964375 0.5979213 0.1968114 0.6197764 0.2104817 0.5369619 0.2070152 0.5304365 0.2125082 0.5326085 0.2235363 0.511993 0.2137722 0.5331068 0.2125082 0.5326085 0.8198403 0.01529335 0.8133886 0.006720066 0.821695 0.008146941 0.7599039 0.06766706 0.7506756 0.07145702 0.7535611 0.06524085 0.7736498 0.01735442 0.7632421 0.01660346 0.7697468 0.01134145 0.8126237 0.01317203 0.7697468 0.01134145 0.8133886 0.006720066 0.768991 0.02145838 0.7535611 0.06524085 0.7632421 0.01660346 0.7278278 0.1377201 0.7193253 0.1414005 0.7217447 0.1356673 0.7325225 0.1055371 0.7293327 0.09730738 0.7349243 0.1003538 0.7562975 0.07475411 0.7293327 0.09730738 0.7506756 0.07145702 0.7325225 0.1055371 0.7217447 0.1356673 0.726709 0.1034715 0.7164373 0.2339406 0.7089976 0.2281562 0.7152989 0.2261369 0.6862652 0.185615 0.6794205 0.1781314 0.6868043 0.1799557 0.6868043 0.1799557 0.7193253 0.1414005 0.724955 0.1447846 0.7152989 0.2261369 0.6790016 0.1862931 0.6862652 0.185615 0.7356498 0.3166178 0.7273493 0.3111258 0.7332327 0.3086585 0.709662 0.2794547 0.7019057 0.2744038 0.7082601 0.2736195 0.7082601 0.2736195 0.7099624 0.2342568 0.7164373 0.2339406 0.7332327 0.3086585 0.7038953 0.2817685 0.709662 0.2794547 0.8006044 0.3852642 0.8082233 0.3907429 0.8018553 0.3914982 0.7175073 0.4205448 0.7012794 0.4195982 0.7099533 0.4138189 0.7099533 0.4138189 0.7288032 0.3172088 0.7356498 0.3166178 0.8006044 0.3852642 0.7140904 0.4293565 0.7175073 0.4205448 0.2246668 0.481096 0.2195558 0.4891102 0.2166835 0.4834953 0.1847046 0.525941 0.1775512 0.5340492 0.1779721 0.5268894 0.1371617 0.4949293 0.1775512 0.5340492 0.1336644 0.4993559 0.2166835 0.4834953 0.1872315 0.532136 0.1847046 0.525941 0.2876036 0.4007496 0.2924755 0.4093977 0.285401 0.4092814 0.3260627 0.5240018 0.3435178 0.5222514 0.3305763 0.533414 0.2246668 0.481096 0.3305763 0.533414 0.2248793 0.4879363 0.285401 0.4092814 0.3435178 0.5222514 0.3330422 0.5166137 0.2959923 0.3173457 0.302414 0.3100466 0.3025857 0.3163854 0.3147163 0.3679649 0.322433 0.3613888 0.3210094 0.3700064 0.2876036 0.4007496 0.3210094 0.3700064 0.2939552 0.4032233 0.3155568 0.361461 0.3025857 0.3163854 0.322433 0.3613888 0.2628428 0.2227066 0.2722998 0.2240775 0.2675929 0.2288397 0.3179472 0.2643639 0.3228355 0.2544593 0.3252814 0.2638419 0.2957584 0.3091264 0.3252814 0.2638419 0.302414 0.3100466 0.3158649 0.2579971 0.2722998 0.2240775 0.3228355 0.2544593 0.6092019 0.7870404 0.5998598 0.7813595 0.6077294 0.7797647 0.2492522 0.1968648 0.2507591 0.1883354 0.2544297 0.1934022 0.2628428 0.2227066 0.2544297 0.1934022 0.26814 0.218907 0.2458496 0.1922458 0.2296121 0.1669288 0.2507591 0.1883354 0.5313475 0.8156512 0.5208552 0.8127053 0.5273979 0.8092054 0.5646412 0.7909274 0.5566386 0.7861515 0.5626299 0.78408 0.5646412 0.7909274 0.5998598 0.7813595 0.6009343 0.7887884 0.5596124 0.7927544 0.5273979 0.8092054 0.5566386 0.7861515 0.4636893 0.8372244 0.456466 0.8305453 0.4626398 0.8301112 0.4948953 0.8260896 0.4885862 0.8207616 0.4930881 0.8194816 0.5237031 0.8195801 0.4930881 0.8194816 0.5208552 0.8127053 0.4905639 0.8272929 0.4626398 0.8301112 0.4885862 0.8207616 0.3826493 0.8429361 0.3754454 0.8369061 0.3808521 0.8360567 0.4188404 0.8223393 0.4146804 0.8153638 0.4189887 0.8152424 0.455938 0.8379253 0.4189887 0.8152424 0.456466 0.8305453 0.4154875 0.8224275 0.3808521 0.8360567 0.4146804 0.8153638 0.3168019 0.8347558 0.3128059 0.8268177 0.3181846 0.8284755 0.3493604 0.8354185 0.3461634 0.828647 0.3505988 0.8294592 0.3754693 0.843746 0.3505988 0.8294592 0.3754454 0.8369061 0.3453287 0.8346636 0.3181846 0.8284755 0.3461634 0.828647 0.2400254 0.8177579 0.2336639 0.8115977 0.2393215 0.8114648 0.2816951 0.8051598 0.2787647 0.7974414 0.2839987 0.7989435 0.3099595 0.8327772 0.2839987 0.7989435 0.3128059 0.8268177 0.2777848 0.8040993 0.2393215 0.8114648 0.2787647 0.7974414 0.1723206 0.8112767 0.1670843 0.8044795 0.1726883 0.8052749 0.2058366 0.8080196 0.2015155 0.8016491 0.2069029 0.8024135 0.2330399 0.8176573 0.2069029 0.8024135 0.2336639 0.8115977 0.2011492 0.8073688 0.1726883 0.8052749 0.2015155 0.8016491 0.228393 0.6868045 0.2272696 0.6955452 0.2235188 0.6902697 0.1279548 0.7853077 0.1218767 0.7786419 0.1286289 0.7785871 0.1653441 0.8104985 0.1286289 0.7785871 0.1670843 0.8044795 0.1231913 0.7854276 0.08897078 0.8116137 0.1218767 0.7786419 0.2848835 0.7375665 0.2859218 0.747092 0.2810924 0.7430996 0.2483052 0.7214191 0.2484185 0.7302456 0.2436337 0.7256031 0.2324486 0.6921057 0.2436337 0.7256031 0.2272696 0.6955452 0.2848835 0.7375665 0.2484185 0.7302456 0.2522739 0.7250676 0.371377 0.7738624 0.3784328 0.7805514 0.3723922 0.7807046 0.3128598 0.7969428 0.3166778 0.8078285 0.308275 0.8035905 0.2911207 0.7425459 0.308275 0.8035905 0.2859218 0.747092 0.371377 0.7738624 0.3166778 0.8078285 0.3185196 0.7994267 0.4589555 0.7725154 0.4519224 0.7793387 0.4510399 0.7729321 0.4122162 0.7869327 0.4186229 0.7928327 0.4117344 0.7929363 0.4122162 0.7869327 0.3784328 0.7805514 0.3791849 0.7743383 0.4510399 0.7729321 0.4186229 0.7928327 0.4177642 0.7865622 0.5455926 0.7334198 0.5446198 0.7432509 0.5392661 0.7386144 0.510172 0.7925698 0.5205101 0.7973297 0.5115554 0.800356 0.4589555 0.7725154 0.5115554 0.800356 0.4582042 0.7793732 0.5392661 0.7386144 0.5205101 0.7973297 0.5160564 0.7901495 0.5429766 0.2051817 0.5432834 0.19564 0.5477061 0.199889 0.576345 0.718205 0.5854892 0.718379 0.5804013 0.7231702 0.576345 0.718205 0.5496421 0.7388178 0.5455926 0.7334198 0.5958251 0.6849369 0.5854892 0.718379 0.5805328 0.7140664 0.5171394 0.287746 0.510941 0.280058 0.5178777 0.2799094 0.5091534 0.2310536 0.5001786 0.23482 0.5029829 0.2278408 0.5429766 0.2051817 0.5029829 0.2278408 0.5385342 0.2004072 0.5178777 0.2799094 0.5001786 0.23482 0.5074511 0.2363125 0.513912 0.364476 0.5071921 0.3566358 0.5140176 0.3562989 0.5089895 0.3180781 0.5020553 0.3241083 0.5025048 0.3173201 0.5171394 0.287746 0.5025048 0.3173201 0.5104221 0.2868764 0.5140176 0.3562989 0.5020553 0.3241083 0.5087001 0.3240692 0.206013 0.559677 0.2120833 0.5375421 0.2062369 0.5597316 0.5309407 0.4422839 0.5218074 0.4378018 0.528012 0.4347832 0.5078336 0.3989406 0.5024496 0.4062143 0.501281 0.3996213 0.5078336 0.3989406 0.5070475 0.3639695 0.513912 0.364476 0.5089797 0.4043278 0.5218074 0.4378018 0.5024496 0.4062143 0.56 0.5045546 0.5503998 0.5033188 0.5556495 0.4993637 0.5392183 0.4697558 0.5357218 0.477765 0.5333157 0.4721069 0.5392183 0.4697558 0.5245954 0.4445851 0.5309407 0.4422839 0.5556495 0.4993637 0.5357218 0.477765 0.5415411 0.475023 0.5609214 0.4959106 0.5415411 0.475023 0.547033 0.4723637 0.5447764 0.4675946 0.5309407 0.4422839 0.5379083 0.4402753 0.5447764 0.4675946 0.5415411 0.475023 0.5392183 0.4697558 0.5627486 0.5007633 0.5556495 0.4993637 0.5609214 0.4959106 0.5145506 0.402439 0.528012 0.4347832 0.5089797 0.4043278 0.5132923 0.3984842 0.513912 0.364476 0.5218132 0.3654065 0.5132923 0.3984842 0.5089797 0.4043278 0.5078336 0.3989406 0.5379083 0.4402753 0.528012 0.4347832 0.5350005 0.4312357 0.521269 0.3556312 0.5087001 0.3240692 0.5146599 0.3238592 0.5242016 0.2889319 0.5089895 0.3180781 0.5171394 0.287746 0.5146253 0.3188552 0.5087001 0.3240692 0.5089895 0.3180781 0.5218132 0.3654065 0.5140176 0.3562989 0.521269 0.3556312 0.5257053 0.2800536 0.5074511 0.2363125 0.513037 0.2370846 0.5485053 0.2107552 0.5091534 0.2310536 0.5429766 0.2051817 0.5137363 0.2336288 0.5074511 0.2363125 0.5091534 0.2310536 0.5242016 0.2889319 0.5178777 0.2799094 0.5257053 0.2800536 0.5902512 0.6820808 0.5805328 0.7140664 0.5760406 0.7104282 0.5729601 0.7138654 0.5455926 0.7334198 0.5413475 0.727032 0.5729601 0.7138654 0.5805328 0.7140664 0.576345 0.718205 0.5485053 0.2107552 0.5477061 0.199889 0.5526116 0.2035298 0.5333264 0.7328204 0.5160564 0.7901495 0.5125437 0.785406 0.45958 0.7645061 0.510172 0.7925698 0.4589555 0.7725154 0.5094395 0.7872895 0.5160564 0.7901495 0.510172 0.7925698 0.5413475 0.727032 0.5392661 0.7386144 0.5333264 0.7328204 0.44981 0.7659415 0.4177642 0.7865622 0.4167996 0.7816331 0.4126592 0.7817351 0.3791849 0.7743383 0.3804944 0.7672193 0.4167996 0.7816331 0.4122162 0.7869327 0.4126592 0.7817351 0.45958 0.7645061 0.4510399 0.7729321 0.44981 0.7659415 0.3707011 0.7655153 0.3185196 0.7994267 0.3194313 0.7937834 0.2969225 0.7367416 0.3128598 0.7969428 0.2911207 0.7425459 0.3162404 0.7925549 0.3185196 0.7994267 0.3128598 0.7969428 0.3707011 0.7655153 0.3791849 0.7743383 0.371377 0.7738624 0.2887871 0.7313093 0.2522739 0.7250676 0.2552655 0.7207878 0.2377945 0.6881443 0.2483052 0.7214191 0.2324486 0.6921057 0.2522242 0.7181112 0.2522739 0.7250676 0.2483052 0.7214191 0.2887871 0.7313093 0.2911207 0.7425459 0.2848835 0.7375665 0.1243613 0.7903345 0.09317791 0.8157379 0.1231913 0.7854276 0.1637219 0.8178564 0.1279548 0.7853077 0.1653441 0.8104985 0.1272273 0.7901718 0.1231913 0.7854276 0.1279548 0.7853077 0.2329289 0.6831379 0.2324486 0.6921057 0.228393 0.6868045 0.2009031 0.8124089 0.1723206 0.8112767 0.2011492 0.8073688 0.2320783 0.8244484 0.2058366 0.8080196 0.2330399 0.8176573 0.2047418 0.8128526 0.2011492 0.8073688 0.2058366 0.8080196 0.1723006 0.8181322 0.1653441 0.8104985 0.1723206 0.8112767 0.2772529 0.809118 0.2400254 0.8177579 0.2777848 0.8040993 0.3068943 0.8402584 0.2816951 0.8051598 0.3099595 0.8327772 0.279781 0.8096722 0.2777848 0.8040993 0.2816951 0.8051598 0.2408995 0.8256907 0.2330399 0.8176573 0.2400254 0.8177579 0.3446305 0.8400765 0.3168019 0.8347558 0.3453287 0.8346636 0.375219 0.8519695 0.3493604 0.8354185 0.3754693 0.843746 0.348071 0.8406503 0.3453287 0.8346636 0.3493604 0.8354185 0.3155913 0.842118 0.3099595 0.8327772 0.3168019 0.8347558 0.4161886 0.8277803 0.3826493 0.8429361 0.4154875 0.8224275 0.4558706 0.8471081 0.4188404 0.8223393 0.455938 0.8379253 0.4184678 0.8277336 0.4154875 0.8224275 0.4188404 0.8223393 0.3850463 0.8521357 0.3754693 0.843746 0.3826493 0.8429361 0.4924511 0.8334779 0.4636893 0.8372244 0.4905639 0.8272929 0.5265652 0.827348 0.4948953 0.8260896 0.5237031 0.8195801 0.4964941 0.8323807 0.4905639 0.8272929 0.4948953 0.8260896 0.4653503 0.84527 0.455938 0.8379253 0.4636893 0.8372244 0.5622524 0.7984094 0.5313475 0.8156512 0.5596124 0.7927544 0.5662195 0.7969491 0.6009343 0.7887884 0.6021413 0.7971002 0.5662195 0.7969491 0.5596124 0.7927544 0.5646412 0.7909274 0.5363364 0.8229319 0.5237031 0.8195801 0.5313475 0.8156512 0.2412991 0.1959982 0.2251427 0.1713817 0.2458496 0.1922458 0.2570571 0.2264943 0.2492522 0.1968648 0.2628428 0.2227066 0.2445164 0.199906 0.2458496 0.1922458 0.2492522 0.1968648 0.6110945 0.7943975 0.6009343 0.7887884 0.6092019 0.7870404 0.3109205 0.2613313 0.2675929 0.2288397 0.3158649 0.2579971 0.2879052 0.3082424 0.3179472 0.2643639 0.2957584 0.3091264 0.3130992 0.2645473 0.3158649 0.2579971 0.3179472 0.2643639 0.2570571 0.2264943 0.2675929 0.2288397 0.2617208 0.2342537 0.3099439 0.3619673 0.2959923 0.3173457 0.3155568 0.361461 0.2805342 0.3977028 0.3147163 0.3679649 0.2876036 0.4007496 0.3101461 0.3663165 0.3155568 0.361461 0.3147163 0.3679649 0.2881341 0.3187109 0.2957584 0.3091264 0.2959923 0.3173457 0.2768452 0.4083697 0.3330422 0.5166137 0.3259645 0.5138369 0.2237799 0.4727196 0.3260627 0.5240018 0.2246668 0.481096 0.3236487 0.5181485 0.3330422 0.5166137 0.3260627 0.5240018 0.2805342 0.3977028 0.285401 0.4092814 0.2768452 0.4083697 0.2132642 0.4769561 0.1847046 0.525941 0.1828055 0.5216685 0.1405787 0.4906628 0.1779721 0.5268894 0.1371617 0.4949293 0.1828055 0.5216685 0.1779721 0.5268894 0.1788134 0.5215412 0.2237799 0.4727196 0.2166835 0.4834953 0.2132642 0.4769561 0.7999258 0.377772 0.7175073 0.4205448 0.7194038 0.4148673 0.7166932 0.4106087 0.7356498 0.3166178 0.7444079 0.3154024 0.7194038 0.4148673 0.7099533 0.4138189 0.7166932 0.4106087 0.7999258 0.377772 0.8077688 0.3852865 0.8006044 0.3852642 0.739609 0.3056214 0.709662 0.2794547 0.7140451 0.2775477 0.7136585 0.2733083 0.7164373 0.2339406 0.7240906 0.2338708 0.7140451 0.2775477 0.7082601 0.2736195 0.7136585 0.2733083 0.7444079 0.3154024 0.7332327 0.3086585 0.739609 0.3056214 0.7227502 0.2240361 0.6862652 0.185615 0.6911876 0.1850023 0.6921434 0.1818541 0.724955 0.1447846 0.7322254 0.1487357 0.6911876 0.1850023 0.6868043 0.1799557 0.6921434 0.1818541 0.7240906 0.2338708 0.7152989 0.2261369 0.7227502 0.2240361 0.7375863 0.1072331 0.7278278 0.1377201 0.7325225 0.1055371 0.762193 0.07847172 0.7349243 0.1003538 0.7562975 0.07475411 0.7375863 0.1072331 0.7349243 0.1003538 0.7397097 0.1031833 0.7349224 0.1397302 0.724955 0.1447846 0.7278278 0.1377201 0.7736433 0.0250771 0.7599039 0.06766706 0.768991 0.02145838 0.811622 0.01862221 0.7736498 0.01735442 0.8126237 0.01317203 0.7764623 0.02246314 0.768991 0.02145838 0.7736498 0.01735442 0.7670696 0.07047557 0.7562975 0.07475411 0.7599039 0.06766706 0.8172273 0.02192181 0.8126237 0.01317203 0.8198403 0.01529335 0.5648031 0.5010665 0.5622586 0.5062969 0.5646951 0.5010517 0.5627486 0.5007633 0.5622586 0.5062969 0.56 0.5045546 0.56 0.5045546 0.5572517 0.5112809 0.5552254 0.5091788 0.8209589 0.02381795 0.8198403 0.01529335 0.8239358 0.01671266 0.2013666 0.5587016 0.2104817 0.5369619 0.206013 0.559677 0.8239358 0.01671266 0.821695 0.008146941 0.8260231 0.009308874 0.2214643 0.5108773 0.2125082 0.5326085 0.2070152 0.5304365 0.2244117 0.5059247 0.2235363 0.511993 0.2214643 0.5108773 0.1889309 0.6197952 0.1800614 0.5946593 0.1965851 0.6197806 0.2120833 0.5375421 0.2125082 0.5326085 0.2137722 0.5331068 0.1986901 0.5687794 0.1815749 0.5893988 0.1752684 0.5885454 0.2013666 0.5587016 0.2037247 0.5703793 0.1986901 0.5687794 0.1925933 0.6970195 0.1832087 0.6672276 0.2001204 0.6954106 0.1964375 0.5979213 0.1815749 0.5893988 0.1974782 0.591098 0.1881122 0.629749 0.1829586 0.6607657 0.1753914 0.661491 0.1889309 0.6197952 0.1965579 0.6305644 0.1881122 0.629749 0.21229 0.768402 0.1759202 0.7483844 0.2194237 0.7655094 0.1975212 0.6653803 0.1829586 0.6607657 0.1967844 0.6592118 0.1940255 0.7045062 0.1746571 0.7421736 0.1673749 0.7446696 0.1925933 0.6970195 0.2015209 0.7027527 0.1940255 0.7045062 0.2930467 0.9166254 0.3245213 0.9163662 0.2910115 0.9236299 0.2140276 0.7371026 0.1746571 0.7421736 0.211605 0.7295095 0.3530917 0.9417507 0.3301872 0.9190127 0.3328459 0.9122201 0.21229 0.768402 0.2220947 0.7725281 0.2150135 0.7755467 0.2234326 0.9016107 0.2591105 0.8664484 0.2228096 0.9088783 0.3160606 0.9389906 0.3301872 0.9190127 0.321548 0.9410848 0.2860773 0.9144382 0.2651185 0.8681244 0.2663099 0.8609283 0.2930467 0.9166254 0.2841761 0.9214804 0.2860773 0.9144382 0.1504325 0.9013414 0.1794768 0.8835171 0.1511716 0.9085982 0.2487423 0.9208127 0.2651185 0.8681244 0.256177 0.9221392 0.2161117 0.9009016 0.1858621 0.8835996 0.1857597 0.8763061 0.2234326 0.9016107 0.2156356 0.9081802 0.2161117 0.9009016 0.08096623 0.9142711 0.1004077 0.8631495 0.08272087 0.9213512 0.1804484 0.9163192 0.1858621 0.8835996 0.1863195 0.9162049 0.1431559 0.9021258 0.106266 0.8618608 0.1048252 0.8547102 0.1504325 0.9013414 0.1440182 0.909369 0.1431559 0.9021258 0.01306641 0.9365261 0.03588783 0.9129269 0.01545774 0.9434173 0.1185791 0.9229726 0.1004077 0.8631495 0.106266 0.8618608 0.07400321 0.9161765 0.04160332 0.9107808 0.03947925 0.9038028 0.07400321 0.9161765 0.08272087 0.9213512 0.07583844 0.9232361 0.8616407 0.3521599 0.906975 0.3520569 0.8559229 0.3566728 0.05043375 0.9397887 0.03588783 0.9129269 0.04160332 0.9107808 0.9008823 0.39959 0.9108448 0.3559984 0.9164794 0.351382 0.006412982 0.9390795 0.01545774 0.9434173 0.008847951 0.9459553 0.8182869 0.297854 0.8428381 0.3143798 0.8123994 0.3021427 0.8729392 0.3870557 0.906975 0.3520569 0.9108448 0.3559984 0.8571656 0.3467624 0.8465748 0.3188155 0.8523419 0.3143661 0.8571656 0.3467624 0.8559229 0.3566728 0.8514433 0.3512694 0.7827873 0.2419495 0.8193215 0.2508177 0.7762458 0.2451534 0.8296158 0.3319005 0.8428381 0.3143798 0.8465748 0.3188155 0.8141775 0.292285 0.8220161 0.2549805 0.8280543 0.2509062 0.8141775 0.292285 0.8123994 0.3021427 0.8082521 0.2965211 0.767719 0.1804316 0.7777249 0.2039034 0.7604568 0.1798688 0.7898264 0.2767005 0.8193215 0.2508177 0.8220161 0.2549805 0.7799313 0.2359241 0.7788867 0.2087301 0.7859475 0.2069404 0.7799313 0.2359241 0.7762458 0.2451534 0.7732911 0.2389183 0.7893534 0.12268 0.7984275 0.1553896 0.7835651 0.1182587 0.7601587 0.213477 0.7777249 0.2039034 0.7788867 0.2087301 0.7683085 0.1742081 0.7972219 0.1593771 0.804011 0.1620164 0.7683085 0.1742081 0.7604568 0.1798688 0.761105 0.1731283 0.8401287 0.08707833 0.818027 0.09975713 0.837832 0.07977688 0.7649539 0.1468333 0.7984275 0.1553896 0.7972219 0.1593771 0.7932625 0.1174775 0.8140074 0.1026213 0.8178713 0.1087339 0.7932625 0.1174775 0.7835651 0.1182587 0.7877371 0.1127336 0.905399 0.07189357 0.8830068 0.08877092 0.9038953 0.0654242 0.8079478 0.0927177 0.818027 0.09975713 0.8140074 0.1026213 0.8507804 0.08467924 0.8775703 0.09024822 0.8792743 0.09697526 0.8507804 0.08467924 0.837832 0.07977688 0.8494047 0.07742726 0.8101707 0.4389974 0.8199797 0.4113843 0.8171698 0.4410721 0.8731479 0.07412248 0.8830068 0.08877092 0.8775703 0.09024822 0.8383374 0.380859 0.8230503 0.4061012 0.8163445 0.4032154 0.905399 0.07189357 0.9157329 0.06178748 0.916713 0.07085603 0.7868226 0.5067895 0.7558874 0.4715354 0.7940856 0.5075252 0.828576 0.4148829 0.8230503 0.4061012 0.8308508 0.4094582 0.8073598 0.4457507 0.7601986 0.4661202 0.7529984 0.4649149 0.8101707 0.4389974 0.8144043 0.4476664 0.8073598 0.4457507 0.7766144 0.5817628 0.7503827 0.5513669 0.7838767 0.5810209 0.8098722 0.4820997 0.7601986 0.4661202 0.8112215 0.4746615 0.7850957 0.5140784 0.752326 0.5445429 0.7450259 0.5445467 0.7868226 0.5067895 0.7923715 0.5146764 0.7850957 0.5140784 0.7823165 0.6560366 0.6756469 0.6471291 0.7893278 0.6540732 0.804452 0.550391 0.752326 0.5445429 0.8043994 0.5445132 0.7763918 0.589475 0.6771236 0.6396605 0.6697538 0.641121 0.7766144 0.5817628 0.7836387 0.5885972 0.7763918 0.589475 0.8133341 0.726477 0.7554381 0.7158626 0.8198187 0.723175 0.812747 0.6196846 0.6771236 0.6396605 0.8112443 0.6122988 0.7841585 0.6634556 0.7518345 0.7094784 0.7450339 0.7120677 0.7823165 0.6560366 0.7911334 0.6613752 0.7841585 0.6634556 0.9371047 0.189073 0.8669479 0.1265361 0.9440892 0.1911739 0.8302975 0.6795965 0.7554381 0.7158626 0.7518345 0.7094784 0.955874 0.1233332 0.8670523 0.1185193 0.8603501 0.1156412 0.955874 0.1233332 0.9653194 0.1198565 0.9622079 0.1269502 0.9318594 0.2638608 0.912387 0.2308346 0.9391346 0.264379 0.9729364 0.1639873 0.8669479 0.1265361 0.8670523 0.1185193 0.9359213 0.1966952 0.911886 0.2240492 0.9046974 0.2228147 0.9359213 0.1966952 0.9440892 0.1911739 0.9429572 0.1986176 0.9358249 0.3341904 0.8960261 0.3063494 0.9431042 0.3337361 0.9528077 0.2310773 0.912387 0.2308346 0.911886 0.2240492 0.9319625 0.2712135 0.8948722 0.3004723 0.8875814 0.3006812 0.9319625 0.2712135 0.9391346 0.264379 0.9392458 0.271601 0.9479983 0.4056966 0.9319329 0.378086 0.9550101 0.403688 0.9477031 0.2989591 0.8960261 0.3063494 0.8948722 0.3004723 0.9365451 0.3413209 0.9307203 0.3719257 0.9234927 0.3729066 0.9365451 0.3413209 0.9431042 0.3337361 0.9438197 0.3407934 0.9795313 0.4699572 0.9404461 0.4581401 0.9856026 0.4659151 0.9522708 0.3690013 0.9319329 0.378086 0.9307203 0.3719257 0.9503157 0.4128463 0.93746 0.4525967 0.9310573 0.45609 0.9503157 0.4128463 0.9550101 0.403688 0.9572358 0.4105422 0.5379083 0.4402753 0.5509095 0.4651336 0.5447764 0.4675946 0.9715308 0.4340082 0.9404461 0.4581401 0.93746 0.4525967 0.5532335 0.4701787 0.5609214 0.4959106 0.547033 0.4723637 0.5636909 0.4949532 0.5627486 0.5007633 0.5609214 0.4959106 0.5218132 0.3654065 0.5187705 0.3969864 0.5132923 0.3984842 0.5532335 0.4701787 0.5527547 0.4643846 0.5547199 0.4696792 0.5202634 0.4022253 0.5350005 0.4312357 0.5145506 0.402439 0.5406671 0.4296233 0.5379083 0.4402753 0.5350005 0.4312357 0.5242016 0.2889319 0.5208485 0.3191238 0.5146253 0.3188552 0.5202634 0.4022253 0.5358464 0.3928965 0.5370886 0.4008055 0.5207255 0.3247305 0.521269 0.3556312 0.5146599 0.3238592 0.5295444 0.3549151 0.5218132 0.3654065 0.521269 0.3556312 0.5485053 0.2107552 0.5187243 0.2348057 0.5137363 0.2336288 0.5207255 0.3247305 0.5339077 0.32033 0.5332124 0.3262628 0.5174837 0.2395281 0.5257053 0.2800536 0.513037 0.2370846 0.5331397 0.2828518 0.5242016 0.2889319 0.5257053 0.2800536 0.5413475 0.727032 0.5687624 0.7097907 0.5729601 0.7138654 0.5174837 0.2395281 0.551702 0.2458003 0.5489217 0.2530313 0.5725658 0.7059101 0.5902512 0.6820808 0.5760406 0.7104282 0.5586511 0.206304 0.5485053 0.2107552 0.5526116 0.2035298 0.45958 0.7645061 0.5069628 0.7828318 0.5094395 0.7872895 0.5725658 0.7059101 0.5541957 0.6931149 0.5585294 0.6894295 0.5113704 0.7806004 0.5333264 0.7328204 0.5125437 0.785406 0.5303326 0.7253372 0.5413475 0.727032 0.5333264 0.7328204 0.3804944 0.7672193 0.4122856 0.7766218 0.4126592 0.7817351 0.5113704 0.7806004 0.4868291 0.7356059 0.4940903 0.732765 0.4173398 0.776534 0.44981 0.7659415 0.4167996 0.7816331 0.4492931 0.7586509 0.45958 0.7645061 0.44981 0.7659415 0.2969225 0.7367416 0.3173254 0.7877766 0.3162404 0.7925549 0.4173398 0.776534 0.4123072 0.7490031 0.4175142 0.7490396 0.3216393 0.7894833 0.3707011 0.7655153 0.3194313 0.7937834 0.3735457 0.758444 0.3804944 0.7672193 0.3707011 0.7655153 0.2377945 0.6881443 0.2550948 0.7136833 0.2522242 0.7181112 0.3431759 0.7369923 0.3173254 0.7877766 0.3360336 0.7343038 0.2588635 0.7169293 0.2887871 0.7313093 0.2552655 0.7207878 0.2887871 0.7313093 0.2994845 0.7293588 0.2969225 0.7367416 0.1637219 0.8178564 0.1284809 0.7946467 0.1272273 0.7901718 0.2753892 0.6962316 0.2550948 0.7136833 0.2711036 0.692898 0.1244173 0.7948222 0.09822356 0.8203487 0.1243613 0.7903345 0.2329289 0.6831379 0.2420206 0.6823646 0.2377945 0.6881443 0.2320783 0.8244484 0.2047473 0.8180732 0.2047418 0.8128526 0.1278754 0.8351025 0.1284809 0.7946467 0.1347554 0.8342742 0.2002 0.8175605 0.1723006 0.8181322 0.2009031 0.8124089 0.1723006 0.8181322 0.1651622 0.8248681 0.1637219 0.8178564 0.3068943 0.8402584 0.2795194 0.8143522 0.279781 0.8096722 0.1985098 0.8351463 0.2047473 0.8180732 0.2035609 0.8355339 0.2757499 0.8135467 0.2408995 0.8256907 0.2772529 0.809118 0.2408995 0.8256907 0.2313556 0.8314748 0.2320783 0.8244484 0.375219 0.8519695 0.3476513 0.8463765 0.348071 0.8406503 0.2670654 0.8465275 0.2795194 0.8143522 0.2742336 0.8480203 0.3433714 0.8456648 0.3155913 0.842118 0.3446305 0.8400765 0.3155913 0.842118 0.3067308 0.8478646 0.3068943 0.8402584 0.4558706 0.8471081 0.4198506 0.8329204 0.4184678 0.8277336 0.3398161 0.8629203 0.3476513 0.8463765 0.3452494 0.8638629 0.416141 0.8328988 0.3850463 0.8521357 0.4161886 0.8277803 0.3850463 0.8521357 0.3753334 0.8599628 0.375219 0.8519695 0.5265652 0.827348 0.4993534 0.83879 0.4964941 0.8323807 0.4173926 0.8676859 0.4198506 0.8329204 0.4257056 0.8668127 0.4944971 0.8400787 0.4653503 0.84527 0.4924511 0.8334779 0.4653503 0.84527 0.4594271 0.8549867 0.4558706 0.8471081 0.6021413 0.7971002 0.5693872 0.8024463 0.5662195 0.7969491 0.4982486 0.8515481 0.4993534 0.83879 0.5040357 0.8493061 0.5640617 0.8043886 0.5363364 0.8229319 0.5622524 0.7984094 0.5363364 0.8229319 0.5297289 0.8348297 0.5265652 0.827348 0.2570571 0.2264943 0.239361 0.2034231 0.2445164 0.199906 0.5695131 0.8212233 0.5693872 0.8024463 0.5774731 0.8177471 0.2358382 0.1991771 0.2206114 0.1760314 0.2412991 0.1959982 0.6136471 0.8005363 0.6021413 0.7971002 0.6110945 0.7943975 0.2879052 0.3082424 0.3088092 0.2659131 0.3130992 0.2645473 0.2358382 0.1991771 0.232068 0.2081911 0.2290313 0.2032659 0.305559 0.2616246 0.2617208 0.2342537 0.3109205 0.2613313 0.2540668 0.2359052 0.2570571 0.2264943 0.2617208 0.2342537 0.2805342 0.3977028 0.3052259 0.3657703 0.3101461 0.3663165 0.305559 0.2616246 0.2601305 0.2771787 0.2586 0.2696401 0.3050683 0.3601608 0.2881341 0.3187109 0.3099439 0.3619673 0.2811335 0.3173441 0.2879052 0.3082424 0.2881341 0.3187109 0.2237799 0.4727196 0.320167 0.5148422 0.3236487 0.5181485 0.3050683 0.3601608 0.2598715 0.3546364 0.2611597 0.3494164 0.322407 0.509773 0.2768452 0.4083697 0.3259645 0.5138369 0.2711148 0.4027414 0.2805342 0.3977028 0.2768452 0.4083697 0.1405787 0.4906628 0.1775104 0.5172672 0.1788134 0.5215412 0.322407 0.509773 0.2248049 0.4204409 0.2304024 0.4149107 0.1826484 0.5170828 0.2132642 0.4769561 0.1828055 0.5216685 0.2121191 0.4705665 0.2237799 0.4727196 0.2132642 0.4769561 0.7444079 0.3154024 0.7197306 0.406326 0.7166932 0.4106087 0.1694968 0.4500947 0.1775104 0.5172672 0.1645509 0.4510866 0.7225341 0.4114088 0.7999258 0.377772 0.7194038 0.4148673 0.7999258 0.377772 0.8104265 0.3755433 0.8084014 0.3804901 0.7240906 0.2338708 0.7183021 0.2711302 0.7136585 0.2733083 0.793282 0.328156 0.7197306 0.406326 0.7872433 0.3231496 0.718928 0.2764362 0.739609 0.3056214 0.7140451 0.2775477 0.739609 0.3056214 0.7497144 0.3096536 0.7444079 0.3154024 0.7322254 0.1487357 0.6969532 0.1815397 0.6921434 0.1818541 0.7517572 0.2647907 0.7183021 0.2711302 0.7500038 0.2598969 0.6958408 0.1859932 0.7227502 0.2240361 0.6911876 0.1850023 0.7227502 0.2240361 0.7308729 0.2320697 0.7240906 0.2338708 0.762193 0.07847172 0.7449745 0.1049345 0.7397097 0.1031833 0.7425113 0.1909533 0.6969532 0.1815397 0.7430592 0.1835143 0.7427224 0.1097479 0.7349224 0.1397302 0.7375863 0.1072331 0.7349224 0.1397302 0.7399765 0.1490496 0.7322254 0.1487357 0.811622 0.01862221 0.7805492 0.02574431 0.7764623 0.02246314 0.7606456 0.1170894 0.7449745 0.1049345 0.7626746 0.1119735 0.776838 0.02925765 0.7670696 0.07047557 0.7736433 0.0250771 0.7670696 0.07047557 0.7688012 0.08204299 0.762193 0.07847172 0.8004116 0.05468511 0.7805492 0.02574431 0.8056214 0.04924225 0.1560332 0.6090952 0.1337059 0.6139768 0.1504974 0.6023869 0.1504974 0.6023869 0.1347545 0.59659 0.1438752 0.5935384 0.1438752 0.5935384 0.1345524 0.5784385 0.144788 0.5794614 0.123653 0.5823605 0.1347545 0.59659 0.1248842 0.5977475 0.1438752 0.5935384 0.1542918 0.5824266 0.1504974 0.6023869 0.118159 0.5420138 0.1333017 0.5455133 0.124283 0.5493418 0.1186287 0.6097456 0.1066178 0.5904468 0.1134183 0.5875526 0.1422758 0.5473154 0.1529177 0.5573479 0.1442301 0.5602194 0.1128522 0.5364643 0.1314744 0.5322508 0.118159 0.5420138 0.1333017 0.5455133 0.1462342 0.5379353 0.1422758 0.5473154 0.1504974 0.6023869 0.1611325 0.5842171 0.1560332 0.6090952 0.1314744 0.5322508 0.1494296 0.5303628 0.1462342 0.5379353 0.124283 0.5493418 0.1342298 0.5603547 0.1238251 0.5624619 0.1462342 0.5379353 0.1592894 0.5545641 0.1529177 0.5573479 0.1248842 0.5977475 0.1134183 0.5875526 0.123653 0.5823605 0.1137337 0.617949 0.1337059 0.6139768 0.1330389 0.6242772 0.1066178 0.5604315 0.118159 0.5420138 0.1137849 0.5618165 0.1137849 0.5618165 0.124283 0.5493418 0.1238251 0.5624619 0.1337059 0.6139768 0.1248842 0.5977475 0.1347545 0.59659 0.123653 0.5823605 0.1137849 0.5618165 0.1238251 0.5624619 0.1529177 0.5573479 0.144788 0.5794614 0.1442301 0.5602194 0.1238251 0.5624619 0.1345524 0.5784385 0.123653 0.5823605 0.1345524 0.5784385 0.1442301 0.5602194 0.144788 0.5794614 0.1529177 0.5573479 0.1611325 0.5842171 0.1542918 0.5824266 0.1134183 0.5875526 0.1066178 0.5604315 0.1137849 0.5618165 0.1342298 0.5603547 0.1422758 0.5473154 0.1442301 0.5602194 0.8374229 0.4937542 0.8597509 0.4986361 0.8604179 0.5089369 0.8429588 0.4870456 0.8587022 0.4812486 0.8597509 0.4986361 0.8495811 0.4781967 0.8589045 0.4630963 0.8587022 0.4812486 0.8587022 0.4812486 0.8698042 0.4670184 0.868573 0.4824059 0.839164 0.4670845 0.8495811 0.4781967 0.8429588 0.4870456 0.8601549 0.4301699 0.8752983 0.4266703 0.869174 0.4339984 0.8748286 0.4944046 0.8868401 0.4751051 0.879724 0.5026083 0.8511807 0.431972 0.8405384 0.442005 0.8472221 0.4225916 0.8619822 0.4169069 0.8806055 0.4211207 0.8752983 0.4266703 0.8472221 0.4225916 0.8601549 0.4301699 0.8511807 0.431972 0.8323232 0.4688752 0.8429588 0.4870456 0.8374229 0.4937542 0.8440266 0.4150189 0.8619822 0.4169069 0.8472221 0.4225916 0.859227 0.4450119 0.869174 0.4339984 0.869632 0.4471191 0.8472221 0.4225916 0.8341663 0.439221 0.8440266 0.4150189 0.868573 0.4824059 0.8800392 0.4722107 0.8748286 0.4944046 0.8597509 0.4986361 0.879724 0.5026083 0.8604179 0.5089369 0.8868401 0.4450886 0.8752983 0.4266703 0.8806055 0.4211207 0.8796727 0.4464737 0.869174 0.4339984 0.8752983 0.4266703 0.8597509 0.4986361 0.868573 0.4824059 0.8748286 0.4944046 0.8698042 0.4670184 0.8796727 0.4464737 0.8800392 0.4722107 0.8486682 0.4641193 0.8405384 0.442005 0.8492262 0.4448764 0.869632 0.4471191 0.8589045 0.4630963 0.859227 0.4450119 0.8492262 0.4448764 0.8589045 0.4630963 0.8486682 0.4641193 0.8405384 0.442005 0.8323232 0.4688752 0.8341663 0.439221 0.8800392 0.4722107 0.8868401 0.4450886 0.8868401 0.4751051 0.859227 0.4450119 0.8511807 0.431972 0.8601549 0.4301699 0.3857488 0.9711911 0.3780544 0.9467079 0.3692945 0.9436948 0.2025914 0.2934033 0.2065379 0.2647793 0.2420032 0.2957404 0.1638267 0.2310773 0.149741 0.2664567 0.155387 0.2308952 0.1629711 0.2025334 0.1837218 0.2297239 0.1732039 0.2302928 0.3692945 0.9436948 0.3733015 0.9187613 0.3561955 0.9171158 0.1604828 0.2924037 0.1898214 0.2681176 0.2025914 0.2934033 0.155387 0.2308952 0.1629711 0.2025334 0.1638267 0.2310773 0.1629711 0.2025334 0.1732039 0.2302928 0.1638267 0.2310773 0.1732039 0.2302928 0.1647127 0.2689165 0.1638267 0.2310773 0.149741 0.2664567 0.1604828 0.2924037 0.1313521 0.2963581 0.6660359 0.6004593 0.656327 0.6181027 0.6742385 0.6177964 0.1837218 0.2297239 0.1898214 0.2681176 0.1732039 0.2302928 0.6412675 0.6157869 0.656327 0.6181027 0.6541736 0.609036 0.3780544 0.9467079 0.3888397 0.919568 0.3733015 0.9187613 0.6526108 0.6000446 0.6660359 0.6004593 0.661479 0.5799278 0.7032373 0.05973505 0.6989124 0.05519652 0.6819664 0.08291685 0.6972416 0.02022659 0.6832095 0.01683366 0.6963191 0.02529346 0.6989124 0.05519652 0.6904971 0.05250567 0.6819664 0.08291685 0.4160466 0.8931087 0.3908339 0.8883295 0.3902798 0.8948747 0.3866975 0.9498962 0.4064143 0.9207874 0.3888397 0.919568 0.6819664 0.08291685 0.6904971 0.05250567 0.6826534 0.05278652 0.7147331 0.02894324 0.6972416 0.02022659 0.6963191 0.02529346 0.6526108 0.6000446 0.6412675 0.6157869 0.6541736 0.609036 0.7316833 0.0331965 0.7177336 0.02486592 0.7147331 0.02894324 0.3866975 0.9498962 0.3780544 0.9467079 0.3857488 0.9711911 0.3965278 0.9549455 0.3866975 0.9498962 0.3857488 0.9711911 0.367832 0.8945565 0.3908339 0.8883295 0.3661543 0.8883805 0.3445208 0.8919249 0.3661543 0.8883805 0.3412685 0.8858995 0.4426488 0.8953067 0.4256944 0.9232435 0.434641 0.9202167 0.9527216 0.7025187 0.9762669 0.7268685 0.9610674 0.7353563 0.9647752 0.7809171 0.9304178 0.7617316 0.9409499 0.7505851 0.9816952 0.8044449 0.9727404 0.775577 0.9808509 0.76953 0.4297751 0.9485443 0.4256944 0.9232435 0.4123409 0.9505556 0.9205092 0.7320061 0.9610674 0.7353563 0.9409499 0.7505851 0.9575584 0.7866451 0.9647752 0.7809171 0.9816952 0.8044449 0.9816952 0.8044449 0.9647752 0.7809171 0.9727404 0.775577 0.9727404 0.775577 0.9409499 0.7505851 0.9610674 0.7353563 0.9205092 0.7320061 0.9304178 0.7617316 0.8915366 0.7435802 0.8346229 0.1346836 0.847862 0.1536737 0.849608 0.1442525 0.9808509 0.76953 0.9610674 0.7353563 0.9762669 0.7268685 0.8631561 0.1505327 0.849608 0.1442525 0.847862 0.1536737 0.4454059 0.9478186 0.434641 0.9202167 0.4297751 0.9485443 0.8346229 0.1346836 0.8506465 0.1351458 0.8355663 0.1119533 0.5421472 0.5780326 0.5562588 0.6070044 0.5478132 0.5755603 0.5643587 0.577173 0.5589717 0.5440148 0.5567911 0.575348 0.5478132 0.5755603 0.5562588 0.6070044 0.5567911 0.575348 0.4467168 0.9781691 0.4632473 0.9469757 0.4454059 0.9478186 0.4632473 0.9469757 0.4434679 0.9170341 0.4454059 0.9478186 0.5562588 0.6070044 0.5643587 0.577173 0.5567911 0.575348 0.5478132 0.5755603 0.5589717 0.5440148 0.5402074 0.5404619 0.8506465 0.1351458 0.849608 0.1442525 0.8631561 0.1505327 0.5421472 0.5780326 0.5402074 0.5404619 0.5198174 0.5354185 0.4434679 0.9170341 0.4426488 0.8953067 0.434641 0.9202167 0.453543 0.9119728 0.4426488 0.8953067 0.4434679 0.9170341 0.4297751 0.9485443 0.4467168 0.9781691 0.4454059 0.9478186 0.4123409 0.9505556 0.4236964 0.9784752 0.4297751 0.9485443 0.7364628 0.0246188 0.7177336 0.02486592 0.7365751 0.0295794 0.6691558 0.5979489 0.6687527 0.574671 0.6635068 0.5748382 0.6972416 0.02022659 0.6857853 0.007990419 0.6823202 0.01144456 0.718258 0.01965719 0.6972416 0.02022659 0.7177336 0.02486592 0.3908339 0.8883295 0.4178667 0.8808967 0.3905761 0.882322 0.3661543 0.8883805 0.3431265 0.8809535 0.3412685 0.8858995 0.3908339 0.8883295 0.3673961 0.8827775 0.3661543 0.8883805 0.1594337 0.2973058 0.129678 0.3069087 0.1274312 0.302039 0.2484712 0.3070854 0.205379 0.2984495 0.2493097 0.3018104 0.205379 0.2984495 0.1608917 0.3029854 0.1594337 0.2973058 0.6831949 0.615793 0.6691558 0.5979489 0.678736 0.6180319 0.1313521 0.2963581 0.1594337 0.2973058 0.1274312 0.302039 0.1594337 0.2973058 0.2025914 0.2934033 0.205379 0.2984495 0.205379 0.2984495 0.2420032 0.2957404 0.2493097 0.3018104 0.3561955 0.9171158 0.367832 0.8945565 0.3445208 0.8919249 0.3733015 0.9187613 0.3902798 0.8948747 0.367832 0.8945565 0.4064143 0.9207874 0.3902798 0.8948747 0.3888397 0.919568 0.7032373 0.05973505 0.7147331 0.02894324 0.6989124 0.05519652 0.6989124 0.05519652 0.6963191 0.02529346 0.6904971 0.05250567 0.6963191 0.02529346 0.6826534 0.05278652 0.6904971 0.05250567 0.661479 0.5799278 0.6691558 0.5979489 0.6635068 0.5748382 0.6691558 0.5979489 0.6742385 0.6177964 0.678736 0.6180319 0.09134316 0.2630844 0.07808041 0.3397552 0.04793655 0.2561013 0.1272351 0.3644224 0.1248961 0.32501 0.1558597 0.3604745 0.1895643 0.4031847 0.1897468 0.4116246 0.1541849 0.4172725 0.9584544 0.04481899 0.9537022 0.0727657 0.962462 0.06975245 0.1282368 0.4065318 0.1272351 0.3644224 0.1525222 0.3771914 0.1903483 0.3938074 0.1895643 0.4031847 0.1517244 0.4023007 0.1282368 0.4065318 0.1517244 0.4023007 0.1541849 0.4172725 0.724839 0.4612851 0.7330405 0.4439502 0.7151313 0.4436439 0.1909167 0.3832892 0.1903483 0.3938074 0.1525222 0.3771914 0.942916 0.04562598 0.9450593 0.07595425 0.9537022 0.0727657 0.724839 0.4612851 0.7129783 0.4527094 0.7114155 0.4616996 0.01481461 0.008010149 0.009425163 0.007122039 0.01821029 0.02204144 0.9409211 0.0143876 0.9129636 0.01237684 0.9157086 0.01916748 0.9253416 0.04684603 0.935229 0.08100378 0.9450593 0.07595425 0.02693068 0.03953123 0.02327704 0.02111798 0.01821029 0.02204144 0.03118729 0.05648046 0.02693068 0.03953123 0.02285385 0.04253262 0.9639232 0.02061402 0.9656007 0.01443785 0.9409211 0.0143876 0.9872341 0.0179817 0.9904864 0.01195627 0.9656007 0.01443785 0.8868406 0.6448575 0.878494 0.6776948 0.863295 0.6692068 0.8747848 0.7232555 0.898611 0.6929243 0.9091429 0.7040709 0.5140565 0.4640849 0.5051096 0.461057 0.5099728 0.4893867 0.9190521 0.6743459 0.898611 0.6929243 0.878494 0.6776948 0.8668199 0.7179152 0.878494 0.6776948 0.898611 0.6929243 0.9091429 0.7040709 0.898611 0.6929243 0.9190521 0.6743459 0.9191353 0.484239 0.9095695 0.4692559 0.90015 0.4710006 0.8587097 0.7118681 0.863295 0.6692068 0.878494 0.6776948 0.5051096 0.461057 0.4962826 0.4578734 0.4943415 0.4886594 0.9186745 0.4682182 0.9095695 0.4692559 0.9191353 0.484239 0.2178156 0.3347133 0.2259911 0.3201892 0.184657 0.3293275 0.4764991 0.4878146 0.4663172 0.5240605 0.4930273 0.5190117 0.4962826 0.4578734 0.4862074 0.4528107 0.4764991 0.4878146 0.1862703 0.3458729 0.2213692 0.3534776 0.2178156 0.3347133 0.1837983 0.3515391 0.2264134 0.3738675 0.2213692 0.3534776 0.5099728 0.4893867 0.4943415 0.4886594 0.4930273 0.5190117 0.5274078 0.4913999 0.5099728 0.4893867 0.5160489 0.51932 0.02285385 0.04253262 0.01764523 0.04305809 0.02261054 0.06126189 0.7279585 0.4637951 0.72231 0.486903 0.7275555 0.4870703 0.01821029 0.02204144 0.009425163 0.007122039 0.005971908 0.01058763 0.01821029 0.02204144 0.01278674 0.02527195 0.01764523 0.04305809 0.9409211 0.0143876 0.9411788 0.008380174 0.9138881 0.006955683 0.9886282 0.0070104 0.9643586 0.008835077 0.9656007 0.01443785 0.9643586 0.008835077 0.9411788 0.008380174 0.9409211 0.0143876 0.123335 0.407581 0.1186034 0.4395845 0.1137334 0.4373376 0.1221889 0.3616352 0.1163558 0.3619351 0.1135505 0.3185424 0.1221889 0.3616352 0.123335 0.407581 0.117655 0.4061233 0.7279585 0.4637951 0.7336717 0.4652042 0.7419956 0.4459533 0.123335 0.407581 0.1282368 0.4065318 0.124284 0.4356631 0.123335 0.407581 0.1221889 0.3616352 0.1272351 0.3644224 0.1221889 0.3616352 0.1188256 0.3177037 0.1248961 0.32501 0.9755603 0.04317289 0.9872341 0.0179817 0.9639232 0.02061402 0.9584544 0.04481899 0.9639232 0.02061402 0.9414753 0.02093297 0.9414753 0.02093297 0.9157086 0.01916748 0.9253416 0.04684603 0.05771994 0.02802908 0.05318045 0.02370524 0.02693068 0.03953123 0.05318045 0.02370524 0.05048787 0.01529043 0.02327704 0.02111798 0.05076718 0.007446765 0.01481461 0.008010149 0.02327704 0.02111798 0.7279585 0.4637951 0.724839 0.4612851 0.7202826 0.4818139 0.7279585 0.4637951 0.7375374 0.4437146 0.7330405 0.4439502 0.4435506 0.3980562 0.4414454 0.4327731 0.4123745 0.4297066 0.4350182 0.4657421 0.409296 0.4633542 0.4123745 0.4297066 0.4123745 0.4297066 0.3839177 0.4271299 0.3879511 0.3927224 0.4123745 0.4297066 0.409296 0.4633542 0.3842149 0.4607186 0.4676182 0.3728924 0.4729588 0.3992707 0.4435506 0.3980562 0.4729588 0.3992707 0.4706187 0.4368021 0.4414454 0.4327731 0.4605215 0.4713539 0.4350182 0.4657421 0.4414454 0.4327731 0.4472661 0.4949598 0.4279477 0.4944988 0.4350182 0.4657421 0.4279477 0.4944988 0.4065571 0.4932696 0.409296 0.4633542 0.409296 0.4633542 0.4065571 0.4932696 0.3857699 0.4903766 0.3842149 0.4607186 0.3857699 0.4903766 0.3675211 0.4870369 0.3839177 0.4271299 0.3842149 0.4607186 0.3594141 0.461359 0.3839177 0.4271299 0.3561049 0.4256161 0.3604288 0.3885847 0.3879511 0.3927224 0.3604288 0.3885847 0.3699757 0.363889 0.4155351 0.3948341 0.3879511 0.3927224 0.3922888 0.3646578 0.4442005 0.3695104 0.4435506 0.3980562 0.4155351 0.3948341 0.2650952 0.6328732 0.2763684 0.5996749 0.3010126 0.608817 0.2913745 0.5697212 0.3138671 0.5780157 0.3010126 0.608817 0.3010126 0.608817 0.3254339 0.6170948 0.3169161 0.648307 0.3010126 0.608817 0.3138671 0.5780157 0.3351822 0.5881271 0.2353951 0.6494302 0.2390046 0.6238234 0.2650952 0.6328732 0.2390046 0.6238234 0.2513398 0.5893064 0.2763684 0.5996749 0.2695522 0.559077 0.2913745 0.5697212 0.2763684 0.5996749 0.2871617 0.5394122 0.3061901 0.5418456 0.2913745 0.5697212 0.3061901 0.5418456 0.3281336 0.5488718 0.3138671 0.5780157 0.3138671 0.5780157 0.3281336 0.5488718 0.348002 0.5606872 0.3351822 0.5881271 0.348002 0.5606872 0.3622782 0.5741245 0.3254339 0.6170948 0.3351822 0.5881271 0.3553547 0.5969281 0.3254339 0.6170948 0.3484582 0.6239472 0.3417615 0.6527175 0.3169161 0.648307 0.3417615 0.6527175 0.3367236 0.6760143 0.2905815 0.6426028 0.3169161 0.648307 0.3128144 0.6786149 0.254724 0.662701 0.2650952 0.6328732 0.2905815 0.6426028 0.3655393 0.6590784 0.3709476 0.6285552 0.3946065 0.6318106 0.37608 0.6003016 0.3976297 0.6021286 0.3946065 0.6318106 0.3946065 0.6318106 0.4183608 0.6333999 0.4168298 0.6641551 0.3946065 0.6318106 0.3976297 0.6021286 0.4190459 0.6048506 0.3367236 0.6760143 0.3417615 0.6527175 0.3655393 0.6590784 0.3417615 0.6527175 0.3484582 0.6239472 0.3709476 0.6285552 0.3553547 0.5969281 0.37608 0.6003016 0.3709476 0.6285552 0.3622782 0.5741245 0.3803345 0.5739002 0.37608 0.6003016 0.3803345 0.5739002 0.3998966 0.5748829 0.3976297 0.6021286 0.3976297 0.6021286 0.3998966 0.5748829 0.4194062 0.5779434 0.4190459 0.6048506 0.4194062 0.5779434 0.4374454 0.5819678 0.4183608 0.6333999 0.4190459 0.6048506 0.439951 0.6060351 0.4183608 0.6333999 0.4413262 0.6334765 0.4416964 0.6624305 0.4168298 0.6641551 0.4416964 0.6624305 0.4414113 0.6864697 0.3908734 0.664228 0.4168298 0.6641551 0.4177024 0.6943908 0.3573364 0.6881147 0.3655393 0.6590784 0.3908734 0.664228 0.4665569 0.6628152 0.4647478 0.6315047 0.4895059 0.6283877 0.4612039 0.6018424 0.4835357 0.5963247 0.4895059 0.6283877 0.4895059 0.6283877 0.5151709 0.6243904 0.5195429 0.6585277 0.4895059 0.6283877 0.4835357 0.5963247 0.5070305 0.5924944 0.4414113 0.6864697 0.4416964 0.6624305 0.4665569 0.6628152 0.4416964 0.6624305 0.4413262 0.6334765 0.4647478 0.6315047 0.439951 0.6060351 0.4612039 0.6018424 0.4647478 0.6315047 0.4374454 0.5819678 0.4540529 0.5717282 0.4612039 0.6018424 0.4540529 0.5717282 0.4759038 0.5642042 0.4835357 0.5963247 0.4835357 0.5963247 0.4759038 0.5642042 0.4988811 0.5615358 0.5070305 0.5924944 0.4988811 0.5615358 0.5182445 0.5627632 0.5151709 0.6243904 0.5070305 0.5924944 0.531176 0.5859158 0.5151709 0.6243904 0.5425682 0.619168 0.5477858 0.6553439 0.5195429 0.6585277 0.5477858 0.6553439 0.5464919 0.6813551 0.4927665 0.6626015 0.5195429 0.6585277 0.5244193 0.6901952 0.4642263 0.6937144 0.4665569 0.6628152 0.4927665 0.6626015 0.3929215 0.3382217 0.393705 0.3103455 0.4231069 0.3118078 0.3967666 0.2814056 0.4260768 0.2823306 0.4231069 0.3118078 0.4231069 0.3118078 0.4534428 0.3155604 0.4484186 0.343193 0.4231069 0.3118078 0.4260768 0.2823306 0.455931 0.2865406 0.3699757 0.363889 0.3642213 0.3410065 0.3929215 0.3382217 0.3617238 0.3102961 0.393705 0.3103455 0.3929215 0.3382217 0.3660704 0.2786036 0.3967666 0.2814056 0.393705 0.3103455 0.373421 0.2545746 0.3979955 0.2506598 0.3967666 0.2814056 0.3979955 0.2506598 0.4296137 0.2508056 0.4260768 0.2823306 0.4260768 0.2823306 0.4296137 0.2508056 0.46104 0.2563854 0.455931 0.2865406 0.46104 0.2563854 0.485239 0.2648128 0.4534428 0.3155604 0.455931 0.2865406 0.4878391 0.2894254 0.4534428 0.3155604 0.4858658 0.320801 0.4783197 0.3509297 0.4484186 0.343193 0.4783197 0.3509297 0.4676182 0.3728924 0.4204143 0.340031 0.4484186 0.343193 0.4442005 0.3695104 0.3922888 0.3646578 0.3929215 0.3382217 0.4204143 0.340031 0.3848081 0.5328894 0.4029777 0.5347138 0.4016215 0.552035 0.3848081 0.5328894 0.3854803 0.5138674 0.4044492 0.5171424 0.4016215 0.552035 0.4029777 0.5347138 0.4214286 0.5365501 0.4044492 0.5171424 0.4240111 0.517646 0.4214286 0.5365501 0.3579018 0.554826 0.382954 0.5515841 0.3803345 0.5739002 0.3570606 0.53016 0.3848081 0.5328894 0.382954 0.5515841 0.3570606 0.53016 0.3609762 0.5057364 0.3854803 0.5138674 0.3609762 0.5057364 0.3675211 0.4870369 0.3857699 0.4903766 0.3854803 0.5138674 0.3857699 0.4903766 0.4065571 0.4932696 0.4065571 0.4932696 0.4279477 0.4944988 0.4240111 0.517646 0.4279477 0.4944988 0.4472661 0.4949598 0.4505963 0.5146441 0.4240111 0.517646 0.4505963 0.5146441 0.450341 0.5394402 0.4202653 0.5553734 0.4214286 0.5365501 0.450341 0.5394402 0.4194062 0.5779434 0.4202653 0.5553734 0.4452056 0.563704 0.3998966 0.5748829 0.4016215 0.552035 0.4202653 0.5553734 0.382954 0.5515841 0.4016215 0.552035 0.3998966 0.5748829 0.7096908 0.5589289 0.7129254 0.542078 0.7274857 0.5534541 0.7084603 0.5777213 0.7138251 0.5797502 0.7100933 0.5830025 0.7218244 0.5835927 0.7148717 0.5846182 0.7138251 0.5797502 0.7089843 0.5707092 0.7196195 0.5739132 0.7138251 0.5797502 0.7089843 0.5707092 0.7084603 0.5777213 0.7027934 0.5786352 0.7093508 0.5899499 0.6982539 0.5870049 0.7044029 0.5817405 0.7095487 0.5942756 0.6912246 0.5948037 0.6982539 0.5870049 0.7096908 0.5589289 0.7089843 0.5707092 0.6979927 0.5719978 0.7251453 0.56827 0.7196195 0.5739132 0.7089843 0.5707092 0.7261566 0.5832704 0.7218244 0.5835927 0.7196195 0.5739132 0.8716298 0.02498042 0.8622902 0.009524941 0.8771066 0.007185757 0.8528369 0.02620911 0.8488174 0.0302661 0.8475559 0.02457565 0.8508085 0.02084398 0.8459406 0.01979702 0.8469669 0.01284426 0.8598492 0.02568578 0.8528369 0.02620911 0.8508085 0.02084398 0.8519225 0.03187602 0.8528369 0.02620911 0.8598492 0.02568578 0.8406081 0.02531731 0.8475559 0.02457565 0.8488174 0.0302661 0.8362826 0.025119 0.8406081 0.02531731 0.8435522 0.03641468 0.8585596 0.03667742 0.8598492 0.02568578 0.8716298 0.02498042 0.8598492 0.02568578 0.8566463 0.01505011 0.8622902 0.009524941 0.8566463 0.01505011 0.8469669 0.01284426 0.8472896 0.008512079 0.4544284 0.8846539 0.4843739 0.8719949 0.4902943 0.8843109 0.5997732 0.9568837 0.6134219 0.9575468 0.6134219 0.9900582 0.4843739 0.8719949 0.5143197 0.8593358 0.5188568 0.8687992 0.60294 0.9245302 0.6134219 0.9250353 0.6134219 0.9575468 0.461732 0.8998227 0.4902943 0.8843109 0.4973785 0.8959981 0.4902943 0.8843109 0.5188568 0.8687992 0.5242782 0.8777883 0.4704788 0.9142079 0.4973785 0.8959981 0.5055642 0.9069446 0.4973785 0.8959981 0.5242782 0.8777883 0.5305432 0.8862164 0.4805851 0.9276728 0.5055642 0.9069446 0.5147797 0.9170424 0.5055642 0.9069446 0.5305432 0.8862164 0.5376041 0.8939962 0.4919551 0.9400888 0.5147797 0.9170424 0.5249417 0.9261904 0.5147797 0.9170424 0.5376041 0.8939962 0.5454025 0.9010425 0.5044808 0.9513382 0.5249417 0.9261904 0.5359542 0.9342955 0.5249417 0.9261904 0.5454025 0.9010425 0.5538662 0.9072772 0.5359542 0.9342955 0.5477105 0.9412778 0.5325115 0.9699212 0.5538662 0.9072772 0.5629096 0.9126346 0.5477105 0.9412778 0.5477105 0.9412778 0.5600944 0.9470717 0.5477502 0.9770779 0.5629096 0.9126346 0.5724384 0.9170654 0.5600944 0.9470717 0.5600944 0.9470717 0.572983 0.9516264 0.5636137 0.982716 0.5724384 0.9170654 0.5823524 0.9205369 0.572983 0.9516264 0.572983 0.9516264 0.5862515 0.9549055 0.5799508 0.986782 0.5823524 0.9205369 0.5925521 0.9230287 0.5862515 0.9549055 0.5862515 0.9549055 0.5997732 0.9568837 0.5966064 0.9892371 0.5925521 0.9230287 0.60294 0.9245302 0.5997732 0.9568837 0.5917218 0.8894472 0.5988526 0.8911522 0.5925521 0.9230287 0.5988526 0.8911522 0.6061068 0.8921767 0.60294 0.9245302 0.6061068 0.8921767 0.6134219 0.8925238 0.6134219 0.9250353 0.6051533 0.8592755 0.6092736 0.8598231 0.6061068 0.8921767 0.6092736 0.8598231 0.6134219 0.8600123 0.6134219 0.8925238 0.5143197 0.8593358 0.5442655 0.8466768 0.5474188 0.8532873 0.5442655 0.8466768 0.5742111 0.8340177 0.5759811 0.8377755 0.5474188 0.8532873 0.5759811 0.8377755 0.5780773 0.8413686 0.5188568 0.8687992 0.5474188 0.8532873 0.5511777 0.8595786 0.5511777 0.8595786 0.5780773 0.8413686 0.5805013 0.8447601 0.5242782 0.8777883 0.5511777 0.8595786 0.5555223 0.8654883 0.5555223 0.8654883 0.5805013 0.8447601 0.5832534 0.8479036 0.5305432 0.8862164 0.5555223 0.8654883 0.5604287 0.8709501 0.5604287 0.8709501 0.5832534 0.8479036 0.5863242 0.8507469 0.5376041 0.8939962 0.5604287 0.8709501 0.5658634 0.8758947 0.5658634 0.8758947 0.5863242 0.8507469 0.5896895 0.8532403 0.5454025 0.9010425 0.5658634 0.8758947 0.5717777 0.8802587 0.5896895 0.8532403 0.5933076 0.8553481 0.5781086 0.8839914 0.5717777 0.8802587 0.5781086 0.8839914 0.5629096 0.9126346 0.5933076 0.8553481 0.5971265 0.8570531 0.5847824 0.8870592 0.5781086 0.8839914 0.5847824 0.8870592 0.5724384 0.9170654 0.5971265 0.8570531 0.6010913 0.8583576 0.5917218 0.8894472 0.5847824 0.8870592 0.5917218 0.8894472 0.5823524 0.9205369 0.6010913 0.8583576 0.6051533 0.8592755 0.5988526 0.8911522 0.6104606 0.827268 0.6114538 0.8273989 0.6051533 0.8592755 0.6094706 0.8270468 0.6104606 0.827268 0.6010913 0.8583576 0.6114538 0.8273989 0.6124404 0.8274696 0.6092736 0.8598231 0.6124404 0.8274696 0.6134219 0.8275009 0.6134219 0.8600123 0.5742111 0.8340177 0.6041567 0.8213586 0.6045436 0.8222636 0.5759811 0.8377755 0.6045436 0.8222636 0.6049771 0.8231588 0.5780773 0.8413686 0.6049771 0.8231588 0.6054802 0.8240319 0.5805013 0.8447601 0.6054802 0.8240319 0.6060779 0.8248574 0.5832534 0.8479036 0.6060779 0.8248574 0.6067853 0.8255991 0.5863242 0.8507469 0.6067853 0.8255991 0.6076012 0.826222 0.6076012 0.826222 0.6085067 0.8267048 0.5933076 0.8553481 0.6085067 0.8267048 0.6094706 0.8270468 0.5971265 0.8570531 0.9901953 0.6528975 0.9733801 0.6520764 0.976547 0.6197293 0.8312078 0.5474935 0.8611529 0.5348353 0.8670778 0.5471485 0.990196 0.620387 0.976547 0.6197293 0.9797136 0.5873821 0.8611529 0.5348353 0.8910982 0.5221771 0.8956444 0.531635 0.9733801 0.6520764 0.9567251 0.649621 0.9630241 0.6177546 0.976547 0.6197293 0.9630241 0.6177546 0.9693234 0.5858885 0.9567251 0.649621 0.9403885 0.6455547 0.9497548 0.614477 0.9630241 0.6177546 0.9497548 0.614477 0.9591211 0.5833995 0.9403885 0.6455547 0.9245255 0.6399164 0.9368658 0.6099207 0.9497548 0.614477 0.9368658 0.6099207 0.9492061 0.5799248 0.9245255 0.6399164 0.9092875 0.6327596 0.9244835 0.6041226 0.9368658 0.6099207 0.9244835 0.6041226 0.9396801 0.5754857 0.9092875 0.6327596 0.8948188 0.6241525 0.9127307 0.597135 0.9244835 0.6041226 0.9127307 0.597135 0.9306421 0.5701177 0.8812575 0.6141768 0.9017221 0.5890253 0.9127307 0.597135 0.9017221 0.5890253 0.9221867 0.563874 0.9306421 0.5701177 0.8687327 0.6029275 0.891564 0.5798748 0.9017221 0.5890253 0.891564 0.5798748 0.9143956 0.5568225 0.9221867 0.563874 0.8573632 0.5905115 0.8823508 0.569777 0.891564 0.5798748 0.8823508 0.569777 0.9073382 0.5490426 0.9143956 0.5568225 0.8472571 0.5770471 0.8741646 0.5588327 0.8823508 0.569777 0.8741646 0.5588327 0.9010718 0.5406184 0.9073382 0.5490426 0.8385112 0.562662 0.8670778 0.5471485 0.8741646 0.5588327 0.8670778 0.5471485 0.8956444 0.531635 0.9010718 0.5406184 0.9010718 0.5406184 0.927979 0.522404 0.9323256 0.5283081 0.8956444 0.531635 0.9242109 0.5161215 0.927979 0.522404 0.8910982 0.5221771 0.9210432 0.5095189 0.9242109 0.5161215 0.9242109 0.5161215 0.9527776 0.5006079 0.9548862 0.5041898 0.9210432 0.5095189 0.9509882 0.4968608 0.9527776 0.5006079 0.9901965 0.5878765 0.9797136 0.5873821 0.9828804 0.5550351 0.9901967 0.5553659 0.9828804 0.5550351 0.986047 0.522688 0.9828804 0.5550351 0.9756224 0.5540224 0.9819214 0.5221562 0.9797136 0.5873821 0.9693234 0.5858885 0.9756224 0.5540224 0.9756224 0.5540224 0.9684875 0.5523219 0.9778538 0.5212443 0.9693234 0.5858885 0.9591211 0.5833995 0.9684875 0.5523219 0.9684875 0.5523219 0.9615467 0.5499292 0.973887 0.5199335 0.9591211 0.5833995 0.9492061 0.5799248 0.9615467 0.5499292 0.9615467 0.5499292 0.9548762 0.5468487 0.9700728 0.5182118 0.9492061 0.5799248 0.9396801 0.5754857 0.9548762 0.5468487 0.9548762 0.5468487 0.948554 0.5431003 0.9664657 0.5160831 0.9396801 0.5754857 0.9306421 0.5701177 0.948554 0.5431003 0.9426512 0.5387225 0.9631157 0.5135712 0.9664657 0.5160831 0.9221867 0.563874 0.9426512 0.5387225 0.948554 0.5431003 0.937227 0.5337701 0.9600585 0.5107176 0.9631157 0.5135712 0.9143956 0.5568225 0.937227 0.5337701 0.9426512 0.5387225 0.9323256 0.5283081 0.9573133 0.5075737 0.9600585 0.5107176 0.9073382 0.5490426 0.9323256 0.5283081 0.937227 0.5337701 0.927979 0.522404 0.9548862 0.5041898 0.9573133 0.5075737 0.9548862 0.5041898 0.9817933 0.4859755 0.9823008 0.4868393 0.9573133 0.5075737 0.9823008 0.4868393 0.9828898 0.4876651 0.9527776 0.5006079 0.9813442 0.4850943 0.9817933 0.4859755 0.9509882 0.4968608 0.9809332 0.4842025 0.9813442 0.4850943 0.9901972 0.5228554 0.986047 0.522688 0.9892137 0.490341 0.986047 0.522688 0.9819214 0.5221562 0.9882205 0.4902903 0.9819214 0.5221562 0.9778538 0.5212443 0.9872203 0.4901666 0.9778538 0.5212443 0.973887 0.5199335 0.9862275 0.4899376 0.973887 0.5199335 0.9700728 0.5182118 0.9852691 0.489575 0.9700728 0.5182118 0.9664657 0.5160831 0.9843774 0.4890658 0.9631157 0.5135712 0.9835801 0.4884197 0.9843774 0.4890658 0.9600585 0.5107176 0.9828898 0.4876651 0.9835801 0.4884197 0.841636 0.8159927 0.8282685 0.8313345 0.7959671 0.8000369 0.6478529 0.9146648 0.6275244 0.9155648 0.6276964 0.8706463 0.8071753 0.78718 0.7959671 0.8000369 0.7636658 0.7687392 0.6447373 0.8698996 0.6276964 0.8706463 0.6278679 0.8257279 0.8282685 0.8313345 0.813822 0.8456645 0.7838578 0.8120492 0.7959671 0.8000369 0.7838578 0.8120492 0.7538936 0.7784332 0.813822 0.8456645 0.7983143 0.8588393 0.7708619 0.8230968 0.7838578 0.8120492 0.7708619 0.8230968 0.7434094 0.7873532 0.7983143 0.8588393 0.7817981 0.8707253 0.7570217 0.8330672 0.7708619 0.8230968 0.7570217 0.8330672 0.732245 0.795408 0.7643653 0.8812209 0.7424126 0.841874 0.7570217 0.8330672 0.7424126 0.841874 0.7204597 0.8025261 0.732245 0.795408 0.746141 0.8902729 0.7271384 0.84947 0.7424126 0.841874 0.7271384 0.84947 0.7081351 0.8086661 0.7204597 0.8025261 0.7272673 0.8978782 0.7113171 0.8558503 0.7271384 0.84947 0.7113171 0.8558503 0.6953662 0.8138212 0.7081351 0.8086661 0.7078846 0.9040732 0.6950672 0.8610436 0.7113171 0.8558503 0.6950672 0.8610436 0.682249 0.818013 0.6953662 0.8138212 0.6881197 0.9089116 0.6784959 0.8650946 0.6950672 0.8610436 0.6784959 0.8650946 0.6688709 0.8212772 0.682249 0.818013 0.6680791 0.9124377 0.6616936 0.8680422 0.6784959 0.8650946 0.6616936 0.8680422 0.6553074 0.8236463 0.6688709 0.8212772 0.6680791 0.9124377 0.6478529 0.9146648 0.6447373 0.8698996 0.6616936 0.8680422 0.6447373 0.8698996 0.6416209 0.8251346 0.6553074 0.8236463 0.6489189 0.77925 0.6592443 0.7774586 0.6553074 0.8236463 0.6416209 0.8251346 0.6385021 0.7803696 0.6416209 0.8251346 0.6278679 0.8257279 0.6280375 0.7808104 0.6385021 0.7803696 0.6353753 0.7356054 0.6425214 0.7348516 0.6385021 0.7803696 0.6280375 0.7808104 0.6281993 0.7358967 0.7727151 0.7583673 0.7636658 0.7687392 0.7313664 0.7374399 0.7382571 0.7295537 0.7313664 0.7374399 0.6990743 0.706135 0.7313664 0.7374399 0.7239308 0.744815 0.6939734 0.7111889 0.7636658 0.7687392 0.7538936 0.7784332 0.7239308 0.744815 0.7239308 0.744815 0.7159574 0.7516074 0.6885086 0.7158518 0.7538936 0.7784332 0.7434094 0.7873532 0.7159574 0.7516074 0.7159574 0.7516074 0.7074686 0.7577465 0.6826928 0.7200746 0.7434094 0.7873532 0.732245 0.795408 0.7074686 0.7577465 0.7074686 0.7577465 0.6985061 0.7631757 0.6765514 0.7238147 0.7204597 0.8025261 0.6985061 0.7631757 0.7074686 0.7577465 0.6891309 0.7678598 0.6701233 0.7270435 0.6765514 0.7238147 0.7081351 0.8086661 0.6891309 0.7678598 0.6985061 0.7631757 0.6794138 0.7717902 0.6634548 0.7297509 0.6701233 0.7270435 0.6953662 0.8138212 0.6794138 0.7717902 0.6891309 0.7678598 0.6694288 0.7749808 0.6566007 0.7319419 0.6634548 0.7297509 0.682249 0.818013 0.6694288 0.7749808 0.6794138 0.7717902 0.6592443 0.7774586 0.6496086 0.7336352 0.6566007 0.7319419 0.6688709 0.8212772 0.6592443 0.7774586 0.6694288 0.7749808 0.6489189 0.77925 0.6425214 0.7348516 0.6496086 0.7336352 0.6496086 0.7336352 0.6399311 0.6897621 0.6437339 0.6888428 0.6425214 0.7348516 0.6360791 0.690419 0.6399311 0.6897621 0.6353753 0.7356054 0.6321998 0.6908285 0.6360791 0.690419 0.6321998 0.6908285 0.6282944 0.6461184 0.6290749 0.6460947 0.6360791 0.690419 0.6290749 0.6460947 0.6298528 0.6460155 0.6283107 0.6909967 0.6275146 0.6461021 0.6282944 0.6461184 0.6353753 0.7356054 0.6281993 0.7358967 0.6283107 0.6909967 0.6694083 0.6718924 0.6668058 0.6747848 0.6350924 0.6428563 0.7038078 0.7007381 0.6990743 0.706135 0.6668058 0.6747848 0.6668058 0.6747848 0.664019 0.6775062 0.6345409 0.6434028 0.6990743 0.706135 0.6939734 0.7111889 0.664019 0.6775062 0.664019 0.6775062 0.6610477 0.6800325 0.6339716 0.6439315 0.6939734 0.7111889 0.6885086 0.7158518 0.6610477 0.6800325 0.6610477 0.6800325 0.6578939 0.6823343 0.6333773 0.6444355 0.6885086 0.7158518 0.6826928 0.7200746 0.6578939 0.6823343 0.6578939 0.6823343 0.6545663 0.6843842 0.6327481 0.6448987 0.6826928 0.7200746 0.6765514 0.7238147 0.6545663 0.6843842 0.6545663 0.6843842 0.651082 0.6861612 0.6320777 0.6453015 0.6701233 0.7270435 0.651082 0.6861612 0.6545663 0.6843842 0.6474605 0.6876455 0.6313652 0.6456266 0.6320777 0.6453015 0.6634548 0.7297509 0.6474605 0.6876455 0.651082 0.6861612 0.6437339 0.6888428 0.6306198 0.6458634 0.6313652 0.6456266 0.6566007 0.7319419 0.6437339 0.6888428 0.6474605 0.6876455 0.6399311 0.6897621 0.6298528 0.6460155 0.6306198 0.6458634 0.991204 0.9912236 0.9462857 0.9910494 0.9460001 0.9739952 0.9066074 0.7908977 0.8753781 0.8231204 0.8628287 0.8115684 0.8753781 0.8231204 0.8441485 0.8553429 0.8340147 0.8460268 0.9462857 0.9910494 0.9013678 0.9908758 0.9011319 0.9771131 0.9908686 0.970878 0.9460001 0.9739952 0.9444811 0.9570066 0.9460001 0.9739952 0.9011319 0.9771131 0.8999059 0.9634031 0.9890559 0.9506108 0.9444811 0.9570066 0.9416626 0.9401843 0.9444811 0.9570066 0.8999059 0.9634031 0.8976371 0.949826 0.9856875 0.9305432 0.9416626 0.9401843 0.9375043 0.9236415 0.9416626 0.9401843 0.8976371 0.949826 0.8942906 0.9364722 0.9375043 0.9236415 0.9320083 0.9074929 0.9741503 0.8915517 0.8942906 0.9364722 0.8898655 0.9234348 0.9320083 0.9074929 0.9320083 0.9074929 0.9252232 0.8918417 0.9660475 0.8728863 0.8898655 0.9234348 0.8843978 0.9107977 0.9252232 0.8918417 0.9252232 0.8918417 0.9172366 0.8767676 0.9565163 0.8549083 0.8843978 0.9107977 0.8779559 0.8986273 0.9172366 0.8767676 0.9172366 0.8767676 0.9081574 0.8623252 0.9456869 0.8376811 0.8779559 0.8986273 0.8706267 0.8869692 0.9081574 0.8623252 0.9081574 0.8623252 0.8980961 0.8485487 0.9336909 0.8212447 0.8706267 0.8869692 0.8625004 0.8758525 0.8980961 0.8485487 0.8980961 0.8485487 0.8871474 0.8354675 0.9206386 0.8056343 0.8625004 0.8758525 0.8536553 0.8653004 0.8871474 0.8354675 0.9206386 0.8056343 0.8871474 0.8354675 0.8753781 0.8231204 0.8871474 0.8354675 0.8536553 0.8653004 0.8441485 0.8553429 0.8536553 0.8653004 0.8201614 0.8951322 0.8129175 0.8875636 0.8269023 0.9031558 0.8201614 0.8951322 0.8536553 0.8653004 0.8441485 0.8553429 0.8129175 0.8875636 0.8051996 0.8804832 0.8129175 0.8875636 0.7816806 0.9197778 0.7763817 0.9149311 0.7866593 0.9249591 0.7816806 0.9197778 0.8129175 0.8875636 0.9013678 0.9908758 0.8564509 0.9907041 0.8562636 0.9802332 0.8564509 0.9907041 0.8115386 0.9905399 0.8113968 0.9833623 0.8562636 0.9802332 0.8113968 0.9833623 0.8107531 0.9762101 0.9011319 0.9771131 0.8562636 0.9802332 0.8553302 0.9698019 0.8553302 0.9698019 0.8107531 0.9762101 0.8095791 0.9691227 0.8999059 0.9634031 0.8553302 0.9698019 0.8536104 0.9594699 0.8536104 0.9594699 0.8095791 0.9691227 0.8078532 0.9621454 0.8976371 0.949826 0.8536104 0.9594699 0.8510752 0.9493049 0.8510752 0.9493049 0.8078532 0.9621454 0.8055673 0.9553277 0.8510752 0.9493049 0.8477204 0.939378 0.8898655 0.9234348 0.8055673 0.9553277 0.8027328 0.9487165 0.84357 0.9297547 0.8477204 0.939378 0.84357 0.9297547 0.8843978 0.9107977 0.8027328 0.9487165 0.7993784 0.9423489 0.8386724 0.9204875 0.84357 0.9297547 0.8386724 0.9204875 0.8779559 0.8986273 0.7993784 0.9423489 0.7955496 0.9362567 0.8330934 0.9116134 0.8386724 0.9204875 0.8330934 0.9116134 0.8706267 0.8869692 0.7955496 0.9362567 0.7912943 0.930456 0.8269023 0.9031558 0.8330934 0.9116134 0.8269023 0.9031558 0.8625004 0.8758525 0.7912943 0.930456 0.7866593 0.9249591 0.8201614 0.8951322 0.7556244 0.957766 0.753103 0.9547805 0.7866593 0.9249591 0.7579392 0.9609204 0.7556244 0.957766 0.7912943 0.930456 0.753103 0.9547805 0.7504015 0.9519662 0.7816806 0.9197778 0.7196946 0.9846898 0.719147 0.9841313 0.753103 0.9547805 0.719147 0.9841313 0.7185617 0.9836142 0.7504015 0.9519662 0.7185617 0.9836142 0.7179526 0.9831265 0.7475374 0.94933 0.7816806 0.9197778 0.7504015 0.9519662 0.7475374 0.94933 0.7666385 0.9904285 0.721751 0.9912474 0.7216961 0.9904703 0.8115386 0.9905399 0.7666385 0.9904285 0.7665138 0.9865397 0.7665138 0.9865397 0.7216961 0.9904703 0.7216234 0.9896975 0.8113968 0.9833623 0.7665138 0.9865397 0.766138 0.9826632 0.766138 0.9826632 0.7216234 0.9896975 0.7215259 0.9889267 0.8107531 0.9762101 0.766138 0.9826632 0.7654952 0.9788171 0.7654952 0.9788171 0.7215259 0.9889267 0.721391 0.9881597 0.8095791 0.9691227 0.7654952 0.9788171 0.7645681 0.9750247 0.7645681 0.9750247 0.721391 0.9881597 0.7212033 0.9874015 0.8078532 0.9621454 0.7645681 0.9750247 0.7633457 0.9713126 0.7633457 0.9713126 0.7212033 0.9874015 0.7209468 0.9866626 0.7633457 0.9713126 0.7618281 0.9677075 0.8027328 0.9487165 0.7209468 0.9866626 0.7206054 0.9859584 0.7600165 0.9642383 0.7618281 0.9677075 0.7600165 0.9642383 0.7993784 0.9423489 0.7206054 0.9859584 0.7201855 0.9852987 0.7579392 0.9609204 0.7600165 0.9642383 0.7579392 0.9609204 0.7955496 0.9362567 0.7201855 0.9852987 0.7196946 0.9846898 0.7556244 0.957766 0.04285943 0.497968 0.03984475 0.4178228 0.08010697 0.4193956 0.03984475 0.4178228 0.03965389 0.3388438 0.07808041 0.3397552 0.04793655 0.2561013 0.05781769 0.1941354 0.1036258 0.2265813 0.1152644 0.1117168 0.06067335 0.1833585 0.006981611 0.120984 0.01797187 0.8455669 0.008195161 0.8437353 0.004648089 0.7871832 0.02918577 0.7106118 0.02542471 0.7402665 0.00996387 0.7341688 0.0710361 0.6646214 0.03350543 0.6626929 0.04276454 0.6135216 0.07959103 0.6124282 0.04276454 0.6135216 0.04046356 0.5511457 0.07820487 0.5482215 0.04046356 0.5511457 0.04285943 0.497968 0.04285943 0.497968 0.0261482 0.500185 0.0233823 0.4186611 0.08010697 0.4193956 0.09734141 0.4184108 0.09583103 0.4958244 0.03984475 0.4178228 0.0233823 0.4186611 0.02217149 0.3390365 0.08010697 0.4193956 0.07808041 0.3397552 0.09464693 0.3394699 0.03965389 0.3388438 0.02217149 0.3390365 0.03107774 0.2544972 0.09134316 0.2630844 0.1098734 0.2677993 0.09464693 0.3394699 0.05781769 0.1941354 0.04793655 0.2561013 0.03107774 0.2544972 0.09134316 0.2630844 0.1036258 0.2265813 0.119054 0.2372806 0.04838705 0.8487521 0.05972325 0.7879716 0.07408845 0.7938115 0.0710361 0.6646214 0.08314073 0.6655107 0.07231044 0.705042 0.04838705 0.8487521 0.01797187 0.8455669 0.01866412 0.7849287 0.0574181 0.742882 0.02542471 0.7402665 0.02918577 0.7106118 0.03350543 0.6626929 0.01893401 0.6631693 0.02619349 0.613545 0.07959103 0.6124282 0.09368705 0.6121456 0.08314073 0.6655107 0.04046356 0.5511457 0.04276454 0.6135216 0.02619349 0.613545 0.07820487 0.5482215 0.09258937 0.5478771 0.09368705 0.6121456 0.0796312 0.4965512 0.09583103 0.4958244 0.09258937 0.5478771 0.04046356 0.5511457 0.0235002 0.5526149 0.0261482 0.500185 0.05781769 0.1941354 0.04010665 0.1902611 0.04152131 0.1819757 0.0574181 0.742882 0.05972325 0.7879716 0.01866412 0.7849287 0.01866412 0.7849287 0.004648089 0.7871832 0.00996387 0.7341688 0.07316493 0.7404575 0.07408845 0.7938115 0.05972325 0.7879716 0.05912899 0.7078186 0.02918577 0.7106118 0.03350543 0.6626929 0.05912899 0.7078186 0.07231044 0.705042 0.07316493 0.7404575 0.03350543 0.6626929 0.02918577 0.7106118 0.01730549 0.7040304 0.1036258 0.2265813 0.114175 0.2028193 0.1289516 0.2136279 0.05781769 0.1941354 0.06067335 0.1833585 0.114175 0.2028193 0.1560688 0.1635269 0.1669019 0.1802617 0.1289516 0.2136279 0.114175 0.2028193 0.06067335 0.1833585 0.1152644 0.1117168 0.1560688 0.1635269 0.1152644 0.1117168 0.1928567 0.07079118 0.2161674 0.1346458 0.2230169 0.1532938 0.1669019 0.1802617 0.157016 0.008863389 0.1928567 0.07079118 0.1152644 0.1117168 0.8554509 0.20626 0.8763702 0.2051392 0.8751098 0.2369882 0.8763702 0.2051392 0.8554509 0.20626 0.8545811 0.1863701 0.8549616 0.2373935 0.8751098 0.2369882 0.8702214 0.2541206 0.8702214 0.2541206 0.8746151 0.2708844 0.8515217 0.2687317 0.8545811 0.1863701 0.8479846 0.1676558 0.875118 0.1622009 0.883621 0.2521505 0.8702214 0.2541206 0.8751098 0.2369882 0.8911231 0.1688897 0.8895664 0.1839647 0.8761089 0.1828649 0.8411563 0.1895734 0.8545811 0.1863701 0.8554509 0.20626 0.8446226 0.2521745 0.8564158 0.2545011 0.8515217 0.2687317 0.8889752 0.2060457 0.887632 0.2383413 0.8751098 0.2369882 0.8446226 0.2521745 0.8430653 0.237899 0.8549616 0.2373935 0.8895664 0.1839647 0.8889752 0.2060457 0.8763702 0.2051392 0.8429223 0.2070831 0.8554509 0.20626 0.8549616 0.2373935 0.8411563 0.1895734 0.8331184 0.1758476 0.8479846 0.1676558 0.883621 0.2521505 0.8893378 0.2688373 0.8746151 0.2708844 0.1395688 0.7280089 0.1188613 0.7247947 0.1219427 0.7062922 0.1395688 0.7280089 0.1342006 0.7462458 0.1157146 0.738079 0.1430284 0.704283 0.1219427 0.7062922 0.1243238 0.6907837 0.1428593 0.6870843 0.1243238 0.6907837 0.1216992 0.6701853 0.1342006 0.7462458 0.1451394 0.7650258 0.1119785 0.756892 0.1068027 0.6896532 0.1243238 0.6907837 0.1219427 0.7062922 0.1016401 0.7427843 0.1157146 0.738079 0.1119785 0.756892 0.1453175 0.745564 0.1342006 0.7462458 0.1395688 0.7280089 0.1531401 0.6893502 0.1428593 0.6870843 0.1500601 0.6734938 0.1050149 0.7039062 0.1219427 0.7062922 0.1188613 0.7247947 0.1531401 0.6893502 0.1544656 0.7014399 0.1430284 0.704283 0.1022202 0.727151 0.1188613 0.7247947 0.1157146 0.738079 0.1520172 0.7266659 0.1395688 0.7280089 0.1430284 0.704283 0.1453175 0.745564 0.158412 0.7613835 0.1451394 0.7650258 0.1068027 0.6896532 0.09982371 0.6699706 0.1216992 0.6701853 0.4885535 0.05452209 0.5371626 0.05285543 0.5238797 0.09335404 0.3372859 0.141573 0.3596482 0.1664372 0.3302578 0.1952465 0.3757252 0.1502637 0.3989157 0.1555091 0.3934594 0.1817727 0.43553 0.05433344 0.4885535 0.05452209 0.4818659 0.08693802 0.493512 0.1508088 0.5173099 0.1669359 0.4886251 0.1910873 0.3416344 0.08135962 0.3568516 0.1076647 0.3140099 0.1139206 0.4355661 0.08707344 0.4818659 0.08693802 0.4747907 0.1154375 0.3325591 0.05377703 0.3416344 0.08135962 0.285615 0.08268272 0.4597689 0.155851 0.4725059 0.1711986 0.4382976 0.1854832 0.3893371 0.08471673 0.3949148 0.1081647 0.3568516 0.1076647 0.4667958 0.1388756 0.493512 0.1508088 0.4725059 0.1711986 0.4362816 0.134443 0.4356037 0.1580383 0.3989157 0.1555091 0.3842709 0.05447077 0.3893371 0.08471673 0.3416344 0.08135962 0.3893371 0.08471673 0.3842709 0.05447077 0.43553 0.05433344 0.4356037 0.1580383 0.4382976 0.1854832 0.3934594 0.1817727 0.2439701 0.09054535 0.2755326 0.1271971 0.2425966 0.1487241 0.3949148 0.1081647 0.3893371 0.08471673 0.4355661 0.08707344 0.3993092 0.1311175 0.3989157 0.1555091 0.3757252 0.1502637 0.57367 0.04816293 0.5954187 0.04372042 0.5709937 0.1024013 0.218567 0.04888689 0.2439701 0.09054535 0.2187677 0.09757721 0.4427207 0.213597 0.4886251 0.1910873 0.5027282 0.2113541 0.2973847 0.1640156 0.3302578 0.1952465 0.3021593 0.2192699 0.5349293 0.139783 0.5503197 0.0979349 0.5709937 0.1024013 0.3302578 0.1952465 0.384211 0.2113852 0.3793099 0.2361153 0.5173099 0.1669359 0.540906 0.178794 0.5027282 0.2113541 0.384211 0.2113852 0.4427207 0.213597 0.4446987 0.2355487 0.3934594 0.1817727 0.4382976 0.1854832 0.4427207 0.213597 0.4818659 0.08693802 0.5238797 0.09335404 0.5080657 0.125479 0.3596482 0.1664372 0.3934594 0.1817727 0.384211 0.2113852 0.4362816 0.134443 0.4667958 0.1388756 0.4597689 0.155851 0.285615 0.08268272 0.3140099 0.1139206 0.2755326 0.1271971 0.5238797 0.09335404 0.5503197 0.0979349 0.5349293 0.139783 0.4725059 0.1711986 0.4886251 0.1910873 0.4427207 0.213597 0.2693837 0.04917854 0.285615 0.08268272 0.2439701 0.09054535 0.5371626 0.05285543 0.57367 0.04816293 0.5503197 0.0979349 0.3372859 0.141573 0.3140099 0.1139206 0.3568516 0.1076647 0.493512 0.1508088 0.4667958 0.1388756 0.4747907 0.1154375 0.3993092 0.1311175 0.3949148 0.1081647 0.4366616 0.1116018 0.4667958 0.1388756 0.4362816 0.134443 0.4366616 0.1116018 0.3682832 0.1316787 0.3568516 0.1076647 0.3949148 0.1081647 0.2619119 0.180857 0.2425966 0.1487241 0.2755326 0.1271971 0.5349293 0.139783 0.5536633 0.1533622 0.540906 0.178794 0.2973847 0.1640156 0.2755326 0.1271971 0.3140099 0.1139206 0.5080657 0.125479 0.5349293 0.139783 0.5173099 0.1669359 0.3682832 0.1316787 0.3757252 0.1502637 0.3596482 0.1664372 0.3842709 0.05447077 0.3325591 0.05377703 0.3335946 0.0493794 0.3325591 0.05377703 0.2693837 0.04917854 0.271664 0.04432559 0.2693837 0.04917854 0.218567 0.04888689 0.2218921 0.0433427 0.57367 0.04816293 0.5686987 0.04092442 0.5900512 0.0379492 0.4885535 0.05452209 0.4872842 0.04965931 0.5333009 0.04585051 0.218567 0.04888689 0.1969234 0.0465455 0.2012033 0.04066568 0.5371626 0.05285543 0.5333009 0.04585051 0.5686987 0.04092442 0.43553 0.05433344 0.4353842 0.04988318 0.4872842 0.04965931 0.43553 0.05433344 0.3842709 0.05447077 0.3848178 0.04994875 0.3848178 0.04994875 0.3335946 0.0493794 0.3522662 0.0139504 0.3335946 0.0493794 0.271664 0.04432559 0.2908055 0.01623761 0.2218921 0.0433427 0.2012033 0.04066568 0.2254106 0.007685542 0.5686987 0.04092442 0.5510305 0.0154916 0.566918 0.0134077 0.4353842 0.04988318 0.3848178 0.04994875 0.3957749 0.0114265 0.271664 0.04432559 0.2218921 0.0433427 0.2479953 0.01421409 0.4872842 0.04965931 0.4353842 0.04988318 0.4385833 0.008440136 0.4872842 0.04965931 0.4845302 0.006664156 0.5265364 0.009496808 0.5333009 0.04585051 0.5265364 0.009496808 0.5510305 0.0154916 0.6200588 0.4614865 0.6044139 0.3872503 0.6565497 0.3836795 0.6565497 0.3836795 0.6044139 0.3872503 0.6042552 0.3022654 0.6484234 0.2961012 0.6042552 0.3022654 0.5978818 0.20587 0.6505559 0.2066551 0.5978818 0.20587 0.6124339 0.1067894 0.6124339 0.1067894 0.6005075 0.1078093 0.6118641 0.08444499 0.6480825 0.5696942 0.6006677 0.6170839 0.5807003 0.5731265 0.6728426 0.4783278 0.6241169 0.5060009 0.6200588 0.4614865 0.6044139 0.3872503 0.6200588 0.4614865 0.6010493 0.462246 0.6565497 0.3836795 0.6736049 0.3831915 0.6829286 0.4486831 0.6044139 0.3872503 0.5872495 0.3870221 0.5853982 0.3028504 0.6565497 0.3836795 0.6484234 0.2961012 0.6664515 0.2976919 0.5978818 0.20587 0.6042552 0.3022654 0.5853982 0.3028504 0.6505559 0.2066551 0.6668681 0.2075942 0.6664515 0.2976919 0.5978818 0.20587 0.5795008 0.2037289 0.6005075 0.1078093 0.6505559 0.2066551 0.6502941 0.1122941 0.6615673 0.1152698 0.6502941 0.1122941 0.6494162 0.07466769 0.6598609 0.07523876 0.6780245 0.4913609 0.6728426 0.4783278 0.6903446 0.4729629 0.6728426 0.4783278 0.6645849 0.4538788 0.6829286 0.4486831 0.6241169 0.5060009 0.6071622 0.5097575 0.6010493 0.462246 0.6241169 0.5060009 0.6289585 0.5214727 0.6162572 0.5255627 0.6241169 0.5060009 0.6728426 0.4783278 0.6780245 0.4913609 0.6780245 0.4913609 0.6957798 0.4843008 0.7131628 0.5183447 0.6289585 0.5214727 0.6780245 0.4913609 0.6984022 0.5293428 0.6568984 0.01483505 0.6673805 0.01402914 0.6572731 0.05622404 0.6502941 0.1122941 0.6124339 0.1067894 0.6217086 0.08165013 0.6465578 0.05710601 0.6196451 0.05507421 0.6225799 0.01236093 0.6572731 0.05622404 0.6598609 0.07523876 0.6494162 0.07466769 0.6217086 0.08165013 0.6118641 0.08444499 0.6090396 0.0531252 0.6465578 0.05710601 0.6494162 0.07466769 0.6217086 0.08165013 0.6225799 0.01236093 0.6196451 0.05507421 0.6090396 0.0531252 0.7730011 0.07573759 0.7766526 0.07849347 0.7726325 0.08423948 0.776838 0.02925765 0.7736433 0.0250771 0.7764623 0.02246314 0.8004116 0.05468511 0.7766526 0.07849347 0.7730011 0.07573759 0.8172273 0.02192181 0.8209589 0.02381795 0.8056214 0.04924225 0.7421556 0.1421943 0.7478224 0.1439295 0.7462297 0.1505228 0.7427224 0.1097479 0.7375863 0.1072331 0.7397097 0.1031833 0.7606456 0.1170894 0.7478224 0.1439295 0.7421556 0.1421943 0.7688012 0.08204299 0.7726325 0.08423948 0.7626746 0.1119735 0.7306233 0.2249034 0.7407234 0.2239285 0.7413547 0.230839 0.6958408 0.1859932 0.6911876 0.1850023 0.6921434 0.1818541 0.7425113 0.1909533 0.7407234 0.2239285 0.7306233 0.2249034 0.7399765 0.1490496 0.7462297 0.1505228 0.7430592 0.1835143 0.7468112 0.3027253 0.762985 0.2930999 0.7668848 0.2994281 0.718928 0.2764362 0.7140451 0.2775477 0.7136585 0.2733083 0.7517572 0.2647907 0.762985 0.2930999 0.7468112 0.3027253 0.7308729 0.2320697 0.7413547 0.230839 0.7500038 0.2598969 0.8047176 0.3716654 0.8187945 0.3469586 0.8251481 0.3507621 0.7225341 0.4114088 0.7194038 0.4148673 0.7166932 0.4106087 0.793282 0.328156 0.8187945 0.3469586 0.8047176 0.3716654 0.7497144 0.3096536 0.7668848 0.2994281 0.7872433 0.3231496 0.1958038 0.4402723 0.202224 0.436798 0.2180522 0.4669792 0.1826484 0.5170828 0.1828055 0.5216685 0.1788134 0.5215412 0.1694968 0.4500947 0.1958038 0.4402723 0.2121191 0.4705665 0.1388858 0.4849833 0.1350768 0.456413 0.1645509 0.4510866 0.2469353 0.3911281 0.2502821 0.3843421 0.2731557 0.395753 0.3259645 0.5138369 0.3236487 0.5181485 0.320167 0.5148422 0.2304024 0.4149107 0.2469353 0.3911281 0.2711148 0.4027414 0.2180522 0.4669792 0.202224 0.436798 0.2248049 0.4204409 0.2659184 0.3176219 0.2657583 0.3101984 0.2800326 0.3100757 0.3099439 0.3619673 0.3101461 0.3663165 0.3052259 0.3657703 0.2611597 0.3494164 0.2659184 0.3176219 0.2811335 0.3173441 0.2731557 0.395753 0.2502821 0.3843421 0.2598715 0.3546364 0.2510434 0.2370195 0.2484105 0.2307781 0.2502766 0.2297933 0.3109205 0.2613313 0.3130992 0.2645473 0.3088092 0.2659131 0.2586 0.2696401 0.2510434 0.2370195 0.2540668 0.2359052 0.2800326 0.3100757 0.2657583 0.3101984 0.2601305 0.2771787 0.6136987 0.8006911 0.6048021 0.803731 0.6047213 0.8035504 0.2412991 0.1959982 0.2445164 0.199906 0.239361 0.2034231 0.2290313 0.2032659 0.2154595 0.1790235 0.2158844 0.1787902 0.2502766 0.2297933 0.2484105 0.2307781 0.232068 0.2081911 0.5396619 0.8305828 0.5298326 0.8350323 0.5297289 0.8348297 0.5640617 0.8043886 0.5622524 0.7984094 0.5662195 0.7969491 0.5695131 0.8212233 0.5396619 0.8305828 0.5395842 0.830366 0.6047213 0.8035504 0.6048021 0.803731 0.5774731 0.8177471 0.4667671 0.8537517 0.4669927 0.8555277 0.4599851 0.8570973 0.4944971 0.8400787 0.4924511 0.8334779 0.4964941 0.8323807 0.4982486 0.8515481 0.4669927 0.8555277 0.4667671 0.8537517 0.5297289 0.8348297 0.5298326 0.8350323 0.5040357 0.8493061 0.3825076 0.8605742 0.382088 0.8644521 0.3752271 0.8637192 0.416141 0.8328988 0.4161886 0.8277803 0.4184678 0.8277336 0.4173926 0.8676859 0.382088 0.8644521 0.3825076 0.8605742 0.4594271 0.8549867 0.4599851 0.8570973 0.4257056 0.8668127 0.313304 0.8494643 0.3122239 0.8531979 0.3059378 0.85182 0.3433714 0.8456648 0.3446305 0.8400765 0.348071 0.8406503 0.3398161 0.8629203 0.3122239 0.8531979 0.313304 0.8494643 0.3753334 0.8599628 0.3752271 0.8637192 0.3452494 0.8638629 0.2380629 0.8327767 0.2370508 0.8368892 0.2308133 0.8355098 0.2757499 0.8135467 0.2772529 0.809118 0.279781 0.8096722 0.2670654 0.8465275 0.2370508 0.8368892 0.2380629 0.8327767 0.3067308 0.8478646 0.3059378 0.85182 0.2742336 0.8480203 0.1716881 0.8252114 0.1714158 0.8303461 0.1652026 0.8303847 0.2002 0.8175605 0.2009031 0.8124089 0.2047418 0.8128526 0.1985098 0.8351463 0.1714158 0.8303461 0.1716881 0.8252114 0.2313556 0.8314748 0.2308133 0.8355098 0.2035609 0.8355339 0.2369605 0.6780627 0.241024 0.6724939 0.2464712 0.6764433 0.1244173 0.7948222 0.1243613 0.7903345 0.1272273 0.7901718 0.1278754 0.8351025 0.09762299 0.8348145 0.09762275 0.8267077 0.1651622 0.8248681 0.1652026 0.8303847 0.1347554 0.8342742 0.2935577 0.7252516 0.2990236 0.7168245 0.305112 0.7205443 0.2588635 0.7169293 0.2552655 0.7207878 0.2522242 0.7181112 0.2753892 0.6962316 0.2990236 0.7168245 0.2935577 0.7252516 0.2420206 0.6823646 0.2464712 0.6764433 0.2711036 0.692898 0.3754044 0.7476143 0.3824172 0.7489734 0.3807604 0.7595266 0.3216393 0.7894833 0.3194313 0.7937834 0.3162404 0.7925549 0.3431759 0.7369923 0.3754044 0.7476143 0.3735457 0.758444 0.2994845 0.7293588 0.305112 0.7205443 0.3360336 0.7343038 0.4476249 0.7491035 0.4545077 0.7475462 0.4565543 0.7570823 0.4167996 0.7816331 0.4126592 0.7817351 0.4122856 0.7766218 0.4175142 0.7490396 0.4476249 0.7491035 0.4492931 0.7586509 0.3807604 0.7595266 0.3824172 0.7489734 0.4123072 0.7490031 0.5260079 0.7185969 0.5320623 0.7147174 0.5364142 0.7208135 0.5125437 0.785406 0.5094395 0.7872895 0.5069628 0.7828318 0.4940903 0.732765 0.5260079 0.7185969 0.5303326 0.7253372 0.4565543 0.7570823 0.4545077 0.7475462 0.4868291 0.7356059 0.5631615 0.2080093 0.5606911 0.2146829 0.5560786 0.2129942 0.5760406 0.7104282 0.5729601 0.7138654 0.5687624 0.7097907 0.5585294 0.6894295 0.5833204 0.6723448 0.5862515 0.6762845 0.5364142 0.7208135 0.5320623 0.7147174 0.5541957 0.6931149 0.5359048 0.2836352 0.5343578 0.2905352 0.5319047 0.2901821 0.513037 0.2370846 0.5137363 0.2336288 0.5187243 0.2348057 0.5489217 0.2530313 0.5359048 0.2836352 0.5331397 0.2828518 0.5560786 0.2129942 0.5606911 0.2146829 0.551702 0.2458003 0.5299161 0.3549255 0.5304315 0.3649435 0.5302215 0.364973 0.5146599 0.3238592 0.5146253 0.3188552 0.5208485 0.3191238 0.5332124 0.3262628 0.5299161 0.3549255 0.5295444 0.3549151 0.5319047 0.2901821 0.5343578 0.2905352 0.5339077 0.32033 0.5408701 0.4295878 0.5433447 0.4391478 0.5431466 0.4392131 0.5145506 0.402439 0.5132923 0.3984842 0.5187705 0.3969864 0.5370886 0.4008055 0.5408701 0.4295878 0.5406671 0.4296233 0.5302215 0.364973 0.5304315 0.3649435 0.5358464 0.3928965 0.5638132 0.494919 0.5648031 0.5010665 0.5646951 0.5010517 0.547033 0.4723637 0.5447764 0.4675946 0.5509095 0.4651336 0.5547199 0.4696792 0.5638132 0.494919 0.5636909 0.4949532 0.5431466 0.4392131 0.5433447 0.4391478 0.5527547 0.4643846 0.9572358 0.4105422 0.9550101 0.403688 0.9590108 0.402542 0.93746 0.4525967 0.9404461 0.4581401 0.9339335 0.4614243 0.9572358 0.4105422 0.9611044 0.4092543 0.9715308 0.4340082 0.9856026 0.4659151 0.9404461 0.4581401 0.9750397 0.4406957 0.9438197 0.3407934 0.9431042 0.3337361 0.9489347 0.3333723 0.9307203 0.3719257 0.9319329 0.378086 0.9247247 0.3791998 0.9438197 0.3407934 0.9494065 0.3403885 0.9522708 0.3690013 0.9550101 0.403688 0.9319329 0.378086 0.9531098 0.3748145 0.9392458 0.271601 0.9391346 0.264379 0.9487358 0.2650629 0.8948722 0.3004723 0.8960261 0.3063494 0.8887326 0.3063265 0.9392458 0.271601 0.9483049 0.272083 0.9477031 0.2989591 0.9431042 0.3337361 0.8960261 0.3063494 0.9478024 0.3065123 0.9429572 0.1986176 0.9440892 0.1911739 0.960947 0.1962442 0.911886 0.2240492 0.912387 0.2308346 0.9051775 0.2297313 0.9429572 0.1986176 0.9590043 0.2030026 0.9528077 0.2310773 0.9391346 0.264379 0.912387 0.2308346 0.9518634 0.2368757 0.9622079 0.1269502 0.9653194 0.1198565 0.9886775 0.1339722 0.8670523 0.1185193 0.8669479 0.1265361 0.8602498 0.1236495 0.9622079 0.1269502 0.9851105 0.1400285 0.9729364 0.1639873 0.9440892 0.1911739 0.8669479 0.1265361 0.9699613 0.1709284 0.7893278 0.6540732 0.8191794 0.6456996 0.8211254 0.652428 0.7518345 0.7094784 0.7554381 0.7158626 0.7486825 0.7185664 0.7911334 0.6613752 0.8211254 0.652428 0.8302975 0.6795965 0.8198187 0.723175 0.7554381 0.7158626 0.8324285 0.6850474 0.7838767 0.5810209 0.8061712 0.5787267 0.806971 0.5857224 0.6756469 0.6471291 0.6683853 0.6485744 0.6697538 0.641121 0.7836387 0.5885972 0.806971 0.5857224 0.8112443 0.6122988 0.7893278 0.6540732 0.6756469 0.6471291 0.812747 0.6196846 0.7940856 0.5075252 0.8062267 0.508755 0.8055894 0.5157625 0.7503827 0.5513669 0.7430834 0.5514973 0.7450259 0.5445467 0.7923715 0.5146764 0.8055894 0.5157625 0.8043994 0.5445132 0.7838767 0.5810209 0.7503827 0.5513669 0.804452 0.550391 0.8171698 0.4410721 0.8191934 0.4416722 0.8172653 0.4484444 0.7558874 0.4715354 0.7487232 0.4701333 0.7529984 0.4649149 0.8144043 0.4476664 0.8172653 0.4484444 0.8112215 0.4746615 0.7940856 0.5075252 0.7558874 0.4715354 0.8098722 0.4820997 0.9038953 0.0654242 0.9038173 0.0651769 0.9156692 0.06158268 0.8199797 0.4113843 0.813218 0.4086324 0.8163445 0.4032154 0.8433869 0.3835517 0.8438372 0.3837745 0.8308508 0.4094582 0.8171698 0.4410721 0.8199797 0.4113843 0.828576 0.4148829 0.837832 0.07977688 0.8377502 0.07953947 0.8493661 0.07717949 0.8775703 0.09024822 0.8830068 0.08877092 0.884198 0.09564703 0.8494047 0.07742726 0.8493661 0.07717949 0.8731479 0.07412248 0.9038953 0.0654242 0.8830068 0.08877092 0.880542 0.07255882 0.7877371 0.1127336 0.7835651 0.1182587 0.7820617 0.1171103 0.8140074 0.1026213 0.818027 0.09975713 0.8213804 0.106086 0.7877371 0.1127336 0.7864869 0.11166 0.8079478 0.0927177 0.837832 0.07977688 0.818027 0.09975713 0.8131037 0.08986175 0.761105 0.1731283 0.7604568 0.1798688 0.7569382 0.179596 0.7972219 0.1593771 0.7984275 0.1553896 0.8049216 0.1586883 0.761105 0.1731283 0.757713 0.1726198 0.7649539 0.1468333 0.7835651 0.1182587 0.7984275 0.1553896 0.7680426 0.1399546 0.7732911 0.2389183 0.7762458 0.2451534 0.7728007 0.2468406 0.7788867 0.2087301 0.7777249 0.2039034 0.7848613 0.2024447 0.7732911 0.2389183 0.7697976 0.2404937 0.7601587 0.213477 0.7604568 0.1798688 0.7777249 0.2039034 0.7588486 0.2077616 0.8082521 0.2965211 0.8123994 0.3021427 0.8090527 0.3045809 0.8220161 0.2549805 0.8193215 0.2508177 0.8256174 0.2471546 0.8082521 0.2965211 0.8049419 0.2988877 0.7898264 0.2767005 0.7762458 0.2451534 0.8193215 0.2508177 0.7858195 0.2703105 0.8514433 0.3512694 0.8559229 0.3566728 0.8516436 0.3600503 0.8465748 0.3188155 0.8428381 0.3143798 0.8486201 0.3099494 0.8514433 0.3512694 0.8472954 0.3545364 0.8296158 0.3319005 0.8123994 0.3021427 0.8428381 0.3143798 0.8260403 0.3272505 0.008847951 0.9459553 0.01545774 0.9434173 0.01788818 0.9504204 0.9108448 0.3559984 0.906975 0.3520569 0.9127989 0.3476821 0.8950712 0.4039819 0.8893316 0.4083198 0.8729392 0.3870557 0.8559229 0.3566728 0.906975 0.3520569 0.8682811 0.3811237 0.07583844 0.9232361 0.08272087 0.9213512 0.08492016 0.9302261 0.04160332 0.9107808 0.03588783 0.9129269 0.0337125 0.9059647 0.07583844 0.9232361 0.07810604 0.9319576 0.05043375 0.9397887 0.01545774 0.9434173 0.03588783 0.9129269 0.04482221 0.9415208 0.1511716 0.9085982 0.1521503 0.9182068 0.1451625 0.918981 0.106266 0.8618608 0.1004077 0.8631495 0.09914636 0.8559651 0.1440182 0.909369 0.1451625 0.918981 0.1185791 0.9229726 0.08272087 0.9213512 0.1004077 0.8631495 0.1111582 0.9243729 0.2228096 0.9088783 0.2220742 0.9174562 0.215063 0.9169308 0.1794768 0.8835171 0.1792608 0.8762261 0.1857597 0.8763061 0.2156356 0.9081802 0.215063 0.9169308 0.1863195 0.9162049 0.1511716 0.9085982 0.1794768 0.8835171 0.1804484 0.9163192 0.2910115 0.9236299 0.2891438 0.9300565 0.2823753 0.9281517 0.2591105 0.8664484 0.2604771 0.8592832 0.2663099 0.8609283 0.2841761 0.9214804 0.2823753 0.9281517 0.256177 0.9221392 0.2228096 0.9088783 0.2591105 0.8664484 0.2487423 0.9208127 0.2194237 0.7655094 0.2237942 0.7637373 0.2266476 0.7705872 0.3245213 0.9163662 0.3270764 0.909534 0.3328459 0.9122201 0.3499405 0.9483292 0.3479145 0.9525589 0.321548 0.9410848 0.2910115 0.9236299 0.3245213 0.9163662 0.3160606 0.9389906 0.2001204 0.6954106 0.2025439 0.6948928 0.204161 0.702135 0.1759202 0.7483844 0.1685391 0.7505697 0.1673749 0.7446696 0.2015209 0.7027527 0.204161 0.702135 0.211605 0.7295095 0.2194237 0.7655094 0.1759202 0.7483844 0.2140276 0.7371026 0.1965851 0.6197806 0.1968114 0.6197764 0.1969492 0.630572 0.1832087 0.6672276 0.1756024 0.6681477 0.1753914 0.661491 0.1965579 0.6305644 0.1969492 0.630572 0.1967844 0.6592118 0.2001204 0.6954106 0.1832087 0.6672276 0.1975212 0.6653803 0.206013 0.559677 0.2062369 0.5597316 0.2039439 0.5704398 0.1800614 0.5946593 0.1738197 0.5935322 0.1752684 0.5885454 0.2037247 0.5703793 0.2039439 0.5704398 0.1974782 0.591098 0.1965851 0.6197806 0.1800614 0.5946593 0.1964375 0.5979213 0.2104817 0.5369619 0.204921 0.5349078 0.2070152 0.5304365 0.2235363 0.511993 0.2239032 0.5121667 0.2137722 0.5331068 0.8198403 0.01529335 0.8126237 0.01317203 0.8133886 0.006720066 0.7599039 0.06766706 0.7562975 0.07475411 0.7506756 0.07145702 0.7736498 0.01735442 0.768991 0.02145838 0.7632421 0.01660346 0.8126237 0.01317203 0.7736498 0.01735442 0.7697468 0.01134145 0.768991 0.02145838 0.7599039 0.06766706 0.7535611 0.06524085 0.7278278 0.1377201 0.724955 0.1447846 0.7193253 0.1414005 0.7325225 0.1055371 0.726709 0.1034715 0.7293327 0.09730738 0.7562975 0.07475411 0.7349243 0.1003538 0.7293327 0.09730738 0.7325225 0.1055371 0.7278278 0.1377201 0.7217447 0.1356673 0.7164373 0.2339406 0.7099624 0.2342568 0.7089976 0.2281562 0.6862652 0.185615 0.6790016 0.1862931 0.6794205 0.1781314 0.6868043 0.1799557 0.6794205 0.1781314 0.7193253 0.1414005 0.7152989 0.2261369 0.7089976 0.2281562 0.6790016 0.1862931 0.7356498 0.3166178 0.7288032 0.3172088 0.7273493 0.3111258 0.709662 0.2794547 0.7038953 0.2817685 0.7019057 0.2744038 0.7082601 0.2736195 0.7019057 0.2744038 0.7099624 0.2342568 0.7332327 0.3086585 0.7273493 0.3111258 0.7038953 0.2817685 0.8006044 0.3852642 0.8077688 0.3852865 0.8082233 0.3907429 0.7175073 0.4205448 0.7140904 0.4293565 0.7012794 0.4195982 0.7099533 0.4138189 0.7012794 0.4195982 0.7288032 0.3172088 0.8006044 0.3852642 0.8018553 0.3914982 0.7140904 0.4293565 0.2246668 0.481096 0.2248793 0.4879363 0.2195558 0.4891102 0.1847046 0.525941 0.1872315 0.532136 0.1775512 0.5340492 0.1371617 0.4949293 0.1779721 0.5268894 0.1775512 0.5340492 0.2166835 0.4834953 0.2195558 0.4891102 0.1872315 0.532136 0.2876036 0.4007496 0.2939552 0.4032233 0.2924755 0.4093977 0.3260627 0.5240018 0.3330422 0.5166137 0.3435178 0.5222514 0.2246668 0.481096 0.3260627 0.5240018 0.3305763 0.533414 0.285401 0.4092814 0.2924755 0.4093977 0.3435178 0.5222514 0.2959923 0.3173457 0.2957584 0.3091264 0.302414 0.3100466 0.3147163 0.3679649 0.3155568 0.361461 0.322433 0.3613888 0.2876036 0.4007496 0.3147163 0.3679649 0.3210094 0.3700064 0.3155568 0.361461 0.2959923 0.3173457 0.3025857 0.3163854 0.2628428 0.2227066 0.26814 0.218907 0.2722998 0.2240775 0.3179472 0.2643639 0.3158649 0.2579971 0.3228355 0.2544593 0.2957584 0.3091264 0.3179472 0.2643639 0.3252814 0.2638419 0.3158649 0.2579971 0.2675929 0.2288397 0.2722998 0.2240775 0.6092019 0.7870404 0.6009343 0.7887884 0.5998598 0.7813595 0.2492522 0.1968648 0.2458496 0.1922458 0.2507591 0.1883354 0.2628428 0.2227066 0.2492522 0.1968648 0.2544297 0.1934022 0.2458496 0.1922458 0.2251427 0.1713817 0.2296121 0.1669288 0.5313475 0.8156512 0.5237031 0.8195801 0.5208552 0.8127053 0.5646412 0.7909274 0.5596124 0.7927544 0.5566386 0.7861515 0.5646412 0.7909274 0.5626299 0.78408 0.5998598 0.7813595 0.5596124 0.7927544 0.5313475 0.8156512 0.5273979 0.8092054 0.4636893 0.8372244 0.455938 0.8379253 0.456466 0.8305453 0.4948953 0.8260896 0.4905639 0.8272929 0.4885862 0.8207616 0.5237031 0.8195801 0.4948953 0.8260896 0.4930881 0.8194816 0.4905639 0.8272929 0.4636893 0.8372244 0.4626398 0.8301112 0.3826493 0.8429361 0.3754693 0.843746 0.3754454 0.8369061 0.4188404 0.8223393 0.4154875 0.8224275 0.4146804 0.8153638 0.455938 0.8379253 0.4188404 0.8223393 0.4189887 0.8152424 0.4154875 0.8224275 0.3826493 0.8429361 0.3808521 0.8360567 0.3168019 0.8347558 0.3099595 0.8327772 0.3128059 0.8268177 0.3493604 0.8354185 0.3453287 0.8346636 0.3461634 0.828647 0.3754693 0.843746 0.3493604 0.8354185 0.3505988 0.8294592 0.3453287 0.8346636 0.3168019 0.8347558 0.3181846 0.8284755 0.2400254 0.8177579 0.2330399 0.8176573 0.2336639 0.8115977 0.2816951 0.8051598 0.2777848 0.8040993 0.2787647 0.7974414 0.3099595 0.8327772 0.2816951 0.8051598 0.2839987 0.7989435 0.2777848 0.8040993 0.2400254 0.8177579 0.2393215 0.8114648 0.1723206 0.8112767 0.1653441 0.8104985 0.1670843 0.8044795 0.2058366 0.8080196 0.2011492 0.8073688 0.2015155 0.8016491 0.2330399 0.8176573 0.2058366 0.8080196 0.2069029 0.8024135 0.2011492 0.8073688 0.1723206 0.8112767 0.1726883 0.8052749 0.228393 0.6868045 0.2324486 0.6921057 0.2272696 0.6955452 0.1279548 0.7853077 0.1231913 0.7854276 0.1218767 0.7786419 0.1653441 0.8104985 0.1279548 0.7853077 0.1286289 0.7785871 0.1231913 0.7854276 0.09317791 0.8157379 0.08897078 0.8116137 0.2848835 0.7375665 0.2911207 0.7425459 0.2859218 0.747092 0.2483052 0.7214191 0.2522739 0.7250676 0.2484185 0.7302456 0.2324486 0.6921057 0.2483052 0.7214191 0.2436337 0.7256031 0.2848835 0.7375665 0.2810924 0.7430996 0.2484185 0.7302456 0.371377 0.7738624 0.3791849 0.7743383 0.3784328 0.7805514 0.3128598 0.7969428 0.3185196 0.7994267 0.3166778 0.8078285 0.2911207 0.7425459 0.3128598 0.7969428 0.308275 0.8035905 0.371377 0.7738624 0.3723922 0.7807046 0.3166778 0.8078285 0.4589555 0.7725154 0.4582042 0.7793732 0.4519224 0.7793387 0.4122162 0.7869327 0.4177642 0.7865622 0.4186229 0.7928327 0.4122162 0.7869327 0.4117344 0.7929363 0.3784328 0.7805514 0.4510399 0.7729321 0.4519224 0.7793387 0.4186229 0.7928327 0.5455926 0.7334198 0.5496421 0.7388178 0.5446198 0.7432509 0.510172 0.7925698 0.5160564 0.7901495 0.5205101 0.7973297 0.4589555 0.7725154 0.510172 0.7925698 0.5115554 0.800356 0.5392661 0.7386144 0.5446198 0.7432509 0.5205101 0.7973297 0.5429766 0.2051817 0.5385342 0.2004072 0.5432834 0.19564 0.576345 0.718205 0.5805328 0.7140664 0.5854892 0.718379 0.576345 0.718205 0.5804013 0.7231702 0.5496421 0.7388178 0.5958251 0.6849369 0.6014357 0.6878693 0.5854892 0.718379 0.5171394 0.287746 0.5104221 0.2868764 0.510941 0.280058 0.5091534 0.2310536 0.5074511 0.2363125 0.5001786 0.23482 0.5429766 0.2051817 0.5091534 0.2310536 0.5029829 0.2278408 0.5178777 0.2799094 0.510941 0.280058 0.5001786 0.23482 0.513912 0.364476 0.5070475 0.3639695 0.5071921 0.3566358 0.5089895 0.3180781 0.5087001 0.3240692 0.5020553 0.3241083 0.5171394 0.287746 0.5089895 0.3180781 0.5025048 0.3173201 0.5140176 0.3562989 0.5071921 0.3566358 0.5020553 0.3241083 0.206013 0.559677 0.2104817 0.5369619 0.2120833 0.5375421 0.5309407 0.4422839 0.5245954 0.4445851 0.5218074 0.4378018 0.5078336 0.3989406 0.5089797 0.4043278 0.5024496 0.4062143 0.5078336 0.3989406 0.501281 0.3996213 0.5070475 0.3639695 0.5089797 0.4043278 0.528012 0.4347832 0.5218074 0.4378018 0.56 0.5045546 0.5552254 0.5091788 0.5503998 0.5033188 0.5392183 0.4697558 0.5415411 0.475023 0.5357218 0.477765 0.5392183 0.4697558 0.5333157 0.4721069 0.5245954 0.4445851 0.5556495 0.4993637 0.5503998 0.5033188 0.5357218 0.477765 0.5609214 0.4959106 0.5556495 0.4993637 0.5415411 0.475023 0.5447764 0.4675946 0.5392183 0.4697558 0.5309407 0.4422839 0.5447764 0.4675946 0.547033 0.4723637 0.5415411 0.475023 0.5627486 0.5007633 0.56 0.5045546 0.5556495 0.4993637 0.5145506 0.402439 0.5350005 0.4312357 0.528012 0.4347832 0.5132923 0.3984842 0.5078336 0.3989406 0.513912 0.364476 0.5132923 0.3984842 0.5145506 0.402439 0.5089797 0.4043278 0.5379083 0.4402753 0.5309407 0.4422839 0.528012 0.4347832 0.521269 0.3556312 0.5140176 0.3562989 0.5087001 0.3240692 0.5242016 0.2889319 0.5146253 0.3188552 0.5089895 0.3180781 0.5146253 0.3188552 0.5146599 0.3238592 0.5087001 0.3240692 0.5218132 0.3654065 0.513912 0.364476 0.5140176 0.3562989 0.5257053 0.2800536 0.5178777 0.2799094 0.5074511 0.2363125 0.5485053 0.2107552 0.5137363 0.2336288 0.5091534 0.2310536 0.5137363 0.2336288 0.513037 0.2370846 0.5074511 0.2363125 0.5242016 0.2889319 0.5171394 0.287746 0.5178777 0.2799094 0.5902512 0.6820808 0.5958251 0.6849369 0.5805328 0.7140664 0.5729601 0.7138654 0.576345 0.718205 0.5455926 0.7334198 0.5729601 0.7138654 0.5760406 0.7104282 0.5805328 0.7140664 0.5485053 0.2107552 0.5429766 0.2051817 0.5477061 0.199889 0.5333264 0.7328204 0.5392661 0.7386144 0.5160564 0.7901495 0.45958 0.7645061 0.5094395 0.7872895 0.510172 0.7925698 0.5094395 0.7872895 0.5125437 0.785406 0.5160564 0.7901495 0.5413475 0.727032 0.5455926 0.7334198 0.5392661 0.7386144 0.44981 0.7659415 0.4510399 0.7729321 0.4177642 0.7865622 0.4126592 0.7817351 0.4122162 0.7869327 0.3791849 0.7743383 0.4167996 0.7816331 0.4177642 0.7865622 0.4122162 0.7869327 0.45958 0.7645061 0.4589555 0.7725154 0.4510399 0.7729321 0.3707011 0.7655153 0.371377 0.7738624 0.3185196 0.7994267 0.2969225 0.7367416 0.3162404 0.7925549 0.3128598 0.7969428 0.3162404 0.7925549 0.3194313 0.7937834 0.3185196 0.7994267 0.3707011 0.7655153 0.3804944 0.7672193 0.3791849 0.7743383 0.2887871 0.7313093 0.2848835 0.7375665 0.2522739 0.7250676 0.2377945 0.6881443 0.2522242 0.7181112 0.2483052 0.7214191 0.2522242 0.7181112 0.2552655 0.7207878 0.2522739 0.7250676 0.2887871 0.7313093 0.2969225 0.7367416 0.2911207 0.7425459 0.1243613 0.7903345 0.09822356 0.8203487 0.09317791 0.8157379 0.1637219 0.8178564 0.1272273 0.7901718 0.1279548 0.7853077 0.1272273 0.7901718 0.1243613 0.7903345 0.1231913 0.7854276 0.2329289 0.6831379 0.2377945 0.6881443 0.2324486 0.6921057 0.2009031 0.8124089 0.1723006 0.8181322 0.1723206 0.8112767 0.2320783 0.8244484 0.2047418 0.8128526 0.2058366 0.8080196 0.2047418 0.8128526 0.2009031 0.8124089 0.2011492 0.8073688 0.1723006 0.8181322 0.1637219 0.8178564 0.1653441 0.8104985 0.2772529 0.809118 0.2408995 0.8256907 0.2400254 0.8177579 0.3068943 0.8402584 0.279781 0.8096722 0.2816951 0.8051598 0.279781 0.8096722 0.2772529 0.809118 0.2777848 0.8040993 0.2408995 0.8256907 0.2320783 0.8244484 0.2330399 0.8176573 0.3446305 0.8400765 0.3155913 0.842118 0.3168019 0.8347558 0.375219 0.8519695 0.348071 0.8406503 0.3493604 0.8354185 0.348071 0.8406503 0.3446305 0.8400765 0.3453287 0.8346636 0.3155913 0.842118 0.3068943 0.8402584 0.3099595 0.8327772 0.4161886 0.8277803 0.3850463 0.8521357 0.3826493 0.8429361 0.4558706 0.8471081 0.4184678 0.8277336 0.4188404 0.8223393 0.4184678 0.8277336 0.4161886 0.8277803 0.4154875 0.8224275 0.3850463 0.8521357 0.375219 0.8519695 0.3754693 0.843746 0.4924511 0.8334779 0.4653503 0.84527 0.4636893 0.8372244 0.5265652 0.827348 0.4964941 0.8323807 0.4948953 0.8260896 0.4964941 0.8323807 0.4924511 0.8334779 0.4905639 0.8272929 0.4653503 0.84527 0.4558706 0.8471081 0.455938 0.8379253 0.5622524 0.7984094 0.5363364 0.8229319 0.5313475 0.8156512 0.5662195 0.7969491 0.5646412 0.7909274 0.6009343 0.7887884 0.5662195 0.7969491 0.5622524 0.7984094 0.5596124 0.7927544 0.5363364 0.8229319 0.5265652 0.827348 0.5237031 0.8195801 0.2412991 0.1959982 0.2206114 0.1760314 0.2251427 0.1713817 0.2570571 0.2264943 0.2445164 0.199906 0.2492522 0.1968648 0.2445164 0.199906 0.2412991 0.1959982 0.2458496 0.1922458 0.6110945 0.7943975 0.6021413 0.7971002 0.6009343 0.7887884 0.3109205 0.2613313 0.2617208 0.2342537 0.2675929 0.2288397 0.2879052 0.3082424 0.3130992 0.2645473 0.3179472 0.2643639 0.3130992 0.2645473 0.3109205 0.2613313 0.3158649 0.2579971 0.2570571 0.2264943 0.2628428 0.2227066 0.2675929 0.2288397 0.3099439 0.3619673 0.2881341 0.3187109 0.2959923 0.3173457 0.2805342 0.3977028 0.3101461 0.3663165 0.3147163 0.3679649 0.3101461 0.3663165 0.3099439 0.3619673 0.3155568 0.361461 0.2881341 0.3187109 0.2879052 0.3082424 0.2957584 0.3091264 0.2768452 0.4083697 0.285401 0.4092814 0.3330422 0.5166137 0.2237799 0.4727196 0.3236487 0.5181485 0.3260627 0.5240018 0.3236487 0.5181485 0.3259645 0.5138369 0.3330422 0.5166137 0.2805342 0.3977028 0.2876036 0.4007496 0.285401 0.4092814 0.2132642 0.4769561 0.2166835 0.4834953 0.1847046 0.525941 0.1405787 0.4906628 0.1788134 0.5215412 0.1779721 0.5268894 0.1828055 0.5216685 0.1847046 0.525941 0.1779721 0.5268894 0.2237799 0.4727196 0.2246668 0.481096 0.2166835 0.4834953 0.7999258 0.377772 0.8006044 0.3852642 0.7175073 0.4205448 0.7166932 0.4106087 0.7099533 0.4138189 0.7356498 0.3166178 0.7194038 0.4148673 0.7175073 0.4205448 0.7099533 0.4138189 0.7999258 0.377772 0.8084014 0.3804901 0.8077688 0.3852865 0.739609 0.3056214 0.7332327 0.3086585 0.709662 0.2794547 0.7136585 0.2733083 0.7082601 0.2736195 0.7164373 0.2339406 0.7140451 0.2775477 0.709662 0.2794547 0.7082601 0.2736195 0.7444079 0.3154024 0.7356498 0.3166178 0.7332327 0.3086585 0.7227502 0.2240361 0.7152989 0.2261369 0.6862652 0.185615 0.6921434 0.1818541 0.6868043 0.1799557 0.724955 0.1447846 0.6911876 0.1850023 0.6862652 0.185615 0.6868043 0.1799557 0.7240906 0.2338708 0.7164373 0.2339406 0.7152989 0.2261369 0.7375863 0.1072331 0.7349224 0.1397302 0.7278278 0.1377201 0.762193 0.07847172 0.7397097 0.1031833 0.7349243 0.1003538 0.7375863 0.1072331 0.7325225 0.1055371 0.7349243 0.1003538 0.7349224 0.1397302 0.7322254 0.1487357 0.724955 0.1447846 0.7736433 0.0250771 0.7670696 0.07047557 0.7599039 0.06766706 0.811622 0.01862221 0.7764623 0.02246314 0.7736498 0.01735442 0.7764623 0.02246314 0.7736433 0.0250771 0.768991 0.02145838 0.7670696 0.07047557 0.762193 0.07847172 0.7562975 0.07475411 0.8172273 0.02192181 0.811622 0.01862221 0.8126237 0.01317203 0.5648031 0.5010665 0.5623505 0.5063403 0.5622586 0.5062969 0.5627486 0.5007633 0.5646951 0.5010517 0.5622586 0.5062969 0.56 0.5045546 0.5622586 0.5062969 0.5572517 0.5112809 0.8209589 0.02381795 0.8172273 0.02192181 0.8198403 0.01529335 0.2013666 0.5587016 0.204921 0.5349078 0.2104817 0.5369619 0.8239358 0.01671266 0.8198403 0.01529335 0.821695 0.008146941 0.2214643 0.5108773 0.2235363 0.511993 0.2125082 0.5326085 0.2244117 0.5059247 0.2263194 0.5070303 0.2235363 0.511993 0.1889309 0.6197952 0.1738197 0.5935322 0.1800614 0.5946593 0.2120833 0.5375421 0.2104817 0.5369619 0.2125082 0.5326085 0.1986901 0.5687794 0.2037247 0.5703793 0.1815749 0.5893988 0.2013666 0.5587016 0.206013 0.559677 0.2037247 0.5703793 0.1925933 0.6970195 0.1756024 0.6681477 0.1832087 0.6672276 0.1964375 0.5979213 0.1800614 0.5946593 0.1815749 0.5893988 0.1881122 0.629749 0.1965579 0.6305644 0.1829586 0.6607657 0.1889309 0.6197952 0.1965851 0.6197806 0.1965579 0.6305644 0.21229 0.768402 0.1685391 0.7505697 0.1759202 0.7483844 0.1975212 0.6653803 0.1832087 0.6672276 0.1829586 0.6607657 0.1940255 0.7045062 0.2015209 0.7027527 0.1746571 0.7421736 0.1925933 0.6970195 0.2001204 0.6954106 0.2015209 0.7027527 0.2930467 0.9166254 0.3270764 0.909534 0.3245213 0.9163662 0.2140276 0.7371026 0.1759202 0.7483844 0.1746571 0.7421736 0.3530917 0.9417507 0.3499405 0.9483292 0.3301872 0.9190127 0.21229 0.768402 0.2194237 0.7655094 0.2220947 0.7725281 0.2234326 0.9016107 0.2604771 0.8592832 0.2591105 0.8664484 0.3160606 0.9389906 0.3245213 0.9163662 0.3301872 0.9190127 0.2860773 0.9144382 0.2841761 0.9214804 0.2651185 0.8681244 0.2930467 0.9166254 0.2910115 0.9236299 0.2841761 0.9214804 0.1504325 0.9013414 0.1792608 0.8762261 0.1794768 0.8835171 0.2487423 0.9208127 0.2591105 0.8664484 0.2651185 0.8681244 0.2161117 0.9009016 0.2156356 0.9081802 0.1858621 0.8835996 0.2234326 0.9016107 0.2228096 0.9088783 0.2156356 0.9081802 0.08096623 0.9142711 0.09914636 0.8559651 0.1004077 0.8631495 0.1804484 0.9163192 0.1794768 0.8835171 0.1858621 0.8835996 0.1431559 0.9021258 0.1440182 0.909369 0.106266 0.8618608 0.1504325 0.9013414 0.1511716 0.9085982 0.1440182 0.909369 0.01306641 0.9365261 0.0337125 0.9059647 0.03588783 0.9129269 0.1185791 0.9229726 0.1111582 0.9243729 0.1004077 0.8631495 0.07400321 0.9161765 0.07583844 0.9232361 0.04160332 0.9107808 0.07400321 0.9161765 0.08096623 0.9142711 0.08272087 0.9213512 0.8616407 0.3521599 0.9127989 0.3476821 0.906975 0.3520569 0.05043375 0.9397887 0.04482221 0.9415208 0.03588783 0.9129269 0.9008823 0.39959 0.8950712 0.4039819 0.9108448 0.3559984 0.006412982 0.9390795 0.01306641 0.9365261 0.01545774 0.9434173 0.8182869 0.297854 0.8486201 0.3099494 0.8428381 0.3143798 0.8729392 0.3870557 0.8682811 0.3811237 0.906975 0.3520569 0.8571656 0.3467624 0.8514433 0.3512694 0.8465748 0.3188155 0.8571656 0.3467624 0.8616407 0.3521599 0.8559229 0.3566728 0.7827873 0.2419495 0.8256174 0.2471546 0.8193215 0.2508177 0.8296158 0.3319005 0.8260403 0.3272505 0.8428381 0.3143798 0.8141775 0.292285 0.8082521 0.2965211 0.8220161 0.2549805 0.8141775 0.292285 0.8182869 0.297854 0.8123994 0.3021427 0.767719 0.1804316 0.7848613 0.2024447 0.7777249 0.2039034 0.7898264 0.2767005 0.7858195 0.2703105 0.8193215 0.2508177 0.7799313 0.2359241 0.7732911 0.2389183 0.7788867 0.2087301 0.7799313 0.2359241 0.7827873 0.2419495 0.7762458 0.2451534 0.7893534 0.12268 0.8049216 0.1586883 0.7984275 0.1553896 0.7601587 0.213477 0.7588486 0.2077616 0.7777249 0.2039034 0.7683085 0.1742081 0.761105 0.1731283 0.7972219 0.1593771 0.7683085 0.1742081 0.767719 0.1804316 0.7604568 0.1798688 0.8401287 0.08707833 0.8213804 0.106086 0.818027 0.09975713 0.7649539 0.1468333 0.7680426 0.1399546 0.7984275 0.1553896 0.7932625 0.1174775 0.7877371 0.1127336 0.8140074 0.1026213 0.7932625 0.1174775 0.7893534 0.12268 0.7835651 0.1182587 0.905399 0.07189357 0.884198 0.09564703 0.8830068 0.08877092 0.8079478 0.0927177 0.8131037 0.08986175 0.818027 0.09975713 0.8507804 0.08467924 0.8494047 0.07742726 0.8775703 0.09024822 0.8507804 0.08467924 0.8401287 0.08707833 0.837832 0.07977688 0.8101707 0.4389974 0.813218 0.4086324 0.8199797 0.4113843 0.8731479 0.07412248 0.880542 0.07255882 0.8830068 0.08877092 0.8383374 0.380859 0.8433869 0.3835517 0.8230503 0.4061012 0.905399 0.07189357 0.9038953 0.0654242 0.9157329 0.06178748 0.7868226 0.5067895 0.7487232 0.4701333 0.7558874 0.4715354 0.828576 0.4148829 0.8199797 0.4113843 0.8230503 0.4061012 0.8073598 0.4457507 0.8144043 0.4476664 0.7601986 0.4661202 0.8101707 0.4389974 0.8171698 0.4410721 0.8144043 0.4476664 0.7766144 0.5817628 0.7430834 0.5514973 0.7503827 0.5513669 0.8098722 0.4820997 0.7558874 0.4715354 0.7601986 0.4661202 0.7850957 0.5140784 0.7923715 0.5146764 0.752326 0.5445429 0.7868226 0.5067895 0.7940856 0.5075252 0.7923715 0.5146764 0.7823165 0.6560366 0.6683853 0.6485744 0.6756469 0.6471291 0.804452 0.550391 0.7503827 0.5513669 0.752326 0.5445429 0.7763918 0.589475 0.7836387 0.5885972 0.6771236 0.6396605 0.7766144 0.5817628 0.7838767 0.5810209 0.7836387 0.5885972 0.8133341 0.726477 0.7486825 0.7185664 0.7554381 0.7158626 0.812747 0.6196846 0.6756469 0.6471291 0.6771236 0.6396605 0.7841585 0.6634556 0.7911334 0.6613752 0.7518345 0.7094784 0.7823165 0.6560366 0.7893278 0.6540732 0.7911334 0.6613752 0.9371047 0.189073 0.8602498 0.1236495 0.8669479 0.1265361 0.8302975 0.6795965 0.8324285 0.6850474 0.7554381 0.7158626 0.955874 0.1233332 0.9622079 0.1269502 0.8670523 0.1185193 0.955874 0.1233332 0.9590767 0.116084 0.9653194 0.1198565 0.9318594 0.2638608 0.9051775 0.2297313 0.912387 0.2308346 0.9729364 0.1639873 0.9699613 0.1709284 0.8669479 0.1265361 0.9359213 0.1966952 0.9429572 0.1986176 0.911886 0.2240492 0.9359213 0.1966952 0.9371047 0.189073 0.9440892 0.1911739 0.9358249 0.3341904 0.8887326 0.3063265 0.8960261 0.3063494 0.9528077 0.2310773 0.9518634 0.2368757 0.912387 0.2308346 0.9319625 0.2712135 0.9392458 0.271601 0.8948722 0.3004723 0.9319625 0.2712135 0.9318594 0.2638608 0.9391346 0.264379 0.9479983 0.4056966 0.9247247 0.3791998 0.9319329 0.378086 0.9477031 0.2989591 0.9478024 0.3065123 0.8960261 0.3063494 0.9365451 0.3413209 0.9438197 0.3407934 0.9307203 0.3719257 0.9365451 0.3413209 0.9358249 0.3341904 0.9431042 0.3337361 0.9795313 0.4699572 0.9339335 0.4614243 0.9404461 0.4581401 0.9522708 0.3690013 0.9531098 0.3748145 0.9319329 0.378086 0.9503157 0.4128463 0.9572358 0.4105422 0.93746 0.4525967 0.9503157 0.4128463 0.9479983 0.4056966 0.9550101 0.403688 0.5379083 0.4402753 0.5431466 0.4392131 0.5509095 0.4651336 0.9715308 0.4340082 0.9750397 0.4406957 0.9404461 0.4581401 0.5532335 0.4701787 0.5636909 0.4949532 0.5609214 0.4959106 0.5636909 0.4949532 0.5646951 0.5010517 0.5627486 0.5007633 0.5218132 0.3654065 0.5302215 0.364973 0.5187705 0.3969864 0.5532335 0.4701787 0.5509095 0.4651336 0.5527547 0.4643846 0.5202634 0.4022253 0.5406671 0.4296233 0.5350005 0.4312357 0.5406671 0.4296233 0.5431466 0.4392131 0.5379083 0.4402753 0.5242016 0.2889319 0.5319047 0.2901821 0.5208485 0.3191238 0.5202634 0.4022253 0.5187705 0.3969864 0.5358464 0.3928965 0.5207255 0.3247305 0.5295444 0.3549151 0.521269 0.3556312 0.5295444 0.3549151 0.5302215 0.364973 0.5218132 0.3654065 0.5485053 0.2107552 0.5560786 0.2129942 0.5187243 0.2348057 0.5207255 0.3247305 0.5208485 0.3191238 0.5339077 0.32033 0.5174837 0.2395281 0.5331397 0.2828518 0.5257053 0.2800536 0.5331397 0.2828518 0.5319047 0.2901821 0.5242016 0.2889319 0.5413475 0.727032 0.5364142 0.7208135 0.5687624 0.7097907 0.5174837 0.2395281 0.5187243 0.2348057 0.551702 0.2458003 0.5725658 0.7059101 0.5862515 0.6762845 0.5902512 0.6820808 0.5586511 0.206304 0.5560786 0.2129942 0.5485053 0.2107552 0.45958 0.7645061 0.4565543 0.7570823 0.5069628 0.7828318 0.5725658 0.7059101 0.5687624 0.7097907 0.5541957 0.6931149 0.5113704 0.7806004 0.5303326 0.7253372 0.5333264 0.7328204 0.5303326 0.7253372 0.5364142 0.7208135 0.5413475 0.727032 0.3804944 0.7672193 0.3807604 0.7595266 0.4122856 0.7766218 0.5113704 0.7806004 0.5069628 0.7828318 0.4868291 0.7356059 0.4173398 0.776534 0.4492931 0.7586509 0.44981 0.7659415 0.4492931 0.7586509 0.4565543 0.7570823 0.45958 0.7645061 0.2969225 0.7367416 0.2994845 0.7293588 0.3173254 0.7877766 0.4173398 0.776534 0.4122856 0.7766218 0.4123072 0.7490031 0.3216393 0.7894833 0.3735457 0.758444 0.3707011 0.7655153 0.3735457 0.758444 0.3807604 0.7595266 0.3804944 0.7672193 0.2377945 0.6881443 0.2420206 0.6823646 0.2550948 0.7136833 0.3431759 0.7369923 0.3216393 0.7894833 0.3173254 0.7877766 0.2588635 0.7169293 0.2935577 0.7252516 0.2887871 0.7313093 0.2887871 0.7313093 0.2935577 0.7252516 0.2994845 0.7293588 0.1637219 0.8178564 0.1651622 0.8248681 0.1284809 0.7946467 0.2753892 0.6962316 0.2588635 0.7169293 0.2550948 0.7136833 0.1244173 0.7948222 0.09762275 0.8267077 0.09822356 0.8203487 0.2329289 0.6831379 0.2369605 0.6780627 0.2420206 0.6823646 0.2320783 0.8244484 0.2313556 0.8314748 0.2047473 0.8180732 0.1278754 0.8351025 0.1244173 0.7948222 0.1284809 0.7946467 0.2002 0.8175605 0.1716881 0.8252114 0.1723006 0.8181322 0.1723006 0.8181322 0.1716881 0.8252114 0.1651622 0.8248681 0.3068943 0.8402584 0.3067308 0.8478646 0.2795194 0.8143522 0.1985098 0.8351463 0.2002 0.8175605 0.2047473 0.8180732 0.2757499 0.8135467 0.2380629 0.8327767 0.2408995 0.8256907 0.2408995 0.8256907 0.2380629 0.8327767 0.2313556 0.8314748 0.375219 0.8519695 0.3753334 0.8599628 0.3476513 0.8463765 0.2670654 0.8465275 0.2757499 0.8135467 0.2795194 0.8143522 0.3433714 0.8456648 0.313304 0.8494643 0.3155913 0.842118 0.3155913 0.842118 0.313304 0.8494643 0.3067308 0.8478646 0.4558706 0.8471081 0.4594271 0.8549867 0.4198506 0.8329204 0.3398161 0.8629203 0.3433714 0.8456648 0.3476513 0.8463765 0.416141 0.8328988 0.3825076 0.8605742 0.3850463 0.8521357 0.3850463 0.8521357 0.3825076 0.8605742 0.3753334 0.8599628 0.5265652 0.827348 0.5297289 0.8348297 0.4993534 0.83879 0.4173926 0.8676859 0.416141 0.8328988 0.4198506 0.8329204 0.4944971 0.8400787 0.4667671 0.8537517 0.4653503 0.84527 0.4653503 0.84527 0.4667671 0.8537517 0.4594271 0.8549867 0.6021413 0.7971002 0.6047213 0.8035504 0.5693872 0.8024463 0.4982486 0.8515481 0.4944971 0.8400787 0.4993534 0.83879 0.5640617 0.8043886 0.5395842 0.830366 0.5363364 0.8229319 0.5363364 0.8229319 0.5395842 0.830366 0.5297289 0.8348297 0.2570571 0.2264943 0.2502766 0.2297933 0.239361 0.2034231 0.5695131 0.8212233 0.5640617 0.8043886 0.5693872 0.8024463 0.2358382 0.1991771 0.2158844 0.1787902 0.2206114 0.1760314 0.6136471 0.8005363 0.6047213 0.8035504 0.6021413 0.7971002 0.2879052 0.3082424 0.2800326 0.3100757 0.3088092 0.2659131 0.2358382 0.1991771 0.239361 0.2034231 0.232068 0.2081911 0.305559 0.2616246 0.2540668 0.2359052 0.2617208 0.2342537 0.2540668 0.2359052 0.2502766 0.2297933 0.2570571 0.2264943 0.2805342 0.3977028 0.2731557 0.395753 0.3052259 0.3657703 0.305559 0.2616246 0.3088092 0.2659131 0.2601305 0.2771787 0.3050683 0.3601608 0.2811335 0.3173441 0.2881341 0.3187109 0.2811335 0.3173441 0.2800326 0.3100757 0.2879052 0.3082424 0.2237799 0.4727196 0.2180522 0.4669792 0.320167 0.5148422 0.3050683 0.3601608 0.3052259 0.3657703 0.2598715 0.3546364 0.322407 0.509773 0.2711148 0.4027414 0.2768452 0.4083697 0.2711148 0.4027414 0.2731557 0.395753 0.2805342 0.3977028 0.1405787 0.4906628 0.1388858 0.4849833 0.1775104 0.5172672 0.322407 0.509773 0.320167 0.5148422 0.2248049 0.4204409 0.1826484 0.5170828 0.2121191 0.4705665 0.2132642 0.4769561 0.2121191 0.4705665 0.2180522 0.4669792 0.2237799 0.4727196 0.7444079 0.3154024 0.7497144 0.3096536 0.7197306 0.406326 0.1694968 0.4500947 0.1826484 0.5170828 0.1775104 0.5172672 0.7225341 0.4114088 0.8047176 0.3716654 0.7999258 0.377772 0.7999258 0.377772 0.8047176 0.3716654 0.8104265 0.3755433 0.7240906 0.2338708 0.7308729 0.2320697 0.7183021 0.2711302 0.793282 0.328156 0.7225341 0.4114088 0.7197306 0.406326 0.718928 0.2764362 0.7468112 0.3027253 0.739609 0.3056214 0.739609 0.3056214 0.7468112 0.3027253 0.7497144 0.3096536 0.7322254 0.1487357 0.7399765 0.1490496 0.6969532 0.1815397 0.7517572 0.2647907 0.718928 0.2764362 0.7183021 0.2711302 0.6958408 0.1859932 0.7306233 0.2249034 0.7227502 0.2240361 0.7227502 0.2240361 0.7306233 0.2249034 0.7308729 0.2320697 0.762193 0.07847172 0.7688012 0.08204299 0.7449745 0.1049345 0.7425113 0.1909533 0.6958408 0.1859932 0.6969532 0.1815397 0.7427224 0.1097479 0.7421556 0.1421943 0.7349224 0.1397302 0.7349224 0.1397302 0.7421556 0.1421943 0.7399765 0.1490496 0.811622 0.01862221 0.8172273 0.02192181 0.7805492 0.02574431 0.7606456 0.1170894 0.7427224 0.1097479 0.7449745 0.1049345 0.776838 0.02925765 0.7730011 0.07573759 0.7670696 0.07047557 0.7670696 0.07047557 0.7730011 0.07573759 0.7688012 0.08204299 0.8004116 0.05468511 0.776838 0.02925765 0.7805492 0.02574431 0.1560332 0.6090952 0.1330389 0.6242772 0.1337059 0.6139768 0.1504974 0.6023869 0.1337059 0.6139768 0.1347545 0.59659 0.1438752 0.5935384 0.1347545 0.59659 0.1345524 0.5784385 0.123653 0.5823605 0.1345524 0.5784385 0.1347545 0.59659 0.1438752 0.5935384 0.144788 0.5794614 0.1542918 0.5824266 0.118159 0.5420138 0.1314744 0.5322508 0.1333017 0.5455133 0.1186287 0.6097456 0.1137337 0.617949 0.1066178 0.5904468 0.1422758 0.5473154 0.1462342 0.5379353 0.1529177 0.5573479 0.1128522 0.5364643 0.1298072 0.5241836 0.1314744 0.5322508 0.1333017 0.5455133 0.1314744 0.5322508 0.1462342 0.5379353 0.1504974 0.6023869 0.1542918 0.5824266 0.1611325 0.5842171 0.1314744 0.5322508 0.1298072 0.5241836 0.1494296 0.5303628 0.124283 0.5493418 0.1333017 0.5455133 0.1342298 0.5603547 0.1462342 0.5379353 0.1494296 0.5303628 0.1592894 0.5545641 0.1248842 0.5977475 0.1186287 0.6097456 0.1134183 0.5875526 0.1137337 0.617949 0.1186287 0.6097456 0.1337059 0.6139768 0.1066178 0.5604315 0.1128522 0.5364643 0.118159 0.5420138 0.1137849 0.5618165 0.118159 0.5420138 0.124283 0.5493418 0.1337059 0.6139768 0.1186287 0.6097456 0.1248842 0.5977475 0.123653 0.5823605 0.1134183 0.5875526 0.1137849 0.5618165 0.1529177 0.5573479 0.1542918 0.5824266 0.144788 0.5794614 0.1238251 0.5624619 0.1342298 0.5603547 0.1345524 0.5784385 0.1345524 0.5784385 0.1342298 0.5603547 0.1442301 0.5602194 0.1529177 0.5573479 0.1592894 0.5545641 0.1611325 0.5842171 0.1134183 0.5875526 0.1066178 0.5904468 0.1066178 0.5604315 0.1342298 0.5603547 0.1333017 0.5455133 0.1422758 0.5473154 0.8374229 0.4937542 0.8429588 0.4870456 0.8597509 0.4986361 0.8429588 0.4870456 0.8495811 0.4781967 0.8587022 0.4812486 0.8495811 0.4781967 0.8486682 0.4641193 0.8589045 0.4630963 0.8587022 0.4812486 0.8589045 0.4630963 0.8698042 0.4670184 0.839164 0.4670845 0.8486682 0.4641193 0.8495811 0.4781967 0.8601549 0.4301699 0.8619822 0.4169069 0.8752983 0.4266703 0.8748286 0.4944046 0.8800392 0.4722107 0.8868401 0.4751051 0.8511807 0.431972 0.8492262 0.4448764 0.8405384 0.442005 0.8619822 0.4169069 0.8636499 0.4088394 0.8806055 0.4211207 0.8472221 0.4225916 0.8619822 0.4169069 0.8601549 0.4301699 0.8323232 0.4688752 0.839164 0.4670845 0.8429588 0.4870456 0.8440266 0.4150189 0.8636499 0.4088394 0.8619822 0.4169069 0.859227 0.4450119 0.8601549 0.4301699 0.869174 0.4339984 0.8472221 0.4225916 0.8405384 0.442005 0.8341663 0.439221 0.868573 0.4824059 0.8698042 0.4670184 0.8800392 0.4722107 0.8597509 0.4986361 0.8748286 0.4944046 0.879724 0.5026083 0.8868401 0.4450886 0.8796727 0.4464737 0.8752983 0.4266703 0.8796727 0.4464737 0.869632 0.4471191 0.869174 0.4339984 0.8597509 0.4986361 0.8587022 0.4812486 0.868573 0.4824059 0.8698042 0.4670184 0.869632 0.4471191 0.8796727 0.4464737 0.8486682 0.4641193 0.839164 0.4670845 0.8405384 0.442005 0.869632 0.4471191 0.8698042 0.4670184 0.8589045 0.4630963 0.8492262 0.4448764 0.859227 0.4450119 0.8589045 0.4630963 0.8405384 0.442005 0.839164 0.4670845 0.8323232 0.4688752 0.8800392 0.4722107 0.8796727 0.4464737 0.8868401 0.4450886 0.859227 0.4450119 0.8492262 0.4448764 0.8511807 0.431972 0.2025914 0.2934033 0.1898214 0.2681176 0.2065379 0.2647793 0.1638267 0.2310773 0.1647127 0.2689165 0.149741 0.2664567 0.3692945 0.9436948 0.3780544 0.9467079 0.3733015 0.9187613 0.1604828 0.2924037 0.1647127 0.2689165 0.1898214 0.2681176 0.1732039 0.2302928 0.1898214 0.2681176 0.1647127 0.2689165 0.149741 0.2664567 0.1647127 0.2689165 0.1604828 0.2924037 0.6660359 0.6004593 0.6541736 0.609036 0.656327 0.6181027 0.1837218 0.2297239 0.2065379 0.2647793 0.1898214 0.2681176 0.3780544 0.9467079 0.3866975 0.9498962 0.3888397 0.919568 0.6526108 0.6000446 0.6541736 0.609036 0.6660359 0.6004593 0.6972416 0.02022659 0.6823202 0.01144456 0.6832095 0.01683366 0.4160466 0.8931087 0.4187914 0.8863178 0.3908339 0.8883295 0.3866975 0.9498962 0.3965278 0.9549455 0.4064143 0.9207874 0.7147331 0.02894324 0.7177336 0.02486592 0.6972416 0.02022659 0.7316833 0.0331965 0.7365751 0.0295794 0.7177336 0.02486592 0.367832 0.8945565 0.3902798 0.8948747 0.3908339 0.8883295 0.3445208 0.8919249 0.367832 0.8945565 0.3661543 0.8883805 0.9527216 0.7025187 0.9813943 0.6690194 0.9762669 0.7268685 0.9647752 0.7809171 0.9575584 0.7866451 0.9304178 0.7617316 0.4297751 0.9485443 0.434641 0.9202167 0.4256944 0.9232435 0.9205092 0.7320061 0.9527216 0.7025187 0.9610674 0.7353563 0.9727404 0.775577 0.9647752 0.7809171 0.9409499 0.7505851 0.9205092 0.7320061 0.9409499 0.7505851 0.9304178 0.7617316 0.8346229 0.1346836 0.8240535 0.1536731 0.847862 0.1536737 0.9808509 0.76953 0.9727404 0.775577 0.9610674 0.7353563 0.4454059 0.9478186 0.4434679 0.9170341 0.434641 0.9202167 0.8346229 0.1346836 0.849608 0.1442525 0.8506465 0.1351458 0.5643587 0.577173 0.5734954 0.535839 0.5589717 0.5440148 0.4467168 0.9781691 0.4734249 0.9832205 0.4632473 0.9469757 0.4632473 0.9469757 0.453543 0.9119728 0.4434679 0.9170341 0.5478132 0.5755603 0.5567911 0.575348 0.5589717 0.5440148 0.5421472 0.5780326 0.5478132 0.5755603 0.5402074 0.5404619 0.4297751 0.9485443 0.4236964 0.9784752 0.4467168 0.9781691 0.4123409 0.9505556 0.3995729 0.9843345 0.4236964 0.9784752 0.7364628 0.0246188 0.718258 0.01965719 0.7177336 0.02486592 0.6691558 0.5979489 0.6748698 0.5965396 0.6687527 0.574671 0.6972416 0.02022659 0.7004708 0.01480215 0.6857853 0.007990419 0.718258 0.01965719 0.7004708 0.01480215 0.6972416 0.02022659 0.3908339 0.8883295 0.4187914 0.8863178 0.4178667 0.8808967 0.3661543 0.8883805 0.3673961 0.8827775 0.3431265 0.8809535 0.3908339 0.8883295 0.3905761 0.882322 0.3673961 0.8827775 0.1594337 0.2973058 0.1608917 0.3029854 0.129678 0.3069087 0.2484712 0.3070854 0.2050793 0.3042824 0.205379 0.2984495 0.205379 0.2984495 0.2050793 0.3042824 0.1608917 0.3029854 0.6831949 0.615793 0.6748698 0.5965396 0.6691558 0.5979489 0.1313521 0.2963581 0.1604828 0.2924037 0.1594337 0.2973058 0.1594337 0.2973058 0.1604828 0.2924037 0.2025914 0.2934033 0.205379 0.2984495 0.2025914 0.2934033 0.2420032 0.2957404 0.3561955 0.9171158 0.3733015 0.9187613 0.367832 0.8945565 0.3733015 0.9187613 0.3888397 0.919568 0.3902798 0.8948747 0.4064143 0.9207874 0.4160466 0.8931087 0.3902798 0.8948747 0.7032373 0.05973505 0.7316833 0.0331965 0.7147331 0.02894324 0.6989124 0.05519652 0.7147331 0.02894324 0.6963191 0.02529346 0.6963191 0.02529346 0.6832095 0.01683366 0.6826534 0.05278652 0.661479 0.5799278 0.6660359 0.6004593 0.6691558 0.5979489 0.6691558 0.5979489 0.6660359 0.6004593 0.6742385 0.6177964</float_array>
          <technique_common>
            <accessor source="#Cube_018-mesh-map-0-array" count="8310" stride="2">
              <param name="S" type="float"/>
              <param name="T" type="float"/>
            </accessor>
          </technique_common>
        </source>
        <vertices id="Cube_018-mesh-vertices">
          <input semantic="POSITION" source="#Cube_018-mesh-positions"/>
        </vertices>
        <triangles material="Manon_Details-material" count="2770">
          <input semantic="VERTEX" source="#Cube_018-mesh-vertices" offset="0"/>
          <input semantic="NORMAL" source="#Cube_018-mesh-normals" offset="1"/>
          <input semantic="TEXCOORD" source="#Cube_018-mesh-map-0" offset="2" set="0"/>
          <p>2 0 0 25 1 1 5 2 2 85 3 3 8 4 4 34 5 5 35 6 6 16 7 7 12 8 8 4 9 9 40 10 10 6 11 11 19 12 12 25 1 13 28 13 14 84 14 15 34 5 16 12 8 17 14 15 18 35 6 19 4 9 20 4 9 21 35 6 22 40 10 23 40 10 24 12 8 25 34 5 26 84 14 27 16 7 28 87 16 29 97 17 30 37 18 31 24 19 32 6 11 33 34 5 34 8 4 35 23 20 36 24 19 37 37 18 38 21 21 39 5 2 40 19 12 41 97 17 42 1 22 43 96 23 44 26 24 45 22 25 46 30 26 47 95 27 48 33 28 49 93 29 50 30 26 51 22 25 52 27 30 53 11 31 54 89 32 55 88 33 56 15 34 57 7 35 58 21 21 59 22 25 60 36 36 61 27 30 62 92 37 63 33 28 64 3 38 65 1 22 66 24 19 67 23 20 68 94 39 69 3 38 70 29 40 71 7 35 72 2 0 73 5 2 74 13 41 75 2 0 76 7 35 77 90 42 78 11 31 79 88 33 80 91 43 81 9 44 82 90 42 83 44 45 84 47 46 85 67 47 86 74 48 87 50 49 88 52 50 89 77 51 90 58 52 91 56 53 92 46 54 93 48 55 94 82 56 95 67 47 96 61 57 97 70 58 98 83 59 99 76 60 100 74 48 101 56 53 102 46 54 103 77 51 104 46 54 105 82 56 106 77 51 107 82 56 108 54 61 109 77 51 110 58 52 111 83 59 112 60 62 113 62 63 114 79 64 115 81 65 116 48 55 117 76 60 118 82 56 119 65 66 120 79 64 121 66 67 122 47 46 123 63 68 124 61 57 125 43 69 126 62 63 127 42 70 128 68 71 129 72 72 130 64 73 131 75 74 132 78 75 133 69 76 134 72 72 135 69 76 136 64 73 137 57 77 138 53 78 139 63 68 140 49 79 141 57 77 142 63 68 143 64 73 144 69 76 145 78 75 146 72 72 147 75 74 148 69 76 149 43 69 150 65 66 151 66 67 152 68 71 153 45 80 154 72 72 155 49 79 156 47 46 157 44 45 158 55 81 159 49 79 160 44 45 161 61 57 162 53 78 163 51 82 164 70 58 165 51 82 166 73 83 167 3 38 168 71 84 169 29 40 170 20 85 171 42 70 172 62 63 173 33 28 174 80 86 175 75 74 176 33 28 177 45 80 178 3 38 179 11 31 180 59 87 181 17 88 182 73 83 183 9 44 184 31 89 185 51 82 186 11 31 187 9 44 188 41 90 189 60 62 190 83 59 191 32 91 192 52 50 193 10 92 194 32 91 195 83 59 196 74 48 197 20 85 198 81 65 199 39 93 200 41 90 201 87 16 202 18 94 203 41 90 204 85 3 205 84 14 206 32 91 207 86 95 208 85 3 209 28 13 210 90 42 211 19 12 212 19 12 213 88 33 214 21 21 215 88 33 216 15 34 217 21 21 218 26 24 219 92 37 220 94 39 221 30 26 222 93 29 223 92 37 224 36 36 225 93 29 226 27 30 227 20 85 228 96 23 229 0 96 230 20 85 231 98 97 232 97 17 233 143 98 234 147 99 235 146 100 236 145 101 237 147 99 238 144 102 239 147 99 240 149 103 241 146 100 242 147 99 243 151 104 244 150 105 245 99 106 246 143 98 247 109 107 248 110 108 249 144 102 250 143 98 251 112 109 252 144 102 253 111 110 254 100 111 255 145 101 256 112 109 257 113 112 258 148 113 259 145 101 260 148 113 261 115 114 262 151 104 263 151 104 264 102 115 265 116 116 266 150 105 267 116 116 268 117 117 269 150 105 270 118 118 271 149 103 272 149 103 273 101 119 274 107 120 275 146 100 276 107 120 277 108 121 278 109 107 279 146 100 280 108 121 281 152 122 282 156 123 283 155 124 284 154 125 285 156 123 286 153 126 287 156 123 288 158 127 289 155 124 290 156 123 291 160 128 292 159 129 293 101 119 294 152 122 295 121 130 296 118 118 297 153 126 298 152 122 299 116 116 300 153 126 301 117 117 302 102 115 303 154 125 304 116 116 305 122 131 306 157 132 307 154 125 308 157 132 309 124 133 310 160 128 311 160 128 312 106 134 313 125 135 314 159 129 315 125 135 316 126 136 317 159 129 318 127 137 319 158 127 320 158 127 321 105 138 322 119 139 323 155 124 324 119 139 325 120 140 326 121 130 327 155 124 328 120 140 329 161 141 330 165 142 331 164 143 332 163 144 333 165 142 334 162 145 335 165 142 336 167 146 337 164 143 338 165 142 339 169 147 340 168 148 341 105 138 342 161 141 343 130 149 344 127 137 345 162 145 346 161 141 347 125 135 348 162 145 349 126 136 350 106 134 351 163 144 352 125 135 353 131 150 354 166 151 355 163 144 356 166 151 357 133 152 358 169 147 359 169 147 360 104 153 361 134 154 362 168 148 363 134 154 364 135 155 365 168 148 366 136 156 367 167 146 368 167 146 369 103 157 370 128 158 371 164 143 372 128 158 373 129 159 374 130 149 375 164 143 376 129 159 377 170 160 378 174 161 379 173 162 380 172 163 381 174 161 382 171 164 383 174 161 384 176 165 385 173 162 386 174 161 387 178 166 388 177 167 389 103 157 390 170 160 391 139 168 392 136 156 393 171 164 394 170 160 395 134 154 396 171 164 397 135 155 398 104 153 399 172 163 400 134 154 401 140 169 402 175 170 403 172 163 404 175 170 405 142 171 406 178 166 407 178 166 408 100 111 409 112 109 410 177 167 411 112 109 412 111 110 413 177 167 414 110 108 415 176 165 416 176 165 417 99 106 418 137 172 419 173 162 420 137 172 421 138 173 422 139 168 423 173 162 424 138 173 425 179 174 426 183 175 427 182 176 428 181 177 429 183 175 430 180 178 431 183 175 432 185 179 433 182 176 434 183 175 435 187 180 436 186 181 437 101 119 438 179 174 439 107 120 440 120 140 441 179 174 442 121 130 443 119 139 444 180 178 445 120 140 446 105 138 447 181 177 448 119 139 449 130 149 450 184 182 451 181 177 452 184 182 453 128 158 454 187 180 455 187 180 456 103 157 457 139 168 458 186 181 459 139 168 460 138 173 461 186 181 462 137 172 463 185 179 464 185 179 465 99 106 466 109 107 467 182 176 468 109 107 469 108 121 470 107 120 471 182 176 472 108 121 473 189 183 474 191 184 475 188 185 476 189 183 477 193 186 478 192 187 479 191 184 480 195 188 481 194 189 482 193 186 483 195 188 484 192 187 485 124 133 486 131 150 487 106 134 488 123 190 489 188 185 490 124 133 491 123 190 492 190 191 493 189 183 494 122 131 495 115 114 496 190 191 497 190 191 498 114 192 499 193 186 500 114 192 501 196 193 502 193 186 503 113 112 504 142 171 505 196 193 506 196 193 507 141 194 508 195 188 509 194 189 510 141 194 511 140 169 512 133 152 513 140 169 514 104 153 515 132 195 516 194 189 517 133 152 518 188 185 519 132 195 520 131 150 521 198 196 522 199 197 523 197 198 524 202 199 525 203 200 526 204 201 527 205 202 528 201 203 529 206 204 530 207 205 531 201 203 532 202 199 533 207 205 534 204 201 535 208 206 536 205 202 537 204 201 538 203 200 539 199 197 540 208 206 541 205 202 542 198 196 543 208 206 544 200 207 545 197 198 546 207 205 547 198 196 548 199 197 549 206 204 550 197 198 551 210 208 552 211 209 553 212 210 554 214 211 555 215 212 556 213 213 557 213 213 558 217 214 559 218 215 560 219 216 561 213 213 562 218 215 563 216 217 564 219 216 565 220 218 566 217 214 567 216 217 568 220 218 569 211 209 570 220 218 571 212 210 572 220 218 573 210 208 574 212 210 575 219 216 576 209 219 577 210 208 578 218 215 579 211 209 580 209 219 581 221 220 582 227 221 583 222 221 584 226 222 585 221 220 586 223 223 587 224 220 588 228 221 589 227 221 590 257 223 591 224 220 592 226 222 593 222 221 594 229 224 595 230 224 596 227 221 597 231 224 598 229 224 599 230 224 600 232 225 601 233 225 602 229 224 603 234 225 604 232 225 605 233 225 606 235 226 607 236 226 608 232 225 609 237 226 610 235 226 611 236 226 612 238 227 613 239 227 614 235 226 615 240 227 616 238 227 617 239 227 618 241 228 619 242 228 620 238 227 621 243 228 622 241 228 623 241 228 624 245 229 625 242 228 626 243 228 627 244 229 628 241 228 629 244 229 630 248 230 631 245 229 632 246 229 633 247 230 634 244 229 635 247 230 636 251 231 637 248 230 638 249 230 639 250 231 640 247 230 641 250 231 642 254 232 643 251 231 644 252 231 645 253 232 646 250 231 647 253 232 648 223 223 649 254 232 650 255 232 651 226 222 652 253 232 653 278 231 654 255 232 655 252 231 656 256 233 657 257 223 658 255 232 659 258 222 660 225 220 661 257 223 662 281 233 663 258 222 664 256 233 665 259 222 666 260 220 667 258 222 668 225 220 669 262 221 670 228 221 671 260 220 672 263 221 673 262 221 674 262 221 675 265 224 676 264 224 677 228 221 678 264 224 679 231 224 680 264 224 681 267 225 682 266 225 683 231 224 684 266 225 685 234 225 686 266 225 687 269 226 688 268 226 689 234 225 690 268 226 691 237 226 692 268 226 693 271 234 694 270 227 695 237 226 696 270 227 697 240 227 698 270 227 699 273 228 700 272 228 701 240 227 702 272 228 703 243 228 704 273 228 705 274 229 706 272 228 707 272 228 708 246 229 709 243 228 710 275 235 711 276 230 712 274 229 713 274 229 714 249 230 715 246 229 716 277 236 717 278 231 718 276 230 719 276 230 720 252 231 721 249 230 722 279 231 723 256 233 724 278 231 725 280 237 726 281 233 727 279 231 728 293 236 729 279 231 730 277 236 731 282 232 732 259 222 733 281 233 734 282 232 735 280 237 736 283 238 737 284 223 738 282 232 739 283 238 740 285 239 741 284 223 742 283 238 743 284 223 744 261 220 745 259 222 746 286 221 747 285 239 748 283 238 749 261 220 750 286 221 751 263 221 752 287 240 753 286 221 754 283 238 755 263 221 756 287 240 757 265 224 758 288 225 759 287 240 760 283 238 761 265 224 762 288 225 763 267 225 764 289 226 765 288 225 766 283 238 767 267 225 768 289 226 769 269 226 770 290 234 771 289 226 772 283 238 773 269 226 774 290 234 775 271 234 776 291 241 777 290 234 778 283 238 779 271 234 780 291 241 781 273 228 782 292 235 783 291 241 784 283 238 785 291 241 786 275 235 787 273 228 788 293 236 789 292 235 790 283 238 791 292 235 792 277 236 793 275 235 794 280 237 795 293 236 796 283 238 797 294 242 798 300 243 799 297 242 800 294 242 801 299 244 802 296 244 803 297 242 804 301 243 805 298 242 806 297 242 807 330 244 808 299 244 809 295 243 810 302 245 811 300 243 812 300 243 813 304 245 814 301 243 815 303 245 816 305 246 817 302 245 818 302 245 819 307 246 820 304 245 821 306 246 822 308 247 823 305 246 824 305 246 825 310 247 826 307 246 827 309 247 828 311 248 829 308 247 830 308 247 831 313 248 832 310 247 833 312 248 834 314 249 835 311 248 836 311 248 837 316 249 838 313 248 839 318 250 840 314 249 841 315 249 842 317 250 843 316 249 844 314 249 845 321 251 846 317 250 847 318 250 848 320 252 849 319 250 850 317 250 851 324 253 852 320 252 853 321 251 854 323 253 855 322 251 856 320 252 857 327 254 858 323 253 859 324 253 860 326 254 861 325 253 862 323 253 863 296 244 864 326 254 865 327 254 866 299 244 867 328 254 868 326 254 869 328 254 870 351 253 871 325 253 872 330 244 873 329 254 874 328 254 875 298 242 876 331 244 877 330 244 878 331 244 879 354 254 880 329 254 881 333 242 882 332 244 883 331 244 884 298 242 885 335 243 886 333 242 887 333 242 888 336 243 889 334 242 890 335 243 891 338 245 892 336 243 893 301 243 894 337 245 895 335 243 896 337 245 897 340 246 898 338 245 899 304 245 900 339 246 901 337 245 902 339 246 903 342 247 904 340 246 905 307 246 906 341 247 907 339 246 908 341 247 909 344 248 910 342 247 911 310 247 912 343 248 913 341 247 914 343 248 915 346 249 916 344 248 917 313 248 918 345 249 919 343 248 920 347 250 921 346 249 922 345 249 923 319 250 924 345 249 925 316 249 926 349 251 927 348 250 928 347 250 929 322 251 930 347 250 931 319 250 932 351 253 933 350 252 934 349 251 935 325 253 936 349 251 937 322 251 938 329 254 939 352 253 940 351 253 941 354 254 942 353 253 943 352 253 944 352 253 945 366 252 946 350 252 947 332 244 948 355 254 949 354 254 950 355 254 951 356 255 952 353 253 953 357 256 954 356 255 955 355 254 956 358 242 957 356 255 958 357 256 959 334 242 960 357 256 961 332 244 962 359 243 963 356 255 964 358 242 965 334 242 966 359 243 967 358 242 968 360 257 969 356 255 970 359 243 971 336 243 972 360 257 973 359 243 974 361 246 975 356 255 976 360 257 977 338 245 978 361 246 979 360 257 980 362 247 981 356 255 982 361 246 983 340 246 984 362 247 985 361 246 986 363 248 987 356 255 988 362 247 989 342 247 990 363 248 991 362 247 992 364 249 993 356 255 994 363 248 995 344 248 996 364 249 997 363 248 998 365 258 999 356 255 1000 364 249 1001 348 250 1002 364 249 1003 346 249 1004 366 252 1005 356 255 1006 365 258 1007 350 252 1008 365 258 1009 348 250 1010 353 253 1011 356 255 1012 366 252 1013 367 259 1014 373 260 1015 370 261 1016 369 262 1017 370 261 1018 372 263 1019 370 261 1020 374 260 1021 371 261 1022 372 263 1023 371 261 1024 403 263 1025 368 264 1026 375 265 1027 373 260 1028 373 260 1029 377 265 1030 374 260 1031 376 266 1032 378 267 1033 375 265 1034 375 265 1035 380 267 1036 377 265 1037 379 268 1038 381 269 1039 378 267 1040 378 267 1041 383 269 1042 380 267 1043 385 270 1044 381 269 1045 382 271 1046 384 272 1047 383 269 1048 381 269 1049 388 273 1050 384 272 1051 385 270 1052 387 274 1053 386 272 1054 384 272 1055 391 275 1056 387 274 1057 388 273 1058 390 276 1059 389 274 1060 387 274 1061 394 277 1062 390 276 1063 391 275 1064 393 278 1065 392 276 1066 390 276 1067 397 279 1068 393 278 1069 394 277 1070 396 280 1071 395 278 1072 393 278 1073 400 281 1074 396 280 1075 397 279 1076 399 282 1077 398 280 1078 396 280 1079 400 281 1080 372 263 1081 399 282 1082 399 282 1083 403 263 1084 401 282 1085 401 282 1086 424 280 1087 398 280 1088 401 282 1089 404 263 1090 402 282 1091 403 263 1092 406 261 1093 404 263 1094 404 263 1095 427 282 1096 402 282 1097 404 263 1098 407 261 1099 405 263 1100 371 261 1101 408 283 1102 406 261 1103 406 261 1104 409 260 1105 407 261 1106 408 283 1107 411 265 1108 409 260 1109 374 260 1110 410 265 1111 408 283 1112 410 265 1113 413 267 1114 411 265 1115 377 265 1116 412 267 1117 410 265 1118 412 267 1119 415 269 1120 413 267 1121 380 267 1122 414 269 1123 412 267 1124 414 269 1125 417 272 1126 415 269 1127 386 272 1128 414 269 1129 383 269 1130 418 274 1131 417 272 1132 416 272 1133 389 274 1134 416 272 1135 386 272 1136 420 276 1137 419 274 1138 418 274 1139 392 276 1140 418 274 1141 389 274 1142 422 278 1143 421 276 1144 420 276 1145 395 278 1146 420 276 1147 392 276 1148 424 280 1149 423 278 1150 422 278 1151 398 280 1152 422 278 1153 395 278 1154 402 282 1155 425 280 1156 424 280 1157 425 280 1158 448 278 1159 423 278 1160 427 282 1161 426 280 1162 425 280 1163 405 263 1164 428 284 1165 427 282 1166 430 263 1167 429 285 1168 428 284 1169 428 284 1170 451 280 1171 426 280 1172 432 261 1173 431 286 1174 430 263 1175 405 263 1176 432 261 1177 430 263 1178 432 261 1179 435 283 1180 433 261 1181 407 261 1182 434 283 1183 432 261 1184 434 283 1185 437 265 1186 435 283 1187 409 260 1188 436 265 1189 434 283 1190 436 265 1191 439 267 1192 437 265 1193 411 265 1194 438 267 1195 436 265 1196 438 267 1197 441 269 1198 439 267 1199 413 267 1200 440 269 1201 438 267 1202 440 269 1203 443 287 1204 441 269 1205 415 269 1206 442 272 1207 440 269 1208 442 272 1209 445 288 1210 443 287 1211 419 274 1212 442 272 1213 417 272 1214 446 276 1215 445 288 1216 444 274 1217 421 276 1218 444 274 1219 419 274 1220 448 278 1221 447 289 1222 446 276 1223 423 278 1224 446 276 1225 421 276 1226 426 280 1227 449 290 1228 448 278 1229 449 290 1230 450 291 1231 447 289 1232 451 280 1233 450 291 1234 449 290 1235 429 285 1236 450 291 1237 451 280 1238 433 261 1239 450 291 1240 431 286 1241 435 283 1242 450 291 1243 433 261 1244 445 288 1245 450 291 1246 443 287 1247 443 287 1248 450 291 1249 441 269 1250 437 265 1251 450 291 1252 435 283 1253 439 267 1254 450 291 1255 437 265 1256 447 289 1257 450 291 1258 445 288 1259 441 269 1260 450 291 1261 439 267 1262 431 286 1263 450 291 1264 429 285 1265 452 292 1266 458 293 1267 453 294 1268 454 295 1269 455 296 1270 452 292 1271 457 297 1272 456 296 1273 455 296 1274 455 296 1275 459 293 1276 458 293 1277 453 294 1278 460 298 1279 461 299 1280 458 293 1281 462 298 1282 460 298 1283 461 299 1284 463 300 1285 464 301 1286 460 298 1287 465 300 1288 463 300 1289 464 301 1290 466 302 1291 467 303 1292 463 300 1293 468 302 1294 466 302 1295 466 302 1296 470 304 1297 467 303 1298 468 302 1299 469 305 1300 466 302 1301 469 305 1302 473 306 1303 470 304 1304 471 305 1305 472 307 1306 469 305 1307 472 307 1308 476 308 1309 473 306 1310 474 307 1311 475 309 1312 472 307 1313 475 309 1314 479 310 1315 476 308 1316 477 309 1317 478 311 1318 475 309 1319 478 311 1320 482 312 1321 479 310 1322 480 311 1323 481 313 1324 478 311 1325 481 313 1326 485 314 1327 482 312 1328 483 313 1329 484 315 1330 481 313 1331 485 314 1332 457 297 1333 454 295 1334 484 315 1335 488 297 1336 457 297 1337 486 315 1338 489 297 1339 488 297 1340 509 313 1341 486 315 1342 483 313 1343 488 297 1344 491 296 1345 456 296 1346 489 297 1347 492 296 1348 491 296 1349 512 315 1350 489 297 1351 487 315 1352 456 296 1353 493 293 1354 459 293 1355 491 296 1356 494 293 1357 493 293 1358 493 293 1359 496 298 1360 495 298 1361 459 293 1362 495 298 1363 462 298 1364 495 298 1365 498 300 1366 497 300 1367 462 298 1368 497 300 1369 465 300 1370 497 300 1371 500 302 1372 499 302 1373 465 300 1374 499 302 1375 468 302 1376 499 302 1377 502 305 1378 501 305 1379 499 302 1380 471 305 1381 468 302 1382 502 305 1383 503 307 1384 501 305 1385 501 305 1386 474 307 1387 471 305 1388 504 307 1389 505 309 1390 503 307 1391 503 307 1392 477 309 1393 474 307 1394 506 309 1395 507 311 1396 505 309 1397 505 309 1398 480 311 1399 477 309 1400 508 311 1401 509 313 1402 507 311 1403 507 311 1404 483 313 1405 480 311 1406 510 313 1407 487 315 1408 509 313 1409 511 313 1410 512 315 1411 510 313 1412 533 311 1413 510 313 1414 508 311 1415 513 315 1416 490 297 1417 512 315 1418 536 316 1419 513 315 1420 511 313 1421 514 317 1422 515 297 1423 513 315 1424 516 318 1425 517 296 1426 515 297 1427 490 297 1428 517 296 1429 492 296 1430 517 296 1431 520 319 1432 519 319 1433 492 296 1434 519 319 1435 494 293 1436 519 319 1437 522 298 1438 521 298 1439 494 293 1440 521 298 1441 496 298 1442 521 298 1443 524 300 1444 523 300 1445 496 298 1446 523 300 1447 498 300 1448 523 300 1449 526 302 1450 525 302 1451 498 300 1452 525 302 1453 500 302 1454 525 302 1455 528 305 1456 527 305 1457 500 302 1458 527 305 1459 502 305 1460 527 305 1461 530 320 1462 529 307 1463 527 305 1464 504 307 1465 502 305 1466 530 320 1467 531 309 1468 529 307 1469 529 307 1470 506 309 1471 504 307 1472 532 309 1473 533 311 1474 531 309 1475 531 309 1476 508 311 1477 506 309 1478 534 321 1479 511 313 1480 533 311 1481 536 316 1482 534 321 1483 535 322 1484 534 321 1485 532 309 1486 535 322 1487 514 317 1488 536 316 1489 535 322 1490 520 319 1491 518 323 1492 535 322 1493 518 323 1494 516 318 1495 535 322 1496 528 305 1497 526 302 1498 535 322 1499 530 320 1500 528 305 1501 535 322 1502 524 300 1503 522 298 1504 535 322 1505 522 298 1506 520 319 1507 535 322 1508 532 309 1509 530 320 1510 535 322 1511 526 302 1512 524 300 1513 535 322 1514 516 318 1515 514 317 1516 535 322 1517 537 324 1518 540 325 1519 539 326 1520 538 327 1521 542 328 1522 540 325 1523 542 328 1524 541 329 1525 543 330 1526 543 330 1527 546 331 1528 544 332 1529 586 333 1530 585 334 1531 593 335 1532 728 336 1533 578 337 1534 573 338 1535 565 339 1536 577 340 1537 548 341 1538 550 342 1539 551 343 1540 552 344 1541 552 344 1542 553 345 1543 554 346 1544 554 346 1545 537 324 1546 539 326 1547 537 324 1548 556 347 1549 538 327 1550 540 325 1551 557 348 1552 539 326 1553 538 327 1554 559 349 1555 541 329 1556 540 325 1557 560 350 1558 558 351 1559 541 329 1560 561 352 1561 543 330 1562 544 332 1563 560 350 1564 542 328 1565 545 353 1566 561 352 1567 563 354 1568 544 332 1569 564 355 1570 562 356 1571 729 357 1572 579 358 1573 743 359 1574 550 342 1575 547 360 1576 566 361 1577 729 357 1578 573 338 1579 576 362 1580 575 363 1581 565 339 1582 566 361 1583 549 364 1584 569 365 1585 551 343 1586 552 344 1587 568 366 1588 550 342 1589 553 345 1590 569 365 1591 571 367 1592 554 346 1593 570 368 1594 552 344 1595 539 326 1596 572 369 1597 554 346 1598 553 345 1599 555 370 1600 537 324 1601 545 353 1602 584 371 1603 582 372 1604 575 363 1605 573 338 1606 574 373 1607 573 338 1608 577 340 1609 574 373 1610 580 374 1611 576 362 1612 575 363 1613 566 361 1614 549 364 1615 550 342 1616 566 361 1617 580 374 1618 575 363 1619 549 364 1620 548 341 1621 567 375 1622 546 331 1623 583 376 1624 564 355 1625 545 353 1626 581 377 1627 546 331 1628 589 378 1629 583 376 1630 581 377 1631 581 377 1632 586 333 1633 589 378 1634 589 378 1635 587 379 1636 588 380 1637 588 380 1638 590 381 1639 589 378 1640 592 382 1641 586 333 1642 593 335 1643 606 383 1644 609 384 1645 608 385 1646 607 386 1647 610 387 1648 611 388 1649 608 385 1650 613 389 1651 612 390 1652 613 389 1653 614 391 1654 612 390 1655 610 387 1656 617 392 1657 611 388 1658 601 393 1659 609 384 1660 597 394 1661 605 395 1662 611 388 1663 617 392 1664 598 396 1665 606 383 1666 594 397 1667 600 398 1668 614 391 1669 602 399 1670 595 400 1671 609 384 1672 607 386 1673 600 398 1674 608 385 1675 612 390 1676 599 401 1677 607 386 1678 611 388 1679 594 397 1680 608 385 1681 596 402 1682 598 396 1683 616 403 1684 610 387 1685 601 393 1686 615 404 1687 613 389 1688 630 405 1689 633 406 1690 632 407 1691 630 405 1692 635 408 1693 631 409 1694 632 407 1695 637 410 1696 636 411 1697 636 411 1698 639 412 1699 638 413 1700 634 414 1701 641 415 1702 635 408 1703 625 416 1704 633 406 1705 621 417 1706 623 418 1707 641 415 1708 629 419 1709 622 420 1710 630 405 1711 618 421 1712 624 422 1713 638 413 1714 626 423 1715 621 417 1716 631 409 1717 619 424 1718 624 422 1719 632 407 1720 636 411 1721 619 424 1722 635 408 1723 623 418 1724 618 421 1725 632 407 1726 620 425 1727 622 420 1728 640 426 1729 634 414 1730 625 416 1731 639 412 1732 637 410 1733 645 427 1734 646 428 1735 653 429 1736 678 430 1737 676 431 1738 695 432 1739 651 433 1740 656 434 1741 649 435 1742 654 436 1743 653 429 1744 658 437 1745 681 438 1746 674 439 1747 648 440 1748 652 441 1749 679 442 1750 644 443 1751 658 437 1752 683 444 1753 686 445 1754 647 446 1755 644 443 1756 642 447 1757 650 448 1758 657 449 1759 661 450 1760 659 451 1761 684 452 1762 652 441 1763 682 453 1764 648 440 1765 650 448 1766 687 454 1767 660 455 1768 688 456 1769 655 457 1770 652 441 1771 647 446 1772 659 451 1773 654 436 1774 658 437 1775 661 450 1776 656 434 1777 660 455 1778 672 458 1779 690 459 1780 664 460 1781 689 461 1782 658 437 1783 686 445 1784 688 456 1785 651 433 1786 685 462 1787 670 463 1788 665 464 1789 671 465 1790 673 466 1791 664 460 1792 662 467 1793 675 468 1794 666 469 1795 669 470 1796 695 432 1797 667 471 1798 691 472 1799 697 473 1800 665 464 1801 693 474 1802 676 431 1803 668 475 1804 667 471 1805 696 476 1806 666 469 1807 674 439 1808 677 477 1809 669 470 1810 668 475 1811 656 434 1812 675 468 1813 677 477 1814 653 429 1815 680 478 1816 683 444 1817 649 435 1818 677 477 1819 676 431 1820 687 454 1821 650 448 1822 661 450 1823 644 443 1824 694 479 1825 672 458 1826 646 428 1827 697 473 1828 680 478 1829 648 440 1830 675 468 1831 657 449 1832 642 447 1833 672 458 1834 673 466 1835 643 480 1836 671 465 1837 646 428 1838 678 430 1839 684 452 1840 685 462 1841 681 438 1842 683 444 1843 680 478 1844 688 456 1845 686 445 1846 687 454 1847 682 453 1848 686 445 1849 683 444 1850 685 462 1851 689 461 1852 688 456 1853 691 472 1854 694 479 1855 695 432 1856 697 473 1857 692 481 1858 696 476 1859 695 432 1860 679 442 1861 678 430 1862 680 478 1863 696 476 1864 681 438 1865 685 462 1866 649 435 1867 678 430 1868 655 457 1869 701 482 1870 703 483 1871 647 446 1872 698 484 1873 701 482 1874 642 447 1875 707 485 1876 698 484 1877 670 463 1878 705 486 1879 663 487 1880 645 427 1881 699 488 1882 643 480 1883 673 466 1884 704 489 1885 707 485 1886 643 480 1887 706 490 1888 670 463 1889 654 436 1890 700 491 1891 645 427 1892 654 436 1893 703 483 1894 702 492 1895 703 483 1896 711 493 1897 713 494 1898 701 482 1899 708 495 1900 711 493 1901 707 485 1902 714 496 1903 717 497 1904 706 490 1905 715 498 1906 705 486 1907 702 492 1908 713 494 1909 712 499 1910 698 484 1911 717 497 1912 708 495 1913 700 491 1914 712 499 1915 710 500 1916 700 491 1917 709 501 1918 699 488 1919 699 488 1920 716 502 1921 706 490 1922 718 503 1923 721 504 1924 719 505 1925 721 504 1926 722 506 1927 723 507 1928 723 507 1929 724 508 1930 725 509 1931 725 509 1932 726 510 1933 727 511 1934 726 510 1935 760 512 1936 756 513 1937 751 514 1938 750 515 1939 746 516 1940 731 517 1941 718 503 1942 719 505 1943 720 518 1944 732 519 1945 734 520 1946 721 504 1947 733 521 1948 719 505 1949 720 518 1950 736 522 1951 722 506 1952 721 504 1953 737 523 1954 735 524 1955 724 508 1956 736 522 1957 738 525 1958 725 509 1959 737 523 1960 723 507 1961 724 508 1962 740 526 1963 726 510 1964 725 509 1965 741 527 1966 739 528 1967 727 511 1968 761 529 1969 741 527 1970 747 530 1971 745 531 1972 749 532 1973 731 517 1974 733 521 1975 745 531 1976 730 533 1977 732 519 1978 718 503 1979 730 533 1980 748 534 1981 744 535 1982 730 533 1983 747 530 1984 746 516 1985 747 530 1986 753 536 1987 752 537 1988 746 516 1989 752 537 1990 751 514 1991 729 357 1992 762 538 1993 758 539 1994 727 511 1995 756 513 1996 757 540 1997 758 539 1998 728 336 1999 729 357 2000 762 538 2001 757 540 2002 758 539 2003 756 513 2004 759 541 2005 755 542 2006 758 539 2007 756 513 2008 755 542 2009 728 336 2010 759 541 2011 742 543 2012 1290 544 2013 767 545 2014 1292 545 2015 1293 546 2016 769 547 2017 1294 548 2018 771 546 2019 1290 544 2020 1293 546 2021 1289 549 2022 772 550 2023 1294 548 2024 1295 551 2025 773 552 2026 1291 552 2027 1296 553 2028 777 554 2029 1297 555 2030 779 553 2031 1295 551 2032 1296 553 2033 1292 545 2034 780 556 2035 1297 555 2036 1298 557 2037 783 558 2038 1300 559 2039 1301 560 2040 785 561 2041 1302 562 2042 787 563 2043 1298 557 2044 1301 560 2045 1291 552 2046 788 564 2047 1302 562 2048 1303 565 2049 789 566 2050 1299 567 2051 1304 568 2052 793 569 2053 1305 570 2054 795 571 2055 1303 565 2056 1304 568 2057 1300 559 2058 796 572 2059 1305 570 2060 1306 573 2061 799 574 2062 1308 575 2063 1309 576 2064 801 577 2065 1310 578 2066 803 579 2067 1306 573 2068 1309 576 2069 1299 567 2070 804 580 2071 1310 578 2072 807 581 2073 1307 582 2074 1311 581 2075 1312 583 2076 809 584 2077 1313 585 2078 811 586 2079 1311 581 2080 1312 583 2081 1308 575 2082 812 587 2083 1313 585 2084 814 588 2085 1316 589 2086 1314 590 2087 818 591 2088 1318 592 2089 1317 593 2090 819 594 2091 1314 590 2092 1317 593 2093 1307 582 2094 820 595 2095 1318 592 2096 823 596 2097 1315 597 2098 1319 598 2099 826 599 2100 1321 600 2101 1320 601 2102 827 602 2103 1319 598 2104 1320 601 2105 1316 589 2106 828 603 2107 1321 600 2108 830 604 2109 1324 605 2110 1322 606 2111 834 607 2112 1326 608 2113 1325 609 2114 835 610 2115 1322 606 2116 1325 609 2117 1315 597 2118 836 611 2119 1326 608 2120 839 612 2121 1323 613 2122 1327 614 2123 842 615 2124 1329 616 2125 1328 617 2126 843 618 2127 1327 614 2128 1328 617 2129 1324 605 2130 844 619 2131 1329 616 2132 846 612 2133 1332 620 2134 1330 621 2135 1333 622 2136 849 623 2137 1334 624 2138 851 622 2139 1330 621 2140 1333 622 2141 1323 613 2142 852 625 2143 1334 624 2144 1335 626 2145 853 627 2146 1331 628 2147 1336 629 2148 857 630 2149 1337 631 2150 859 632 2151 1335 626 2152 1336 629 2153 1332 620 2154 860 633 2155 1337 631 2156 1338 634 2157 863 635 2158 1340 635 2159 1341 636 2160 865 637 2161 1342 638 2162 867 639 2163 1338 634 2164 1341 636 2165 1331 628 2166 868 640 2167 1342 638 2168 1343 550 2169 869 550 2170 1339 550 2171 1344 641 2172 873 642 2173 1345 643 2174 875 644 2175 1343 550 2176 1344 641 2177 1340 635 2178 876 643 2179 1345 643 2180 1346 645 2181 879 646 2182 1348 646 2183 1349 546 2184 881 647 2185 1350 648 2186 883 546 2187 1346 645 2188 1349 546 2189 1339 550 2190 884 648 2191 1350 648 2192 1351 649 2193 885 650 2194 1347 650 2195 1352 651 2196 889 652 2197 1353 653 2198 891 651 2199 1351 649 2200 1352 651 2201 1348 646 2202 892 654 2203 1353 653 2204 1354 655 2205 895 655 2206 1356 655 2207 1357 655 2208 897 656 2209 1358 657 2210 899 655 2211 1354 655 2212 1357 655 2213 1347 650 2214 900 657 2215 1358 657 2216 1359 658 2217 901 659 2218 1355 660 2219 1360 661 2220 905 662 2221 1361 663 2222 907 661 2223 1359 658 2224 1360 661 2225 1356 655 2226 908 664 2227 1361 663 2228 910 550 2229 1364 665 2230 1362 550 2231 1365 666 2232 913 667 2233 1366 668 2234 915 666 2235 1362 550 2236 1365 666 2237 1355 660 2238 916 669 2239 1366 668 2240 919 670 2241 1363 671 2242 1367 672 2243 922 673 2244 1369 674 2245 1368 675 2246 923 676 2247 1367 672 2248 1368 675 2249 1364 665 2250 924 674 2251 1369 674 2252 926 677 2253 1372 678 2254 1370 679 2255 930 680 2256 1374 681 2257 1373 682 2258 931 683 2259 1370 679 2260 1373 682 2261 1363 671 2262 932 684 2263 1374 681 2264 935 685 2265 1371 686 2266 1375 685 2267 938 687 2268 1377 688 2269 1376 688 2270 939 689 2271 1375 685 2272 1376 688 2273 1372 678 2274 940 690 2275 1377 688 2276 942 691 2277 1380 692 2278 1378 691 2279 946 693 2280 1382 694 2281 1381 694 2282 947 695 2283 1378 691 2284 1381 694 2285 1371 686 2286 948 696 2287 1382 694 2288 951 697 2289 1379 698 2290 1383 699 2291 954 700 2292 1385 701 2293 1384 702 2294 955 703 2295 1383 699 2296 1384 702 2297 1380 692 2298 956 704 2299 1385 701 2300 958 612 2301 1388 705 2302 1386 706 2303 962 707 2304 1390 708 2305 1389 709 2306 963 710 2307 1386 706 2308 1389 709 2309 1379 698 2310 964 710 2311 1390 708 2312 967 612 2313 1387 711 2314 1391 712 2315 970 713 2316 1393 714 2317 1392 715 2318 971 716 2319 1391 712 2320 1392 715 2321 1388 705 2322 972 717 2323 1393 714 2324 1395 718 2325 977 719 2326 976 720 2327 1398 721 2328 979 722 2329 980 723 2330 1395 718 2331 981 724 2332 1398 721 2333 1394 725 2334 982 726 2335 974 727 2336 1400 728 2337 983 729 2338 985 728 2339 1401 730 2340 987 731 2341 988 732 2342 1400 728 2343 989 730 2344 1401 730 2345 1397 733 2346 990 734 2347 977 719 2348 1403 735 2349 993 736 2350 992 737 2351 1406 738 2352 995 739 2353 996 740 2354 1403 735 2355 997 741 2356 1406 738 2357 1396 729 2358 998 742 2359 983 729 2360 1408 743 2361 999 744 2362 1001 745 2363 1409 746 2364 1003 747 2365 1004 748 2366 1408 743 2367 1005 749 2368 1409 746 2369 1405 750 2370 1006 751 2371 993 736 2372 1411 752 2373 1009 753 2374 1008 754 2375 1414 755 2376 1011 756 2377 1012 757 2378 1411 752 2379 1013 758 2380 1414 755 2381 1404 759 2382 1014 760 2383 999 744 2384 1412 761 2385 1017 762 2386 1416 762 2387 1417 763 2388 1019 764 2389 1020 765 2390 1416 762 2391 1021 766 2392 1417 763 2393 1413 767 2394 1022 768 2395 1009 753 2396 1421 769 2397 1024 770 2398 1419 771 2399 1423 772 2400 1028 773 2401 1422 774 2402 1419 771 2403 1029 775 2404 1422 774 2405 1412 761 2406 1030 776 2407 1015 777 2408 1420 778 2409 1033 779 2410 1424 780 2411 1426 781 2412 1036 782 2413 1425 783 2414 1424 780 2415 1037 784 2416 1425 783 2417 1421 769 2418 1038 785 2419 1025 786 2420 1429 787 2421 1040 788 2422 1427 789 2423 1431 790 2424 1044 791 2425 1430 792 2426 1427 789 2427 1045 793 2428 1430 792 2429 1420 778 2430 1046 794 2431 1031 795 2432 1428 796 2433 1049 612 2434 1432 797 2435 1434 798 2436 1052 799 2437 1433 800 2438 1432 797 2439 1053 801 2440 1433 800 2441 1429 787 2442 1054 802 2443 1041 803 2444 1437 804 2445 1056 612 2446 1435 805 2447 1438 806 2448 1059 807 2449 1060 808 2450 1435 805 2451 1061 806 2452 1438 806 2453 1428 796 2454 1062 809 2455 1047 612 2456 1440 810 2457 1063 811 2458 1065 812 2459 1441 813 2460 1067 814 2461 1068 815 2462 1440 810 2463 1069 816 2464 1441 813 2465 1437 804 2466 1070 817 2467 1057 612 2468 1443 818 2469 1073 819 2470 1072 820 2471 1446 821 2472 1075 822 2473 1076 823 2474 1443 818 2475 1077 824 2476 1446 821 2477 1436 825 2478 1078 826 2479 1063 811 2480 1448 827 2481 1079 827 2482 1081 827 2483 1449 828 2484 1083 829 2485 1084 830 2486 1448 827 2487 1085 827 2488 1449 828 2489 1445 831 2490 1086 832 2491 1073 819 2492 1451 833 2493 1089 834 2494 1088 833 2495 1454 835 2496 1091 836 2497 1092 837 2498 1451 833 2499 1093 721 2500 1454 835 2501 1444 838 2502 1094 827 2503 1079 827 2504 1456 839 2505 1095 840 2506 1097 839 2507 1457 841 2508 1099 842 2509 1100 843 2510 1456 839 2511 1101 841 2512 1457 841 2513 1453 834 2514 1102 844 2515 1089 834 2516 1459 845 2517 1105 845 2518 1104 846 2519 1462 845 2520 1107 847 2521 1108 848 2522 1459 845 2523 1109 845 2524 1462 845 2525 1452 840 2526 1110 849 2527 1095 840 2528 1464 850 2529 1111 851 2530 1113 852 2531 1465 853 2532 1115 854 2533 1116 855 2534 1464 850 2535 1117 853 2536 1465 853 2537 1461 845 2538 1118 856 2539 1105 845 2540 1469 857 2541 1120 858 2542 1467 858 2543 1470 859 2544 1123 860 2545 1124 861 2546 1467 858 2547 1125 862 2548 1470 859 2549 1460 863 2550 1126 864 2551 1111 851 2552 1468 865 2553 1129 866 2554 1472 867 2555 1474 868 2556 1132 869 2557 1473 870 2558 1472 867 2559 1133 871 2560 1473 870 2561 1469 857 2562 1134 872 2563 1121 857 2564 1477 873 2565 1136 874 2566 1475 875 2567 1479 876 2568 1140 877 2569 1478 878 2570 1475 875 2571 1141 879 2572 1478 878 2573 1468 865 2574 1142 880 2575 1127 876 2576 1476 881 2577 1145 882 2578 1480 882 2579 1482 883 2580 1148 884 2581 1481 883 2582 1480 882 2583 1149 885 2584 1481 883 2585 1477 873 2586 1150 886 2587 1137 873 2588 1485 887 2589 1152 888 2590 1483 888 2591 1487 889 2592 1156 890 2593 1486 889 2594 1483 888 2595 1157 891 2596 1486 889 2597 1476 881 2598 1158 892 2599 1143 893 2600 1484 894 2601 1161 895 2602 1488 896 2603 1490 897 2604 1164 898 2605 1489 899 2606 1488 896 2607 1165 900 2608 1489 899 2609 1485 887 2610 1166 901 2611 1153 902 2612 1493 903 2613 1168 612 2614 1491 904 2615 1495 905 2616 1172 906 2617 1494 907 2618 1491 904 2619 1173 908 2620 1494 907 2621 1484 894 2622 1174 908 2623 1159 612 2624 1498 909 2625 1179 910 2626 1497 911 2627 1496 912 2628 1180 913 2629 1497 911 2630 1500 914 2631 973 915 2632 1394 725 2633 1184 916 2634 978 917 2635 975 918 2636 1186 919 2637 980 723 2638 979 722 2639 1182 920 2640 979 722 2641 973 915 2642 1187 921 2643 975 918 2644 980 723 2645 1189 922 2646 984 923 2647 986 924 2648 1191 925 2649 987 731 2650 1190 926 2651 1185 927 2652 987 731 2653 978 917 2654 1191 925 2655 986 924 2656 988 732 2657 1193 928 2658 991 929 2659 1192 930 2660 1195 931 2661 995 739 2662 1194 932 2663 1194 932 2664 984 923 2665 1188 933 2666 1192 930 2667 996 740 2668 1195 931 2669 1196 934 2670 1002 935 2671 1197 936 2672 1199 937 2673 1003 747 2674 1198 938 2675 1198 938 2676 994 939 2677 1193 928 2678 1197 936 2679 1004 748 2680 1199 937 2681 1200 940 2682 1010 941 2683 1007 942 2684 1203 943 2685 1011 756 2686 1202 944 2687 1202 944 2688 1000 945 2689 1196 934 2690 1200 940 2691 1012 757 2692 1203 943 2693 1204 946 2694 1018 947 2695 1205 948 2696 1207 949 2697 1019 764 2698 1206 950 2699 1201 951 2700 1019 764 2701 1010 941 2702 1205 948 2703 1020 765 2704 1207 949 2705 1209 952 2706 1023 953 2707 1208 954 2708 1210 955 2709 1028 773 2710 1027 956 2711 1204 946 2712 1027 956 2713 1016 957 2714 1208 954 2715 1028 773 2716 1211 958 2717 1213 959 2718 1032 960 2719 1034 961 2720 1214 962 2721 1036 782 2722 1035 963 2723 1209 952 2724 1035 963 2725 1026 964 2726 1215 965 2727 1034 961 2728 1036 782 2729 1217 966 2730 1039 967 2731 1216 968 2732 1218 969 2733 1044 791 2734 1043 970 2735 1212 971 2736 1043 970 2737 1032 960 2738 1219 972 2739 1039 967 2740 1044 791 2741 1221 973 2742 1048 974 2743 1050 975 2744 1222 976 2745 1052 799 2746 1051 977 2747 1217 966 2748 1051 977 2749 1042 978 2750 1223 979 2751 1050 975 2752 1052 799 2753 1224 980 2754 1058 981 2755 1055 982 2756 1226 983 2757 1060 808 2758 1059 807 2759 1226 983 2760 1048 974 2761 1220 984 2762 1227 985 2763 1055 982 2764 1060 808 2765 1229 986 2766 1064 987 2767 1066 988 2768 1230 989 2769 1068 815 2770 1067 814 2771 1225 990 2772 1067 814 2773 1058 981 2774 1231 991 2775 1066 988 2776 1068 815 2777 1232 992 2778 1074 993 2779 1071 994 2780 1234 995 2781 1076 823 2782 1075 822 2783 1228 996 2784 1075 822 2785 1064 987 2786 1235 997 2787 1071 994 2788 1076 823 2789 1237 998 2790 1080 999 2791 1082 1000 2792 1238 1001 2793 1084 830 2794 1083 829 2795 1233 1002 2796 1083 829 2797 1074 993 2798 1239 1003 2799 1082 1000 2800 1084 830 2801 1240 1004 2802 1090 1005 2803 1087 1006 2804 1242 1007 2805 1092 837 2806 1091 836 2807 1236 1008 2808 1091 836 2809 1080 999 2810 1243 1009 2811 1087 1006 2812 1092 837 2813 1245 1010 2814 1096 1011 2815 1098 1012 2816 1246 1013 2817 1100 843 2818 1099 842 2819 1241 1014 2820 1099 842 2821 1090 1005 2822 1247 1015 2823 1098 1012 2824 1100 843 2825 1248 1016 2826 1106 1017 2827 1103 1018 2828 1250 1019 2829 1108 848 2830 1107 847 2831 1244 1020 2832 1107 847 2833 1096 1011 2834 1251 1021 2835 1103 1018 2836 1108 848 2837 1253 1022 2838 1112 1023 2839 1114 1024 2840 1254 1025 2841 1116 855 2842 1115 854 2843 1249 1026 2844 1115 854 2845 1106 1017 2846 1253 1022 2847 1116 855 2848 1255 1027 2849 1256 1028 2850 1122 1029 2851 1119 1030 2852 1258 1031 2853 1124 861 2854 1123 860 2855 1252 1032 2856 1123 860 2857 1112 1023 2858 1256 1028 2859 1124 861 2860 1259 1033 2861 1260 1034 2862 1130 1035 2863 1261 1036 2864 1262 1037 2865 1132 869 2866 1131 1038 2867 1262 1037 2868 1122 1029 2869 1257 1039 2870 1261 1036 2871 1132 869 2872 1263 1040 2873 1265 1041 2874 1135 1042 2875 1264 1043 2876 1266 1044 2877 1140 877 2878 1139 1045 2879 1260 1034 2880 1139 1045 2881 1128 1046 2882 1264 1043 2883 1140 877 2884 1267 1047 2885 1268 1048 2886 1146 1049 2887 1269 1050 2888 1270 1051 2889 1148 884 2890 1147 1052 2891 1270 1051 2892 1138 1053 2893 1265 1041 2894 1269 1050 2895 1148 884 2896 1271 1054 2897 1273 1055 2898 1151 1056 2899 1272 1057 2900 1274 1058 2901 1156 890 2902 1155 1059 2903 1268 1048 2904 1155 1059 2905 1144 1060 2906 1272 1057 2907 1156 890 2908 1275 1061 2909 1276 1062 2910 1162 1063 2911 1277 1064 2912 1278 1065 2913 1164 898 2914 1163 1066 2915 1273 1055 2916 1163 1066 2917 1154 1067 2918 1277 1064 2919 1164 898 2920 1279 1068 2921 1493 903 2922 1181 1069 2923 1169 612 2924 1281 1070 2925 1167 1071 2926 1280 1072 2927 1282 1073 2928 1172 906 2929 1171 1074 2930 1282 1073 2931 1160 1075 2932 1276 1062 2933 1283 1076 2934 1167 1071 2935 1172 906 2936 1285 1077 2937 1177 1078 2938 1286 1079 2939 1287 1080 2940 1179 910 2941 1178 1081 2942 1287 1080 2943 1170 1082 2944 1281 1070 2945 1286 1079 2946 1179 910 2947 1288 1083 2948 968 1084 2949 1288 1083 2950 970 713 2951 969 1085 2952 1281 1070 2953 960 1086 2954 969 1085 2955 1288 1083 2956 1287 1080 2957 966 1087 2958 1286 1079 2959 968 1084 2960 962 707 2961 1280 1072 2962 1283 1076 2963 961 1088 2964 1276 1062 2965 950 1089 2966 961 1088 2967 1283 1076 2968 1282 1073 2969 960 1086 2970 1280 1072 2971 957 1090 2972 952 1091 2973 1279 1068 2974 954 700 2975 944 1092 2976 1278 1065 2977 1273 1055 2978 953 1093 2979 1279 1068 2980 1278 1065 2981 950 1089 2982 1277 1064 2983 952 1091 2984 941 1094 2985 1275 1061 2986 946 693 2987 934 1095 2988 1274 1058 2989 1268 1048 2990 945 1096 2991 1275 1061 2992 1274 1058 2993 944 1092 2994 1272 1057 2995 941 1094 2996 936 1097 2997 1271 1054 2998 938 687 2999 937 1098 3000 1265 1041 3001 928 1099 3002 937 1098 3003 1271 1054 3004 1270 1051 3005 934 1095 3006 1269 1050 3007 936 1097 3008 925 1100 3009 1267 1047 3010 930 680 3011 918 1101 3012 1266 1044 3013 1260 1034 3014 929 1102 3015 1267 1047 3016 1266 1044 3017 928 1099 3018 1264 1043 3019 925 1100 3020 920 1103 3021 1263 1040 3022 922 673 3023 921 1104 3024 1257 1039 3025 912 1105 3026 922 673 3027 1262 1037 3028 921 1104 3029 918 1101 3030 1261 1036 3031 920 1103 3032 909 1106 3033 1259 1033 3034 914 1107 3035 902 1108 3036 1258 1031 3037 1252 1032 3038 913 667 3039 1259 1033 3040 1258 1031 3041 909 1106 3042 1257 1039 3043 1256 1028 3044 904 1109 3045 1255 1027 3046 906 1110 3047 896 1111 3048 1254 1025 3049 1249 1026 3050 905 662 3051 1255 1027 3052 1254 1025 3053 904 1109 3054 1252 1032 3055 1253 1022 3056 898 1112 3057 1248 1016 3058 1251 1021 3059 886 1113 3060 1250 1019 3061 1244 1020 3062 897 656 3063 1251 1021 3064 1250 1019 3065 893 1114 3066 1249 1026 3067 1248 1016 3068 890 1115 3069 1245 1010 3070 1247 1015 3071 880 1116 3072 1246 1013 3073 1241 1014 3074 889 652 3075 1247 1015 3076 1246 1013 3077 888 1117 3078 1244 1020 3079 1245 1010 3080 882 1118 3081 1240 1004 3082 1243 1009 3083 870 1119 3084 1242 1007 3085 1236 1008 3086 881 647 3087 1243 1009 3088 1242 1007 3089 877 1120 3090 1241 1014 3091 1240 1004 3092 874 1121 3093 1237 998 3094 1239 1003 3095 864 1122 3096 1238 1001 3097 1233 1002 3098 873 642 3099 1239 1003 3100 1238 1001 3101 872 1123 3102 1236 1008 3103 1237 998 3104 866 1124 3105 1232 992 3106 1235 997 3107 854 1125 3108 1234 995 3109 1228 996 3110 865 637 3111 1235 997 3112 1234 995 3113 861 1126 3114 1233 1002 3115 1232 992 3116 858 1127 3117 1229 986 3118 1231 991 3119 848 1128 3120 1230 989 3121 1225 990 3122 857 630 3123 1231 991 3124 1230 989 3125 856 1129 3126 1228 996 3127 1229 986 3128 850 1130 3129 1224 980 3130 1227 985 3131 849 623 3132 1220 984 3133 838 1131 3134 849 623 3135 1227 985 3136 1226 983 3137 845 1132 3138 1225 990 3139 1224 980 3140 842 615 3141 1221 973 3142 1223 979 3143 832 1133 3144 1222 976 3145 1217 966 3146 841 1134 3147 1223 979 3148 1222 976 3149 840 1135 3150 1220 984 3151 1221 973 3152 834 607 3153 1216 968 3154 1219 972 3155 822 1136 3156 1218 969 3157 1212 971 3158 833 1137 3159 1219 972 3160 1218 969 3161 832 1133 3162 1216 968 3163 829 1138 3164 826 599 3165 1213 959 3166 1215 965 3167 816 1139 3168 1214 962 3169 1209 952 3170 825 1140 3171 1215 965 3172 1214 962 3173 824 1141 3174 1212 971 3175 1213 959 3176 813 1142 3177 1211 958 3178 818 591 3179 806 1143 3180 1210 955 3181 1204 946 3182 817 1144 3183 1211 958 3184 1210 955 3185 816 1139 3186 1208 954 3187 813 1142 3188 808 1145 3189 1207 949 3190 810 1146 3191 800 1147 3192 1206 950 3193 1201 951 3194 810 1146 3195 1206 950 3196 809 584 3197 806 1143 3198 1205 948 3199 808 1145 3200 797 1148 3201 1203 943 3202 802 1149 3203 801 577 3204 1196 934 3205 790 1150 3206 802 1149 3207 1202 944 3208 801 577 3209 797 1148 3210 1201 951 3211 1200 940 3212 792 1151 3213 1199 937 3214 794 1152 3215 793 569 3216 1193 928 3217 784 1153 3218 794 1152 3219 1198 938 3220 793 569 3221 790 1150 3222 1197 936 3223 792 1151 3224 781 1154 3225 1195 931 3226 786 1155 3227 785 561 3228 1188 933 3229 774 1156 3230 786 1155 3231 1194 932 3232 785 561 3233 784 1153 3234 1192 930 3235 781 1154 3236 778 1157 3237 1189 922 3238 1191 925 3239 768 1158 3240 1190 926 3241 1185 927 3242 778 1157 3243 1190 926 3244 777 554 3245 776 1159 3246 1188 933 3247 1189 922 3248 770 1160 3249 1184 916 3250 1187 921 3251 763 1161 3252 1186 919 3253 1182 920 3254 769 547 3255 1187 921 3256 1186 919 3257 765 1162 3258 1185 927 3259 1184 916 3260 1289 549 3261 1182 920 3262 1500 914 3263 965 612 3264 1499 1163 3265 1387 711 3266 966 1087 3267 1499 1163 3268 1285 1077 3269 1285 1077 3270 1492 1164 3271 1175 1165 3272 764 1166 3273 1500 914 3274 1183 914 3275 1170 1082 3276 1498 909 3277 1493 903 3278 1183 914 3279 1394 725 3280 974 727 3281 1177 1078 3282 1497 911 3283 1179 910 3284 1175 1165 3285 1496 912 3286 1177 1078 3287 1160 1075 3288 1495 905 3289 1484 894 3290 1181 1069 3291 1497 911 3292 1180 913 3293 1167 1071 3294 1494 907 3295 1172 906 3296 1170 1082 3297 1491 904 3298 1167 1071 3299 1154 1067 3300 1490 897 3301 1485 887 3302 1174 908 3303 1494 907 3304 1173 908 3305 1162 1063 3306 1489 899 3307 1164 898 3308 1160 1075 3309 1488 896 3310 1162 1063 3311 1144 1060 3312 1487 889 3313 1476 881 3314 1166 901 3315 1489 899 3316 1165 900 3317 1151 1056 3318 1486 889 3319 1156 890 3320 1154 1067 3321 1483 888 3322 1151 1056 3323 1138 1053 3324 1482 883 3325 1477 873 3326 1158 892 3327 1486 889 3328 1157 891 3329 1146 1049 3330 1481 883 3331 1148 884 3332 1144 1060 3333 1480 882 3334 1146 1049 3335 1128 1046 3336 1479 876 3337 1468 865 3338 1150 886 3339 1481 883 3340 1149 885 3341 1135 1042 3342 1478 878 3343 1140 877 3344 1138 1053 3345 1475 875 3346 1135 1042 3347 1122 1029 3348 1474 868 3349 1469 857 3350 1142 880 3351 1478 878 3352 1141 879 3353 1130 1035 3354 1473 870 3355 1132 869 3356 1128 1046 3357 1472 867 3358 1130 1035 3359 1112 1023 3360 1471 864 3361 1460 863 3362 1134 872 3363 1473 870 3364 1133 871 3365 1119 1030 3366 1470 859 3367 1124 861 3368 1122 1029 3369 1467 858 3370 1119 1030 3371 1106 1017 3372 1466 1167 3373 1461 845 3374 1125 862 3375 1471 864 3376 1470 859 3377 1114 1024 3378 1465 853 3379 1116 855 3380 1114 1024 3381 1460 863 3382 1464 850 3383 1096 1011 3384 1463 849 3385 1452 840 3386 1117 853 3387 1466 1167 3388 1465 853 3389 1103 1018 3390 1462 845 3391 1108 848 3392 1103 1018 3393 1461 845 3394 1459 845 3395 1090 1005 3396 1458 1168 3397 1453 834 3398 1109 845 3399 1463 849 3400 1462 845 3401 1098 1012 3402 1457 841 3403 1100 843 3404 1098 1012 3405 1452 840 3406 1456 839 3407 1080 999 3408 1455 827 3409 1444 838 3410 1101 841 3411 1458 1168 3412 1457 841 3413 1087 1006 3414 1454 835 3415 1092 837 3416 1087 1006 3417 1453 834 3418 1451 833 3419 1074 993 3420 1450 1169 3421 1445 831 3422 1093 721 3423 1455 827 3424 1454 835 3425 1082 1000 3426 1449 828 3427 1084 830 3428 1082 1000 3429 1444 838 3430 1448 827 3431 1064 987 3432 1447 1170 3433 1436 825 3434 1085 827 3435 1450 1169 3436 1449 828 3437 1071 994 3438 1446 821 3439 1076 823 3440 1071 994 3441 1445 831 3442 1443 818 3443 1058 981 3444 1442 1171 3445 1437 804 3446 1077 824 3447 1447 1170 3448 1446 821 3449 1066 988 3450 1441 813 3451 1068 815 3452 1066 988 3453 1436 825 3454 1440 810 3455 1048 974 3456 1439 1172 3457 1428 796 3458 1069 816 3459 1442 1171 3460 1441 813 3461 1055 982 3462 1438 806 3463 1060 808 3464 1055 982 3465 1437 804 3466 1435 805 3467 1042 978 3468 1434 798 3469 1429 787 3470 1061 806 3471 1439 1172 3472 1438 806 3473 1050 975 3474 1433 800 3475 1052 799 3476 1048 974 3477 1432 797 3478 1050 975 3479 1032 960 3480 1431 790 3481 1420 778 3482 1054 802 3483 1433 800 3484 1053 801 3485 1039 967 3486 1430 792 3487 1044 791 3488 1042 978 3489 1427 789 3490 1039 967 3491 1026 964 3492 1426 781 3493 1421 769 3494 1046 794 3495 1430 792 3496 1045 793 3497 1034 961 3498 1425 783 3499 1036 782 3500 1032 960 3501 1424 780 3502 1034 961 3503 1016 957 3504 1423 772 3505 1412 761 3506 1038 785 3507 1425 783 3508 1037 784 3509 1023 953 3510 1422 774 3511 1028 773 3512 1026 964 3513 1419 771 3514 1023 953 3515 1010 941 3516 1418 1173 3517 1413 767 3518 1030 776 3519 1422 774 3520 1029 775 3521 1018 947 3522 1417 763 3523 1020 765 3524 1016 957 3525 1416 762 3526 1018 947 3527 1000 945 3528 1415 1174 3529 1404 759 3530 1021 766 3531 1418 1173 3532 1417 763 3533 1007 942 3534 1414 755 3535 1012 757 3536 1007 942 3537 1413 767 3538 1411 752 3539 994 939 3540 1410 1175 3541 1405 750 3542 1013 758 3543 1415 1174 3544 1414 755 3545 1002 935 3546 1409 746 3547 1004 748 3548 1002 935 3549 1404 759 3550 1408 743 3551 984 923 3552 1407 1176 3553 1396 729 3554 1005 749 3555 1410 1175 3556 1409 746 3557 991 929 3558 1406 738 3559 996 740 3560 991 929 3561 1405 750 3562 1403 735 3563 978 917 3564 1402 1177 3565 1397 733 3566 997 741 3567 1407 1176 3568 1406 738 3569 986 924 3570 1401 730 3571 988 732 3572 986 924 3573 1396 729 3574 1400 728 3575 973 915 3576 1399 827 3577 1394 725 3578 989 730 3579 1402 1177 3580 1401 730 3581 975 918 3582 1398 721 3583 980 723 3584 975 918 3585 1397 733 3586 1395 718 3587 960 1086 3588 1393 714 3589 969 1085 3590 981 724 3591 1399 827 3592 1398 721 3593 1392 715 3594 968 1084 3595 970 713 3596 1391 712 3597 966 1087 3598 968 1084 3599 950 1089 3600 1390 708 3601 961 1088 3602 1392 715 3603 972 717 3604 971 716 3605 1389 709 3606 957 1090 3607 962 707 3608 1386 706 3609 960 1086 3610 957 1090 3611 944 1092 3612 1385 701 3613 953 1093 3614 1389 709 3615 964 710 3616 963 710 3617 1384 702 3618 952 1091 3619 954 700 3620 1383 699 3621 950 1089 3622 952 1091 3623 934 1095 3624 1382 694 3625 945 1096 3626 1384 702 3627 956 704 3628 955 703 3629 1381 694 3630 941 1094 3631 946 693 3632 1378 691 3633 944 1092 3634 941 1094 3635 928 1099 3636 1377 688 3637 937 1098 3638 1381 694 3639 948 696 3640 947 695 3641 1376 688 3642 936 1097 3643 938 687 3644 1375 685 3645 934 1095 3646 936 1097 3647 918 1101 3648 1374 681 3649 929 1102 3650 1376 688 3651 940 690 3652 939 689 3653 1373 682 3654 925 1100 3655 930 680 3656 1370 679 3657 928 1099 3658 925 1100 3659 912 1105 3660 1369 674 3661 921 1104 3662 1373 682 3663 932 684 3664 931 683 3665 1368 675 3666 920 1103 3667 922 673 3668 1367 672 3669 918 1101 3670 920 1103 3671 902 1108 3672 1366 668 3673 913 667 3674 1368 675 3675 924 674 3676 923 676 3677 1365 666 3678 909 1106 3679 914 1107 3680 1362 550 3681 912 1105 3682 909 1106 3683 896 1111 3684 1361 663 3685 905 662 3686 915 666 3687 1366 668 3688 916 669 3689 1360 661 3690 904 1109 3691 906 1110 3692 904 1109 3693 1355 660 3694 902 1108 3695 886 1113 3696 1358 657 3697 897 656 3698 907 661 3699 1361 663 3700 908 664 3701 1357 655 3702 893 1114 3703 898 1112 3704 893 1114 3705 1356 655 3706 896 1111 3707 880 1116 3708 1353 653 3709 889 652 3710 899 655 3711 1358 657 3712 900 657 3713 1352 651 3714 888 1117 3715 890 1115 3716 888 1117 3717 1347 650 3718 886 1113 3719 870 1119 3720 1350 648 3721 881 647 3722 891 651 3723 1353 653 3724 892 654 3725 1349 546 3726 877 1120 3727 882 1118 3728 877 1120 3729 1348 646 3730 880 1116 3731 864 1122 3732 1345 643 3733 873 642 3734 883 546 3735 1350 648 3736 884 648 3737 1344 641 3738 872 1123 3739 874 1121 3740 872 1123 3741 1339 550 3742 870 1119 3743 854 1125 3744 1342 638 3745 865 637 3746 875 644 3747 1345 643 3748 876 643 3749 1341 636 3750 861 1126 3751 866 1124 3752 861 1126 3753 1340 635 3754 864 1122 3755 848 1128 3756 1337 631 3757 857 630 3758 867 639 3759 1342 638 3760 868 640 3761 1336 629 3762 856 1129 3763 858 1127 3764 856 1129 3765 1331 628 3766 854 1125 3767 838 1131 3768 1334 624 3769 849 623 3770 859 632 3771 1337 631 3772 860 633 3773 1333 622 3774 845 1132 3775 850 1130 3776 845 1132 3777 1332 620 3778 848 1128 3779 832 1133 3780 1329 616 3781 841 1134 3782 851 622 3783 1334 624 3784 852 625 3785 1328 617 3786 840 1135 3787 842 615 3788 1327 614 3789 838 1131 3790 840 1135 3791 822 1136 3792 1326 608 3793 833 1137 3794 1328 617 3795 844 619 3796 843 618 3797 1325 609 3798 829 1138 3799 834 607 3800 1322 606 3801 832 1133 3802 829 1138 3803 816 1139 3804 1321 600 3805 825 1140 3806 1325 609 3807 836 611 3808 835 610 3809 1320 601 3810 824 1141 3811 826 599 3812 1319 598 3813 822 1136 3814 824 1141 3815 806 1143 3816 1318 592 3817 817 1144 3818 1320 601 3819 828 603 3820 827 602 3821 1317 593 3822 813 1142 3823 818 591 3824 1314 590 3825 816 1139 3826 813 1142 3827 800 1147 3828 1313 585 3829 809 584 3830 1317 593 3831 820 595 3832 819 594 3833 1312 583 3834 808 1145 3835 810 1146 3836 1311 581 3837 806 1143 3838 808 1145 3839 790 1150 3840 1310 578 3841 801 577 3842 811 586 3843 1313 585 3844 812 587 3845 1309 576 3846 797 1148 3847 802 1149 3848 797 1148 3849 1308 575 3850 800 1147 3851 784 1153 3852 1305 570 3853 793 569 3854 803 579 3855 1310 578 3856 804 580 3857 1304 568 3858 792 1151 3859 794 1152 3860 792 1151 3861 1299 567 3862 790 1150 3863 774 1156 3864 1302 562 3865 785 561 3866 795 571 3867 1305 570 3868 796 572 3869 1301 560 3870 781 1154 3871 786 1155 3872 781 1154 3873 1300 559 3874 784 1153 3875 768 1158 3876 1297 555 3877 777 554 3878 787 563 3879 1302 562 3880 788 564 3881 1296 553 3882 776 1159 3883 778 1157 3884 776 1159 3885 1291 552 3886 774 1156 3887 763 1161 3888 1294 548 3889 769 547 3890 779 553 3891 1297 555 3892 780 556 3893 1293 546 3894 765 1162 3895 770 1160 3896 765 1162 3897 1292 545 3898 768 1158 3899 771 546 3900 1294 548 3901 772 550 3902 1505 1178 3903 1513 1179 3904 1518 1180 3905 1518 1180 3906 1507 1181 3907 1503 1182 3908 1503 1182 3909 1528 1183 3910 1519 1184 3911 1522 1185 3912 1507 1181 3913 1504 1186 3914 1503 1182 3915 1526 1187 3916 1518 1180 3917 1514 1188 3918 1508 1189 3919 1502 1190 3920 1517 1191 3921 1532 1192 3922 1523 1193 3923 1501 1194 3924 1525 1195 3925 1520 1196 3926 1510 1197 3927 1512 1198 3928 1514 1188 3929 1508 1189 3930 1516 1199 3931 1501 1194 3932 1518 1180 3933 1529 1200 3934 1505 1178 3935 1512 1198 3936 1509 1201 3937 1516 1199 3938 1502 1190 3939 1527 1202 3940 1521 1203 3941 1516 1199 3942 1530 1204 3943 1525 1195 3944 1504 1186 3945 1523 1193 3946 1522 1185 3947 1506 1205 3948 1513 1179 3949 1511 1206 3950 1531 1207 3951 1514 1188 3952 1524 1208 3953 1524 1208 3954 1502 1190 3955 1521 1203 3956 1513 1179 3957 1504 1186 3958 1507 1181 3959 1522 1185 3960 1524 1208 3961 1521 1203 3962 1525 1195 3963 1519 1184 3964 1520 1196 3965 1521 1203 3966 1528 1183 3967 1522 1185 3968 1528 1183 3969 1520 1196 3970 1519 1184 3971 1525 1195 3972 1529 1200 3973 1526 1187 3974 1523 1193 3975 1531 1207 3976 1524 1208 3977 1527 1202 3978 1501 1194 3979 1520 1196 3980 1537 1209 3981 1545 1210 3982 1543 1211 3983 1550 1212 3984 1539 1213 3985 1545 1210 3986 1535 1214 3987 1560 1215 3988 1539 1213 3989 1539 1213 3990 1554 1216 3991 1536 1217 3992 1558 1218 3993 1535 1214 3994 1550 1212 3995 1540 1219 3996 1546 1220 3997 1534 1221 3998 1549 1222 3999 1564 1223 4000 1538 1224 4001 1533 1225 4002 1557 1226 4003 1548 1227 4004 1544 1228 4005 1542 1229 4006 1546 1220 4007 1548 1227 4008 1540 1219 4009 1533 1225 4010 1561 1230 4011 1550 1212 4012 1537 1209 4013 1541 1231 4014 1544 1228 4015 1548 1227 4016 1559 1232 4017 1534 1221 4018 1553 1233 4019 1548 1227 4020 1562 1234 4021 1541 1231 4022 1536 1217 4023 1555 1235 4024 1549 1222 4025 1545 1210 4026 1538 1224 4027 1543 1211 4028 1563 1236 4029 1546 1220 4030 1542 1229 4031 1556 1237 4032 1534 1221 4033 1546 1220 4034 1545 1210 4035 1536 1217 4036 1549 1222 4037 1554 1216 4038 1556 1237 4039 1555 1235 4040 1551 1238 4041 1557 1226 4042 1552 1239 4043 1553 1233 4044 1560 1215 4045 1559 1232 4046 1552 1239 4047 1560 1215 4048 1551 1238 4049 1557 1226 4050 1561 1230 4051 1562 1234 4052 1555 1235 4053 1563 1236 4054 1564 1223 4055 1559 1232 4056 1533 1225 4057 1540 1219 4058 1567 1240 4059 1570 1241 4060 1590 1242 4061 1650 1243 4062 1573 1244 4063 1651 1245 4064 1600 1246 4065 1581 1247 4066 1579 1248 4067 1569 1249 4068 1571 1250 4069 1605 1251 4070 1590 1242 4071 1584 1252 4072 1593 1253 4073 1649 1254 4074 1599 1255 4075 1650 1243 4076 1579 1248 4077 1569 1249 4078 1600 1246 4079 1569 1249 4080 1605 1251 4081 1600 1246 4082 1605 1251 4083 1577 1256 4084 1600 1246 4085 1581 1247 4086 1649 1254 4087 1652 1257 4088 1662 1258 4089 1602 1259 4090 1663 1260 4091 1571 1250 4092 1599 1255 4093 1605 1251 4094 1588 1261 4095 1602 1259 4096 1589 1262 4097 1570 1241 4098 1586 1263 4099 1584 1252 4100 1566 1264 4101 1662 1258 4102 1661 1265 4103 1591 1266 4104 1595 1267 4105 1587 1268 4106 1598 1269 4107 1660 1270 4108 1658 1271 4109 1595 1267 4110 1592 1272 4111 1587 1268 4112 1654 1273 4113 1576 1274 4114 1653 1275 4115 1572 1276 4116 1580 1277 4117 1586 1263 4118 1587 1268 4119 1592 1272 4120 1601 1278 4121 1657 1279 4122 1598 1269 4123 1658 1271 4124 1566 1264 4125 1588 1261 4126 1589 1262 4127 1659 1280 4128 1568 1281 4129 1657 1279 4130 1572 1276 4131 1570 1241 4132 1567 1240 4133 1578 1282 4134 1572 1276 4135 1567 1240 4136 1655 1283 4137 1576 1274 4138 1574 1284 4139 1656 1285 4140 1574 1284 4141 1596 1286 4142 1609 1287 4143 1632 1288 4144 1612 1289 4145 1639 1290 4146 1615 1291 4147 1641 1292 4148 1642 1293 4149 1623 1294 4150 1619 1295 4151 1611 1296 4152 1647 1297 4153 1613 1298 4154 1626 1299 4155 1632 1288 4156 1635 1300 4157 1648 1301 4158 1641 1292 4159 1619 1295 4160 1621 1302 4161 1642 1293 4162 1611 1296 4163 1611 1296 4164 1642 1293 4165 1647 1297 4166 1647 1297 4167 1619 1295 4168 1641 1292 4169 1648 1301 4170 1623 1294 4171 1625 1303 4172 1627 1304 4173 1644 1305 4174 1631 1306 4175 1613 1298 4176 1641 1292 4177 1615 1291 4178 1630 1307 4179 1631 1306 4180 1644 1305 4181 1628 1308 4182 1612 1289 4183 1626 1299 4184 1627 1304 4185 1608 1309 4186 1607 1310 4187 1633 1311 4188 1629 1312 4189 1637 1313 4190 1643 1314 4191 1640 1315 4192 1634 1316 4193 1637 1313 4194 1629 1312 4195 1634 1316 4196 1618 1317 4197 1622 1318 4198 1628 1308 4199 1622 1318 4200 1614 1319 4201 1628 1308 4202 1629 1312 4203 1643 1314 4204 1634 1316 4205 1637 1313 4206 1640 1315 4207 1610 1320 4208 1608 1309 4209 1631 1306 4210 1630 1307 4211 1633 1311 4212 1610 1320 4213 1636 1321 4214 1614 1319 4215 1609 1287 4216 1612 1289 4217 1620 1322 4218 1609 1287 4219 1614 1319 4220 1626 1299 4221 1618 1317 4222 1628 1308 4223 1635 1300 4224 1616 1323 4225 1626 1299 4226 1636 1321 4227 1568 1281 4228 1594 1324 4229 1585 1325 4230 1607 1310 4231 1565 1326 4232 1598 1269 4233 1645 1327 4234 1603 1328 4235 1610 1320 4236 1598 1269 4237 1568 1281 4238 1576 1274 4239 1624 1329 4240 1618 1317 4241 1574 1284 4242 1638 1330 4243 1596 1286 4244 1576 1274 4245 1616 1323 4246 1574 1284 4247 1606 1331 4248 1625 1303 4249 1583 1332 4250 1617 1333 4251 1597 1334 4252 1575 1335 4253 1597 1334 4254 1648 1301 4255 1606 1331 4256 1646 1336 4257 1585 1325 4258 1604 1337 4259 1652 1257 4260 1606 1331 4261 1583 1332 4262 1606 1331 4263 1650 1243 4264 1597 1334 4265 1597 1334 4266 1651 1245 4267 1575 1335 4268 1593 1253 4269 1655 1283 4270 1656 1285 4271 1584 1252 4272 1653 1275 4273 1655 1283 4274 1580 1277 4275 1653 1275 4276 1586 1263 4277 1591 1266 4278 1657 1279 4279 1595 1267 4280 1595 1267 4281 1658 1271 4282 1592 1272 4283 1658 1271 4284 1601 1278 4285 1592 1272 4286 1661 1265 4287 1585 1325 4288 1565 1326 4289 1585 1325 4290 1663 1260 4291 1604 1337 4292 544 332 4293 542 328 4294 543 330 4295 85 3 4296 86 95 4297 8 4 4298 35 6 4299 14 15 4300 16 7 4301 19 12 4302 5 2 4303 25 1 4304 84 14 4305 85 3 4306 34 5 4307 40 10 4308 35 6 4309 12 8 4310 84 14 4311 12 8 4312 16 7 4313 97 17 4314 98 97 4315 37 18 4316 6 11 4317 40 10 4318 34 5 4319 21 21 4320 7 35 4321 5 2 4322 97 17 4323 24 19 4324 1 22 4325 95 27 4326 38 1338 4327 33 28 4328 11 31 4329 17 88 4330 89 32 4331 15 34 4332 13 41 4333 7 35 4334 92 37 4335 93 29 4336 33 28 4337 94 39 4338 92 37 4339 3 38 4340 90 42 4341 9 44 4342 11 31 4343 91 43 4344 31 89 4345 9 44 4346 74 48 4347 76 60 4348 50 49 4349 77 51 4350 54 61 4351 58 52 4352 67 47 4353 47 46 4354 61 57 4355 83 59 4356 54 61 4357 76 60 4358 82 56 4359 76 60 4360 54 61 4361 58 52 4362 54 61 4363 83 59 4364 62 63 4365 66 67 4366 79 64 4367 48 55 4368 50 49 4369 76 60 4370 47 46 4371 49 79 4372 63 68 4373 43 69 4374 66 67 4375 62 63 4376 75 74 4377 80 86 4378 78 75 4379 57 77 4380 59 87 4381 53 78 4382 49 79 4383 55 81 4384 57 77 4385 72 72 4386 45 80 4387 75 74 4388 68 71 4389 71 84 4390 45 80 4391 61 57 4392 63 68 4393 53 78 4394 70 58 4395 61 57 4396 51 82 4397 3 38 4398 45 80 4399 71 84 4400 20 85 4401 0 96 4402 42 70 4403 33 28 4404 38 1338 4405 80 86 4406 33 28 4407 75 74 4408 45 80 4409 11 31 4410 53 78 4411 59 87 4412 73 83 4413 51 82 4414 9 44 4415 51 82 4416 53 78 4417 11 31 4418 41 90 4419 18 94 4420 60 62 4421 32 91 4422 74 48 4423 52 50 4424 32 91 4425 41 90 4426 83 59 4427 20 85 4428 62 63 4429 81 65 4430 41 90 4431 84 14 4432 87 16 4433 41 90 4434 32 91 4435 85 3 4436 32 91 4437 10 92 4438 86 95 4439 28 13 4440 91 43 4441 90 42 4442 19 12 4443 90 42 4444 88 33 4445 88 33 4446 89 32 4447 15 34 4448 26 24 4449 30 26 4450 92 37 4451 30 26 4452 27 30 4453 93 29 4454 36 36 4455 95 27 4456 93 29 4457 20 85 4458 97 17 4459 96 23 4460 20 85 4461 39 93 4462 98 97 4463 143 98 4464 144 102 4465 147 99 4466 145 101 4467 148 113 4468 147 99 4469 147 99 4470 150 105 4471 149 103 4472 147 99 4473 148 113 4474 151 104 4475 99 106 4476 110 108 4477 143 98 4478 110 108 4479 111 110 4480 144 102 4481 112 109 4482 145 101 4483 144 102 4484 100 111 4485 113 112 4486 145 101 4487 113 112 4488 114 192 4489 148 113 4490 148 113 4491 114 192 4492 115 114 4493 151 104 4494 115 114 4495 102 115 4496 150 105 4497 151 104 4498 116 116 4499 150 105 4500 117 117 4501 118 118 4502 149 103 4503 118 118 4504 101 119 4505 146 100 4506 149 103 4507 107 120 4508 109 107 4509 143 98 4510 146 100 4511 152 122 4512 153 126 4513 156 123 4514 154 125 4515 157 132 4516 156 123 4517 156 123 4518 159 129 4519 158 127 4520 156 123 4521 157 132 4522 160 128 4523 101 119 4524 118 118 4525 152 122 4526 118 118 4527 117 117 4528 153 126 4529 116 116 4530 154 125 4531 153 126 4532 102 115 4533 122 131 4534 154 125 4535 122 131 4536 123 190 4537 157 132 4538 157 132 4539 123 190 4540 124 133 4541 160 128 4542 124 133 4543 106 134 4544 159 129 4545 160 128 4546 125 135 4547 159 129 4548 126 136 4549 127 137 4550 158 127 4551 127 137 4552 105 138 4553 155 124 4554 158 127 4555 119 139 4556 121 130 4557 152 122 4558 155 124 4559 161 141 4560 162 145 4561 165 142 4562 163 144 4563 166 151 4564 165 142 4565 165 142 4566 168 148 4567 167 146 4568 165 142 4569 166 151 4570 169 147 4571 105 138 4572 127 137 4573 161 141 4574 127 137 4575 126 136 4576 162 145 4577 125 135 4578 163 144 4579 162 145 4580 106 134 4581 131 150 4582 163 144 4583 131 150 4584 132 195 4585 166 151 4586 166 151 4587 132 195 4588 133 152 4589 169 147 4590 133 152 4591 104 153 4592 168 148 4593 169 147 4594 134 154 4595 168 148 4596 135 155 4597 136 156 4598 167 146 4599 136 156 4600 103 157 4601 164 143 4602 167 146 4603 128 158 4604 130 149 4605 161 141 4606 164 143 4607 170 160 4608 171 164 4609 174 161 4610 172 163 4611 175 170 4612 174 161 4613 174 161 4614 177 167 4615 176 165 4616 174 161 4617 175 170 4618 178 166 4619 103 157 4620 136 156 4621 170 160 4622 136 156 4623 135 155 4624 171 164 4625 134 154 4626 172 163 4627 171 164 4628 104 153 4629 140 169 4630 172 163 4631 140 169 4632 141 194 4633 175 170 4634 175 170 4635 141 194 4636 142 171 4637 178 166 4638 142 171 4639 100 111 4640 177 167 4641 178 166 4642 112 109 4643 177 167 4644 111 110 4645 110 108 4646 176 165 4647 110 108 4648 99 106 4649 173 162 4650 176 165 4651 137 172 4652 139 168 4653 170 160 4654 173 162 4655 179 174 4656 180 178 4657 183 175 4658 181 177 4659 184 182 4660 183 175 4661 183 175 4662 186 181 4663 185 179 4664 183 175 4665 184 182 4666 187 180 4667 101 119 4668 121 130 4669 179 174 4670 120 140 4671 180 178 4672 179 174 4673 119 139 4674 181 177 4675 180 178 4676 105 138 4677 130 149 4678 181 177 4679 130 149 4680 129 159 4681 184 182 4682 184 182 4683 129 159 4684 128 158 4685 187 180 4686 128 158 4687 103 157 4688 186 181 4689 187 180 4690 139 168 4691 186 181 4692 138 173 4693 137 172 4694 185 179 4695 137 172 4696 99 106 4697 182 176 4698 185 179 4699 109 107 4700 107 120 4701 179 174 4702 182 176 4703 189 183 4704 192 187 4705 191 184 4706 189 183 4707 190 191 4708 193 186 4709 191 184 4710 192 187 4711 195 188 4712 193 186 4713 196 193 4714 195 188 4715 124 133 4716 188 185 4717 131 150 4718 123 190 4719 189 183 4720 188 185 4721 123 190 4722 122 131 4723 190 191 4724 122 131 4725 102 115 4726 115 114 4727 190 191 4728 115 114 4729 114 192 4730 114 192 4731 113 112 4732 196 193 4733 113 112 4734 100 111 4735 142 171 4736 196 193 4737 142 171 4738 141 194 4739 194 189 4740 195 188 4741 141 194 4742 133 152 4743 194 189 4744 140 169 4745 132 195 4746 191 184 4747 194 189 4748 188 185 4749 191 184 4750 132 195 4751 198 196 4752 200 207 4753 199 197 4754 202 199 4755 201 203 4756 203 200 4757 205 202 4758 203 200 4759 201 203 4760 207 205 4761 206 204 4762 201 203 4763 207 205 4764 202 199 4765 204 201 4766 205 202 4767 208 206 4768 204 201 4769 199 197 4770 200 207 4771 208 206 4772 198 196 4773 207 205 4774 208 206 4775 197 198 4776 206 204 4777 207 205 4778 199 197 4779 205 202 4780 206 204 4781 210 208 4782 209 219 4783 211 209 4784 214 211 4785 216 217 4786 215 212 4787 213 213 4788 215 212 4789 217 214 4790 219 216 4791 214 211 4792 213 213 4793 216 217 4794 214 211 4795 219 216 4796 217 214 4797 215 212 4798 216 217 4799 211 209 4800 217 214 4801 220 218 4802 220 218 4803 219 216 4804 210 208 4805 219 216 4806 218 215 4807 209 219 4808 218 215 4809 217 214 4810 211 209 4811 221 220 4812 224 220 4813 227 221 4814 226 222 4815 224 220 4816 221 220 4817 224 220 4818 225 220 4819 228 221 4820 257 223 4821 225 220 4822 224 220 4823 222 221 4824 227 221 4825 229 224 4826 227 221 4827 228 221 4828 231 224 4829 230 224 4830 229 224 4831 232 225 4832 229 224 4833 231 224 4834 234 225 4835 233 225 4836 232 225 4837 235 226 4838 232 225 4839 234 225 4840 237 226 4841 236 226 4842 235 226 4843 238 227 4844 235 226 4845 237 226 4846 240 227 4847 239 227 4848 238 227 4849 241 228 4850 238 227 4851 240 227 4852 243 228 4853 241 228 4854 244 229 4855 245 229 4856 243 228 4857 246 229 4858 244 229 4859 244 229 4860 247 230 4861 248 230 4862 246 229 4863 249 230 4864 247 230 4865 247 230 4866 250 231 4867 251 231 4868 249 230 4869 252 231 4870 250 231 4871 250 231 4872 253 232 4873 254 232 4874 252 231 4875 255 232 4876 253 232 4877 253 232 4878 226 222 4879 223 223 4880 255 232 4881 257 223 4882 226 222 4883 278 231 4884 256 233 4885 255 232 4886 256 233 4887 258 222 4888 257 223 4889 258 222 4890 260 220 4891 225 220 4892 281 233 4893 259 222 4894 258 222 4895 259 222 4896 261 220 4897 260 220 4898 225 220 4899 260 220 4900 262 221 4901 260 220 4902 261 220 4903 263 221 4904 262 221 4905 263 221 4906 265 224 4907 228 221 4908 262 221 4909 264 224 4910 264 224 4911 265 224 4912 267 225 4913 231 224 4914 264 224 4915 266 225 4916 266 225 4917 267 225 4918 269 226 4919 234 225 4920 266 225 4921 268 226 4922 268 226 4923 269 226 4924 271 234 4925 237 226 4926 268 226 4927 270 227 4928 270 227 4929 271 234 4930 273 228 4931 240 227 4932 270 227 4933 272 228 4934 273 228 4935 275 235 4936 274 229 4937 272 228 4938 274 229 4939 246 229 4940 275 235 4941 277 236 4942 276 230 4943 274 229 4944 276 230 4945 249 230 4946 277 236 4947 279 231 4948 278 231 4949 276 230 4950 278 231 4951 252 231 4952 279 231 4953 281 233 4954 256 233 4955 280 237 4956 282 232 4957 281 233 4958 293 236 4959 280 237 4960 279 231 4961 282 232 4962 284 223 4963 259 222 4964 284 223 4965 285 239 4966 261 220 4967 261 220 4968 285 239 4969 286 221 4970 263 221 4971 286 221 4972 287 240 4973 265 224 4974 287 240 4975 288 225 4976 267 225 4977 288 225 4978 289 226 4979 269 226 4980 289 226 4981 290 234 4982 271 234 4983 290 234 4984 291 241 4985 291 241 4986 292 235 4987 275 235 4988 292 235 4989 293 236 4990 277 236 4991 294 242 4992 295 243 4993 300 243 4994 294 242 4995 297 242 4996 299 244 4997 297 242 4998 300 243 4999 301 243 5000 297 242 5001 298 242 5002 330 244 5003 295 243 5004 303 245 5005 302 245 5006 300 243 5007 302 245 5008 304 245 5009 303 245 5010 306 246 5011 305 246 5012 302 245 5013 305 246 5014 307 246 5015 306 246 5016 309 247 5017 308 247 5018 305 246 5019 308 247 5020 310 247 5021 309 247 5022 312 248 5023 311 248 5024 308 247 5025 311 248 5026 313 248 5027 312 248 5028 315 249 5029 314 249 5030 311 248 5031 314 249 5032 316 249 5033 318 250 5034 317 250 5035 314 249 5036 317 250 5037 319 250 5038 316 249 5039 321 251 5040 320 252 5041 317 250 5042 320 252 5043 322 251 5044 319 250 5045 324 253 5046 323 253 5047 320 252 5048 323 253 5049 325 253 5050 322 251 5051 327 254 5052 326 254 5053 323 253 5054 326 254 5055 328 254 5056 325 253 5057 296 244 5058 299 244 5059 326 254 5060 299 244 5061 330 244 5062 328 254 5063 328 254 5064 329 254 5065 351 253 5066 330 244 5067 331 244 5068 329 254 5069 298 242 5070 333 242 5071 331 244 5072 331 244 5073 332 244 5074 354 254 5075 333 242 5076 334 242 5077 332 244 5078 298 242 5079 301 243 5080 335 243 5081 333 242 5082 335 243 5083 336 243 5084 335 243 5085 337 245 5086 338 245 5087 301 243 5088 304 245 5089 337 245 5090 337 245 5091 339 246 5092 340 246 5093 304 245 5094 307 246 5095 339 246 5096 339 246 5097 341 247 5098 342 247 5099 307 246 5100 310 247 5101 341 247 5102 341 247 5103 343 248 5104 344 248 5105 310 247 5106 313 248 5107 343 248 5108 343 248 5109 345 249 5110 346 249 5111 313 248 5112 316 249 5113 345 249 5114 347 250 5115 348 250 5116 346 249 5117 319 250 5118 347 250 5119 345 249 5120 349 251 5121 350 252 5122 348 250 5123 322 251 5124 349 251 5125 347 250 5126 351 253 5127 352 253 5128 350 252 5129 325 253 5130 351 253 5131 349 251 5132 329 254 5133 354 254 5134 352 253 5135 354 254 5136 355 254 5137 353 253 5138 352 253 5139 353 253 5140 366 252 5141 332 244 5142 357 256 5143 355 254 5144 334 242 5145 358 242 5146 357 256 5147 334 242 5148 336 243 5149 359 243 5150 336 243 5151 338 245 5152 360 257 5153 338 245 5154 340 246 5155 361 246 5156 340 246 5157 342 247 5158 362 247 5159 342 247 5160 344 248 5161 363 248 5162 344 248 5163 346 249 5164 364 249 5165 348 250 5166 365 258 5167 364 249 5168 350 252 5169 366 252 5170 365 258 5171 367 259 5172 368 264 5173 373 260 5174 369 262 5175 367 259 5176 370 261 5177 370 261 5178 373 260 5179 374 260 5180 372 263 5181 370 261 5182 371 261 5183 368 264 5184 376 266 5185 375 265 5186 373 260 5187 375 265 5188 377 265 5189 376 266 5190 379 268 5191 378 267 5192 375 265 5193 378 267 5194 380 267 5195 379 268 5196 382 271 5197 381 269 5198 378 267 5199 381 269 5200 383 269 5201 385 270 5202 384 272 5203 381 269 5204 384 272 5205 386 272 5206 383 269 5207 388 273 5208 387 274 5209 384 272 5210 387 274 5211 389 274 5212 386 272 5213 391 275 5214 390 276 5215 387 274 5216 390 276 5217 392 276 5218 389 274 5219 394 277 5220 393 278 5221 390 276 5222 393 278 5223 395 278 5224 392 276 5225 397 279 5226 396 280 5227 393 278 5228 396 280 5229 398 280 5230 395 278 5231 400 281 5232 399 282 5233 396 280 5234 399 282 5235 401 282 5236 398 280 5237 400 281 5238 369 262 5239 372 263 5240 399 282 5241 372 263 5242 403 263 5243 401 282 5244 402 282 5245 424 280 5246 401 282 5247 403 263 5248 404 263 5249 403 263 5250 371 261 5251 406 261 5252 404 263 5253 405 263 5254 427 282 5255 404 263 5256 406 261 5257 407 261 5258 371 261 5259 374 260 5260 408 283 5261 406 261 5262 408 283 5263 409 260 5264 408 283 5265 410 265 5266 411 265 5267 374 260 5268 377 265 5269 410 265 5270 410 265 5271 412 267 5272 413 267 5273 377 265 5274 380 267 5275 412 267 5276 412 267 5277 414 269 5278 415 269 5279 380 267 5280 383 269 5281 414 269 5282 414 269 5283 416 272 5284 417 272 5285 386 272 5286 416 272 5287 414 269 5288 418 274 5289 419 274 5290 417 272 5291 389 274 5292 418 274 5293 416 272 5294 420 276 5295 421 276 5296 419 274 5297 392 276 5298 420 276 5299 418 274 5300 422 278 5301 423 278 5302 421 276 5303 395 278 5304 422 278 5305 420 276 5306 424 280 5307 425 280 5308 423 278 5309 398 280 5310 424 280 5311 422 278 5312 402 282 5313 427 282 5314 425 280 5315 425 280 5316 426 280 5317 448 278 5318 427 282 5319 428 284 5320 426 280 5321 405 263 5322 430 263 5323 428 284 5324 430 263 5325 431 286 5326 429 285 5327 428 284 5328 429 285 5329 451 280 5330 432 261 5331 433 261 5332 431 286 5333 405 263 5334 407 261 5335 432 261 5336 432 261 5337 434 283 5338 435 283 5339 407 261 5340 409 260 5341 434 283 5342 434 283 5343 436 265 5344 437 265 5345 409 260 5346 411 265 5347 436 265 5348 436 265 5349 438 267 5350 439 267 5351 411 265 5352 413 267 5353 438 267 5354 438 267 5355 440 269 5356 441 269 5357 413 267 5358 415 269 5359 440 269 5360 440 269 5361 442 272 5362 443 287 5363 415 269 5364 417 272 5365 442 272 5366 442 272 5367 444 274 5368 445 288 5369 419 274 5370 444 274 5371 442 272 5372 446 276 5373 447 289 5374 445 288 5375 421 276 5376 446 276 5377 444 274 5378 448 278 5379 449 290 5380 447 289 5381 423 278 5382 448 278 5383 446 276 5384 426 280 5385 451 280 5386 449 290 5387 452 292 5388 455 296 5389 458 293 5390 454 295 5391 457 297 5392 455 296 5393 457 297 5394 488 297 5395 456 296 5396 455 296 5397 456 296 5398 459 293 5399 453 294 5400 458 293 5401 460 298 5402 458 293 5403 459 293 5404 462 298 5405 461 299 5406 460 298 5407 463 300 5408 460 298 5409 462 298 5410 465 300 5411 464 301 5412 463 300 5413 466 302 5414 463 300 5415 465 300 5416 468 302 5417 466 302 5418 469 305 5419 470 304 5420 468 302 5421 471 305 5422 469 305 5423 469 305 5424 472 307 5425 473 306 5426 471 305 5427 474 307 5428 472 307 5429 472 307 5430 475 309 5431 476 308 5432 474 307 5433 477 309 5434 475 309 5435 475 309 5436 478 311 5437 479 310 5438 477 309 5439 480 311 5440 478 311 5441 478 311 5442 481 313 5443 482 312 5444 480 311 5445 483 313 5446 481 313 5447 481 313 5448 484 315 5449 485 314 5450 483 313 5451 486 315 5452 484 315 5453 485 314 5454 484 315 5455 457 297 5456 484 315 5457 486 315 5458 488 297 5459 486 315 5460 487 315 5461 489 297 5462 509 313 5463 487 315 5464 486 315 5465 488 297 5466 489 297 5467 491 296 5468 489 297 5469 490 297 5470 492 296 5471 512 315 5472 490 297 5473 489 297 5474 456 296 5475 491 296 5476 493 293 5477 491 296 5478 492 296 5479 494 293 5480 493 293 5481 494 293 5482 496 298 5483 459 293 5484 493 293 5485 495 298 5486 495 298 5487 496 298 5488 498 300 5489 462 298 5490 495 298 5491 497 300 5492 497 300 5493 498 300 5494 500 302 5495 465 300 5496 497 300 5497 499 302 5498 499 302 5499 500 302 5500 502 305 5501 499 302 5502 501 305 5503 471 305 5504 502 305 5505 504 307 5506 503 307 5507 501 305 5508 503 307 5509 474 307 5510 504 307 5511 506 309 5512 505 309 5513 503 307 5514 505 309 5515 477 309 5516 506 309 5517 508 311 5518 507 311 5519 505 309 5520 507 311 5521 480 311 5522 508 311 5523 510 313 5524 509 313 5525 507 311 5526 509 313 5527 483 313 5528 510 313 5529 512 315 5530 487 315 5531 511 313 5532 513 315 5533 512 315 5534 533 311 5535 511 313 5536 510 313 5537 513 315 5538 515 297 5539 490 297 5540 536 316 5541 514 317 5542 513 315 5543 514 317 5544 516 318 5545 515 297 5546 516 318 5547 518 323 5548 517 296 5549 490 297 5550 515 297 5551 517 296 5552 517 296 5553 518 323 5554 520 319 5555 492 296 5556 517 296 5557 519 319 5558 519 319 5559 520 319 5560 522 298 5561 494 293 5562 519 319 5563 521 298 5564 521 298 5565 522 298 5566 524 300 5567 496 298 5568 521 298 5569 523 300 5570 523 300 5571 524 300 5572 526 302 5573 498 300 5574 523 300 5575 525 302 5576 525 302 5577 526 302 5578 528 305 5579 500 302 5580 525 302 5581 527 305 5582 527 305 5583 528 305 5584 530 320 5585 527 305 5586 529 307 5587 504 307 5588 530 320 5589 532 309 5590 531 309 5591 529 307 5592 531 309 5593 506 309 5594 532 309 5595 534 321 5596 533 311 5597 531 309 5598 533 311 5599 508 311 5600 534 321 5601 536 316 5602 511 313 5603 537 324 5604 538 327 5605 540 325 5606 538 327 5607 541 329 5608 542 328 5609 543 330 5610 545 353 5611 546 331 5612 586 333 5613 582 372 5614 585 334 5615 728 336 5616 742 543 5617 578 337 5618 565 339 5619 574 373 5620 577 340 5621 550 342 5622 549 364 5623 551 343 5624 552 344 5625 551 343 5626 553 345 5627 554 346 5628 553 345 5629 537 324 5630 537 324 5631 555 370 5632 556 347 5633 540 325 5634 558 351 5635 557 348 5636 538 327 5637 556 347 5638 559 349 5639 540 325 5640 542 328 5641 560 350 5642 541 329 5643 559 349 5644 561 352 5645 544 332 5646 562 356 5647 560 350 5648 545 353 5649 543 330 5650 561 352 5651 544 332 5652 546 331 5653 564 355 5654 729 357 5655 576 362 5656 579 358 5657 550 342 5658 568 366 5659 547 360 5660 729 357 5661 728 336 5662 573 338 5663 575 363 5664 574 373 5665 565 339 5666 549 364 5667 567 375 5668 569 365 5669 552 344 5670 570 368 5671 568 366 5672 553 345 5673 551 343 5674 569 365 5675 554 346 5676 572 369 5677 570 368 5678 539 326 5679 557 348 5680 572 369 5681 553 345 5682 571 367 5683 555 370 5684 545 353 5685 563 354 5686 584 371 5687 575 363 5688 576 362 5689 573 338 5690 573 338 5691 578 337 5692 577 340 5693 580 374 5694 579 358 5695 576 362 5696 566 361 5697 565 339 5698 549 364 5699 566 361 5700 547 360 5701 580 374 5702 549 364 5703 565 339 5704 548 341 5705 546 331 5706 581 377 5707 583 376 5708 545 353 5709 582 372 5710 581 377 5711 589 378 5712 590 381 5713 583 376 5714 581 377 5715 582 372 5716 586 333 5717 589 378 5718 586 333 5719 587 379 5720 588 380 5721 591 1339 5722 590 381 5723 592 382 5724 587 379 5725 586 333 5726 606 383 5727 607 386 5728 609 384 5729 607 386 5730 606 383 5731 610 387 5732 608 385 5733 609 384 5734 613 389 5735 613 389 5736 615 404 5737 614 391 5738 610 387 5739 616 403 5740 617 392 5741 601 393 5742 613 389 5743 609 384 5744 605 395 5745 599 401 5746 611 388 5747 598 396 5748 610 387 5749 606 383 5750 600 398 5751 612 390 5752 614 391 5753 595 400 5754 597 394 5755 609 384 5756 600 398 5757 596 402 5758 608 385 5759 599 401 5760 595 400 5761 607 386 5762 594 397 5763 606 383 5764 608 385 5765 598 396 5766 604 1340 5767 616 403 5768 601 393 5769 603 1341 5770 615 404 5771 630 405 5772 631 409 5773 633 406 5774 630 405 5775 634 414 5776 635 408 5777 632 407 5778 633 406 5779 637 410 5780 636 411 5781 637 410 5782 639 412 5783 634 414 5784 640 426 5785 641 415 5786 625 416 5787 637 410 5788 633 406 5789 623 418 5790 635 408 5791 641 415 5792 622 420 5793 634 414 5794 630 405 5795 624 422 5796 636 411 5797 638 413 5798 621 417 5799 633 406 5800 631 409 5801 624 422 5802 620 425 5803 632 407 5804 619 424 5805 631 409 5806 635 408 5807 618 421 5808 630 405 5809 632 407 5810 622 420 5811 628 1342 5812 640 426 5813 625 416 5814 627 1343 5815 639 412 5816 645 427 5817 643 480 5818 646 428 5819 678 430 5820 649 435 5821 676 431 5822 651 433 5823 660 455 5824 656 434 5825 654 436 5826 645 427 5827 653 429 5828 681 438 5829 696 476 5830 674 439 5831 652 441 5832 684 452 5833 679 442 5834 658 437 5835 653 429 5836 683 444 5837 647 446 5838 652 441 5839 644 443 5840 650 448 5841 648 440 5842 657 449 5843 659 451 5844 689 461 5845 684 452 5846 682 453 5847 681 438 5848 648 440 5849 687 454 5850 661 450 5851 660 455 5852 655 457 5853 659 451 5854 652 441 5855 659 451 5856 655 457 5857 654 436 5858 661 450 5859 657 449 5860 656 434 5861 672 458 5862 694 479 5863 690 459 5864 689 461 5865 659 451 5866 658 437 5867 688 456 5868 660 455 5869 651 433 5870 670 463 5871 663 487 5872 665 464 5873 673 466 5874 672 458 5875 664 460 5876 675 468 5877 674 439 5878 666 469 5879 695 432 5880 676 431 5881 667 471 5882 697 473 5883 671 465 5884 665 464 5885 676 431 5886 677 477 5887 668 475 5888 696 476 5889 692 481 5890 666 469 5891 677 477 5892 675 468 5893 669 470 5894 656 434 5895 657 449 5896 675 468 5897 653 429 5898 646 428 5899 680 478 5900 649 435 5901 656 434 5902 677 477 5903 687 454 5904 682 453 5905 650 448 5906 644 443 5907 679 442 5908 694 479 5909 646 428 5910 671 465 5911 697 473 5912 648 440 5913 674 439 5914 675 468 5915 642 447 5916 644 443 5917 672 458 5918 643 480 5919 670 463 5920 671 465 5921 678 430 5922 679 442 5923 684 452 5924 681 438 5925 682 453 5926 683 444 5927 688 456 5928 689 461 5929 686 445 5930 682 453 5931 687 454 5932 686 445 5933 685 462 5934 684 452 5935 689 461 5936 691 472 5937 690 459 5938 694 479 5939 697 473 5940 693 474 5941 692 481 5942 695 432 5943 694 479 5944 679 442 5945 680 478 5946 697 473 5947 696 476 5948 685 462 5949 651 433 5950 649 435 5951 655 457 5952 647 446 5953 701 482 5954 647 446 5955 642 447 5956 698 484 5957 642 447 5958 673 466 5959 707 485 5960 670 463 5961 706 490 5962 705 486 5963 645 427 5964 700 491 5965 699 488 5966 673 466 5967 662 467 5968 704 489 5969 643 480 5970 699 488 5971 706 490 5972 654 436 5973 702 492 5974 700 491 5975 654 436 5976 655 457 5977 703 483 5978 703 483 5979 701 482 5980 711 493 5981 701 482 5982 698 484 5983 708 495 5984 707 485 5985 704 489 5986 714 496 5987 706 490 5988 716 502 5989 715 498 5990 702 492 5991 703 483 5992 713 494 5993 698 484 5994 707 485 5995 717 497 5996 700 491 5997 702 492 5998 712 499 5999 700 491 6000 710 500 6001 709 501 6002 699 488 6003 709 501 6004 716 502 6005 718 503 6006 720 518 6007 721 504 6008 721 504 6009 720 518 6010 722 506 6011 723 507 6012 722 506 6013 724 508 6014 725 509 6015 724 508 6016 726 510 6017 726 510 6018 740 526 6019 760 512 6020 751 514 6021 754 1344 6022 750 515 6023 731 517 6024 730 533 6025 718 503 6026 720 518 6027 718 503 6028 732 519 6029 721 504 6030 735 524 6031 733 521 6032 720 518 6033 734 520 6034 736 522 6035 721 504 6036 723 507 6037 737 523 6038 724 508 6039 722 506 6040 736 522 6041 725 509 6042 739 528 6043 737 523 6044 724 508 6045 738 525 6046 740 526 6047 725 509 6048 727 511 6049 741 527 6050 727 511 6051 757 540 6052 761 529 6053 747 530 6054 731 517 6055 745 531 6056 731 517 6057 719 505 6058 733 521 6059 730 533 6060 744 535 6061 732 519 6062 730 533 6063 746 516 6064 748 534 6065 730 533 6066 731 517 6067 747 530 6068 747 530 6069 749 532 6070 753 536 6071 746 516 6072 747 530 6073 752 537 6074 729 357 6075 743 359 6076 762 538 6077 727 511 6078 726 510 6079 756 513 6080 758 539 6081 755 542 6082 728 336 6083 762 538 6084 761 529 6085 757 540 6086 756 513 6087 760 512 6088 759 541 6089 758 539 6090 757 540 6091 756 513 6092 728 336 6093 755 542 6094 759 541 6095 1290 544 6096 766 1345 6097 767 545 6098 1293 546 6099 770 1160 6100 769 547 6101 771 546 6102 766 1345 6103 1290 544 6104 1289 549 6105 764 1166 6106 772 550 6107 1295 551 6108 775 551 6109 773 552 6110 1296 553 6111 778 1157 6112 777 554 6113 779 553 6114 775 551 6115 1295 551 6116 1292 545 6117 767 545 6118 780 556 6119 1298 557 6120 782 1346 6121 783 558 6122 1301 560 6123 786 1155 6124 785 561 6125 787 563 6126 782 1346 6127 1298 557 6128 1291 552 6129 773 552 6130 788 564 6131 1303 565 6132 791 1347 6133 789 566 6134 1304 568 6135 794 1152 6136 793 569 6137 795 571 6138 791 1347 6139 1303 565 6140 1300 559 6141 783 558 6142 796 572 6143 1306 573 6144 798 1348 6145 799 574 6146 1309 576 6147 802 1149 6148 801 577 6149 803 579 6150 798 1348 6151 1306 573 6152 1299 567 6153 789 566 6154 804 580 6155 807 581 6156 805 1349 6157 1307 582 6158 1312 583 6159 810 1146 6160 809 584 6161 811 586 6162 807 581 6163 1311 581 6164 1308 575 6165 799 574 6166 812 587 6167 814 588 6168 815 1350 6169 1316 589 6170 818 591 6171 817 1144 6172 1318 592 6173 819 594 6174 814 588 6175 1314 590 6176 1307 582 6177 805 1349 6178 820 595 6179 823 596 6180 821 1351 6181 1315 597 6182 826 599 6183 825 1140 6184 1321 600 6185 827 602 6186 823 596 6187 1319 598 6188 1316 589 6189 815 1350 6190 828 603 6191 830 604 6192 831 605 6193 1324 605 6194 834 607 6195 833 1137 6196 1326 608 6197 835 610 6198 830 604 6199 1322 606 6200 1315 597 6201 821 1351 6202 836 611 6203 839 612 6204 837 612 6205 1323 613 6206 842 615 6207 841 1134 6208 1329 616 6209 843 618 6210 839 612 6211 1327 614 6212 1324 605 6213 831 605 6214 844 619 6215 846 612 6216 847 612 6217 1332 620 6218 1333 622 6219 850 1130 6220 849 623 6221 851 622 6222 846 612 6223 1330 621 6224 1323 613 6225 837 612 6226 852 625 6227 1335 626 6228 855 1352 6229 853 627 6230 1336 629 6231 858 1127 6232 857 630 6233 859 632 6234 855 1352 6235 1335 626 6236 1332 620 6237 847 612 6238 860 633 6239 1338 634 6240 862 1353 6241 863 635 6242 1341 636 6243 866 1124 6244 865 637 6245 867 639 6246 862 1353 6247 1338 634 6248 1331 628 6249 853 627 6250 868 640 6251 1343 550 6252 871 550 6253 869 550 6254 1344 641 6255 874 1121 6256 873 642 6257 875 644 6258 871 550 6259 1343 550 6260 1340 635 6261 863 635 6262 876 643 6263 1346 645 6264 878 1354 6265 879 646 6266 1349 546 6267 882 1118 6268 881 647 6269 883 546 6270 878 1354 6271 1346 645 6272 1339 550 6273 869 550 6274 884 648 6275 1351 649 6276 887 649 6277 885 650 6278 1352 651 6279 890 1115 6280 889 652 6281 891 651 6282 887 649 6283 1351 649 6284 1348 646 6285 879 646 6286 892 654 6287 1354 655 6288 894 1355 6289 895 655 6290 1357 655 6291 898 1112 6292 897 656 6293 899 655 6294 894 1355 6295 1354 655 6296 1347 650 6297 885 650 6298 900 657 6299 1359 658 6300 903 1356 6301 901 659 6302 1360 661 6303 906 1110 6304 905 662 6305 907 661 6306 903 1356 6307 1359 658 6308 1356 655 6309 895 655 6310 908 664 6311 910 550 6312 911 665 6313 1364 665 6314 1365 666 6315 914 1107 6316 913 667 6317 915 666 6318 910 550 6319 1362 550 6320 1355 660 6321 901 659 6322 916 669 6323 919 670 6324 917 681 6325 1363 671 6326 922 673 6327 921 1104 6328 1369 674 6329 923 676 6330 919 670 6331 1367 672 6332 1364 665 6333 911 665 6334 924 674 6335 926 677 6336 927 678 6337 1372 678 6338 930 680 6339 929 1102 6340 1374 681 6341 931 683 6342 926 677 6343 1370 679 6344 1363 671 6345 917 681 6346 932 684 6347 935 685 6348 933 1357 6349 1371 686 6350 938 687 6351 937 1098 6352 1377 688 6353 939 689 6354 935 685 6355 1375 685 6356 1372 678 6357 927 678 6358 940 690 6359 942 691 6360 943 1358 6361 1380 692 6362 946 693 6363 945 1096 6364 1382 694 6365 947 695 6366 942 691 6367 1378 691 6368 1371 686 6369 933 1357 6370 948 696 6371 951 697 6372 949 612 6373 1379 698 6374 954 700 6375 953 1093 6376 1385 701 6377 955 703 6378 951 697 6379 1383 699 6380 1380 692 6381 943 1358 6382 956 704 6383 958 612 6384 959 612 6385 1388 705 6386 962 707 6387 961 1088 6388 1390 708 6389 963 710 6390 958 612 6391 1386 706 6392 1379 698 6393 949 612 6394 964 710 6395 967 612 6396 965 612 6397 1387 711 6398 970 713 6399 969 1085 6400 1393 714 6401 971 716 6402 967 612 6403 1391 712 6404 1388 705 6405 959 612 6406 972 717 6407 1395 718 6408 1397 733 6409 977 719 6410 1398 721 6411 1399 827 6412 979 722 6413 1395 718 6414 976 720 6415 981 724 6416 1394 725 6417 1399 827 6418 982 726 6419 1400 728 6420 1396 729 6421 983 729 6422 1401 730 6423 1402 1177 6424 987 731 6425 1400 728 6426 985 728 6427 989 730 6428 1397 733 6429 1402 1177 6430 990 734 6431 1403 735 6432 1405 750 6433 993 736 6434 1406 738 6435 1407 1176 6436 995 739 6437 1403 735 6438 992 737 6439 997 741 6440 1396 729 6441 1407 1176 6442 998 742 6443 1408 743 6444 1404 759 6445 999 744 6446 1409 746 6447 1410 1175 6448 1003 747 6449 1408 743 6450 1001 745 6451 1005 749 6452 1405 750 6453 1410 1175 6454 1006 751 6455 1411 752 6456 1413 767 6457 1009 753 6458 1414 755 6459 1415 1174 6460 1011 756 6461 1411 752 6462 1008 754 6463 1013 758 6464 1404 759 6465 1415 1174 6466 1014 760 6467 1412 761 6468 1015 777 6469 1017 762 6470 1417 763 6471 1418 1173 6472 1019 764 6473 1416 762 6474 1017 762 6475 1021 766 6476 1413 767 6477 1418 1173 6478 1022 768 6479 1421 769 6480 1025 786 6481 1024 770 6482 1423 772 6483 1027 956 6484 1028 773 6485 1419 771 6486 1024 770 6487 1029 775 6488 1412 761 6489 1423 772 6490 1030 776 6491 1420 778 6492 1031 795 6493 1033 779 6494 1426 781 6495 1035 963 6496 1036 782 6497 1424 780 6498 1033 779 6499 1037 784 6500 1421 769 6501 1426 781 6502 1038 785 6503 1429 787 6504 1041 803 6505 1040 788 6506 1431 790 6507 1043 970 6508 1044 791 6509 1427 789 6510 1040 788 6511 1045 793 6512 1420 778 6513 1431 790 6514 1046 794 6515 1428 796 6516 1047 612 6517 1049 612 6518 1434 798 6519 1051 977 6520 1052 799 6521 1432 797 6522 1049 612 6523 1053 801 6524 1429 787 6525 1434 798 6526 1054 802 6527 1437 804 6528 1057 612 6529 1056 612 6530 1438 806 6531 1439 1172 6532 1059 807 6533 1435 805 6534 1056 612 6535 1061 806 6536 1428 796 6537 1439 1172 6538 1062 809 6539 1440 810 6540 1436 825 6541 1063 811 6542 1441 813 6543 1442 1171 6544 1067 814 6545 1440 810 6546 1065 812 6547 1069 816 6548 1437 804 6549 1442 1171 6550 1070 817 6551 1443 818 6552 1445 831 6553 1073 819 6554 1446 821 6555 1447 1170 6556 1075 822 6557 1443 818 6558 1072 820 6559 1077 824 6560 1436 825 6561 1447 1170 6562 1078 826 6563 1448 827 6564 1444 838 6565 1079 827 6566 1449 828 6567 1450 1169 6568 1083 829 6569 1448 827 6570 1081 827 6571 1085 827 6572 1445 831 6573 1450 1169 6574 1086 832 6575 1451 833 6576 1453 834 6577 1089 834 6578 1454 835 6579 1455 827 6580 1091 836 6581 1451 833 6582 1088 833 6583 1093 721 6584 1444 838 6585 1455 827 6586 1094 827 6587 1456 839 6588 1452 840 6589 1095 840 6590 1457 841 6591 1458 1168 6592 1099 842 6593 1456 839 6594 1097 839 6595 1101 841 6596 1453 834 6597 1458 1168 6598 1102 844 6599 1459 845 6600 1461 845 6601 1105 845 6602 1462 845 6603 1463 849 6604 1107 847 6605 1459 845 6606 1104 846 6607 1109 845 6608 1452 840 6609 1463 849 6610 1110 849 6611 1464 850 6612 1460 863 6613 1111 851 6614 1465 853 6615 1466 1167 6616 1115 854 6617 1464 850 6618 1113 852 6619 1117 853 6620 1461 845 6621 1466 1167 6622 1118 856 6623 1469 857 6624 1121 857 6625 1120 858 6626 1470 859 6627 1471 864 6628 1123 860 6629 1467 858 6630 1120 858 6631 1125 862 6632 1460 863 6633 1471 864 6634 1126 864 6635 1468 865 6636 1127 876 6637 1129 866 6638 1474 868 6639 1131 1038 6640 1132 869 6641 1472 867 6642 1129 866 6643 1133 871 6644 1469 857 6645 1474 868 6646 1134 872 6647 1477 873 6648 1137 873 6649 1136 874 6650 1479 876 6651 1139 1045 6652 1140 877 6653 1475 875 6654 1136 874 6655 1141 879 6656 1468 865 6657 1479 876 6658 1142 880 6659 1476 881 6660 1143 893 6661 1145 882 6662 1482 883 6663 1147 1052 6664 1148 884 6665 1480 882 6666 1145 882 6667 1149 885 6668 1477 873 6669 1482 883 6670 1150 886 6671 1485 887 6672 1153 902 6673 1152 888 6674 1487 889 6675 1155 1059 6676 1156 890 6677 1483 888 6678 1152 888 6679 1157 891 6680 1476 881 6681 1487 889 6682 1158 892 6683 1484 894 6684 1159 612 6685 1161 895 6686 1490 897 6687 1163 1066 6688 1164 898 6689 1488 896 6690 1161 895 6691 1165 900 6692 1485 887 6693 1490 897 6694 1166 901 6695 1493 903 6696 1169 612 6697 1168 612 6698 1495 905 6699 1171 1074 6700 1172 906 6701 1491 904 6702 1168 612 6703 1173 908 6704 1484 894 6705 1495 905 6706 1174 908 6707 1498 909 6708 1178 1081 6709 1179 910 6710 1496 912 6711 1176 612 6712 1180 913 6713 1500 914 6714 1182 920 6715 973 915 6716 1184 916 6717 1185 927 6718 978 917 6719 1186 919 6720 1187 921 6721 980 723 6722 1182 920 6723 1186 919 6724 979 722 6725 1187 921 6726 1184 916 6727 975 918 6728 1189 922 6729 1188 933 6730 984 923 6731 1191 925 6732 988 732 6733 987 731 6734 1185 927 6735 1190 926 6736 987 731 6737 1191 925 6738 1189 922 6739 986 924 6740 1193 928 6741 994 939 6742 991 929 6743 1195 931 6744 996 740 6745 995 739 6746 1194 932 6747 995 739 6748 984 923 6749 1192 930 6750 991 929 6751 996 740 6752 1196 934 6753 1000 945 6754 1002 935 6755 1199 937 6756 1004 748 6757 1003 747 6758 1198 938 6759 1003 747 6760 994 939 6761 1197 936 6762 1002 935 6763 1004 748 6764 1200 940 6765 1201 951 6766 1010 941 6767 1203 943 6768 1012 757 6769 1011 756 6770 1202 944 6771 1011 756 6772 1000 945 6773 1200 940 6774 1007 942 6775 1012 757 6776 1204 946 6777 1016 957 6778 1018 947 6779 1207 949 6780 1020 765 6781 1019 764 6782 1201 951 6783 1206 950 6784 1019 764 6785 1205 948 6786 1018 947 6787 1020 765 6788 1209 952 6789 1026 964 6790 1023 953 6791 1210 955 6792 1211 958 6793 1028 773 6794 1204 946 6795 1210 955 6796 1027 956 6797 1208 954 6798 1023 953 6799 1028 773 6800 1213 959 6801 1212 971 6802 1032 960 6803 1214 962 6804 1215 965 6805 1036 782 6806 1209 952 6807 1214 962 6808 1035 963 6809 1215 965 6810 1213 959 6811 1034 961 6812 1217 966 6813 1042 978 6814 1039 967 6815 1218 969 6816 1219 972 6817 1044 791 6818 1212 971 6819 1218 969 6820 1043 970 6821 1219 972 6822 1216 968 6823 1039 967 6824 1221 973 6825 1220 984 6826 1048 974 6827 1222 976 6828 1223 979 6829 1052 799 6830 1217 966 6831 1222 976 6832 1051 977 6833 1223 979 6834 1221 973 6835 1050 975 6836 1224 980 6837 1225 990 6838 1058 981 6839 1226 983 6840 1227 985 6841 1060 808 6842 1226 983 6843 1059 807 6844 1048 974 6845 1227 985 6846 1224 980 6847 1055 982 6848 1229 986 6849 1228 996 6850 1064 987 6851 1230 989 6852 1231 991 6853 1068 815 6854 1225 990 6855 1230 989 6856 1067 814 6857 1231 991 6858 1229 986 6859 1066 988 6860 1232 992 6861 1233 1002 6862 1074 993 6863 1234 995 6864 1235 997 6865 1076 823 6866 1228 996 6867 1234 995 6868 1075 822 6869 1235 997 6870 1232 992 6871 1071 994 6872 1237 998 6873 1236 1008 6874 1080 999 6875 1238 1001 6876 1239 1003 6877 1084 830 6878 1233 1002 6879 1238 1001 6880 1083 829 6881 1239 1003 6882 1237 998 6883 1082 1000 6884 1240 1004 6885 1241 1014 6886 1090 1005 6887 1242 1007 6888 1243 1009 6889 1092 837 6890 1236 1008 6891 1242 1007 6892 1091 836 6893 1243 1009 6894 1240 1004 6895 1087 1006 6896 1245 1010 6897 1244 1020 6898 1096 1011 6899 1246 1013 6900 1247 1015 6901 1100 843 6902 1241 1014 6903 1246 1013 6904 1099 842 6905 1247 1015 6906 1245 1010 6907 1098 1012 6908 1248 1016 6909 1249 1026 6910 1106 1017 6911 1250 1019 6912 1251 1021 6913 1108 848 6914 1244 1020 6915 1250 1019 6916 1107 847 6917 1251 1021 6918 1248 1016 6919 1103 1018 6920 1253 1022 6921 1252 1032 6922 1112 1023 6923 1254 1025 6924 1255 1027 6925 1116 855 6926 1249 1026 6927 1254 1025 6928 1115 854 6929 1253 1022 6930 1114 1024 6931 1116 855 6932 1256 1028 6933 1257 1039 6934 1122 1029 6935 1258 1031 6936 1259 1033 6937 1124 861 6938 1252 1032 6939 1258 1031 6940 1123 860 6941 1256 1028 6942 1119 1030 6943 1124 861 6944 1260 1034 6945 1128 1046 6946 1130 1035 6947 1262 1037 6948 1263 1040 6949 1132 869 6950 1262 1037 6951 1131 1038 6952 1122 1029 6953 1261 1036 6954 1130 1035 6955 1132 869 6956 1265 1041 6957 1138 1053 6958 1135 1042 6959 1266 1044 6960 1267 1047 6961 1140 877 6962 1260 1034 6963 1266 1044 6964 1139 1045 6965 1264 1043 6966 1135 1042 6967 1140 877 6968 1268 1048 6969 1144 1060 6970 1146 1049 6971 1270 1051 6972 1271 1054 6973 1148 884 6974 1270 1051 6975 1147 1052 6976 1138 1053 6977 1269 1050 6978 1146 1049 6979 1148 884 6980 1273 1055 6981 1154 1067 6982 1151 1056 6983 1274 1058 6984 1275 1061 6985 1156 890 6986 1268 1048 6987 1274 1058 6988 1155 1059 6989 1272 1057 6990 1151 1056 6991 1156 890 6992 1276 1062 6993 1160 1075 6994 1162 1063 6995 1278 1065 6996 1279 1068 6997 1164 898 6998 1273 1055 6999 1278 1065 7000 1163 1066 7001 1277 1064 7002 1162 1063 7003 1164 898 7004 1493 903 7005 1498 909 7006 1181 1069 7007 1281 1070 7008 1170 1082 7009 1167 1071 7010 1282 1073 7011 1283 1076 7012 1172 906 7013 1282 1073 7014 1171 1074 7015 1160 1075 7016 1283 1076 7017 1280 1072 7018 1167 1071 7019 1285 1077 7020 1175 1165 7021 1177 1078 7022 1287 1080 7023 1288 1083 7024 1179 910 7025 1287 1080 7026 1178 1081 7027 1170 1082 7028 1286 1079 7029 1177 1078 7030 1179 910 7031 968 1084 7032 1286 1079 7033 1288 1083 7034 969 1085 7035 1287 1080 7036 1281 1070 7037 969 1085 7038 970 713 7039 1288 1083 7040 966 1087 7041 1285 1077 7042 1286 1079 7043 962 707 7044 957 1090 7045 1280 1072 7046 961 1088 7047 1282 1073 7048 1276 1062 7049 961 1088 7050 962 707 7051 1283 1076 7052 960 1086 7053 1281 1070 7054 1280 1072 7055 952 1091 7056 1277 1064 7057 1279 1068 7058 944 1092 7059 953 1093 7060 1278 1065 7061 953 1093 7062 954 700 7063 1279 1068 7064 950 1089 7065 1276 1062 7066 1277 1064 7067 941 1094 7068 1272 1057 7069 1275 1061 7070 934 1095 7071 945 1096 7072 1274 1058 7073 945 1096 7074 946 693 7075 1275 1061 7076 944 1092 7077 1273 1055 7078 1272 1057 7079 936 1097 7080 1269 1050 7081 1271 1054 7082 937 1098 7083 1270 1051 7084 1265 1041 7085 937 1098 7086 938 687 7087 1271 1054 7088 934 1095 7089 1268 1048 7090 1269 1050 7091 925 1100 7092 1264 1043 7093 1267 1047 7094 918 1101 7095 929 1102 7096 1266 1044 7097 929 1102 7098 930 680 7099 1267 1047 7100 928 1099 7101 1265 1041 7102 1264 1043 7103 920 1103 7104 1261 1036 7105 1263 1040 7106 921 1104 7107 1262 1037 7108 1257 1039 7109 922 673 7110 1263 1040 7111 1262 1037 7112 918 1101 7113 1260 1034 7114 1261 1036 7115 909 1106 7116 1256 1028 7117 1259 1033 7118 902 1108 7119 913 667 7120 1258 1031 7121 913 667 7122 914 1107 7123 1259 1033 7124 909 1106 7125 912 1105 7126 1257 1039 7127 904 1109 7128 1253 1022 7129 1255 1027 7130 896 1111 7131 905 662 7132 1254 1025 7133 905 662 7134 906 1110 7135 1255 1027 7136 904 1109 7137 902 1108 7138 1252 1032 7139 898 1112 7140 893 1114 7141 1248 1016 7142 886 1113 7143 897 656 7144 1250 1019 7145 897 656 7146 898 1112 7147 1251 1021 7148 893 1114 7149 896 1111 7150 1249 1026 7151 890 1115 7152 888 1117 7153 1245 1010 7154 880 1116 7155 889 652 7156 1246 1013 7157 889 652 7158 890 1115 7159 1247 1015 7160 888 1117 7161 886 1113 7162 1244 1020 7163 882 1118 7164 877 1120 7165 1240 1004 7166 870 1119 7167 881 647 7168 1242 1007 7169 881 647 7170 882 1118 7171 1243 1009 7172 877 1120 7173 880 1116 7174 1241 1014 7175 874 1121 7176 872 1123 7177 1237 998 7178 864 1122 7179 873 642 7180 1238 1001 7181 873 642 7182 874 1121 7183 1239 1003 7184 872 1123 7185 870 1119 7186 1236 1008 7187 866 1124 7188 861 1126 7189 1232 992 7190 854 1125 7191 865 637 7192 1234 995 7193 865 637 7194 866 1124 7195 1235 997 7196 861 1126 7197 864 1122 7198 1233 1002 7199 858 1127 7200 856 1129 7201 1229 986 7202 848 1128 7203 857 630 7204 1230 989 7205 857 630 7206 858 1127 7207 1231 991 7208 856 1129 7209 854 1125 7210 1228 996 7211 850 1130 7212 845 1132 7213 1224 980 7214 849 623 7215 1226 983 7216 1220 984 7217 849 623 7218 850 1130 7219 1227 985 7220 845 1132 7221 848 1128 7222 1225 990 7223 842 615 7224 840 1135 7225 1221 973 7226 832 1133 7227 841 1134 7228 1222 976 7229 841 1134 7230 842 615 7231 1223 979 7232 840 1135 7233 838 1131 7234 1220 984 7235 834 607 7236 829 1138 7237 1216 968 7238 822 1136 7239 833 1137 7240 1218 969 7241 833 1137 7242 834 607 7243 1219 972 7244 832 1133 7245 1217 966 7246 1216 968 7247 826 599 7248 824 1141 7249 1213 959 7250 816 1139 7251 825 1140 7252 1214 962 7253 825 1140 7254 826 599 7255 1215 965 7256 824 1141 7257 822 1136 7258 1212 971 7259 813 1142 7260 1208 954 7261 1211 958 7262 806 1143 7263 817 1144 7264 1210 955 7265 817 1144 7266 818 591 7267 1211 958 7268 816 1139 7269 1209 952 7270 1208 954 7271 808 1145 7272 1205 948 7273 1207 949 7274 800 1147 7275 809 584 7276 1206 950 7277 810 1146 7278 1207 949 7279 1206 950 7280 806 1143 7281 1204 946 7282 1205 948 7283 797 1148 7284 1200 940 7285 1203 943 7286 801 577 7287 1202 944 7288 1196 934 7289 802 1149 7290 1203 943 7291 1202 944 7292 797 1148 7293 800 1147 7294 1201 951 7295 792 1151 7296 1197 936 7297 1199 937 7298 793 569 7299 1198 938 7300 1193 928 7301 794 1152 7302 1199 937 7303 1198 938 7304 790 1150 7305 1196 934 7306 1197 936 7307 781 1154 7308 1192 930 7309 1195 931 7310 785 561 7311 1194 932 7312 1188 933 7313 786 1155 7314 1195 931 7315 1194 932 7316 784 1153 7317 1193 928 7318 1192 930 7319 778 1157 7320 776 1159 7321 1189 922 7322 768 1158 7323 777 554 7324 1190 926 7325 778 1157 7326 1191 925 7327 1190 926 7328 776 1159 7329 774 1156 7330 1188 933 7331 770 1160 7332 765 1162 7333 1184 916 7334 763 1161 7335 769 547 7336 1186 919 7337 769 547 7338 770 1160 7339 1187 921 7340 765 1162 7341 768 1158 7342 1185 927 7343 1289 549 7344 763 1161 7345 1182 920 7346 965 612 7347 1284 612 7348 1499 1163 7349 966 1087 7350 1387 711 7351 1499 1163 7352 1285 1077 7353 1499 1163 7354 1492 1164 7355 764 1166 7356 1289 549 7357 1500 914 7358 1170 1082 7359 1178 1081 7360 1498 909 7361 1183 914 7362 1500 914 7363 1394 725 7364 1177 1078 7365 1496 912 7366 1497 911 7367 1175 1165 7368 1492 1164 7369 1496 912 7370 1160 1075 7371 1171 1074 7372 1495 905 7373 1181 1069 7374 1498 909 7375 1497 911 7376 1167 1071 7377 1491 904 7378 1494 907 7379 1170 1082 7380 1493 903 7381 1491 904 7382 1154 1067 7383 1163 1066 7384 1490 897 7385 1174 908 7386 1495 905 7387 1494 907 7388 1162 1063 7389 1488 896 7390 1489 899 7391 1160 1075 7392 1484 894 7393 1488 896 7394 1144 1060 7395 1155 1059 7396 1487 889 7397 1166 901 7398 1490 897 7399 1489 899 7400 1151 1056 7401 1483 888 7402 1486 889 7403 1154 1067 7404 1485 887 7405 1483 888 7406 1138 1053 7407 1147 1052 7408 1482 883 7409 1158 892 7410 1487 889 7411 1486 889 7412 1146 1049 7413 1480 882 7414 1481 883 7415 1144 1060 7416 1476 881 7417 1480 882 7418 1128 1046 7419 1139 1045 7420 1479 876 7421 1150 886 7422 1482 883 7423 1481 883 7424 1135 1042 7425 1475 875 7426 1478 878 7427 1138 1053 7428 1477 873 7429 1475 875 7430 1122 1029 7431 1131 1038 7432 1474 868 7433 1142 880 7434 1479 876 7435 1478 878 7436 1130 1035 7437 1472 867 7438 1473 870 7439 1128 1046 7440 1468 865 7441 1472 867 7442 1112 1023 7443 1123 860 7444 1471 864 7445 1134 872 7446 1474 868 7447 1473 870 7448 1119 1030 7449 1467 858 7450 1470 859 7451 1122 1029 7452 1469 857 7453 1467 858 7454 1106 1017 7455 1115 854 7456 1466 1167 7457 1125 862 7458 1126 864 7459 1471 864 7460 1114 1024 7461 1464 850 7462 1465 853 7463 1114 1024 7464 1112 1023 7465 1460 863 7466 1096 1011 7467 1107 847 7468 1463 849 7469 1117 853 7470 1118 856 7471 1466 1167 7472 1103 1018 7473 1459 845 7474 1462 845 7475 1103 1018 7476 1106 1017 7477 1461 845 7478 1090 1005 7479 1099 842 7480 1458 1168 7481 1109 845 7482 1110 849 7483 1463 849 7484 1098 1012 7485 1456 839 7486 1457 841 7487 1098 1012 7488 1096 1011 7489 1452 840 7490 1080 999 7491 1091 836 7492 1455 827 7493 1101 841 7494 1102 844 7495 1458 1168 7496 1087 1006 7497 1451 833 7498 1454 835 7499 1087 1006 7500 1090 1005 7501 1453 834 7502 1074 993 7503 1083 829 7504 1450 1169 7505 1093 721 7506 1094 827 7507 1455 827 7508 1082 1000 7509 1448 827 7510 1449 828 7511 1082 1000 7512 1080 999 7513 1444 838 7514 1064 987 7515 1075 822 7516 1447 1170 7517 1085 827 7518 1086 832 7519 1450 1169 7520 1071 994 7521 1443 818 7522 1446 821 7523 1071 994 7524 1074 993 7525 1445 831 7526 1058 981 7527 1067 814 7528 1442 1171 7529 1077 824 7530 1078 826 7531 1447 1170 7532 1066 988 7533 1440 810 7534 1441 813 7535 1066 988 7536 1064 987 7537 1436 825 7538 1048 974 7539 1059 807 7540 1439 1172 7541 1069 816 7542 1070 817 7543 1442 1171 7544 1055 982 7545 1435 805 7546 1438 806 7547 1055 982 7548 1058 981 7549 1437 804 7550 1042 978 7551 1051 977 7552 1434 798 7553 1061 806 7554 1062 809 7555 1439 1172 7556 1050 975 7557 1432 797 7558 1433 800 7559 1048 974 7560 1428 796 7561 1432 797 7562 1032 960 7563 1043 970 7564 1431 790 7565 1054 802 7566 1434 798 7567 1433 800 7568 1039 967 7569 1427 789 7570 1430 792 7571 1042 978 7572 1429 787 7573 1427 789 7574 1026 964 7575 1035 963 7576 1426 781 7577 1046 794 7578 1431 790 7579 1430 792 7580 1034 961 7581 1424 780 7582 1425 783 7583 1032 960 7584 1420 778 7585 1424 780 7586 1016 957 7587 1027 956 7588 1423 772 7589 1038 785 7590 1426 781 7591 1425 783 7592 1023 953 7593 1419 771 7594 1422 774 7595 1026 964 7596 1421 769 7597 1419 771 7598 1010 941 7599 1019 764 7600 1418 1173 7601 1030 776 7602 1423 772 7603 1422 774 7604 1018 947 7605 1416 762 7606 1417 763 7607 1016 957 7608 1412 761 7609 1416 762 7610 1000 945 7611 1011 756 7612 1415 1174 7613 1021 766 7614 1022 768 7615 1418 1173 7616 1007 942 7617 1411 752 7618 1414 755 7619 1007 942 7620 1010 941 7621 1413 767 7622 994 939 7623 1003 747 7624 1410 1175 7625 1013 758 7626 1014 760 7627 1415 1174 7628 1002 935 7629 1408 743 7630 1409 746 7631 1002 935 7632 1000 945 7633 1404 759 7634 984 923 7635 995 739 7636 1407 1176 7637 1005 749 7638 1006 751 7639 1410 1175 7640 991 929 7641 1403 735 7642 1406 738 7643 991 929 7644 994 939 7645 1405 750 7646 978 917 7647 987 731 7648 1402 1177 7649 997 741 7650 998 742 7651 1407 1176 7652 986 924 7653 1400 728 7654 1401 730 7655 986 924 7656 984 923 7657 1396 729 7658 973 915 7659 979 722 7660 1399 827 7661 989 730 7662 990 734 7663 1402 1177 7664 975 918 7665 1395 718 7666 1398 721 7667 975 918 7668 978 917 7669 1397 733 7670 960 1086 7671 1388 705 7672 1393 714 7673 981 724 7674 982 726 7675 1399 827 7676 1392 715 7677 1391 712 7678 968 1084 7679 1391 712 7680 1387 711 7681 966 1087 7682 950 1089 7683 1379 698 7684 1390 708 7685 1392 715 7686 1393 714 7687 972 717 7688 1389 709 7689 1386 706 7690 957 1090 7691 1386 706 7692 1388 705 7693 960 1086 7694 944 1092 7695 1380 692 7696 1385 701 7697 1389 709 7698 1390 708 7699 964 710 7700 1384 702 7701 1383 699 7702 952 1091 7703 1383 699 7704 1379 698 7705 950 1089 7706 934 1095 7707 1371 686 7708 1382 694 7709 1384 702 7710 1385 701 7711 956 704 7712 1381 694 7713 1378 691 7714 941 1094 7715 1378 691 7716 1380 692 7717 944 1092 7718 928 1099 7719 1372 678 7720 1377 688 7721 1381 694 7722 1382 694 7723 948 696 7724 1376 688 7725 1375 685 7726 936 1097 7727 1375 685 7728 1371 686 7729 934 1095 7730 918 1101 7731 1363 671 7732 1374 681 7733 1376 688 7734 1377 688 7735 940 690 7736 1373 682 7737 1370 679 7738 925 1100 7739 1370 679 7740 1372 678 7741 928 1099 7742 912 1105 7743 1364 665 7744 1369 674 7745 1373 682 7746 1374 681 7747 932 684 7748 1368 675 7749 1367 672 7750 920 1103 7751 1367 672 7752 1363 671 7753 918 1101 7754 902 1108 7755 1355 660 7756 1366 668 7757 1368 675 7758 1369 674 7759 924 674 7760 1365 666 7761 1362 550 7762 909 1106 7763 1362 550 7764 1364 665 7765 912 1105 7766 896 1111 7767 1356 655 7768 1361 663 7769 915 666 7770 1365 666 7771 1366 668 7772 1360 661 7773 1359 658 7774 904 1109 7775 904 1109 7776 1359 658 7777 1355 660 7778 886 1113 7779 1347 650 7780 1358 657 7781 907 661 7782 1360 661 7783 1361 663 7784 1357 655 7785 1354 655 7786 893 1114 7787 893 1114 7788 1354 655 7789 1356 655 7790 880 1116 7791 1348 646 7792 1353 653 7793 899 655 7794 1357 655 7795 1358 657 7796 1352 651 7797 1351 649 7798 888 1117 7799 888 1117 7800 1351 649 7801 1347 650 7802 870 1119 7803 1339 550 7804 1350 648 7805 891 651 7806 1352 651 7807 1353 653 7808 1349 546 7809 1346 645 7810 877 1120 7811 877 1120 7812 1346 645 7813 1348 646 7814 864 1122 7815 1340 635 7816 1345 643 7817 883 546 7818 1349 546 7819 1350 648 7820 1344 641 7821 1343 550 7822 872 1123 7823 872 1123 7824 1343 550 7825 1339 550 7826 854 1125 7827 1331 628 7828 1342 638 7829 875 644 7830 1344 641 7831 1345 643 7832 1341 636 7833 1338 634 7834 861 1126 7835 861 1126 7836 1338 634 7837 1340 635 7838 848 1128 7839 1332 620 7840 1337 631 7841 867 639 7842 1341 636 7843 1342 638 7844 1336 629 7845 1335 626 7846 856 1129 7847 856 1129 7848 1335 626 7849 1331 628 7850 838 1131 7851 1323 613 7852 1334 624 7853 859 632 7854 1336 629 7855 1337 631 7856 1333 622 7857 1330 621 7858 845 1132 7859 845 1132 7860 1330 621 7861 1332 620 7862 832 1133 7863 1324 605 7864 1329 616 7865 851 622 7866 1333 622 7867 1334 624 7868 1328 617 7869 1327 614 7870 840 1135 7871 1327 614 7872 1323 613 7873 838 1131 7874 822 1136 7875 1315 597 7876 1326 608 7877 1328 617 7878 1329 616 7879 844 619 7880 1325 609 7881 1322 606 7882 829 1138 7883 1322 606 7884 1324 605 7885 832 1133 7886 816 1139 7887 1316 589 7888 1321 600 7889 1325 609 7890 1326 608 7891 836 611 7892 1320 601 7893 1319 598 7894 824 1141 7895 1319 598 7896 1315 597 7897 822 1136 7898 806 1143 7899 1307 582 7900 1318 592 7901 1320 601 7902 1321 600 7903 828 603 7904 1317 593 7905 1314 590 7906 813 1142 7907 1314 590 7908 1316 589 7909 816 1139 7910 800 1147 7911 1308 575 7912 1313 585 7913 1317 593 7914 1318 592 7915 820 595 7916 1312 583 7917 1311 581 7918 808 1145 7919 1311 581 7920 1307 582 7921 806 1143 7922 790 1150 7923 1299 567 7924 1310 578 7925 811 586 7926 1312 583 7927 1313 585 7928 1309 576 7929 1306 573 7930 797 1148 7931 797 1148 7932 1306 573 7933 1308 575 7934 784 1153 7935 1300 559 7936 1305 570 7937 803 579 7938 1309 576 7939 1310 578 7940 1304 568 7941 1303 565 7942 792 1151 7943 792 1151 7944 1303 565 7945 1299 567 7946 774 1156 7947 1291 552 7948 1302 562 7949 795 571 7950 1304 568 7951 1305 570 7952 1301 560 7953 1298 557 7954 781 1154 7955 781 1154 7956 1298 557 7957 1300 559 7958 768 1158 7959 1292 545 7960 1297 555 7961 787 563 7962 1301 560 7963 1302 562 7964 1296 553 7965 1295 551 7966 776 1159 7967 776 1159 7968 1295 551 7969 1291 552 7970 763 1161 7971 1289 549 7972 1294 548 7973 779 553 7974 1296 553 7975 1297 555 7976 1293 546 7977 1290 544 7978 765 1162 7979 765 1162 7980 1290 544 7981 1292 545 7982 771 546 7983 1293 546 7984 1294 548 7985 1505 1178 7986 1511 1206 7987 1513 1179 7988 1518 1180 7989 1513 1179 7990 1507 1181 7991 1503 1182 7992 1507 1181 7993 1528 1183 7994 1522 1185 7995 1528 1183 7996 1507 1181 7997 1503 1182 7998 1519 1184 7999 1526 1187 8000 1514 1188 8001 1512 1198 8002 1508 1189 8003 1517 1191 8004 1506 1205 8005 1532 1192 8006 1501 1194 8007 1516 1199 8008 1525 1195 8009 1510 1197 8010 1515 1359 8011 1512 1198 8012 1508 1189 8013 1512 1198 8014 1516 1199 8015 1518 1180 8016 1526 1187 8017 1529 1200 8018 1512 1198 8019 1515 1359 8020 1509 1201 8021 1502 1190 8022 1508 1189 8023 1527 1202 8024 1516 1199 8025 1509 1201 8026 1530 1204 8027 1504 1186 8028 1517 1191 8029 1523 1193 8030 1506 1205 8031 1517 1191 8032 1513 1179 8033 1531 1207 8034 1510 1197 8035 1514 1188 8036 1524 1208 8037 1514 1188 8038 1502 1190 8039 1513 1179 8040 1517 1191 8041 1504 1186 8042 1522 1185 8043 1523 1193 8044 1524 1208 8045 1525 1195 8046 1526 1187 8047 1519 1184 8048 1521 1203 8049 1527 1202 8050 1528 1183 8051 1528 1183 8052 1527 1202 8053 1520 1196 8054 1525 1195 8055 1530 1204 8056 1529 1200 8057 1523 1193 8058 1532 1192 8059 1531 1207 8060 1527 1202 8061 1508 1189 8062 1501 1194 8063 1537 1209 8064 1550 1212 8065 1545 1210 8066 1550 1212 8067 1535 1214 8068 1539 1213 8069 1535 1214 8070 1551 1238 8071 1560 1215 8072 1539 1213 8073 1560 1215 8074 1554 1216 8075 1558 1218 8076 1551 1238 8077 1535 1214 8078 1540 1219 8079 1544 1228 8080 1546 1220 8081 1549 1222 8082 1555 1235 8083 1564 1223 8084 1533 1225 8085 1552 1239 8086 1557 1226 8087 1544 1228 8088 1547 1360 8089 1542 1229 8090 1548 1227 8091 1544 1228 8092 1540 1219 8093 1561 1230 8094 1558 1218 8095 1550 1212 8096 1541 1231 8097 1547 1360 8098 1544 1228 8099 1559 1232 8100 1540 1219 8101 1534 1221 8102 1548 1227 8103 1557 1226 8104 1562 1234 8105 1536 1217 8106 1554 1216 8107 1555 1235 8108 1545 1210 8109 1549 1222 8110 1538 1224 8111 1563 1236 8112 1556 1237 8113 1546 1220 8114 1556 1237 8115 1553 1233 8116 1534 1221 8117 1545 1210 8118 1539 1213 8119 1536 1217 8120 1554 1216 8121 1553 1233 8122 1556 1237 8123 1551 1238 8124 1558 1218 8125 1557 1226 8126 1553 1233 8127 1554 1216 8128 1560 1215 8129 1552 1239 8130 1559 1232 8131 1560 1215 8132 1557 1226 8133 1558 1218 8134 1561 1230 8135 1555 1235 8136 1556 1237 8137 1563 1236 8138 1559 1232 8139 1552 1239 8140 1533 1225 8141 1650 1243 8142 1599 1255 8143 1573 1244 8144 1600 1246 8145 1577 1256 8146 1581 1247 8147 1590 1242 8148 1570 1241 8149 1584 1252 8150 1649 1254 8151 1577 1256 8152 1599 1255 8153 1605 1251 8154 1599 1255 8155 1577 1256 8156 1581 1247 8157 1577 1256 8158 1649 1254 8159 1662 1258 8160 1589 1262 8161 1602 1259 8162 1571 1250 8163 1573 1244 8164 1599 1255 8165 1570 1241 8166 1572 1276 8167 1586 1263 8168 1566 1264 8169 1589 1262 8170 1662 1258 8171 1598 1269 8172 1603 1328 8173 1660 1270 8174 1654 1273 8175 1582 1361 8176 1576 1274 8177 1572 1276 8178 1578 1282 8179 1580 1277 8180 1657 1279 8181 1568 1281 8182 1598 1269 8183 1659 1280 8184 1594 1324 8185 1568 1281 8186 1655 1283 8187 1653 1275 8188 1576 1274 8189 1656 1285 8190 1655 1283 8191 1574 1284 8192 1639 1290 8193 1617 1333 8194 1615 1291 8195 1642 1293 8196 1621 1302 8197 1623 1294 8198 1626 1299 8199 1612 1289 8200 1632 1288 8201 1648 1301 8202 1639 1290 8203 1641 1292 8204 1647 1297 8205 1642 1293 8206 1619 1295 8207 1648 1301 8208 1619 1295 8209 1623 1294 8210 1627 1304 8211 1646 1336 8212 1644 1305 8213 1613 1298 8214 1647 1297 8215 1641 1292 8216 1628 1308 8217 1614 1319 8218 1612 1289 8219 1627 1304 8220 1631 1306 8221 1608 1309 8222 1643 1314 8223 1645 1327 8224 1640 1315 8225 1618 1317 8226 1624 1329 8227 1622 1318 8228 1622 1318 8229 1620 1322 8230 1614 1319 8231 1637 1313 8232 1634 1316 8233 1640 1315 8234 1633 1311 8235 1637 1313 8236 1610 1320 8237 1626 1299 8238 1616 1323 8239 1618 1317 8240 1635 1300 8241 1638 1330 8242 1616 1323 8243 1636 1321 8244 1610 1320 8245 1568 1281 8246 1585 1325 8247 1627 1304 8248 1607 1310 8249 1598 1269 8250 1640 1315 8251 1645 1327 8252 1610 1320 8253 1640 1315 8254 1598 1269 8255 1576 1274 8256 1582 1361 8257 1624 1329 8258 1574 1284 8259 1616 1323 8260 1638 1330 8261 1576 1274 8262 1618 1317 8263 1616 1323 8264 1606 1331 8265 1648 1301 8266 1625 1303 8267 1617 1333 8268 1639 1290 8269 1597 1334 8270 1597 1334 8271 1639 1290 8272 1648 1301 8273 1646 1336 8274 1627 1304 8275 1585 1325 8276 1652 1257 8277 1649 1254 8278 1606 1331 8279 1606 1331 8280 1649 1254 8281 1650 1243 8282 1597 1334 8283 1650 1243 8284 1651 1245 8285 1593 1253 8286 1584 1252 8287 1655 1283 8288 1584 1252 8289 1586 1263 8290 1653 1275 8291 1580 1277 8292 1654 1273 8293 1653 1275 8294 1591 1266 8295 1659 1280 8296 1657 1279 8297 1595 1267 8298 1657 1279 8299 1658 1271 8300 1658 1271 8301 1660 1270 8302 1601 1278 8303 1661 1265 8304 1662 1258 8305 1585 1325 8306 1585 1325 8307 1662 1258 8308 1663 1260 8309</p>
        </triangles>
      </mesh>
    </geometry>
    <geometry id="Cube_001-mesh" name="Cube.001">
      <mesh>
        <source id="Cube_001-mesh-positions">
          <float_array id="Cube_001-mesh-positions-array" count="5580">0.6993102 -1.647689 2.821096 0.344879 -1.09876 1.641331 0.9057059 -0.02745342 2.017049 0.8581286 2.510126 -2.484674 0.9508915 -0.7456378 -3.40185 0.8371149 0.8386083 -3.254825 1.137633 1.530241 -0.6683982 0.3142392 5.77728 -0.341075 0.5416176 6.338767 -0.09411072 0.432212 -1.631895 2.151597 0.7925833 -0.8944334 2.664887 0.3763297 -2.092226 2.132927 0.6445108 -2.092506 2.790223 0.3382709 -2.483728 2.054186 0.5847669 -2.560401 2.706222 0.3164318 -3.08147 1.684395 0.4957221 -3.222406 2.295444 0.3375087 -1.060524 1.276901 0.6742034 -2.116035 -0.1762351 1.000572 0.09552425 1.812731 1.52474 0.4500406 -0.09010028 0.7339414 5.163482 0.2151761 0.1382458 6.798659 -2.132071 0.1667768 6.904655 -2.165164 1.874063 0.2606588 -0.7959945 0.6906804 -0.715588 1.829805 1.315917 1.014212 -0.4688385 0.6487084 -1.696983 2.489786 1.568419 1.483803 -1.076152 0.910854 9.68933e-4 -3.389818 0.7606008 4.495084 0.186583 0.5845807 3.810777 -1.109885 0.9370101 3.250163 -0.2048828 0.42798 4.299218 -0.6372476 0.8072817 3.89012 0.007861375 0.4338492 6.143073 -0.2575162 0.6694901 5.770695 0.1713557 0.2229294 6.376272 -0.6800318 0.4679872 6.76434 -0.479496 0.9472866 -2.212276 -2.529296 0.6681604 -1.199924 2.382019 0.8338865 -0.5707329 2.421193 0.3517873 -1.29556 1.939234 0.5801578 -2.106376 2.434345 0.7499784 -1.241279 2.817559 0.5346069 -2.521938 2.332412 0.4718237 -3.151163 1.973111 0.530844 -2.899831 2.483242 0.3126922 -2.781322 1.899844 1.297321 0.40361 0.4313052 0.4890738 -1.734882 0.3277371 1.721203 -0.3651028 -0.05117487 0.8767613 -0.5491233 0.9595678 0.7432252 3.235203 -1.718964 0.8597168 -2.475234 -0.8458619 0.98085 2.633576 -0.5270212 0.5729983 5.302603 -0.07771253 0.3678351 4.842369 -0.3379941 0.2390124 7.006337 -1.734219 0.1479377 6.824613 -1.778234 0.1662948 6.831437 -2.173833 0.171014 6.762954 -1.279924 0.3374419 7.035011 -1.140556 0.6845159 -1.374598 2.564107 0.6507306 -0.9372665 2.153472 1.729171 0.8926988 -0.9693923 1.810017 -1.205835 -0.6708055 1.394225 2.0538 -1.115556 0.9340743 3.50221 -0.7264168 0.7425602 4.117232 -0.3750837 0.5054554 5.731853 -0.01575326 0.3557153 6.578826 -0.6512041 0.2693015 6.869401 -1.255539 0.4862673 -2.837268 2.162877 1.249451 -0.8570954 0.3152876 0.5541413 4.71054 -0.180078 0.2096276 6.890611 -1.773874 1.778521 0.1804065 -2.325768 1.228834 0.7248664 -2.872674 1.700587 0.4573157 -2.375315 1.94113 -1.272155 -1.187039 1.498206 1.838051 -1.594439 0.8263654 0.2055946 2.051013 0.5284214 5.091208 0.595891 0.4205885 -1.543707 3.113301 0.40307 6.489417 0.1657719 0.5305823 -0.6175147 2.910377 0.4004843 -2.050497 3.099207 0.3702391 -2.558895 2.974226 0.2881649 -3.264348 2.538134 0.6716864 0.6213119 1.414705 0.149157 6.960326 -2.119956 0.6634743 1.05548 -0.3280828 0.5287848 2.02441 -0.4408462 0.4588966 5.813524 0.4717574 0.3144986 6.914924 -0.2469787 0.2446874 7.197325 -0.9922447 0.5911855 -0.2133424 2.64915 0.3312461 -2.937385 2.750793 0.7498227 0.6595993 0.4872053 0.4695644 -1.055716 3.074104 0.5254865 4.343791 0.543303 0.1885848 7.119769 -1.694503 1.026944 -0.2828031 0.9635596 0.3884184 -1.275547 0.847785 0.9330874 -1.630725 -3.12966 1.538283 -1.043117 -0.1189799 1.934911 -0.4748111 -0.6618636 2.128458 -1.165544 -1.985686 1.483168 -0.3186333 0.3812194 0.8942506 0.277978 1.812808 1.145684 0.2850106 1.32125 0.8175753 -0.4908102 1.371673 0.7623046 0.7168942 0.05053734 0.5729108 1.529595 -0.5454753 1.028052 2.058824 -0.6845026 1.177706 2.73925 -1.21253 1.321109 2.084642 -1.966739 1.669761 1.338227 -1.693168 2.080659 -0.5709378 -1.198481 1.977876 0.1065411 -1.526932 1.814843 0.7063618 -1.639309 1.248877 -1.662951 -0.1520085 1.513856 -1.900727 -0.786912 1.512819 -1.776307 -2.317021 0.9396322 -1.33408 0.3331015 0.8256106 -0.6393498 1.132995 0.4862876 3.699413 0.3208022 0.5112248 3.094232 0.05829834 0.4956033 2.553843 -0.2539556 0.9001989 1.634422 -2.973028 1.472098 1.233332 -2.436031 1.400128 -1.357386 -2.800362 1.435836 -0.3909918 -2.89191 1.385505 0.2248163 -2.865822 0.9483221 -2.496947 -1.709923 1.675774 -1.86503 -1.587462 2.256277 -0.6351825 -2.136003 2.254758 -0.3159249 -2.212658 2.255322 -0.930081 -2.072566 2.234828 -0.598921 -1.922466 2.271686 -0.368876 -2.010727 2.213877 -0.8118633 -1.940778 2.240636 -0.6698068 -2.404437 2.204107 -0.4121399 -2.407719 2.209408 -0.9913296 -2.390607 2.037766 -1.23114 -2.351175 2.222828 -0.6055428 -1.730463 2.189659 -0.9516813 -1.75216 2.226946 -0.2358789 -1.862261 2.057973 -0.1824877 -2.206394 1.960384 -0.2974827 -2.339828 1.924237 -1.408107 -1.853332 2.145853 -0.6082851 -1.503329 1.884806 -0.03418731 -2.266741 1.590488 -1.279453 -2.509736 1.780246 -1.463519 -2.287914 2.058387 -1.090922 -1.539756 2.14918 -0.109672 -1.708987 1.715626 -0.3591404 -2.383196 1.816998 -1.046316 -2.913927 2.057298 -0.9688609 -2.868781 2.060882 -0.7293422 -2.908735 2.098594 -0.5290673 -2.866311 1.830106 -0.4980708 -3.04477 1.524088 -1.037842 -2.900538 1.494097 -0.4377779 -2.986612 1.845438 -0.7721042 -3.051818 1.496322 -0.7887246 -3.033244 1.55164 -0.3565178 -2.656813 1.957003 0.02846741 -2.191385 1.590518 -1.249328 -2.635606 1.474571 -0.9490441 -2.713931 1.913176 -1.192231 -2.666387 2.11 -0.9955717 -2.664859 2.177546 -0.7243425 -2.642438 2.148046 -0.5139027 -2.63167 2.133303 0.2431153 -2.15274 2.189141 0.05724036 -2.212747 1.752237 0.1025885 -2.345229 1.700722 0.1208686 -2.500398 1.962234 0.1941437 -2.131145 1.915159 0.1111555 -2.577249 2.072998 0.1303386 -2.535937 1.782763 0.08857703 -2.604285 2.134767 0.1186027 -2.411921 1.784735 0.3176668 -2.185728 1.73321 0.3157473 -2.346499 1.936147 0.3273323 -2.411701 2.088381 0.3605554 -2.396128 1.713697 0.259001 -2.499039 2.118984 0.3331468 -2.273551 1.620978 0.1721625 -2.691869 2.038239 0.8748765 -2.053568 1.865896 0.9020231 -2.023437 1.753156 0.8019836 -2.117308 1.708097 0.7947381 -2.2731 1.877685 0.7559204 -2.442929 2.077805 0.7515631 -2.433323 1.647687 0.7231799 -2.453912 2.074504 0.8667255 -2.21079 1.894674 0.9157181 -2.248011 1.96125 -0.1246228 -2.24024 1.958328 -0.2378015 -2.293633 2.212319 -0.3050013 -2.317001 2.207989 -0.1429473 -2.2497 1.715928 -0.02870774 -2.408824 1.726964 -0.146673 -2.446165 1.654418 -0.03275549 -2.624078 1.648965 -0.1729645 -2.633215 1.859521 -0.3080744 -2.838862 1.900365 -0.1003874 -2.718784 2.077941 -0.1056563 -2.675364 2.052369 -0.3369328 -2.783067 1.681772 -0.2578695 -2.856471 1.740049 -0.08040404 -2.748718 2.131386 -0.3365718 -2.596849 2.145964 -0.1152253 -2.528295 2.026083 0.2694645 -2.697815 1.516545 0.2462849 -2.721131 1.671896 0.6169028 -2.838197 2.063908 0.5865245 -2.78775 1.481253 0.6396113 -2.790194 1.796418 0.0952301 -3.049651 2.000999 0.155682 -3.040869 1.422922 0.1825766 -3.049705 1.642511 0.6525202 -3.090686 2.034427 0.549675 -3.048791 1.422777 0.6548243 -3.056229 1.772514 0.08438301 -3.335925 2.031628 0.1598377 -3.38642 1.334255 0.1581563 -3.405169 1.630898 0.690321 -3.332883 2.024186 0.6011505 -3.304207 1.406822 0.6746945 -3.303289 1.827687 0.1828336 -2.691221 1.552351 0.1046304 -3.049482 1.543527 0.08232927 -3.327831 1.884175 0.5952106 -2.832231 1.86541 0.6170645 -3.086007 1.857422 0.6759534 -3.333608 2.123936 0.5002185 -1.990227 2.085154 0.7357196 -1.982394 1.944899 0.4771535 -1.953427 1.893695 0.7328224 -1.947306 1.774561 0.4598742 -2.111377 1.737349 0.6763388 -2.082725 1.652018 0.698693 -2.292923 1.663077 0.5354868 -2.31393 2.124855 0.5202923 -2.407353 2.125941 0.6901245 -2.409195 1.581287 0.6247456 -2.490603 1.595357 0.4743124 -2.49552 2.131754 0.5462904 -2.191302 2.130905 0.7675953 -2.17759 2.0742 0.3740451 -2.707406 2.101423 0.4878013 -2.753991 1.415073 0.5474053 -2.778888 1.435934 0.3990274 -2.727213 2.110612 0.2721887 -3.050136 2.132506 0.4034774 -3.058893 1.321206 0.5309858 -3.075782 1.327423 0.3672111 -3.071177 2.168139 0.4597442 -3.363828 2.169796 0.2914064 -3.393626 1.238145 0.3776791 -3.36291 1.253377 0.5495172 -3.342178 1.547545 0.4522755 -3.455169 1.879088 0.4420116 -3.466766 1.578592 0.3243182 -3.445164 1.904719 0.2901547 -3.440939 1.267156 0.2192559 -3.672052 1.473867 0.153408 -3.668866 1.170407 0.4883521 -3.607917 1.2781 0.3603191 -3.724514 1.54226 0.4540603 -3.61957 1.446449 0.3340458 -3.738799 1.614073 0.1092348 -3.652434 1.785497 0.09778451 -3.651964 1.584287 0.4102724 -3.65183 1.902196 0.3942568 -3.655959 1.653529 0.2862563 -3.762799 1.842066 0.2723453 -3.763208 1.929319 0.08589792 -3.678709 2.121043 0.1150879 -3.659331 2.173758 0.2869917 -3.756649 2.230909 0.4201248 -3.648564 1.92007 0.3886507 -3.630921 1.973626 0.2572678 -3.770742 1.469663 0.08493423 -3.523238 1.544477 0.3401463 -3.562972 1.17952 0.384269 -3.540305 1.282111 0.1513867 -3.536162 1.211279 0.446594 -3.489893 1.517293 0.4136031 -3.513664 1.552473 0.2891095 -3.566767 1.556233 0.05065107 -3.515983 1.883819 0.2631016 -3.573422 1.846216 0.3881204 -3.543908 1.800071 0.04021835 -3.523748 1.575937 0.4067223 -3.533253 2.178177 0.3672731 -3.513191 1.92465 0.3780177 -3.552203 1.903744 0.2581382 -3.566945 2.037343 0.08675765 -3.515236 2.227523 0.2659144 -3.509612 1.885853 0.06402587 -3.520119 1.246923 0.5269661 -3.630915 1.287489 0.4702247 -3.730447 1.465762 0.5074272 -3.646243 1.427376 0.4510107 -3.737036 1.667924 0.4540783 -3.695582 1.853407 0.4445037 -3.698935 1.691747 0.3650014 -3.788873 1.822674 0.3543807 -3.792806 2.16265 0.3750176 -3.79642 2.175058 0.4605715 -3.68405 2.000752 0.4389913 -3.682685 2.010123 0.3499284 -3.788451 1.463615 0.1032257 -3.3317 1.543891 0.3294842 -3.44168 1.83527 0.09062004 -3.336532 1.873922 0.2975366 -3.448466 0.7519757 -0.9012822 0.9728737 0.6407402 -0.71619 1.43748 0.9818058 -0.6520406 0.7303596 1.025449 -0.0875281 1.28407 0.9906929 -0.2622376 1.28438 1.131949 -0.1136357 0.8430557 1.232153 0.3860958 0.8849011 0.714935 0.6692224 0.9203374 0.9417091 -0.5526065 0.9106412 1.023462 -0.3553614 0.9880459 0.9536909 -0.5857874 1.300943 0.9320523 -0.6583027 1.085357 1.091418 -0.3555949 1.217472 0.9675539 -0.5852791 0.8765481 1.034433 -0.4546462 0.8995733 1.073994 -0.6301128 1.091607 0.999512 -0.6774005 1.004691 1.108572 -0.4752096 1.021912 1.007563 -0.6529185 0.6754456 1.090613 -0.6037127 0.6446066 1.136409 -0.7215737 0.76964 1.036523 -0.7221962 0.7663312 1.171787 -0.6544331 0.6947525 0.9920412 -0.7482716 0.5914433 1.095857 -0.7481834 0.5131095 1.166243 -0.7986561 0.7174387 1.041407 -0.7792667 0.7211642 1.203713 -0.7895774 0.5893211 0.9908779 -0.8543121 0.6492157 1.069535 -0.8951675 0.5898903 1.141726 -0.8742617 0.7500534 1.031391 -0.8417949 0.7549536 1.161612 -0.9142429 0.648798 0.9575827 -1.02424 0.7997694 1.039325 -1.076786 0.737227 1.122019 -1.045284 0.8930185 0.9979811 -1.002203 0.9040706 1.144504 -1.096956 0.7906098 0.9002259 -1.223466 0.8271291 1.040014 -1.197883 0.7755358 1.081506 -1.281122 0.9387677 0.9170498 -1.271339 0.9310198 1.157189 -1.239683 0.8325012 0.841793 -1.396643 0.7583594 1.072212 -1.319387 0.7476583 1.107179 -1.441539 0.8203988 0.8622393 -1.481373 0.8023968 1.17408 -1.356596 0.7690046 0.8880092 -0.3352783 1.583355 0.9496234 -1.369363 0.5754483 0.8050639 -1.526224 0.5630546 1.116136 -1.518452 0.5837717 0.9507604 -1.552305 0.5735009 1.256785 -1.460572 0.5828946 1.092163 -1.342804 0.5868831 1.226098 -1.351981 0.5872533 0.8325255 -1.404743 0.5530467 0.9337856 -1.368906 0.5736642 0.9191783 -1.55443 0.5719924 1.137233 -1.517802 0.5856009 1.107671 -1.342811 0.5878217 0.9806161 -1.322839 0.7459412 0.8643603 -1.466886 0.3760252 0.9100806 -1.466669 0.3782847 1.168038 -1.424364 0.3963897 1.222217 -1.408872 0.3961173 0.868044 -1.410394 0.3910914 0.9031754 -1.404636 0.395231 1.009135 -1.455692 0.387499 1.067678 -1.44277 0.3913912 1.167528 -1.356382 0.4165637 1.219422 -1.347243 0.4141975 1.00366 -1.383225 0.4082332 1.056077 -1.371797 0.4129748 0.9554272 -1.580967 0.4552841 0.9427303 -1.404245 0.4721127 0.8241949 -1.571699 0.4508224 0.8301926 -1.436014 0.4513617 1.129579 -1.549201 0.465034 1.119176 -1.371521 0.4882379 0.935419 -1.408955 0.4723718 0.9679868 -1.584059 0.4557338 1.253594 -1.369163 0.4862194 1.109768 -1.37697 0.488632 1.129565 -1.554029 0.4666185 1.264903 -1.504325 0.4703851 0.952836 -1.552657 0.7166779 1.065779 -1.532283 0.7245514 1.531864 -1.274764 -2.579618 1.706632 -1.467047 -2.279611 1.647138 -0.3258134 -2.388131 0.6650255 0.1371898 2.333125 0.9444049 -0.3272686 2.066474 0.6517882 0.5492734 1.719378 1.117036 0.07366991 1.629431 0.9278251 0.2420483 2.104691 1.00092 0.008602261 2.064364 1.00027 0.3223942 1.87804 1.101434 0.137603 1.871219 1.068467 0.3122992 2.503451 1.188864 0.0955168 2.475816 1.276183 0.4461541 2.54611 1.36594 0.2555281 2.527466 1.100807 0.2918782 2.694473 1.18801 0.1564853 2.692426 1.275197 0.4544519 2.713995 1.363411 0.2645089 2.733148 1.129784 0.3265825 2.817383 1.220694 0.1623998 2.831597 1.245898 0.3686742 2.895141 1.302996 0.262214 2.897996 1.476385 0.5609092 2.809092 1.560391 0.4152337 2.78902 1.470646 0.4940762 2.960852 1.563685 0.3547876 2.943131 1.757385 0.6779651 2.870567 1.812122 0.5668845 2.864877 1.733897 0.6310459 2.980711 1.795266 0.5233784 2.977692 2.016058 0.7889647 2.998548 2.050588 0.7203024 2.994506 1.991962 0.7544639 3.06105 2.030161 0.687952 3.059386 2.226855 0.8768693 3.193339 2.243905 0.8449604 3.190841 2.205475 0.8551438 3.211903 2.223701 0.823798 3.21132 1.41489 0.4992418 2.501252 1.469624 0.3661791 2.488883 1.483515 0.4949139 2.666146 1.532641 0.36071 2.652349 1.609257 0.5956642 2.369729 1.675199 0.4857188 2.356074 1.670691 0.597611 2.516914 1.731831 0.4859437 2.501955 1.790949 0.6712982 2.255113 1.83466 0.5928993 2.247004 1.843168 0.6788644 2.353337 1.883432 0.5992801 2.344711 2.025696 0.7598916 2.094358 2.038468 0.7385191 2.091605 2.040408 0.7619544 2.121555 2.052231 0.7402263 2.118662 1.051122 0.3023671 2.384937 0.9956557 0.2747973 2.198407 1.080213 0.04718524 2.147901 1.156872 0.08434373 2.321102 1.088907 0.3640094 1.983365 1.230701 0.4293634 2.244664 1.326738 0.2411091 2.240726 1.187899 0.1778277 1.976925 1.397088 0.4598734 2.265378 1.445336 0.3482602 2.260471 1.309668 0.4152262 2.142328 1.364814 0.3068457 2.142814 1.517171 0.5131146 1.988006 1.553353 0.4284995 1.98579 1.439176 0.4726071 1.907675 1.481068 0.3907201 1.908591 1.583878 0.5333837 1.79522 1.606588 0.4802734 1.79383 1.534923 0.5079584 1.744799 1.561218 0.4565605 1.745375 1.632962 0.5413606 1.608511 1.640463 0.5238207 1.608052 1.616795 0.5329638 1.591859 1.625479 0.5159894 1.59205 1.111055 0.3260799 1.920374 1.206685 0.3713833 1.954452 1.249532 0.2899343 1.94356 1.15385 0.2449906 1.907961 1.124426 0.3214918 1.774503 1.194001 0.3470525 1.798592 1.218273 0.2870563 1.792892 1.1487 0.2617209 1.767729 1.130028 0.2947995 1.653838 1.150085 0.3021684 1.660782 1.157083 0.2848721 1.659139 1.137026 0.2775681 1.651886 1.063579 0.3131145 2.644883 1.185537 0.09543937 2.630343 1.273275 0.4199874 2.918306 1.371708 0.2437528 2.934126 1.288246 0.2576323 2.757645 1.222547 0.3751824 2.742294 1.073584 0.2370014 2.740533 1.134766 0.1351957 2.737333 1.205355 0.3267546 2.919454 1.253805 0.2304162 2.934649 1.092009 0.1479641 2.942115 1.090558 0.158732 2.84882 1.128668 0.2621539 2.947147 1.154826 0.2101413 2.955351 1.042927 0.2366056 2.934442 1.057526 0.2136965 2.850548 0.8559638 -1.482662 0.370703 0.9206352 -1.479954 0.3762691 1.157287 -1.442149 0.3921704 1.234275 -1.420112 0.391943 0.8612743 -1.400955 0.3927748 0.9101613 -1.385548 0.4017325 0.9958179 -1.472947 0.3822126 1.084192 -1.453535 0.3884094 1.15654 -1.343697 0.4212895 1.230284 -1.331949 0.4179013 0.9882028 -1.372279 0.4112823 1.068063 -1.354771 0.4181764 0.8819291 -1.411422 0.3160946 0.8921978 -1.410968 0.3168886 1.176729 -1.356668 0.3274597 1.191506 -1.352446 0.3274402 0.8830736 -1.39387 0.3207753 0.8900523 -1.391695 0.3221538 1.015591 -1.386708 0.320681 1.03378 -1.382693 0.3218902 1.17657 -1.335547 0.3337277 1.190638 -1.333298 0.3330578 1.01389 -1.364193 0.3271231 1.030175 -1.360642 0.328596 1.216579 -1.349884 0.3724538 1.167259 -1.355647 0.3741719 1.167814 -1.409786 0.3581058 1.219623 -1.398964 0.3580548 1.008045 -1.383631 0.3663851 1.012405 -1.441343 0.3498727 1.059028 -1.431052 0.3529722 1.049789 -1.374531 0.3701612 0.8731255 -1.41134 0.3502691 0.8686553 -1.45633 0.3382709 0.9087628 -1.455166 0.3403065 0.9003831 -1.405765 0.3538025 1.248905 0.3373911 -3.721954 1.479269 0.3014739 -3.740428 1.612518 0.2638236 -3.753517 1.876366 0.2440801 -3.755004 1.931635 0.2256911 -3.763262 2.203962 0.2650268 -3.747388 1.26298 0.5010071 -3.729369 1.45084 0.4751728 -3.739216 1.674962 0.392055 -3.797835 1.844896 0.3785128 -3.802359 1.99055 0.3724978 -3.797184 2.186088 0.4055393 -3.804822 1.368894 0.5786243 -3.88834 1.426736 0.5816251 -3.898167 1.760643 0.4410851 -3.918664 1.825432 0.4403085 -3.923369 2.103233 0.44284 -3.931121 2.171995 0.4401411 -3.920145 1.37212 0.5881832 -3.851751 1.420183 0.5890792 -3.858672 1.77383 0.4555031 -3.893921 1.818828 0.4561536 -3.897759 2.115773 0.4551767 -3.901147 2.168178 0.4595854 -3.89325 1.425478 0.4967831 -3.771687 1.309923 0.5082343 -3.776322 1.306695 0.4332199 -3.843264 1.446478 0.4244771 -3.841032 1.841478 0.326436 -3.88529 1.826803 0.4107006 -3.840241 1.718875 0.4122273 -3.830804 1.685944 0.333734 -3.873652 2.043 0.3977276 -3.831402 2.007616 0.3192726 -3.880072 2.174385 0.33211 -3.887335 2.168201 0.4297231 -3.839078 -0.6993102 -1.647689 2.821096 -0.344879 -1.09876 1.641331 -0.9057059 -0.02745342 2.017049 -0.8581286 2.510126 -2.484674 -0.9508915 -0.7456378 -3.40185 -0.8371149 0.8386083 -3.254825 -1.137633 1.530241 -0.6683982 -0.3142392 5.77728 -0.341075 -0.5416176 6.338767 -0.09411072 -0.432212 -1.631895 2.151597 -0.7925833 -0.8944334 2.664887 -0.3763297 -2.092226 2.132927 -0.6445108 -2.092506 2.790223 -0.3382709 -2.483728 2.054186 -0.5847669 -2.560401 2.706222 -0.3164318 -3.08147 1.684395 -0.4957221 -3.222406 2.295444 -0.3375087 -1.060524 1.276901 -0.6742034 -2.116035 -0.1762351 -1.000572 0.09552425 1.812731 -1.52474 0.4500406 -0.09010028 -0.7339414 5.163482 0.2151761 -0.1382458 6.798659 -2.132071 -0.1667768 6.904655 -2.165164 -1.874063 0.2606588 -0.7959945 -0.6906804 -0.715588 1.829805 -1.315917 1.014212 -0.4688385 -0.6487084 -1.696983 2.489786 -1.568419 1.483803 -1.076152 -0.910854 9.68933e-4 -3.389818 -0.7606008 4.495084 0.186583 -0.5845807 3.810777 -1.109885 -0.9370101 3.250163 -0.2048828 -0.42798 4.299218 -0.6372476 -0.8072817 3.89012 0.007861375 -0.4338492 6.143073 -0.2575162 -0.6694901 5.770695 0.1713557 -0.2229294 6.376272 -0.6800318 -0.4679872 6.76434 -0.479496 -0.9472866 -2.212276 -2.529296 -0.6681604 -1.199924 2.382019 -0.8338865 -0.5707329 2.421193 -0.3517873 -1.29556 1.939234 -0.5801578 -2.106376 2.434345 -0.7499784 -1.241279 2.817559 -0.5346069 -2.521938 2.332412 -0.4718237 -3.151163 1.973111 -0.530844 -2.899831 2.483242 -0.3126922 -2.781322 1.899844 -1.297321 0.40361 0.4313052 -0.4890738 -1.734882 0.3277371 -1.721203 -0.3651028 -0.05117487 -0.8767613 -0.5491233 0.9595678 -0.7432252 3.235203 -1.718964 -0.8597168 -2.475234 -0.8458619 -0.98085 2.633576 -0.5270212 -0.5729983 5.302603 -0.07771253 -0.3678351 4.842369 -0.3379941 -0.2390124 7.006337 -1.734219 -0.1479377 6.824613 -1.778234 -0.1662948 6.831437 -2.173833 -0.171014 6.762954 -1.279924 -0.3374419 7.035011 -1.140556 -0.6845159 -1.374598 2.564107 -0.6507306 -0.9372665 2.153472 -1.729171 0.8926988 -0.9693923 -1.810017 -1.205835 -0.6708055 -1.394225 2.0538 -1.115556 -0.9340743 3.50221 -0.7264168 -0.7425602 4.117232 -0.3750837 -0.5054554 5.731853 -0.01575326 -0.3557153 6.578826 -0.6512041 -0.2693015 6.869401 -1.255539 -0.4862673 -2.837268 2.162877 -1.249451 -0.8570954 0.3152876 -0.5541413 4.71054 -0.180078 -0.2096276 6.890611 -1.773874 -1.778521 0.1804065 -2.325768 -1.228834 0.7248664 -2.872674 -1.700587 0.4573157 -2.375315 -1.94113 -1.272155 -1.187039 -1.498206 1.838051 -1.594439 -0.8263654 0.2055946 2.051013 -0.5284214 5.091208 0.595891 0 2.678723 -2.701417 -0.4205885 -1.543707 3.113301 0 0.9207506 -3.577659 -0.40307 6.489417 0.1657719 -0.5305823 -0.6175147 2.910377 -0.4004843 -2.050497 3.099207 -0.3702391 -2.558895 2.974226 -0.2881649 -3.264348 2.538134 -0.6716864 0.6213119 1.414705 -0.149157 6.960326 -2.119956 0 3.417965 -1.921383 -0.6634743 1.05548 -0.3280828 -0.5287848 2.02441 -0.4408462 0 3.901695 -1.209824 0 4.338366 -0.6911831 0 3.596646 0.471273 -0.4588966 5.813524 0.4717574 -0.3144986 6.914924 -0.2469787 -0.2446874 7.197325 -0.9922447 -0.5911855 -0.2133424 2.64915 -0.3312461 -2.937385 2.750793 -0.7498227 0.6595993 0.4872053 -0.4695644 -1.055716 3.074104 -0.5254865 4.343791 0.543303 -0.1885848 7.119769 -1.694503 -1.026944 -0.2828031 0.9635596 -0.3884184 -1.275547 0.847785 -0.9330874 -1.630725 -3.12966 -1.538283 -1.043117 -0.1189799 -1.934911 -0.4748111 -0.6618636 -2.128458 -1.165544 -1.985686 -1.483168 -0.3186333 0.3812194 -0.8942506 0.277978 1.812808 -1.145684 0.2850106 1.32125 -0.8175753 -0.4908102 1.371673 -0.7623046 0.7168942 0.05053734 -0.5729108 1.529595 -0.5454753 -1.028052 2.058824 -0.6845026 -1.177706 2.73925 -1.21253 -1.321109 2.084642 -1.966739 -1.669761 1.338227 -1.693168 -2.080659 -0.5709378 -1.198481 -1.977876 0.1065411 -1.526932 -1.814843 0.7063618 -1.639309 -1.248877 -1.662951 -0.1520085 -1.513856 -1.900727 -0.786912 -1.512819 -1.776307 -2.317021 -0.9396322 -1.33408 0.3331015 -0.8256106 -0.6393498 1.132995 0 -1.129196 1.614422 0 5.658971 -0.2983618 0 -1.704725 2.027555 0 -2.097562 2.038483 0 -2.474618 1.966052 0 -3.047582 1.575806 0 -2.195943 -0.1883354 0 -1.139376 1.238748 0 6.786203 -2.156148 0 -0.03860139 -3.731655 0 2.49261 -0.09391164 0 3.055186 0.1955595 0 6.351774 -0.6685195 0 -2.609775 -0.8806 0 6.734574 -1.26153 0 -1.411876 1.835912 0 -2.759359 1.811846 0 0.8752501 0.5069804 0 -1.774178 0.3395419 0 4.886795 -0.3868876 0 6.799411 -1.760474 0 0.2908933 2.343457 0 5.035564 0.8326464 0 -1.482649 3.265338 0 6.544809 0.344398 0 -0.5236454 3.017427 0 -2.023531 3.237952 0 -2.572446 3.156471 0 -3.285852 2.674092 0 0.5739131 1.926861 0 6.951836 -2.146883 0 5.827732 0.6898031 0 6.994994 -0.08269286 0 7.296371 -0.8641939 0 -0.09858465 2.720261 0 -2.970682 2.898806 0 -0.9802033 3.197461 0 4.27774 0.7299152 0 7.19291 -1.643778 0 -1.399467 0.7804065 0 -2.476348 -2.589569 0 -1.062501 -3.604498 0 0.8860054 0.1909909 0 1.14996 -0.1399517 0 1.539771 -0.3488834 0 2.003886 -0.296829 0 -1.938806 -3.216863 0 0.8626039 1.001689 0 6.878819 -2.20321 0 6.810603 -2.216518 -0.4862876 3.699413 0.3208022 -0.5112248 3.094232 0.05829834 -0.4956033 2.553843 -0.2539556 0 1.837115 -3.326659 -0.9001989 1.634422 -2.973028 -1.472098 1.233332 -2.436031 -1.400128 -1.357386 -2.800362 -1.435836 -0.3909918 -2.89191 -1.385505 0.2248163 -2.865822 -0.9483221 -2.496947 -1.709923 -1.675774 -1.86503 -1.587462 0 -2.758734 -1.765342 -2.256277 -0.6351825 -2.136003 -2.254758 -0.3159249 -2.212658 -2.255322 -0.930081 -2.072566 -2.234828 -0.598921 -1.922466 -2.271686 -0.368876 -2.010727 -2.213877 -0.8118633 -1.940778 -2.240636 -0.6698068 -2.404437 -2.204107 -0.4121399 -2.407719 -2.209408 -0.9913296 -2.390607 -2.037766 -1.23114 -2.351175 -2.222828 -0.6055428 -1.730463 -2.189659 -0.9516813 -1.75216 -2.226946 -0.2358789 -1.862261 -2.057973 -0.1824877 -2.206394 -1.960384 -0.2974827 -2.339828 -1.924237 -1.408107 -1.853332 -2.145853 -0.6082851 -1.503329 -1.884806 -0.03418731 -2.266741 -1.590488 -1.279453 -2.509736 -1.780246 -1.463519 -2.287914 -2.058387 -1.090922 -1.539756 -2.14918 -0.109672 -1.708987 -1.715626 -0.3591404 -2.383196 -1.816998 -1.046316 -2.913927 -2.057298 -0.9688609 -2.868781 -2.060882 -0.7293422 -2.908735 -2.098594 -0.5290673 -2.866311 -1.830106 -0.4980708 -3.04477 -1.524088 -1.037842 -2.900538 -1.494097 -0.4377779 -2.986612 -1.845438 -0.7721042 -3.051818 -1.496322 -0.7887246 -3.033244 -1.55164 -0.3565178 -2.656813 -1.957003 0.02846741 -2.191385 -1.590518 -1.249328 -2.635606 -1.474571 -0.9490441 -2.713931 -1.913176 -1.192231 -2.666387 -2.11 -0.9955717 -2.664859 -2.177546 -0.7243425 -2.642438 -2.148046 -0.5139027 -2.63167 -2.133303 0.2431153 -2.15274 -2.189141 0.05724036 -2.212747 -1.752237 0.1025885 -2.345229 -1.700722 0.1208686 -2.500398 -1.962234 0.1941437 -2.131145 -1.915159 0.1111555 -2.577249 -2.072998 0.1303386 -2.535937 -1.782763 0.08857703 -2.604285 -2.134767 0.1186027 -2.411921 -1.784735 0.3176668 -2.185728 -1.73321 0.3157473 -2.346499 -1.936147 0.3273323 -2.411701 -2.088381 0.3605554 -2.396128 -1.713697 0.259001 -2.499039 -2.118984 0.3331468 -2.273551 -1.620978 0.1721625 -2.691869 -2.038239 0.8748765 -2.053568 -1.865896 0.9020231 -2.023437 -1.753156 0.8019836 -2.117308 -1.708097 0.7947381 -2.2731 -1.877685 0.7559204 -2.442929 -2.077805 0.7515631 -2.433323 -1.647687 0.7231799 -2.453912 -2.074504 0.8667255 -2.21079 -1.894674 0.9157181 -2.248011 -1.96125 -0.1246228 -2.24024 -1.958328 -0.2378015 -2.293633 -2.212319 -0.3050013 -2.317001 -2.207989 -0.1429473 -2.2497 -1.715928 -0.02870774 -2.408824 -1.726964 -0.146673 -2.446165 -1.654418 -0.03275549 -2.624078 -1.648965 -0.1729645 -2.633215 -1.859521 -0.3080744 -2.838862 -1.900365 -0.1003874 -2.718784 -2.077941 -0.1056563 -2.675364 -2.052369 -0.3369328 -2.783067 -1.681772 -0.2578695 -2.856471 -1.740049 -0.08040404 -2.748718 -2.131386 -0.3365718 -2.596849 -2.145964 -0.1152253 -2.528295 -2.026083 0.2694645 -2.697815 -1.516545 0.2462849 -2.721131 -1.671896 0.6169028 -2.838197 -2.063908 0.5865245 -2.78775 -1.481253 0.6396113 -2.790194 -1.796418 0.0952301 -3.049651 -2.000999 0.155682 -3.040869 -1.422922 0.1825766 -3.049705 -1.642511 0.6525202 -3.090686 -2.034427 0.549675 -3.048791 -1.422777 0.6548243 -3.056229 -1.772514 0.08438301 -3.335925 -2.031628 0.1598377 -3.38642 -1.334255 0.1581563 -3.405169 -1.630898 0.690321 -3.332883 -2.024186 0.6011505 -3.304207 -1.406822 0.6746945 -3.303289 -1.827687 0.1828336 -2.691221 -1.552351 0.1046304 -3.049482 -1.543527 0.08232927 -3.327831 -1.884175 0.5952106 -2.832231 -1.86541 0.6170645 -3.086007 -1.857422 0.6759534 -3.333608 -2.123936 0.5002185 -1.990227 -2.085154 0.7357196 -1.982394 -1.944899 0.4771535 -1.953427 -1.893695 0.7328224 -1.947306 -1.774561 0.4598742 -2.111377 -1.737349 0.6763388 -2.082725 -1.652018 0.698693 -2.292923 -1.663077 0.5354868 -2.31393 -2.124855 0.5202923 -2.407353 -2.125941 0.6901245 -2.409195 -1.581287 0.6247456 -2.490603 -1.595357 0.4743124 -2.49552 -2.131754 0.5462904 -2.191302 -2.130905 0.7675953 -2.17759 -2.0742 0.3740451 -2.707406 -2.101423 0.4878013 -2.753991 -1.415073 0.5474053 -2.778888 -1.435934 0.3990274 -2.727213 -2.110612 0.2721887 -3.050136 -2.132506 0.4034774 -3.058893 -1.321206 0.5309858 -3.075782 -1.327423 0.3672111 -3.071177 -2.168139 0.4597442 -3.363828 -2.169796 0.2914064 -3.393626 -1.238145 0.3776791 -3.36291 -1.253377 0.5495172 -3.342178 -1.547545 0.4522755 -3.455169 -1.879088 0.4420116 -3.466766 -1.578592 0.3243182 -3.445164 -1.904719 0.2901547 -3.440939 -1.267156 0.2192559 -3.672052 -1.473867 0.153408 -3.668866 -1.170407 0.4883521 -3.607917 -1.2781 0.3603191 -3.724514 -1.54226 0.4540603 -3.61957 -1.446449 0.3340458 -3.738799 -1.614073 0.1092348 -3.652434 -1.785497 0.09778451 -3.651964 -1.584287 0.4102724 -3.65183 -1.902196 0.3942568 -3.655959 -1.653529 0.2862563 -3.762799 -1.842066 0.2723453 -3.763208 -1.929319 0.08589792 -3.678709 -2.121043 0.1150879 -3.659331 -2.173758 0.2869917 -3.756649 -2.230909 0.4201248 -3.648564 -1.92007 0.3886507 -3.630921 -1.973626 0.2572678 -3.770742 -1.469663 0.08493423 -3.523238 -1.544477 0.3401463 -3.562972 -1.17952 0.384269 -3.540305 -1.282111 0.1513867 -3.536162 -1.211279 0.446594 -3.489893 -1.517293 0.4136031 -3.513664 -1.552473 0.2891095 -3.566767 -1.556233 0.05065107 -3.515983 -1.883819 0.2631016 -3.573422 -1.846216 0.3881204 -3.543908 -1.800071 0.04021835 -3.523748 -1.575937 0.4067223 -3.533253 -2.178177 0.3672731 -3.513191 -1.92465 0.3780177 -3.552203 -1.903744 0.2581382 -3.566945 -2.037343 0.08675765 -3.515236 -2.227523 0.2659144 -3.509612 -1.885853 0.06402587 -3.520119 -1.246923 0.5269661 -3.630915 -1.287489 0.4702247 -3.730447 -1.465762 0.5074272 -3.646243 -1.427376 0.4510107 -3.737036 -1.667924 0.4540783 -3.695582 -1.853407 0.4445037 -3.698935 -1.691747 0.3650014 -3.788873 -1.822674 0.3543807 -3.792806 -2.16265 0.3750176 -3.79642 -2.175058 0.4605715 -3.68405 -2.000752 0.4389913 -3.682685 -2.010123 0.3499284 -3.788451 -1.463615 0.1032257 -3.3317 -1.543891 0.3294842 -3.44168 -1.83527 0.09062004 -3.336532 -1.873922 0.2975366 -3.448466 -0.7519757 -0.9012822 0.9728737 -0.6407402 -0.71619 1.43748 -0.9818058 -0.6520406 0.7303596 -1.025449 -0.0875281 1.28407 -0.9906929 -0.2622376 1.28438 0 0.7856941 1.433877 -1.131949 -0.1136357 0.8430557 -1.232153 0.3860958 0.8849011 -0.714935 0.6692224 0.9203374 -0.9417091 -0.5526065 0.9106412 -1.023462 -0.3553614 0.9880459 -0.9536909 -0.5857874 1.300943 -0.9320523 -0.6583027 1.085357 -1.091418 -0.3555949 1.217472 -0.9675539 -0.5852791 0.8765481 -1.034433 -0.4546462 0.8995733 -1.073994 -0.6301128 1.091607 -0.999512 -0.6774005 1.004691 -1.108572 -0.4752096 1.021912 -1.007563 -0.6529185 0.6754456 -1.090613 -0.6037127 0.6446066 -1.136409 -0.7215737 0.76964 -1.036523 -0.7221962 0.7663312 -1.171787 -0.6544331 0.6947525 -0.9920412 -0.7482716 0.5914433 -1.095857 -0.7481834 0.5131095 -1.166243 -0.7986561 0.7174387 -1.041407 -0.7792667 0.7211642 -1.203713 -0.7895774 0.5893211 -0.9908779 -0.8543121 0.6492157 -1.069535 -0.8951675 0.5898903 -1.141726 -0.8742617 0.7500534 -1.031391 -0.8417949 0.7549536 -1.161612 -0.9142429 0.648798 -0.9575827 -1.02424 0.7997694 -1.039325 -1.076786 0.737227 -1.122019 -1.045284 0.8930185 -0.9979811 -1.002203 0.9040706 -1.144504 -1.096956 0.7906098 -0.9002259 -1.223466 0.8271291 -1.040014 -1.197883 0.7755358 -1.081506 -1.281122 0.9387677 -0.9170498 -1.271339 0.9310198 -1.157189 -1.239683 0.8325012 -0.841793 -1.396643 0.7583594 -1.072212 -1.319387 0.7476583 -1.107179 -1.441539 0.8203988 -0.8622393 -1.481373 0.8023968 -1.17408 -1.356596 0.7690046 -0.8880092 -0.3352783 1.583355 -0.9496234 -1.369363 0.5754483 -0.8050639 -1.526224 0.5630546 -1.116136 -1.518452 0.5837717 -0.9507604 -1.552305 0.5735009 -1.256785 -1.460572 0.5828946 -1.092163 -1.342804 0.5868831 -1.226098 -1.351981 0.5872533 -0.8325255 -1.404743 0.5530467 -0.9337856 -1.368906 0.5736642 -0.9191783 -1.55443 0.5719924 -1.137233 -1.517802 0.5856009 -1.107671 -1.342811 0.5878217 -0.9806161 -1.322839 0.7459412 -0.8643603 -1.466886 0.3760252 -0.9100806 -1.466669 0.3782847 -1.168038 -1.424364 0.3963897 -1.222217 -1.408872 0.3961173 -0.868044 -1.410394 0.3910914 -0.9031754 -1.404636 0.395231 -1.009135 -1.455692 0.387499 -1.067678 -1.44277 0.3913912 -1.167528 -1.356382 0.4165637 -1.219422 -1.347243 0.4141975 -1.00366 -1.383225 0.4082332 -1.056077 -1.371797 0.4129748 -0.9554272 -1.580967 0.4552841 -0.9427303 -1.404245 0.4721127 -0.8241949 -1.571699 0.4508224 -0.8301926 -1.436014 0.4513617 -1.129579 -1.549201 0.465034 -1.119176 -1.371521 0.4882379 -0.935419 -1.408955 0.4723718 -0.9679868 -1.584059 0.4557338 -1.253594 -1.369163 0.4862194 -1.109768 -1.37697 0.488632 -1.129565 -1.554029 0.4666185 -1.264903 -1.504325 0.4703851 -0.952836 -1.552657 0.7166779 -1.065779 -1.532283 0.7245514 -1.531864 -1.274764 -2.579618 -1.706632 -1.467047 -2.279611 -1.647138 -0.3258134 -2.388131 -0.6650255 0.1371898 2.333125 -0.9444049 -0.3272686 2.066474 -0.6517882 0.5492734 1.719378 -1.117036 0.07366991 1.629431 -0.9278251 0.2420483 2.104691 -1.00092 0.008602261 2.064364 -1.00027 0.3223942 1.87804 -1.101434 0.137603 1.871219 -1.068467 0.3122992 2.503451 -1.188864 0.0955168 2.475816 -1.276183 0.4461541 2.54611 -1.36594 0.2555281 2.527466 -1.100807 0.2918782 2.694473 -1.18801 0.1564853 2.692426 -1.275197 0.4544519 2.713995 -1.363411 0.2645089 2.733148 -1.129784 0.3265825 2.817383 -1.220694 0.1623998 2.831597 -1.245898 0.3686742 2.895141 -1.302996 0.262214 2.897996 -1.476385 0.5609092 2.809092 -1.560391 0.4152337 2.78902 -1.470646 0.4940762 2.960852 -1.563685 0.3547876 2.943131 -1.757385 0.6779651 2.870567 -1.812122 0.5668845 2.864877 -1.733897 0.6310459 2.980711 -1.795266 0.5233784 2.977692 -2.016058 0.7889647 2.998548 -2.050588 0.7203024 2.994506 -1.991962 0.7544639 3.06105 -2.030161 0.687952 3.059386 -2.226855 0.8768693 3.193339 -2.243905 0.8449604 3.190841 -2.205475 0.8551438 3.211903 -2.223701 0.823798 3.21132 -1.41489 0.4992418 2.501252 -1.469624 0.3661791 2.488883 -1.483515 0.4949139 2.666146 -1.532641 0.36071 2.652349 -1.609257 0.5956642 2.369729 -1.675199 0.4857188 2.356074 -1.670691 0.597611 2.516914 -1.731831 0.4859437 2.501955 -1.790949 0.6712982 2.255113 -1.83466 0.5928993 2.247004 -1.843168 0.6788644 2.353337 -1.883432 0.5992801 2.344711 -2.025696 0.7598916 2.094358 -2.038468 0.7385191 2.091605 -2.040408 0.7619544 2.121555 -2.052231 0.7402263 2.118662 -1.051122 0.3023671 2.384937 -0.9956557 0.2747973 2.198407 -1.080213 0.04718524 2.147901 -1.156872 0.08434373 2.321102 -1.088907 0.3640094 1.983365 -1.230701 0.4293634 2.244664 -1.326738 0.2411091 2.240726 -1.187899 0.1778277 1.976925 -1.397088 0.4598734 2.265378 -1.445336 0.3482602 2.260471 -1.309668 0.4152262 2.142328 -1.364814 0.3068457 2.142814 -1.517171 0.5131146 1.988006 -1.553353 0.4284995 1.98579 -1.439176 0.4726071 1.907675 -1.481068 0.3907201 1.908591 -1.583878 0.5333837 1.79522 -1.606588 0.4802734 1.79383 -1.534923 0.5079584 1.744799 -1.561218 0.4565605 1.745375 -1.632962 0.5413606 1.608511 -1.640463 0.5238207 1.608052 -1.616795 0.5329638 1.591859 -1.625479 0.5159894 1.59205 -1.111055 0.3260799 1.920374 -1.206685 0.3713833 1.954452 -1.249532 0.2899343 1.94356 -1.15385 0.2449906 1.907961 -1.124426 0.3214918 1.774503 -1.194001 0.3470525 1.798592 -1.218273 0.2870563 1.792892 -1.1487 0.2617209 1.767729 -1.130028 0.2947995 1.653838 -1.150085 0.3021684 1.660782 -1.157083 0.2848721 1.659139 -1.137026 0.2775681 1.651886 -1.063579 0.3131145 2.644883 -1.185537 0.09543937 2.630343 -1.273275 0.4199874 2.918306 -1.371708 0.2437528 2.934126 -1.288246 0.2576323 2.757645 -1.222547 0.3751824 2.742294 -1.073584 0.2370014 2.740533 -1.134766 0.1351957 2.737333 -1.205355 0.3267546 2.919454 -1.253805 0.2304162 2.934649 -1.092009 0.1479641 2.942115 -1.090558 0.158732 2.84882 -1.128668 0.2621539 2.947147 -1.154826 0.2101413 2.955351 -1.042927 0.2366056 2.934442 -1.057526 0.2136965 2.850548 -0.8559638 -1.482662 0.370703 -0.9206352 -1.479954 0.3762691 -1.157287 -1.442149 0.3921704 -1.234275 -1.420112 0.391943 -0.8612743 -1.400955 0.3927748 -0.9101613 -1.385548 0.4017325 -0.9958179 -1.472947 0.3822126 -1.084192 -1.453535 0.3884094 -1.15654 -1.343697 0.4212895 -1.230284 -1.331949 0.4179013 -0.9882028 -1.372279 0.4112823 -1.068063 -1.354771 0.4181764 -0.8819291 -1.411422 0.3160946 -0.8921978 -1.410968 0.3168886 -1.176729 -1.356668 0.3274597 -1.191506 -1.352446 0.3274402 -0.8830736 -1.39387 0.3207753 -0.8900523 -1.391695 0.3221538 -1.015591 -1.386708 0.320681 -1.03378 -1.382693 0.3218902 -1.17657 -1.335547 0.3337277 -1.190638 -1.333298 0.3330578 -1.01389 -1.364193 0.3271231 -1.030175 -1.360642 0.328596 -1.216579 -1.349884 0.3724538 -1.167259 -1.355647 0.3741719 -1.167814 -1.409786 0.3581058 -1.219623 -1.398964 0.3580548 -1.008045 -1.383631 0.3663851 -1.012405 -1.441343 0.3498727 -1.059028 -1.431052 0.3529722 -1.049789 -1.374531 0.3701612 -0.8731255 -1.41134 0.3502691 -0.8686553 -1.45633 0.3382709 -0.9087628 -1.455166 0.3403065 -0.9003831 -1.405765 0.3538025 -1.248905 0.3373911 -3.721954 -1.479269 0.3014739 -3.740428 -1.612518 0.2638236 -3.753517 -1.876366 0.2440801 -3.755004 -1.931635 0.2256911 -3.763262 -2.203962 0.2650268 -3.747388 -1.26298 0.5010071 -3.729369 -1.45084 0.4751728 -3.739216 -1.674962 0.392055 -3.797835 -1.844896 0.3785128 -3.802359 -1.99055 0.3724978 -3.797184 -2.186088 0.4055393 -3.804822 -1.368894 0.5786243 -3.88834 -1.426736 0.5816251 -3.898167 -1.760643 0.4410851 -3.918664 -1.825432 0.4403085 -3.923369 -2.103233 0.44284 -3.931121 -2.171995 0.4401411 -3.920145 -1.37212 0.5881832 -3.851751 -1.420183 0.5890792 -3.858672 -1.77383 0.4555031 -3.893921 -1.818828 0.4561536 -3.897759 -2.115773 0.4551767 -3.901147 -2.168178 0.4595854 -3.89325 -1.425478 0.4967831 -3.771687 -1.309923 0.5082343 -3.776322 -1.306695 0.4332199 -3.843264 -1.446478 0.4244771 -3.841032 -1.841478 0.326436 -3.88529 -1.826803 0.4107006 -3.840241 -1.718875 0.4122273 -3.830804 -1.685944 0.333734 -3.873652 -2.043 0.3977276 -3.831402 -2.007616 0.3192726 -3.880072 -2.174385 0.33211 -3.887335 -2.168201 0.4297231 -3.839078 0.1919631 -4.375223 1.36618 0.1865484 -4.265539 1.546856 0.1055817 -4.133837 1.925285 0.1863224 -4.207185 1.756662 0.1756392 -4.823602 0.8001146 0.1706856 -4.73354 1.011102 0.1914629 -4.516284 1.195144 0.1955789 -4.850011 0.6857805 0.3676621 -4.71934 0.9056544 0.4111956 -4.746231 0.7986865 0.5328823 -4.564773 0.9667471 0.6495599 -4.552483 0.9000585 0.3238294 -4.681374 1.035136 0.3673933 -4.502425 1.102946 0.2933041 -4.327062 1.287351 0.3046645 -4.208913 1.448147 0.357164 -4.147387 1.623134 0.2106969 -4.174455 1.951848 0.2519337 -4.190365 1.840836 0.3728929 -4.126128 1.716299 0.3409032 -4.244783 1.983245 0.3889889 -4.203895 1.891326 0.4973695 -4.225793 2.029693 0.5455003 -4.176121 1.950705 0.6727055 -3.880791 2.329533 0.7476052 -3.864688 2.230305 0.683174 -4.107751 2.044247 0.7604091 -3.989748 2.160474 0.7278563 -3.99728 2.25908 0.6465436 -4.151031 2.127424 0.5421754 -4.040813 1.584184 0.5054408 -4.062564 1.698427 0.6964793 -3.943672 1.655808 0.6203239 -3.969626 1.755215 0.6183421 -3.776023 1.626519 0.4974675 -3.919458 1.523087 0.7800921 -3.834795 2.144705 0.6937428 -3.933019 2.125856 0.7871685 -3.818151 1.983025 0.7628732 -3.833017 1.805493 0.6948016 -3.91872 1.859787 0.7093604 -3.907171 1.995611 0.7647137 -3.549382 1.988165 0.7069818 -3.66628 1.761447 0.3859206 -3.95883 1.456165 0.3410827 -4.197315 1.189752 0.3453186 -4.055462 1.337559 0.2025837 -4.734706 0.6062543 0.4028218 -4.615939 0.7256746 0.4596121 -4.490451 0.7877379 0.4163746 -4.418041 0.886564 0.3505725 -4.32501 1.034621 0.2581335 -4.145003 2.073093 0.350271 -4.216151 2.057873 0.3554424 -4.086765 2.195448 0.4440336 -4.159417 2.138279 0.4571948 -4.020331 2.265995 0.5449317 -4.080427 2.210282 0.5486961 -3.93006 2.346442 0.6034544 -3.999319 2.275918 0.1422783 -4.161437 2.100585 0.1591618 -4.149613 2.251019 0.1814584 -4.094756 2.489533 0.1993709 -4.038553 2.688023 0.2105596 -3.946038 2.83639 0.3899882 -4.059826 2.409852 0.433425 -4.004297 2.633565 0.4590149 -3.926004 2.780184 0.5698607 -3.855839 2.505622 0.5931963 -3.81341 2.630779 0.2331185 -3.79793 2.917692 0.4515106 -3.776701 2.909975 0.6019345 -3.704982 2.784585 0.7508193 -3.835489 2.423643 0.8476054 -3.7442 2.320511 0.812852 -3.775649 2.543887 0.9130535 -3.627298 2.390167 0.8227705 -3.657756 2.65394 0.903626 -3.527433 2.489972 0.8478341 -3.634816 2.179963 0.9001949 -3.461857 2.269182 0.8436677 -3.261433 2.37772 0.7764833 -3.252931 2.089987 0.6756744 -3.043429 2.202868 0.6773554 -3.131353 1.828208 0.5649206 -2.917343 1.996436 0.3873011 -3.007735 1.611856 0.3317104 -2.778294 1.880284 0.7111701 -3.354496 1.689631 0.3608232 -3.244625 1.466211 0.5046088 -3.716271 1.416805 0.4300262 -3.81063 1.329051 0.3296603 -4.073256 1.088532 0.3528763 -3.920789 1.230042 0.3550624 -4.327575 0.7997093 0.3290192 -4.20995 0.9339247 0.3552045 -3.479371 1.391753 0.2660579 -3.6689 1.291745 0.1866931 -3.976939 1.015888 0.1888957 -3.789391 1.189317 0.2357435 -4.213429 0.6752467 0.2030189 -4.112566 0.8332648 0.6004318 -3.661905 1.526335 0.6804105 -3.512639 1.600648 0.2329956 -4.45784 0.4451733 0.2429198 -4.318249 0.5318296 0.4110032 -4.557177 0.5364268 0.3953906 -4.420988 0.6447196 0.2152641 -4.65485 0.4778195 0.3909068 -4.077187 1.887746 0.49784 -4.017869 1.96621 0.6157612 -3.922704 2.114066 0.3338614 -4.093904 1.841888 0.3741 -4.040508 1.769741 0.4483112 -3.981688 1.75176 0.5277054 -3.929563 1.787927 0.583306 -3.881308 1.876157 0.6247236 -3.87331 2.013417 0.4233713 -3.2354 2.640026 0.4251083 -3.060382 2.504786 0.3957561 -2.885939 2.260714 0.3223743 -3.61869 2.820097 0.3945463 -3.439422 2.750405 0.4968796 -3.936185 1.531836 0.3822898 -3.97103 1.46663 0.342023 -4.207528 1.198084 0.3446964 -4.066548 1.34641 0.2015399 -4.74128 0.6168273 0.4021484 -4.620777 0.7412536 0.464899 -4.496169 0.7995114 0.4214219 -4.425488 0.893714 0.3523468 -4.334482 1.04291 0.4887727 -3.785141 1.622013 0.3957105 -3.868054 1.555841 0.2969146 -3.951223 1.468674 0.2908457 -4.197351 1.191025 0.2948685 -4.062631 1.3314 0.1825588 -4.687481 0.6555178 0.3297839 -4.602859 0.7377799 0.353189 -4.501429 0.8020127 0.3221902 -4.398755 0.9153614 0.2998583 -4.318625 1.043694 0.2367981 -3.835586 1.32069 0.2307291 -4.081714 1.043041 0.2347519 -3.946993 1.183416 0.2930725 -4.385792 0.6540289 0.2620736 -4.283118 0.7673779 0.2397418 -4.202988 0.89571 0.17712 -4.535225 0.5684106 0.4099458 -3.617201 1.507846 0.3416019 -3.728548 1.416518 0.1878941 -4.452461 0.9598088 0.1570965 -4.371309 1.092849 0.1524935 -4.258102 1.23122 0.1536855 -4.132389 1.363484 0.161171 -4.047214 1.470686 0.2072787 -4.515488 0.8758068 0.3584755 -4.515488 0.8758068 0.274992 -4.047214 1.470686 0.1875724 -4.671757 0.7593374 0.2807615 -4.132389 1.363484 0.3325916 -4.452461 0.9598088 0.2749701 -4.258102 1.23122 0.2803649 -4.371309 1.092849 0.3071208 -4.592918 0.8180976 0.1739259 -3.931632 1.686019 0.3253682 -3.931632 1.686019 0.4942967 -3.467786 1.798941 0.5695061 -3.561378 1.629633 0.4273037 -3.781085 1.855029 0.2562568 -3.447412 1.75724 0.1946339 -3.723596 1.878594 0 -4.392051 1.388803 -0.1919631 -4.375223 1.36618 0 -4.252865 1.568974 -0.1865484 -4.265539 1.546856 0 -4.112925 1.972009 -0.1055817 -4.133837 1.925285 -0.1863224 -4.207185 1.756662 0 -4.166786 1.740664 0 -4.886825 0.7480922 -0.1756392 -4.823602 0.8001146 0 -4.544623 1.221431 0 -4.750988 1.011458 -0.1706856 -4.73354 1.011102 -0.1914629 -4.516284 1.195144 0 -4.912573 0.5296362 -0.1955789 -4.850011 0.6857805 -0.3676621 -4.71934 0.9056544 -0.4111956 -4.746231 0.7986865 -0.5328823 -4.564773 0.9667471 -0.6495599 -4.552483 0.9000585 -0.3238294 -4.681374 1.035136 -0.3673933 -4.502425 1.102946 -0.2933041 -4.327062 1.287351 -0.3046645 -4.208913 1.448147 -0.357164 -4.147387 1.623134 -0.2106969 -4.174455 1.951848 -0.2519337 -4.190365 1.840836 -0.3728929 -4.126128 1.716299 -0.3409032 -4.244783 1.983245 -0.3889889 -4.203895 1.891326 -0.4973695 -4.225793 2.029693 -0.5455003 -4.176121 1.950705 -0.6727055 -3.880791 2.329533 -0.7476052 -3.864688 2.230305 -0.683174 -4.107751 2.044247 -0.7604091 -3.989748 2.160474 -0.7278563 -3.99728 2.25908 -0.6465436 -4.151031 2.127424 -0.5421754 -4.040813 1.584184 -0.5054408 -4.062564 1.698427 -0.6964793 -3.943672 1.655808 -0.6203239 -3.969626 1.755215 -0.6183421 -3.776023 1.626519 -0.4974675 -3.919458 1.523087 -0.7800921 -3.834795 2.144705 -0.6937428 -3.933019 2.125856 -0.7871685 -3.818151 1.983025 -0.7628732 -3.833017 1.805493 -0.6948016 -3.91872 1.859787 -0.7093604 -3.907171 1.995611 -0.7647137 -3.549382 1.988165 -0.7069818 -3.66628 1.761447 -0.3859206 -3.95883 1.456165 -0.3410827 -4.197315 1.189752 -0.3453186 -4.055462 1.337559 0 -4.747041 0.5503438 -0.2025837 -4.734706 0.6062543 -0.4028218 -4.615939 0.7256746 -0.4596121 -4.490451 0.7877379 -0.4163746 -4.418041 0.886564 -0.3505725 -4.32501 1.034621 -0.2581335 -4.145003 2.073093 -0.350271 -4.216151 2.057873 -0.3554424 -4.086765 2.195448 -0.4440336 -4.159417 2.138279 -0.4571948 -4.020331 2.265995 -0.5449317 -4.080427 2.210282 -0.5486961 -3.93006 2.346442 -0.6034544 -3.999319 2.275918 -0.1422783 -4.161437 2.100585 0 -4.113162 2.110348 -0.1591618 -4.149613 2.251019 0 -4.09355 2.255934 -0.1814584 -4.094756 2.489533 0 -4.020808 2.485656 -0.1993709 -4.038553 2.688023 0 -3.938559 2.653934 -0.2105596 -3.946038 2.83639 0 -3.846253 2.752739 -0.3899882 -4.059826 2.409852 -0.433425 -4.004297 2.633565 -0.4590149 -3.926004 2.780184 -0.5698607 -3.855839 2.505622 -0.5931963 -3.81341 2.630779 -0.2331185 -3.79793 2.917692 -0.4515106 -3.776701 2.909975 -0.6019345 -3.704982 2.784585 0 -3.704958 2.806194 -0.7508193 -3.835489 2.423643 -0.8476054 -3.7442 2.320511 -0.812852 -3.775649 2.543887 -0.9130535 -3.627298 2.390167 -0.8227705 -3.657756 2.65394 -0.903626 -3.527433 2.489972 -0.8478341 -3.634816 2.179963 -0.9001949 -3.461857 2.269182 -0.8436677 -3.261433 2.37772 -0.7764833 -3.252931 2.089987 -0.6756744 -3.043429 2.202868 -0.6773554 -3.131353 1.828208 -0.5649206 -2.917343 1.996436 -0.3873011 -3.007735 1.611856 -0.3317104 -2.778294 1.880284 0 -2.934328 1.527138 0 -2.684914 1.831191 -0.7111701 -3.354496 1.689631 -0.3608232 -3.244625 1.466211 0 -3.198196 1.375089 -0.5046088 -3.716271 1.416805 -0.4300262 -3.81063 1.329051 -0.3296603 -4.073256 1.088532 -0.3528763 -3.920789 1.230042 -0.3550624 -4.327575 0.7997093 -0.3290192 -4.20995 0.9339247 -0.3552045 -3.479371 1.391753 -0.2660579 -3.6689 1.291745 -0.1866931 -3.976939 1.015888 -0.1888957 -3.789391 1.189317 -0.2357435 -4.213429 0.6752467 -0.2030189 -4.112566 0.8332648 0 -3.409017 1.299804 0 -3.586234 1.236501 0 -3.933984 1.039607 0 -3.739518 1.156001 0 -4.213777 0.6598024 0 -4.110501 0.8350725 -0.6004318 -3.661905 1.526335 -0.6804105 -3.512639 1.600648 0 -4.47436 0.4708626 -0.2329956 -4.45784 0.4451733 0 -4.326847 0.5353899 -0.2429198 -4.318249 0.5318296 -0.4110032 -4.557177 0.5364268 -0.3953906 -4.420988 0.6447196 -0.2152641 -4.65485 0.4778195 0 -4.657985 0.486249 -0.3909068 -4.077187 1.887746 -0.49784 -4.017869 1.96621 -0.6157612 -3.922704 2.114066 -0.3338614 -4.093904 1.841888 -0.3741 -4.040508 1.769741 -0.4483112 -3.981688 1.75176 -0.5277054 -3.929563 1.787927 -0.583306 -3.881308 1.876157 -0.6247236 -3.87331 2.013417 -0.4233713 -3.2354 2.640026 -0.4251083 -3.060382 2.504786 -0.3957561 -2.885939 2.260714 0 -3.164865 2.699815 0 -2.965231 2.547279 0 -2.757905 2.279256 -0.3223743 -3.61869 2.820097 0 -3.542939 2.850143 -0.3945463 -3.439422 2.750405 0 -3.353364 2.816878 -0.4968796 -3.936185 1.531836 -0.3822898 -3.97103 1.46663 -0.342023 -4.207528 1.198084 -0.3446964 -4.066548 1.34641 0 -4.754372 0.5556202 -0.2015399 -4.74128 0.6168273 -0.4021484 -4.620777 0.7412536 -0.464899 -4.496169 0.7995114 -0.4214219 -4.425488 0.893714 -0.3523468 -4.334482 1.04291 -0.4887727 -3.785141 1.622013 -0.3957105 -3.868054 1.555841 -0.2969146 -3.951223 1.468674 -0.2908457 -4.197351 1.191025 -0.2948685 -4.062631 1.3314 0 -4.683863 0.6383274 -0.1825588 -4.687481 0.6555178 -0.3297839 -4.602859 0.7377799 -0.353189 -4.501429 0.8020127 -0.3221902 -4.398755 0.9153614 -0.2998583 -4.318625 1.043694 -0.2367981 -3.835586 1.32069 -0.2307291 -4.081714 1.043041 -0.2347519 -3.946993 1.183416 -0.2930725 -4.385792 0.6540289 -0.2620736 -4.283118 0.7673779 -0.2397418 -4.202988 0.89571 0 -3.82224 1.307213 0 -4.071896 1.032872 0 -3.937175 1.173248 0 -4.398978 0.6301675 0 -4.27366 0.7568443 0 -4.19317 0.8855414 0 -4.531607 0.5512207 -0.17712 -4.535225 0.5684106 -0.4099458 -3.617201 1.507846 -0.3416019 -3.728548 1.416518 0 -3.62007 1.502949 0 -3.727647 1.402254 0 -4.047214 1.470686 0 -4.258102 1.23122 0 -4.132389 1.363484 0 -4.515488 0.8758068 0 -4.452461 0.9598088 0 -4.371309 1.092849 -0.1878941 -4.452461 0.9598088 -0.1570965 -4.371309 1.092849 -0.1524935 -4.258102 1.23122 -0.1536855 -4.132389 1.363484 -0.161171 -4.047214 1.470686 -0.2072787 -4.515488 0.8758068 -0.3584755 -4.515488 0.8758068 -0.274992 -4.047214 1.470686 0 -4.703255 0.6984472 -0.1875724 -4.671757 0.7593374 -0.2807615 -4.132389 1.363484 -0.3325916 -4.452461 0.9598088 -0.2749701 -4.258102 1.23122 -0.2803649 -4.371309 1.092849 -0.3071208 -4.592918 0.8180976 0 -3.931632 1.686019 -0.1739259 -3.931632 1.686019 -0.3253682 -3.931632 1.686019 -0.4942967 -3.467786 1.798941 -0.5695061 -3.561378 1.629633 -0.4273037 -3.781085 1.855029 -0.2562568 -3.447412 1.75724 0 -3.439029 1.748206 0 -3.733414 1.877171 -0.1946339 -3.723596 1.878594 0.7483217 -3.821493 2.189902 0.7000176 -3.728525 1.696346 0.6804643 -3.811393 1.698085 1.221287 -3.511687 2.665091 0.7522992 -3.758536 1.684112 0.9442105 -3.63943 1.588629 0.7467685 -3.794435 2.04195 0.7321312 -3.799917 2.110182 1.149727 -3.53097 2.320178 1.136667 -3.536017 2.451955 0.7540161 -3.784173 1.891071 0.7625837 -3.782836 1.941413 1.036027 -3.608231 1.944461 1.080128 -3.583611 2.056429 0.6803321 -3.781924 1.748565 0.7070336 -3.77961 1.796716 0.9040834 -3.641131 1.691902 0.9532779 -3.625991 1.763896 0.7286745 -3.790651 2.188985 0.8928065 -3.665632 1.63096 0.6579056 -3.778333 1.701151 1.056172 -3.519505 2.546218 0.7897018 -3.641185 1.661868 0.83199 -3.606168 1.623448 0.7246037 -3.761628 2.044631 0.7132871 -3.769651 2.108284 0.9981724 -3.523916 2.256808 0.9866073 -3.530547 2.36988 0.7314575 -3.751112 1.894137 0.7400251 -3.749776 1.94448 0.9148401 -3.579064 1.937828 0.9499896 -3.56031 2.034272 0.6577734 -3.748864 1.751632 0.684475 -3.74655 1.799783 0.7975729 -3.60311 1.712993 0.8411012 -3.591201 1.778981 0.8278374 -3.601743 1.643895 0.8989069 -3.668782 1.60931 1.186076 -3.536588 2.626596 1.107879 -3.558385 2.291214 1.098171 -3.562224 2.417706 0.9876021 -3.638442 1.935293 1.033313 -3.612982 2.039473 0.8562427 -3.671234 1.704017 0.9045423 -3.656394 1.770391 0.657873 -3.771067 1.713598 0.7939813 -3.645081 1.643012 1.024105 -3.548307 2.507696 0.9605161 -3.556638 2.227601 0.9520669 -3.56166 2.335519 0.8733042 -3.618033 1.927932 0.9090844 -3.597222 2.016779 0.7582706 -3.644086 1.723856 0.8002393 -3.63173 1.784408 0.7547976 -3.764129 1.668351 0.7018145 -3.73441 1.681576 0.9385588 -3.636062 1.611831 0.9189287 -3.725515 2.33454 0.8790845 -3.708271 2.132862 0.8710149 -3.716864 2.215611 0.839442 -3.730877 1.907243 0.8615937 -3.720718 1.977275 0.7446653 -3.741443 1.732273 0.7792655 -3.734548 1.787089 0.6804317 -3.804127 1.710532 0.8453851 -3.708831 2.293002 0.810883 -3.686662 2.111543 0.8032739 -3.695688 2.187499 0.783333 -3.702443 1.906497 0.8018527 -3.693984 1.970921 0.6945267 -3.710545 1.741474 0.7268117 -3.704558 1.79416 0.7397059 -3.8109 2.158044 1.226632 -3.493559 2.623617 0.7211837 -3.780914 2.155592 1.026246 -3.524255 2.470359 0.9931153 -3.554051 2.433628 1.190008 -3.519021 2.586949 0.8983168 -3.721793 2.283378 0.8272693 -3.703177 2.247616 0.7780537 -3.794334 1.975472 0.7735265 -3.798568 2.009208 1.256614 -3.49681 2.215207 1.246007 -3.504514 2.245788 0.750944 -3.765504 2.012304 0.7553548 -3.76117 1.97823 1.076253 -3.505879 2.192796 1.06076 -3.515168 2.146272 1.200435 -3.533029 2.223023 1.207119 -3.527268 2.189889 1.017303 -3.550251 2.122442 1.034533 -3.539323 2.169601 0.92872 -3.702619 2.087035 0.9211726 -3.706403 2.045955 0.8487154 -3.685978 2.029513 0.8540587 -3.683575 2.069543 0.7488504 -3.799014 1.832509 0.7586658 -3.798562 1.856634 1.090447 -3.594753 1.816668 1.104969 -3.591694 1.842326 0.7360956 -3.765466 1.859786 0.7260444 -3.765838 1.835365 0.9526851 -3.576996 1.856034 0.938242 -3.579248 1.829836 1.055111 -3.622235 1.844015 1.039596 -3.625531 1.818275 0.8944239 -3.617959 1.831121 0.9087978 -3.615337 1.856787 0.8590543 -3.738134 1.853736 0.8475124 -3.739016 1.828744 0.7872149 -3.712116 1.833787 0.7985508 -3.711391 1.858779 -0.7483217 -3.821493 2.189902 -0.7000176 -3.728525 1.696346 -0.6804643 -3.811393 1.698085 -1.221287 -3.511687 2.665091 -0.7522992 -3.758536 1.684112 -0.9442105 -3.63943 1.588629 -0.7467685 -3.794435 2.04195 -0.7321312 -3.799917 2.110182 -1.149727 -3.53097 2.320178 -1.136667 -3.536017 2.451955 -0.7540161 -3.784173 1.891071 -0.7625837 -3.782836 1.941413 -1.036027 -3.608231 1.944461 -1.080128 -3.583611 2.056429 -0.6803321 -3.781924 1.748565 -0.7070336 -3.77961 1.796716 -0.9040834 -3.641131 1.691902 -0.9532779 -3.625991 1.763896 -0.7286745 -3.790651 2.188985 -0.8928065 -3.665632 1.63096 -0.6579056 -3.778333 1.701151 -1.056172 -3.519505 2.546218 -0.7897018 -3.641185 1.661868 -0.83199 -3.606168 1.623448 -0.7246037 -3.761628 2.044631 -0.7132871 -3.769651 2.108284 -0.9981724 -3.523916 2.256808 -0.9866073 -3.530547 2.36988 -0.7314575 -3.751112 1.894137 -0.7400251 -3.749776 1.94448 -0.9148401 -3.579064 1.937828 -0.9499896 -3.56031 2.034272 -0.6577734 -3.748864 1.751632 -0.684475 -3.74655 1.799783 -0.7975729 -3.60311 1.712993 -0.8411012 -3.591201 1.778981 -0.8278374 -3.601743 1.643895 -0.8989069 -3.668782 1.60931 -1.186076 -3.536588 2.626596 -1.107879 -3.558385 2.291214 -1.098171 -3.562224 2.417706 -0.9876021 -3.638442 1.935293 -1.033313 -3.612982 2.039473 -0.8562427 -3.671234 1.704017 -0.9045423 -3.656394 1.770391 -0.657873 -3.771067 1.713598 -0.7939813 -3.645081 1.643012 -1.024105 -3.548307 2.507696 -0.9605161 -3.556638 2.227601 -0.9520669 -3.56166 2.335519 -0.8733042 -3.618033 1.927932 -0.9090844 -3.597222 2.016779 -0.7582706 -3.644086 1.723856 -0.8002393 -3.63173 1.784408 -0.7547976 -3.764129 1.668351 -0.7018145 -3.73441 1.681576 -0.9385588 -3.636062 1.611831 -0.9189287 -3.725515 2.33454 -0.8790845 -3.708271 2.132862 -0.8710149 -3.716864 2.215611 -0.839442 -3.730877 1.907243 -0.8615937 -3.720718 1.977275 -0.7446653 -3.741443 1.732273 -0.7792655 -3.734548 1.787089 -0.6804317 -3.804127 1.710532 -0.8453851 -3.708831 2.293002 -0.810883 -3.686662 2.111543 -0.8032739 -3.695688 2.187499 -0.783333 -3.702443 1.906497 -0.8018527 -3.693984 1.970921 -0.6945267 -3.710545 1.741474 -0.7268117 -3.704558 1.79416 -0.7397059 -3.8109 2.158044 -1.226632 -3.493559 2.623617 -0.7211837 -3.780914 2.155592 -1.026246 -3.524255 2.470359 -0.9931153 -3.554051 2.433628 -1.190008 -3.519021 2.586949 -0.8983168 -3.721793 2.283378 -0.8272693 -3.703177 2.247616 -0.7780537 -3.794334 1.975472 -0.7735265 -3.798568 2.009208 -1.256614 -3.49681 2.215207 -1.246007 -3.504514 2.245788 -0.750944 -3.765504 2.012304 -0.7553548 -3.76117 1.97823 -1.076253 -3.505879 2.192796 -1.06076 -3.515168 2.146272 -1.200435 -3.533029 2.223023 -1.207119 -3.527268 2.189889 -1.017303 -3.550251 2.122442 -1.034533 -3.539323 2.169601 -0.92872 -3.702619 2.087035 -0.9211726 -3.706403 2.045955 -0.8487154 -3.685978 2.029513 -0.8540587 -3.683575 2.069543 -0.7488504 -3.799014 1.832509 -0.7586658 -3.798562 1.856634 -1.090447 -3.594753 1.816668 -1.104969 -3.591694 1.842326 -0.7360956 -3.765466 1.859786 -0.7260444 -3.765838 1.835365 -0.9526851 -3.576996 1.856034 -0.938242 -3.579248 1.829836 -1.055111 -3.622235 1.844015 -1.039596 -3.625531 1.818275 -0.8944239 -3.617959 1.831121 -0.9087978 -3.615337 1.856787 -0.8590543 -3.738134 1.853736 -0.8475124 -3.739016 1.828744 -0.7872149 -3.712116 1.833787 -0.7985508 -3.711391 1.858779</float_array>
          <technique_common>
            <accessor source="#Cube_001-mesh-positions-array" count="1860" stride="3">
              <param name="X" type="float"/>
              <param name="Y" type="float"/>
              <param name="Z" type="float"/>
            </accessor>
          </technique_common>
        </source>
        <source id="Cube_001-mesh-normals">
          <float_array id="Cube_001-mesh-normals-array" count="5550">0.9162635 -0.1914744 -0.3518503 0.9368326 -0.1055337 -0.3334779 0.6482259 -0.1766751 -0.7406682 0.9394541 -0.03821051 0.3405376 0.9705477 0.01416099 0.2404929 0.9459028 -0.1043746 0.3072033 0.9804702 -0.09540402 -0.1719775 0.298263 0.6314092 0.7157945 0.07431417 0.852553 -0.5173305 0.5679854 0.8224817 0.03027462 0.5522189 -0.7713791 -0.316273 0.880634 -0.3752956 -0.2892007 0.6381364 -0.502049 -0.5837198 0.8374025 -0.5270884 -0.1446891 0.9744368 -0.03033572 0.2226046 0.9323682 0.2592625 0.2519378 0.5467009 0.5091005 0.6647819 0.7498902 0.4978311 0.4356938 0.8191977 -0.01150572 -0.5733957 0.5348811 0.1103272 -0.8376935 0.7547781 0.1499118 -0.6386209 0.5335067 0.2109184 -0.8190752 0.7354283 0.2014897 -0.6469523 0.871738 0.3237431 0.3677816 0.4720795 0.3175275 0.8223852 0.8963671 -0.04757875 0.4407522 0.3064755 -0.7598406 0.5733368 0.7278712 -0.6087567 0.3156245 0.626713 -0.5247482 0.5760816 0.7674652 -0.2759237 -0.5786737 0.5160851 -0.1129832 -0.8490531 0.9619728 -0.1691998 0.2144296 0.8666467 -0.4988933 0.005401849 0.9743391 0.05014216 0.2194292 0.7841839 -0.6068995 0.1293392 0.4476847 -0.8641484 0.2298393 0 0.6701762 -0.7422021 0.6172783 0.6261289 -0.4763719 0.5967811 0.5385801 -0.5947973 0.3102294 0.852864 0.4199771 0.2455295 0.6088645 0.7543205 0.2996074 0.1793006 0.9370629 0.6424235 0.03659218 0.7654758 0.3721781 -0.2072234 0.9047331 0.9388625 0.3262503 -0.1099912 0.5510224 0.6682767 -0.4997808 0.8841065 0.3190462 0.3414167 0.8683928 0.3974513 -0.2965244 0.8169963 -0.1235108 0.5632604 0.9437037 0.3300918 0.02151578 0 0.7607197 -0.6490807 0.9406132 0.02002084 0.3388893 0.8848688 -0.1153008 0.4513459 0 0.7885299 -0.6149966 0.4639855 0.5983316 -0.6532359 0.8841689 0.37862 -0.2736648 0.9775095 0.2061898 -0.0442838 0.6287601 0.7773894 0.01806741 0.648311 0.6707423 0.3602745 0.8191394 0.2415301 -0.5202634 0.9865747 0.06939929 0.147832 0.9957133 0.08462917 0.03732472 0.6315065 0.2703099 0.726727 0.6634516 0.06836241 0.7450897 0.9868569 0.1615972 1.52594e-4 0.6745414 0.4807122 0.5602765 0.8222736 0.08377468 -0.5628926 0.5149168 -0.180642 -0.8379911 0.8101055 0.05115038 -0.5840486 0.9872749 0.1464325 -0.06201559 0.8667941 -0.1667546 -0.4699585 0.8578459 -0.3344036 -0.390224 0.4713099 -0.5790125 -0.6652906 0.9667553 0.2077439 -0.1490861 0 -0.9301635 -0.3671457 0 -0.670417 -0.7419847 0.5907545 0.7617214 -0.2660638 0.9715127 0.149055 -0.1842435 0.4832078 -0.8186424 -0.3103786 0.4611184 -0.8819817 -0.09735703 0.7760426 -0.6297945 -0.03341853 0.8756545 -0.4304721 -0.2189136 0.8934175 -0.4403303 -0.08896332 0 -0.9990908 -0.0426346 0.4803342 -0.8763757 -0.03527963 0 -0.6403556 -0.7680788 0 -0.8928407 -0.4503726 0 -0.2545023 -0.9670722 0.560889 0.4514763 0.6939544 0.5445587 0.3319906 0.7702195 0.9514929 -0.1573563 0.2643867 0.5597243 -0.1306532 0.8183144 0.5253643 -0.02465981 0.85052 0.9288073 -0.06717175 -0.3644242 0.9381595 0.006164848 -0.3461485 0.5820676 0.03015321 -0.8125812 0.586432 -0.3432832 0.7336581 0.5860983 0.2165976 -0.7807524 0.939248 0.09103769 -0.3309463 0.5942751 0.3994693 -0.6980412 0.9458153 -0.2584657 0.1965425 0.9635063 -0.1916331 0.1869025 0.9374297 0.1722202 -0.3025985 0.577032 0.4963385 -0.6486002 0 0.3326238 -0.9430597 0 0.54751 -0.8367992 0 0.6335868 -0.7736717 0.931466 -0.2372536 0.2758294 0.5802678 -0.4842839 0.6547965 0.5961963 -0.4803447 0.6432877 0.7497933 0.5856006 0.3080293 0.3593666 0.9303247 0.0731551 0.8793751 0.4364525 0.1902861 0.2850189 -0.6989814 0.6558883 0.8284819 -0.1110604 0.5488929 0.8972723 -0.2196485 0.3829582 0.5962547 -0.4924587 0.634007 0.3478294 -0.7487625 0.5642424 0 -0.8240829 0.5664693 0 -0.771896 0.635749 0 -0.8004136 0.5994481 0.5119937 0.1514068 0.8455404 0 0.4154027 -0.9096377 0.6001269 0.3345195 -0.7265979 0.4742426 0.2696093 -0.8380961 0.6156671 -0.1673376 0.770034 0.4397836 0.7574593 -0.4825412 0.6685798 0.3314058 -0.6657111 0.4250395 -0.892531 -0.1507643 0.6940727 -0.3641577 -0.6210092 0 -0.9810184 -0.1939148 0.9713048 -0.01208561 0.2375311 0.9396501 0.3408059 0.03015273 0.902707 0.292133 0.3158773 0.9554582 0.2733587 -0.1112417 0.9672327 0.2364292 -0.09253299 0.9165968 0.3959315 -0.05557626 0 0.9882608 0.1527773 0 0.8286353 0.559789 0 0.9665408 -0.2565132 0 0.05294966 -0.9985972 0 -0.259782 -0.9656673 0 0.6282356 0.7780233 0.5368109 0.5738924 0.6184511 0 0.7707644 0.6371204 0 0.4636785 0.8860036 0 -0.5595363 0.8288059 0 -0.3699854 0.9290377 0 -0.5824299 0.8128809 0 0.2456796 0.9693511 0 0.0250867 0.9996853 0 0.7834378 -0.6214703 0.4151785 0.8290143 0.3746495 0 0.9646349 0.26359 0 0.871011 0.4912636 0.723409 -0.5249698 0.4484263 0 -0.9591276 0.2829743 0.7790673 -0.311572 0.5440378 0.9471869 -0.0335403 0.3189233 0.8754159 -0.2933516 0.384177 0.6990763 -0.3766699 0.6077929 0.7596179 -0.3472757 0.5498913 0.4677701 -0.7499216 -0.4677701 0.7179283 -0.5582531 -0.4158515 0 -0.6057076 -0.7956874 0 -0.8721634 -0.4892147 0.4696676 -0.4639299 -0.7511203 0.909153 0.3373235 0.2442414 0.9389068 -0.3211278 0.1238182 -0.9209995 0.3268575 0.2119538 -0.6812301 -0.1370029 -0.7191355 -0.9798656 -0.09201401 0.1771919 0.8424732 0.2738457 -0.4639477 0.8817666 0.1571749 -0.4447287 0.8804195 0.2063712 -0.4269338 0.9184683 -0.3450169 0.1933376 0.6126764 0.6383127 -0.4660308 0.972514 0.2281895 0.04632759 0.8108874 0.5378652 -0.2305703 0 0.1814684 0.9833968 0 0.6461269 0.76323 0 0.9384515 0.3454112 0 0.5610648 0.827772 0 0.310408 0.9506035 0 -0.09332841 0.9956354 0 0.03048866 0.9995352 0 -0.2459809 0.9692748 0 0.9996737 0.02554422 0 -0.9529631 0.3030865 0.3876903 -0.8763394 0.2858769 0 0.6395388 -0.7687589 0.5248723 -0.2993646 0.7967998 0 -0.4362054 0.8998472 0.4374591 -0.3967468 0.806983 0 -0.4360212 0.8999365 0.4191237 -0.3714218 0.8284812 0 0.07910472 -0.9968663 0 -0.1760969 -0.9843729 0.3971757 0.913681 0.08624696 0 0.9956156 0.09354019 0 0.3732158 -0.9277446 0 -0.4589189 -0.8884783 0 -0.2336857 0.9723123 0 0.2215103 -0.9751581 0.8299258 -0.5544334 0.06186139 0.910211 -0.3673012 -0.1913262 0.9758682 -0.2072224 0.06885033 0.9773929 -0.01290941 0.211037 0.9878796 -0.006195366 0.1550991 0.9914397 -0.07376438 0.107732 0 -0.9962447 -0.08658349 0.9997826 -0.02060049 0.003235042 0.9617154 0.1795129 -0.2070716 0.9838179 0.03256398 -0.1761875 0.4014494 -0.7892262 -0.4647157 0.1381603 -0.6520728 -0.7454615 0.6805083 -0.4410883 -0.5851066 0.892445 -0.4422855 -0.08902472 0.933934 -0.2598669 0.2454316 0.9163178 0.3990731 0.03320521 0.8685026 0.4865604 0.09466916 0.9131786 -0.3461539 0.215133 0.6677563 0.3695854 -0.6461489 -0.6926326 0.49908 -0.5207487 0.2193742 0.4944161 -0.8410872 -0.2071328 0.5777869 -0.7894671 0.1273552 0.5557488 -0.8215377 0.9611859 -0.0422073 0.2726539 0.8122954 -0.5823953 -0.03149563 0.7048442 -0.6783534 -0.20744 -0.5973839 -0.5646673 -0.5694588 -0.5169672 -0.7602064 -0.3934859 0.8292022 -0.1561048 -0.5367078 0.4955118 -0.7193406 -0.4868443 0.6563044 0.02487272 -0.7540863 0.2440015 0.3474007 -0.9054149 0.7457099 -0.05334782 -0.6641317 0.2417751 -0.1783862 -0.9537941 0.9528724 -0.03524971 -0.3013167 0.7829738 0.2392106 -0.5742215 0.9451109 0.1712113 -0.2783023 0.9358618 0.1362363 -0.3249651 0.5550009 0.4403994 -0.7057071 0.9383855 0.2021617 -0.2802918 0.2625868 -0.9316276 -0.2512336 -0.922156 0.2968869 -0.2479652 -0.3017745 0.5523376 -0.7770814 0.07532131 -0.7411888 -0.6670577 -0.2977399 -0.3270378 0.896882 -0.8206192 -0.1528685 0.5506501 -0.8409496 -0.1254939 0.5263602 0.8359796 -0.4567185 -0.3042145 -0.3171881 0.7042657 -0.6351392 -0.7471123 0.389945 -0.5382994 0.3107805 0.5413252 -0.7812699 0.6482658 0.3499066 -0.6762522 0.9317857 0.108954 -0.3462724 0.7481713 -0.3889331 0.5375602 0.7685326 -0.146797 0.6227427 0.8368935 -0.008606374 0.5472982 -0.2867296 -0.3083373 0.907036 -0.9776843 0.1673065 -0.1270516 -0.9573166 0.2884035 0.01919633 0.821345 -0.1772887 0.5421818 -0.1992895 -0.429922 0.8805969 -0.7672514 -0.3400748 0.5437596 -0.8557856 -0.4994753 0.1347417 0.392049 -0.507381 -0.7673736 -0.2327698 -0.4103304 0.8817297 -0.819171 -0.02771157 0.5728795 0.6274438 0.3353142 -0.7027652 0.9293264 -0.1753607 -0.3249636 -0.9225552 -0.2267553 0.3122081 0.9918686 0.02356064 -0.1250669 0.9584968 0.2773921 0.06586116 0.5145589 0.7575247 -0.4017282 0.62244 0.7716181 -0.1310496 0.6609862 -0.7230623 0.2006946 0.8818504 -0.4501267 0.1404491 0.9508243 -0.3048864 0.05456823 -0.5364598 0.8399084 -0.08224821 0.07657158 0.9923177 -0.09717172 -0.4488159 0.8878962 0.1010187 -0.8165622 0.02639877 0.5766535 -0.6869619 0.7264845 -0.01742655 -0.9300887 0.2262122 0.2894186 0.9935694 -0.09030503 -0.06830102 -0.9107245 0.1975204 0.3627211 -0.2642369 0.1713053 0.9491225 -0.8045109 0.4811928 0.3481605 0.4849824 0.7510803 0.4479625 0.6452975 0.2640824 0.7168345 -0.7646654 -0.2958863 0.5724843 -0.8975887 -0.2116479 0.3867038 -0.8401514 -0.2353303 0.4886361 -0.7059454 -0.5556676 0.4391749 -0.1843072 -0.3015936 0.9354529 0.9995326 0.01593095 0.02609384 0.9464842 0.2852606 -0.1509772 0.6405635 0.7145416 -0.2812632 0.7344786 -0.1312942 0.6658101 -0.1395647 0.9543995 -0.2639003 -0.06006199 0.8853046 -0.4611164 0.1392907 0.9731734 -0.1831166 -0.3120265 -0.8641766 0.3947635 -0.8931047 0.2850159 0.3480374 -0.4290401 0.8924145 0.1397173 -0.9183905 0.3137091 0.2411339 -0.8636155 -0.1948682 0.4649674 -0.704595 -0.6584195 0.2646313 0.9963632 0.06405997 -0.05618596 0.6200822 0.7840906 0.02645981 0.1958699 -0.9271318 0.3194712 0.5142483 -0.8478231 0.1294013 0.5147144 -0.8214066 0.2456834 0.9173381 -0.3118425 0.247478 0.2469909 0.9578107 0.1469493 -0.2782742 -0.9436239 0.1792699 0.5291997 0.8029247 -0.2743354 0.2392104 0.8850296 -0.3993757 -0.1595841 -0.978349 -0.1317812 0.9753161 0.1913827 0.1101419 -0.9309625 -0.2284984 0.2847761 -0.6584565 -0.71507 0.2347553 0.068484 0.9875251 0.14179 -0.3545477 0.8699344 -0.3427976 0.02978682 -0.947198 -0.3192628 -0.7720928 0.6063152 -0.1904062 0.2251413 -0.9738423 -0.03070247 0.1203652 -0.9847427 0.1256754 -0.9426521 -0.1742962 0.2846542 0.8107138 0.5473325 -0.2077751 -0.3131571 0.7673432 0.5595687 -0.9933365 0.07675558 -0.08597236 -0.7500765 0.6613259 0.00576812 -0.6058641 -0.2424433 -0.7577269 -0.9828073 -0.1572955 0.09668457 -0.5877992 -0.5765987 -0.5674734 -0.6562489 -0.7541842 -0.02331644 0.9820195 -0.1715185 0.07886183 0.849417 0.5133064 0.122505 0.6568884 0.7389537 -0.1498172 0.6324733 0.7561358 0.1680369 -0.6865566 0.6910124 -0.2261462 -0.9968575 0.02615517 -0.07477271 -0.494808 -0.6079733 -0.6209135 -0.6839706 -0.7121401 -0.1582431 0.995585 -0.06207525 -0.07040691 0.4379824 -0.6739271 -0.5949737 0.4937767 -0.2078385 -0.844386 0.1243663 0.5697351 -0.8123639 -0.03164875 0.893796 -0.4473558 -0.03366315 0.5609817 -0.8271436 0.7790391 0.6019958 0.175212 -0.3058021 0.94936 0.07211679 0.3991909 -0.9096547 -0.1147826 -0.822036 0.5690008 0.0222485 -0.5798372 -0.2195562 -0.7845916 0.8323045 0.5542796 0.006591975 0.7262559 0.6806608 -0.09619522 -0.6871042 0.70038 0.1932767 0.326651 0.91339 0.2429358 -0.1439874 0.9167522 0.3726032 0.3853351 -0.7434471 -0.546629 -0.6075434 -0.2498292 -0.7539739 0.654824 -0.4218695 -0.6270819 0.5276122 -0.8473595 -0.06006133 -0.7108518 0.6861312 -0.1546404 -0.7130837 0.6635509 -0.2263007 -0.2085056 0.9754171 0.07132285 0.4962121 -0.7995122 -0.3384582 0.6877444 -0.393847 -0.6098296 0.9322109 -0.219525 0.2877356 -0.4717986 -0.7103074 -0.5223692 -0.6224658 -0.7814088 -0.04400837 0.3563115 -0.9015978 0.2452827 0.6142021 -0.2773295 -0.7388127 -0.8378181 -0.1521391 -0.524323 0.753157 -0.2646945 -0.6022387 -0.3224328 -0.9315912 -0.1678543 -0.6960485 -0.1594011 -0.700077 -0.343034 0.5594444 -0.7545527 0.3959555 0.9169785 0.04867804 -0.3216396 0.3581709 -0.8765054 0.449119 0.380329 -0.8084813 -0.4084167 0.3431042 -0.8458578 0.7186422 -0.3573526 -0.5965338 -0.4758282 0.4733257 -0.7413167 0.515439 0.438378 -0.7363066 -0.5784604 0.7627351 0.2891691 -0.3283227 0.4680079 -0.8204712 -0.665594 -0.320574 -0.6739562 0.6363518 0.5100947 0.5786708 -0.3425188 0.9082255 0.2404314 -0.6378861 0.7063105 0.3069641 0.193611 0.9668344 0.1665714 0.3546655 0.4950241 -0.7931983 0.4262278 0.2798588 -0.8602378 0.5314918 -0.8093079 0.2500743 0.9573649 -0.2621316 0.1214064 0.9236254 -0.07822 0.3752304 0.6904703 -0.5605188 0.4572412 0.5676612 -0.8128237 -0.1306841 0.4247008 0.8861464 0.1854022 0.3113554 -0.6170342 0.7227216 0.8928454 0.2459864 0.3772504 0.7564204 0.09839415 -0.6466426 -0.1767377 -0.9836396 -0.03488361 -0.7258885 -0.01355028 -0.687679 -0.2912136 -0.9541197 0.06964462 0.01715201 0.7697344 -0.638134 -0.9294809 -0.03238046 -0.3674465 0.9703933 0.2353347 -0.05435496 0.6915067 -0.6210986 0.3688565 0.9202226 0.3778309 -0.1021486 0.06555545 0.8030548 -0.5922884 0.6377641 -0.515015 0.5727272 -0.6471596 -0.7012091 0.2991492 -0.9049199 0.3405314 -0.2552612 -0.6717284 -0.02615493 0.7403357 -0.8981515 0.1277841 -0.4207081 0.03537112 0.1611081 -0.9863027 0.7519333 -0.09033697 0.6530204 0.8934441 -0.05301147 -0.4460353 -0.1684353 -0.5281342 -0.8322883 0.8103584 -0.4483035 -0.3772842 0.7170279 0.2758973 0.6401185 -0.9723544 -0.06348073 -0.2247158 -0.4479101 0.5757275 0.6840426 -0.9726073 0.1173452 -0.2006618 -0.3929604 0.4814955 0.7834182 -0.2474462 -0.456622 -0.8545565 0.8952741 -0.1828392 -0.4062686 0.6535715 0.2648162 0.7090251 0.01113927 0.04193258 -0.9990584 0.9928871 0.04226934 -0.1113042 0.3681541 -0.2367075 0.8991285 -0.8804989 0.3422382 -0.3280164 -0.5678484 -0.06476265 0.8205815 0.4970031 -0.5914292 0.6349799 -0.9340201 0.3510968 0.06586116 -0.5732793 -0.5545402 0.6031884 -0.2761393 0.7286804 -0.6267153 0.2458325 0.7633473 -0.5973837 0.9644422 0.1809797 0.1926077 0.06408995 0.8708299 -0.4873889 -0.7092579 0.6950055 -0.1179858 -0.1319632 0.8760114 -0.4638857 0.03747725 -0.9990691 0.02136325 0.8435885 -0.3687362 0.3903744 0.3571325 -0.8661271 0.3496859 -0.2151263 -0.9441877 -0.2494599 0.4962346 -0.8391737 -0.2225731 -0.8698535 -0.4696879 0.150825 0.1969085 -0.9799647 -0.02993911 0.1577246 0.8987069 -0.4092051 -0.8412036 0.5139451 -0.1680393 -0.441495 -0.1665143 -0.8816776 -0.6259847 -0.7133619 -0.3150524 0.5378699 -0.1318428 -0.8326545 0.6724513 -0.7082803 -0.2148218 0.5961247 0.7996549 0.07202446 0.7203762 0.6873543 -0.09274792 0.3027831 0.8732827 -0.3817064 -0.1147231 -0.9434824 0.3109335 -0.2451031 0.8312937 -0.4988739 -0.5124211 -0.6404502 -0.5720561 0.5154079 0.03750807 -0.8561239 0.7205483 -0.4160624 -0.5547093 -0.8450886 0.5345208 0.01062083 -0.5224578 -0.1329415 -0.8422378 -0.8038755 0.5941476 -0.02780294 -0.494077 -0.03296083 -0.8687931 -0.622788 -0.547343 -0.5590626 0.7280794 0.6719536 -0.1355687 0.4935233 -0.0378741 -0.8689075 0.2299021 0.8742264 -0.4276369 -0.4885892 0.712634 -0.5034217 0.763186 0.6457493 0.02356058 -0.4479308 0.7972844 -0.4045934 -0.8402039 0.5149263 -0.1700245 -0.4432256 0.7557083 -0.4821371 -0.8743162 0.4301081 -0.2248965 0.7330448 -0.6268984 -0.263901 -0.3465422 -0.1715162 -0.9222205 0.7703387 -0.5935097 -0.2330762 -0.4016324 -0.1905007 -0.8957685 0.5266985 -0.07272696 -0.8469353 0.398612 0.8444678 -0.3577467 -0.4612917 -0.8401827 -0.2851372 -0.444001 -0.8271762 -0.3444457 0.7690332 -0.1109998 0.6294975 0.9957019 0.08523857 0.03622561 0.6900819 -0.6694811 -0.2749218 0.9424325 -0.2684773 0.1993513 0.7617297 -0.6312295 -0.146004 0.6922004 -0.2772647 -0.6663204 0.1013236 -0.9053204 0.4124664 -0.6963889 0.398124 0.5971097 -0.9496192 0.2552887 0.1817997 -0.268142 0.9510404 -0.1536948 -0.2923687 0.9369534 -0.191413 -0.00766021 -0.9506625 0.3101326 -0.8759618 0.3148054 0.3654978 0.6646479 -0.572724 -0.4798234 -0.3317428 0.8928062 -0.3047029 -0.1071832 -0.9931849 0.04577869 -0.1032475 -0.9818739 0.1589456 -0.9436131 0.2149444 0.2517807 -0.4138705 0.9083422 0.06021428 0.6789918 -0.5099763 0.5281047 0.5690982 -0.8147806 0.1107249 -0.1754216 -0.9445546 0.2775678 -0.9631153 0.2662163 0.03921675 -0.1317214 -0.9537289 0.2702791 0.4994734 -0.8578882 0.1206415 -0.3340894 -0.8746386 -0.3512715 0.1500345 -0.701677 0.6965193 -0.1282427 0.586126 0.8000063 0.4946898 -0.3380029 0.8006473 -0.6533296 0.7070439 0.2706464 -0.6234039 0.4208823 0.6589581 -0.210307 0.8617978 -0.4616011 -0.5695516 0.4153374 0.7092995 -0.6232684 0.7761403 0.09561747 -0.379321 0.4933707 0.7827522 -0.1280286 0.8097089 -0.5726956 0.03332698 -0.8054639 0.5917071 0.4930713 -0.3677586 -0.788438 0.4300489 -0.7435443 0.5120546 -0.2926785 0.4330664 0.8525214 0.375662 -0.7254437 0.5767232 0.5422693 -0.3734052 -0.7526702 0.2645084 -0.7983168 0.5410414 0.6829779 -0.2810161 -0.674219 -0.5520086 0.4142124 0.7236815 -0.01431357 0.8606463 -0.5090021 -0.2486987 0.4019647 0.8812339 0.4036835 0.9062507 0.1254968 0.4043495 -0.5267012 0.7477215 0.9999499 0.01001018 -9.15565e-5 -0.5465437 0.6497913 -0.5282625 0.1571124 0.7622457 0.6279309 -0.6093795 0.5745875 -0.5463571 0.08588159 -0.6045588 -0.7919173 0.1315387 0.6650183 0.735152 -0.009491443 -0.7178714 -0.6961112 0.7420445 -0.4880329 0.4595585 0.8074905 -0.4326474 0.400968 0.2302362 0.7976172 0.5574927 -0.5946699 0.5773045 -0.5595421 -0.005615472 -0.7172607 -0.6967824 0.5049782 0.8453945 0.1740841 -0.08722442 0.6664826 -0.7404006 0.4237275 -0.2735124 -0.863508 0.9869599 -0.1576316 0.03259444 -0.4171708 -0.8684929 -0.2677474 -0.1605615 -0.8595731 -0.4851331 0.9194395 -0.3265815 0.2190333 0.4069426 0.885483 0.2243158 -0.804721 0.3496544 -0.4797562 -0.1666056 -0.8910149 -0.4222974 0.3147186 0.9129952 0.2596001 -0.8420948 0.364861 -0.3971812 -0.1539713 -0.89166 -0.4257176 0.3476124 0.9207609 0.1771022 -0.8357036 0.3765748 -0.3997387 0.941821 -0.3039708 0.14344 0.457575 0.8553933 -0.24275 -0.3529818 0.4186585 -0.8367371 0.9527763 -0.1601033 -0.2580391 0.1389541 -0.5252057 -0.8395539 0.8908119 -0.3498179 -0.2899686 0.9443449 -0.1001629 -0.3133371 0.4004116 0.8820348 -0.2483651 -0.9385097 0.2426922 -0.2455611 0.3917474 0.8810656 -0.2650613 -0.8855807 0.4486348 -0.1203073 -0.3715688 -0.9233829 -0.09644001 0.6994477 -0.3020523 -0.6477171 0.3069274 0.7210367 -0.6212098 -0.6750241 0.3058331 -0.6714228 -0.2848647 -0.6249077 -0.7268718 -0.9288328 -0.03155618 -0.3691527 -0.5449433 -0.8340476 -0.08603239 -0.9831274 -0.07751733 -0.1656857 0.4497293 -0.8628662 0.2306632 -0.8420535 0.2209585 0.4920601 -0.9572212 0.1669071 0.2363678 -0.2943549 -0.7632476 0.5751595 0.2014291 -0.2714716 0.9411321 -0.1925467 0.4979848 0.8455395 0.3897345 7.62988e-4 -0.9209271 -0.1943775 0.003265559 -0.9809214 -0.2825482 0.007538259 -0.9592235 0.2808955 0.5015773 -0.8182408 -0.2023398 -0.007263481 -0.9792884 0.1108443 0.5300811 -0.840671 0.1728307 0.5093362 -0.843034 -0.2770806 0.4998071 -0.8206212 0.3370553 0.06894308 -0.9389572 0.311935 -0.02468985 -0.9497826 -0.2093616 0.5073509 -0.8359204 -0.3571373 0.5036912 -0.7866055 -0.6053286 0.6818721 -0.4106431 0.3094915 0.871038 -0.3814549 0.4149996 0.009094655 -0.9097762 -0.5732446 0.733349 -0.3654995 0.3066594 0.8481355 -0.4320028 0.5613729 6.40906e-4 -0.8275627 -0.5283241 0.7071077 -0.4699707 0.3565286 0.8770383 -0.3220111 0.6424937 0.7662802 0.004089593 0.7031049 -0.5000596 -0.5055531 0.5960744 0.7965258 -0.1012023 -0.8116037 0.5827689 0.04098761 -0.5283209 -0.1190561 -0.8406562 -0.576383 -0.6322024 -0.5177864 0.7119205 -0.4727724 -0.5192836 0.703464 0.699283 -0.1270508 0.05719304 -0.1952316 -0.9790881 -0.2535509 -0.20115 -0.946177 -0.1670919 -0.4133197 -0.8951242 -0.04336744 -0.3880794 -0.9206051 -0.4657526 0.2263299 -0.855482 0.5650666 0.3192939 -0.760757 0.7107318 0.008881092 -0.7034071 0.7237581 -0.03347933 -0.6892411 -0.5898811 0.1159436 -0.7991229 0.08060187 -0.4696336 -0.8791744 -0.5121508 0.1196371 -0.8505225 0.199413 -0.4951754 -0.8455979 0.5629628 0.3286035 -0.7583487 -0.2165936 0.9745036 0.05856603 0.4683521 0.8826847 0.03891229 0.5245346 0.8165734 0.2409801 0.6599491 0.2915813 -0.6924216 -0.2492491 0.9684305 0.004181087 0.524502 0.851362 0.008972585 0.6688639 0.5471524 0.503235 -0.5211142 0.7771698 0.3527707 0.5910134 0.6055713 0.532904 0.6691051 -0.4889191 -0.5596934 -0.4435641 0.4298304 -0.7864457 -0.6333622 -0.3052822 -0.7110943 0.6666678 -0.5248743 -0.5292081 -0.7132419 -0.3038526 -0.6316326 -0.9368326 -0.1055337 -0.3334779 -0.9162635 -0.1914744 -0.3518503 -0.6482259 -0.1766751 -0.7406682 -0.9394541 -0.03821051 0.3405376 -0.9705477 0.01416099 0.2404929 -0.9459028 -0.1043746 0.3072033 -0.9804702 -0.09540402 -0.1719775 -0.07431417 0.852553 -0.5173305 -0.298263 0.6314092 0.7157945 -0.5679854 0.8224817 0.03027462 -0.5522189 -0.7713791 -0.316273 -0.880634 -0.3752956 -0.2892007 -0.8374025 -0.5270884 -0.1446891 -0.9744368 -0.03033572 0.2226046 -0.9619728 -0.1691998 0.2144296 -0.6381364 -0.502049 -0.5837198 -0.5467009 0.5091005 0.6647819 -0.9323682 0.2592625 0.2519378 -0.7498902 0.4978311 0.4356938 -0.8191977 -0.01150572 -0.5733957 -0.5348811 0.1103272 -0.8376935 -0.5160851 -0.1129832 -0.8490531 -0.7547781 0.1499118 -0.6386209 -0.5335067 0.2109184 -0.8190752 -0.871738 0.3237431 0.3677816 -0.902707 0.292133 0.3158773 -0.8963671 -0.04757875 0.4407522 -0.7278712 -0.6087567 0.3156245 -0.3064755 -0.7598406 0.5733368 -0.626713 -0.5247482 0.5760816 -0.7674652 -0.2759237 -0.5786737 -0.8666467 -0.4988933 0.005401849 -0.7841839 -0.6068995 0.1293392 -0.6172783 0.6261289 -0.4763719 -0.5967811 0.5385801 -0.5947973 -0.3102294 0.852864 0.4199771 -0.2455295 0.6088645 0.7543205 -0.4720795 0.3175275 0.8223852 -0.2996074 0.1793006 0.9370629 -0.6424235 0.03659218 0.7654758 -0.9388625 0.3262503 -0.1099912 -0.5510224 0.6682767 -0.4997808 -0.8841065 0.3190462 0.3414167 -0.8683928 0.3974513 -0.2965244 -0.8169963 -0.1235108 0.5632604 -0.9437037 0.3300918 0.02151578 -0.9406132 0.02002084 0.3388893 -0.8841689 0.37862 -0.2736648 -0.4639855 0.5983316 -0.6532359 -0.9775095 0.2061898 -0.0442838 -0.6287601 0.7773894 0.01806741 -0.9667553 0.2077439 -0.1490861 -0.8191394 0.2415301 -0.5202634 -0.4742426 0.2696093 -0.8380961 -0.9865747 0.06939929 0.147832 -0.6315065 0.2703099 0.726727 -0.9957133 0.08462917 0.03732472 -0.6634516 0.06836241 0.7450897 -0.6745414 0.4807122 0.5602765 -0.9868569 0.1615972 1.52594e-4 -0.8222736 0.08377468 -0.5628926 -0.5149168 -0.180642 -0.8379911 -0.8101055 0.05115038 -0.5840486 -0.8667941 -0.1667546 -0.4699585 -0.9872749 0.1464325 -0.06201559 -0.8578459 -0.3344036 -0.390224 -0.4713099 -0.5790125 -0.6652906 -0.8756545 -0.4304721 -0.2189136 -0.5907545 0.7617214 -0.2660638 -0.9715127 0.149055 -0.1842435 -0.648311 0.6707423 0.3602745 -0.4832078 -0.8186424 -0.3103786 -0.4611184 -0.8819817 -0.09735703 -0.3876903 -0.8763394 0.2858769 -0.8934175 -0.4403303 -0.08896332 -0.4803342 -0.8763757 -0.03527963 -0.560889 0.4514763 0.6939544 -0.5368109 0.5738924 0.6184511 -0.5445587 0.3319906 0.7702195 -0.9514929 -0.1573563 0.2643867 -0.9288073 -0.06717175 -0.3644242 -0.5597243 -0.1306532 0.8183144 -0.5253643 -0.02465981 0.85052 -0.5820877 0.03015267 -0.8125668 -0.9381595 0.006164848 -0.3461485 -0.586432 -0.3432832 0.7336581 -0.5860983 0.2165976 -0.7807524 -0.939248 0.09103769 -0.3309463 -0.9458153 -0.2584657 0.1965425 -0.931466 -0.2372536 0.2758294 -0.9635063 -0.1916331 0.1869025 -0.5942751 0.3994693 -0.6980412 -0.9374297 0.1722202 -0.3025985 -0.577032 0.4963385 -0.6486002 -0.5802678 -0.4842839 0.6547965 -0.5961963 -0.4803447 0.6432877 -0.7497933 0.5856006 0.3080293 -0.8793751 0.4364525 0.1902861 -0.3593666 0.9303247 0.0731551 -0.2850189 -0.6989814 0.6558883 -0.8284819 -0.1110604 0.5488929 -0.8972723 -0.2196485 0.3829582 -0.3478294 -0.7487625 0.5642424 -0.5962547 -0.4924587 0.634007 -0.5119937 0.1514068 0.8455404 -0.6001269 0.3345195 -0.7265979 -0.6156671 -0.1673376 0.770034 -0.4397836 0.7574593 -0.4825412 -0.6685798 0.3314058 -0.6657111 -0.4250395 -0.892531 -0.1507643 -0.6940727 -0.3641577 -0.6210092 -0.9713048 -0.01208561 0.2375311 -0.9471869 -0.0335403 0.3189233 -0.9554582 0.2733587 -0.1112417 -0.9672327 0.2364292 -0.09253299 -0.9396501 0.3408059 0.03015273 -0.9165968 0.3959315 -0.05557626 -0.4151785 0.8290143 0.3746495 -0.4247008 0.8861464 0.1854022 -0.4476847 -0.8641484 0.2298393 -0.723409 -0.5249698 0.4484263 -0.7790673 -0.311572 0.5440378 -0.8754159 -0.2933516 0.384177 -0.9184683 -0.3450169 0.1933376 -0.6990763 -0.3766699 0.6077929 -0.7596179 -0.3472757 0.5498913 -0.4677701 -0.7499216 -0.4677701 -0.7179283 -0.5582531 -0.4158515 -0.4696676 -0.4639299 -0.7511203 -0.909153 0.3373235 0.2442414 -0.9389068 -0.3211278 0.1238182 -0.9743391 0.05014216 0.2194292 0.6812301 -0.1370029 -0.7191355 0.9209995 0.3268575 0.2119538 0.9798656 -0.09201401 0.1771919 -0.8424732 0.2738457 -0.4639477 -0.8817666 0.1571749 -0.4447287 -0.6126764 0.6383127 -0.4660308 -0.972514 0.2281895 0.04632759 -0.9163178 0.3990731 0.03320521 -0.3721781 -0.2072234 0.9047331 -0.5248723 -0.2993646 0.7967998 -0.4374591 -0.3967468 0.806983 0 0.296429 -0.9550549 -0.3971757 0.913681 0.08624696 -0.8848688 -0.1153008 0.4513459 -0.4191237 -0.3714218 0.8284812 0 -0.4069369 0.9134564 -0.7354283 0.2014897 -0.6469523 -0.8299258 -0.5544334 0.06186139 -0.910211 -0.3673012 -0.1913262 -0.7048442 -0.6783534 -0.20744 -0.8804195 0.2063712 -0.4269338 -0.9773929 -0.01290941 0.211037 -0.9878796 -0.006195366 0.1550991 -0.933934 -0.2598669 0.2454316 -0.9997826 -0.02060049 0.003235042 -0.9914397 -0.07376438 0.107732 -0.9617154 0.1795129 -0.2070716 -0.9838179 0.03256398 -0.1761875 -0.9758682 -0.2072224 0.06885033 -0.4014494 -0.7892262 -0.4647157 -0.6805083 -0.4410883 -0.5851066 -0.1381603 -0.6520728 -0.7454615 -0.892445 -0.4422855 -0.08902472 -0.8108874 0.5378652 -0.2305703 -0.8685026 0.4865604 0.09466916 -0.9611859 -0.0422073 0.2726539 -0.9131786 -0.3461539 0.215133 -0.8122954 -0.5823953 -0.03149563 -0.6677563 0.3695854 -0.6461489 0.6926326 0.49908 -0.5207487 -0.2193742 0.4944161 -0.8410872 0.2071328 0.5777869 -0.7894671 0.3017745 0.5523376 -0.7770814 -0.2625868 -0.9316276 -0.2512336 0.5973839 -0.5646673 -0.5694588 0.5169672 -0.7602064 -0.3934859 -0.8292022 -0.1561048 -0.5367078 -0.7760426 -0.6297945 -0.03341853 -0.6563044 0.02487272 -0.7540863 -0.7457099 -0.05334782 -0.6641317 -0.2440015 0.3474007 -0.9054149 -0.2417751 -0.1783862 -0.9537941 0.7471123 0.389945 -0.5382994 -0.7829738 0.2392106 -0.5742215 -0.9528724 -0.03524971 -0.3013167 -0.9451109 0.1712113 -0.2783023 -0.9358618 0.1362363 -0.3249651 -0.5550009 0.4403994 -0.7057071 -0.6274438 0.3353142 -0.7027652 -0.8359796 -0.4567185 -0.3042145 0.922156 0.2968869 -0.2479652 -0.07532131 -0.7411888 -0.6670577 0.8206192 -0.1528685 0.5506501 0.2977399 -0.3270378 0.896882 0.8409496 -0.1254939 0.5263602 0.3171881 0.7042657 -0.6351392 -0.3107805 0.5413252 -0.7812699 -0.9317857 0.108954 -0.3462724 -0.7685326 -0.146797 0.6227427 -0.9383855 0.2021617 -0.2802918 -0.8368935 -0.008606374 0.5472982 0.9776843 0.1673065 -0.1270516 0.9573166 0.2884035 0.01919633 -0.821345 -0.1772887 0.5421818 0.1992895 -0.429922 0.8805969 0.2867296 -0.3083373 0.907036 -0.1273552 0.5557488 -0.8215377 0.8557856 -0.4994753 0.1347417 0.2327698 -0.4103304 0.8817297 -0.6482658 0.3499066 -0.6762522 -0.392049 -0.507381 -0.7673736 0.9225552 -0.2267553 0.3122081 -0.9293264 -0.1753607 -0.3249636 -0.9584968 0.2773921 0.06586116 -0.5145589 0.7575247 -0.4017282 -0.9464842 0.2852606 -0.1509772 -0.8818504 -0.4501267 0.1404491 -0.6609862 -0.7230623 0.2006946 -0.9508243 -0.3048864 0.05456823 0.5364598 0.8399084 -0.08224821 -0.07657158 0.9923177 -0.09717172 0.06006199 0.8853046 -0.4611164 0.6869619 0.7264845 -0.01742655 0.8165622 0.02639877 0.5766535 0.9300887 0.2262122 0.2894186 -0.9935694 -0.09030503 -0.06830102 0.9107245 0.1975204 0.3627211 0.8045109 0.4811928 0.3481605 0.2642369 0.1713053 0.9491225 -0.4849824 0.7510803 0.4479625 -0.6452975 0.2640824 0.7168345 0.7646781 -0.2958794 0.5724709 0.7672514 -0.3400748 0.5437596 0.8401514 -0.2353303 0.4886361 0.7059454 -0.5556676 0.4391749 0.1843072 -0.3015936 0.9354529 -0.9918686 0.02356064 -0.1250669 -0.6405635 0.7145416 -0.2812632 -0.9995326 0.01593095 0.02609384 0.1395647 0.9543995 -0.2639003 0.3131571 0.7673432 0.5595687 -0.7481713 -0.3889331 0.5375602 0.819171 -0.02771157 0.5728795 0.3120265 -0.8641766 0.3947635 0.4488159 0.8878962 0.1010187 0.8931047 0.2850159 0.3480374 0.4290401 0.8924145 0.1397173 0.704595 -0.6584195 0.2646313 0.8636155 -0.1948682 0.4649674 -0.6200822 0.7840906 0.02645981 -0.9963632 0.06405997 -0.05618596 -0.5142483 -0.8478231 0.1294013 -0.1958699 -0.9271318 0.3194712 -0.5147144 -0.8214066 0.2456834 -0.1392907 0.9731734 -0.1831166 0.2782742 -0.9436239 0.1792699 -0.2469909 0.9578107 0.1469493 -0.5291997 0.8029247 -0.2743354 0.1595841 -0.978349 -0.1317812 -0.9753161 0.1913827 0.1101419 0.6584565 -0.71507 0.2347553 0.9309625 -0.2284984 0.2847761 0.3545477 0.8699344 -0.3427976 -0.068484 0.9875251 0.14179 -0.02978682 -0.947198 -0.3192628 -0.1203652 -0.9847427 0.1256754 0.9183905 0.3137091 0.2411339 -0.2251413 -0.9738423 -0.03070247 0.3224328 -0.9315912 -0.1678543 -0.2392104 0.8850296 -0.3993757 0.8975887 -0.2116479 0.3867038 -0.7344786 -0.1312942 0.6658101 0.7720928 0.6063152 -0.1904062 0.9426521 -0.1742962 0.2846542 -0.9173381 -0.3118425 0.247478 -0.8107138 0.5473325 -0.2077751 0.9933365 0.07675558 -0.08597236 0.7500765 0.6613259 0.00576812 0.6865566 0.6910124 -0.2261462 0.5877992 -0.5765987 -0.5674734 0.9828073 -0.1572955 0.09668457 0.6562489 -0.7541842 -0.02331644 -0.849417 0.5133064 0.122505 -0.9820195 -0.1715185 0.07886183 -0.6568884 0.7389537 -0.1498172 -0.6324733 0.7561358 0.1680369 0.494808 -0.6079733 -0.6209135 0.9968575 0.02615517 -0.07477271 0.6839706 -0.7121401 -0.1582431 -0.995585 -0.06207525 -0.07040691 -0.4379824 -0.6739271 -0.5949737 -0.3991909 -0.9096547 -0.1147826 -0.1243663 0.5697351 -0.8123639 0.03164875 0.893796 -0.4473558 0.03366315 0.5609817 -0.8271436 0.3058021 0.94936 0.07211679 -0.7790391 0.6019958 0.175212 -0.4937641 -0.2078332 -0.8443948 0.822036 0.5690008 0.0222485 0.6871042 0.70038 0.1932767 -0.8323045 0.5542796 0.006591975 -0.7262538 0.6806588 -0.0962255 -0.326651 0.91339 0.2429358 -0.3853351 -0.7434471 -0.546629 0.6075387 -0.2498578 -0.7539681 -0.5276122 -0.8473595 -0.06006133 0.7108518 0.6861312 -0.1546404 0.7130837 0.6635509 -0.2263007 0.2085056 0.9754171 0.07132285 -0.4962121 -0.7995122 -0.3384582 0.6058641 -0.2424433 -0.7577269 0.4717986 -0.7103074 -0.5223692 -0.9322109 -0.219525 0.2877356 -0.3563115 -0.9015978 0.2452827 0.6224658 -0.7814088 -0.04400837 -0.6142021 -0.2773295 -0.7388127 0.8378181 -0.1521391 -0.524323 -0.753157 -0.2646945 -0.6022387 0.6960485 -0.1594011 -0.700077 0.343034 0.5594444 -0.7545527 0.1439874 0.9167522 0.3726032 0.3216396 0.3581709 -0.8765054 -0.3959555 0.9169785 0.04867804 -0.449119 0.380329 -0.8084813 -0.193611 0.9668344 0.1665714 -0.7186422 -0.3573526 -0.5965338 0.4758282 0.4733257 -0.7413167 0.6333622 -0.3052822 -0.7110943 0.3283227 0.4680079 -0.8204712 0.5784604 0.7627351 0.2891691 0.665594 -0.320574 -0.6739562 0.3425188 0.9082255 0.2404314 -0.6363518 0.5100947 0.5786708 0.6378861 0.7063105 0.3069641 0.5798372 -0.2195562 -0.7845916 -0.6877444 -0.393847 -0.6098296 -0.3546655 0.4950241 -0.7931983 0.4084061 0.3430953 -0.8458665 -0.4262278 0.2798588 -0.8602378 -0.654824 -0.4218695 -0.6270819 -0.5314918 -0.8093079 0.2500743 -0.6904703 -0.5605188 0.4572412 -0.9573649 -0.2621316 0.1214064 -0.5676612 -0.8128237 -0.1306841 -0.9236254 -0.07822 0.3752304 -0.3113554 -0.6170342 0.7227216 -0.8928454 0.2459864 0.3772504 0.1767377 -0.9836396 -0.03488361 -0.7564204 0.09839415 -0.6466426 0.2912136 -0.9541197 0.06964462 0.7258885 -0.01355028 -0.687679 -0.01715201 0.7697344 -0.638134 -0.9703933 0.2353347 -0.05435496 -0.6915067 -0.6210986 0.3688565 -0.9202226 0.3778309 -0.1021486 -0.6377641 -0.515015 0.5727272 0.6471596 -0.7012091 0.2991492 0.9294809 -0.03238046 -0.3674465 -0.06555545 0.8030548 -0.5922884 0.6717284 -0.02615493 0.7403357 0.9049199 0.3405314 -0.2552612 0.8981515 0.1277841 -0.4207081 -0.03537112 0.1611081 -0.9863027 -0.7519333 -0.09033697 0.6530204 0.1684353 -0.5281342 -0.8322883 -0.8934441 -0.05301147 -0.4460353 -0.8103584 -0.4483035 -0.3772842 -0.7170279 0.2758973 0.6401185 0.9723544 -0.06348073 -0.2247158 0.4479101 0.5757275 0.6840426 0.9726073 0.1173452 -0.2006618 0.2474462 -0.456622 -0.8545565 -0.8952741 -0.1828392 -0.4062686 0.3929604 0.4814955 0.7834182 -0.01113927 0.04193258 -0.9990584 -0.9928871 0.04226934 -0.1113042 -0.6535715 0.2648162 0.7090251 -0.3681541 -0.2367075 0.8991285 0.8804989 0.3422382 -0.3280164 -0.4970031 -0.5914292 0.6349799 0.5678484 -0.06476265 0.8205815 0.9340201 0.3510968 0.06586116 0.2761393 0.7286804 -0.6267153 -0.2458325 0.7633473 -0.5973837 -0.9644422 0.1809797 0.1926077 -0.06408995 0.8708299 -0.4873889 0.1319632 0.8760114 -0.4638857 -0.03747725 -0.9990691 0.02136325 -0.3571325 -0.8661271 0.3496859 0.2151263 -0.9441877 -0.2494599 0.1147231 -0.9434824 0.3109335 0.5732793 -0.5545402 0.6031884 0.8698535 -0.4696879 0.150825 -0.1577246 0.8987069 -0.4092051 0.7092579 0.6950055 -0.1179858 0.441495 -0.1665143 -0.8816776 0.8412036 0.5139451 -0.1680393 0.6259847 -0.7133619 -0.3150524 -0.5378699 -0.1318428 -0.8326545 -0.6724513 -0.7082803 -0.2148218 -0.8435885 -0.3687362 0.3903744 -0.5961247 0.7996549 0.07202446 -0.7203762 0.6873543 -0.09274792 -0.1969085 -0.9799647 -0.02993911 -0.4962346 -0.8391737 -0.2225731 0.2451031 0.8312937 -0.4988739 -0.5154079 0.03750807 -0.8561239 0.5124211 -0.6404502 -0.5720561 -0.7205483 -0.4160624 -0.5547093 0.5224578 -0.1329415 -0.8422378 0.8450886 0.5345208 0.01062083 0.494077 -0.03296083 -0.8687931 0.8038755 0.5941476 -0.02780294 0.622788 -0.547343 -0.5590626 -0.7280794 0.6719536 -0.1355687 -0.4935233 -0.0378741 -0.8689075 -0.7330448 -0.6268984 -0.263901 -0.3027831 0.8732827 -0.3817064 0.4479308 0.7972844 -0.4045934 -0.763186 0.6457493 0.02356058 0.8402039 0.5149263 -0.1700245 0.4432256 0.7557083 -0.4821371 0.8743162 0.4301081 -0.2248965 0.3465422 -0.1715162 -0.9222205 0.444001 -0.8271762 -0.3444457 -0.7703387 -0.5935097 -0.2330762 0.4016324 -0.1905007 -0.8957685 0.4612917 -0.8401827 -0.2851372 -0.5266985 -0.07272696 -0.8469353 -0.4955118 -0.7193406 -0.4868443 -0.7690332 -0.1109998 0.6294975 -0.9957019 0.08523857 0.03622561 -0.9424325 -0.2684773 0.1993513 -0.6900819 -0.6694811 -0.2749218 -0.7617297 -0.6312295 -0.146004 -0.1013236 -0.9053204 0.4124664 0.268142 0.9510404 -0.1536948 0.9496192 0.2552887 0.1817997 0.2923687 0.9369534 -0.191413 0.6963889 0.398124 0.5971097 0.00766021 -0.9506625 0.3101326 -0.6646479 -0.572724 -0.4798234 -0.6922004 -0.2772647 -0.6663204 0.3317428 0.8928062 -0.3047029 0.1071832 -0.9931849 0.04577869 0.1032475 -0.9818739 0.1589456 0.9436131 0.2149444 0.2517807 0.9631153 0.2662163 0.03921675 -0.6789918 -0.5099763 0.5281047 -0.5690982 -0.8147806 0.1107249 0.1754216 -0.9445546 0.2775678 0.1317214 -0.9537289 0.2702791 -0.4994734 -0.8578882 0.1206415 -0.4497293 -0.8628662 0.2306632 -0.1500345 -0.701677 0.6965193 0.1282427 0.586126 0.8000063 0.5695516 0.4153374 0.7092995 0.6234039 0.4208823 0.6589581 0.6533296 0.7070439 0.2706464 0.4138705 0.9083422 0.06021428 0.210307 0.8617978 -0.4616011 0.6232684 0.7761403 0.09561747 0.379321 0.4933707 0.7827522 0.2926785 0.4330664 0.8525214 -0.03332698 -0.8054639 0.5917071 -0.4930713 -0.3677586 -0.788438 -0.375662 -0.7254437 0.5767232 -0.4300489 -0.7435443 0.5120546 0.1280286 0.8097089 -0.5726956 -0.2645084 -0.7983168 0.5410414 -0.5422693 -0.3734052 -0.7526702 -0.6829779 -0.2810161 -0.674219 0.5520086 0.4142124 0.7236815 0.01431357 0.8606463 -0.5090021 0.2486987 0.4019647 0.8812339 -0.4043495 -0.5267012 0.7477215 -0.9999499 0.01001018 -9.15565e-5 0.5465437 0.6497913 -0.5282625 -0.1571124 0.7622457 0.6279309 -0.1315687 0.6650156 0.735149 -0.08588159 -0.6045588 -0.7919173 0.6093795 0.5745875 -0.5463571 -0.7420445 -0.4880329 0.4595585 -0.8074905 -0.4326474 0.400968 0.009491443 -0.7178714 -0.6961112 -0.2302362 0.7976172 0.5574927 0.5946699 0.5773045 -0.5595421 -0.5049782 0.8453945 0.1740841 0.005615472 -0.7172607 -0.6967824 0.08722442 0.6664826 -0.7404006 -0.9869599 -0.1576316 0.03259444 0.8759618 0.3148054 0.3654978 0.4171708 -0.8684929 -0.2677474 -0.9194395 -0.3265815 0.2190333 0.1605615 -0.8595731 -0.4851331 -0.4069426 0.885483 0.2243158 0.804721 0.3496544 -0.4797562 0.1666056 -0.8910149 -0.4222974 -0.3147186 0.9129952 0.2596001 0.1539713 -0.89166 -0.4257176 0.8420948 0.364861 -0.3971812 -0.3476124 0.9207609 0.1771022 -0.941821 -0.3039708 0.14344 0.8357036 0.3765748 -0.3997387 -0.457575 0.8553933 -0.24275 -0.9527763 -0.1601033 -0.2580391 -0.1389541 -0.5252057 -0.8395539 -0.8908119 -0.3498179 -0.2899686 -0.9443449 -0.1001629 -0.3133371 -0.4004116 0.8820348 -0.2483651 0.9385097 0.2426922 -0.2455611 -0.3917474 0.8810656 -0.2650613 0.8855807 0.4486348 -0.1203073 -0.6994477 -0.3020523 -0.6477171 0.3715688 -0.9233829 -0.09644001 -0.3069274 0.7210367 -0.6212098 0.6750241 0.3058331 -0.6714228 0.2848647 -0.6249077 -0.7268718 0.3529818 0.4186585 -0.8367371 -0.4237275 -0.2735124 -0.863508 -0.4036835 0.9062507 0.1254968 0.9288328 -0.03155618 -0.3691527 0.5449433 -0.8340476 -0.08603239 0.3340894 -0.8746386 -0.3512715 0.9572281 0.1669083 0.236339 0.9831274 -0.07751733 -0.1656857 0.2943549 -0.7632476 0.5751595 0.8420535 0.2209585 0.4920601 -0.2014291 -0.2714716 0.9411321 0.1925467 0.4979848 0.8455395 -0.4946898 -0.3380029 0.8006473 -0.3897345 7.62988e-4 -0.9209271 0.1943775 0.003265559 -0.9809214 0.2825482 0.007538259 -0.9592235 -0.311935 -0.02468985 -0.9497826 -0.2808955 0.5015773 -0.8182408 0.4885892 0.712634 -0.5034217 0.2093616 0.5073509 -0.8359204 0.2023398 -0.007263481 -0.9792884 -0.3370553 0.06894308 -0.9389572 -0.1108443 0.5300811 -0.840671 0.3571373 0.5036912 -0.7866055 -0.1728307 0.5093362 -0.843034 0.2770806 0.4998071 -0.8206212 0.6053286 0.6818721 -0.4106431 -0.4149996 0.009094655 -0.9097762 0.5732446 0.733349 -0.3654995 0.5283209 -0.1190561 -0.8406562 -0.5613729 6.40906e-4 -0.8275627 0.5283241 0.7071077 -0.4699707 -0.6424937 0.7662802 0.004089593 -0.7031049 -0.5000596 -0.5055531 -0.5960744 0.7965258 -0.1012023 0.8116037 0.5827689 0.04098761 -0.3066594 0.8481355 -0.4320028 -0.703464 0.699283 -0.1270508 0.576383 -0.6322024 -0.5177864 -0.7119205 -0.4727724 -0.5192836 -0.3094915 0.871038 -0.3814549 -0.3565286 0.8770383 -0.3220111 -0.05719304 -0.1952316 -0.9790881 0.2535509 -0.20115 -0.946177 0.1670919 -0.4133197 -0.8951242 -0.08060187 -0.4696336 -0.8791744 0.04336744 -0.3880794 -0.9206051 -0.199413 -0.4951754 -0.8455979 0.4657526 0.2263299 -0.855482 -0.5650666 0.3192939 -0.760757 -0.7107318 0.008881092 -0.7034071 0.5898811 0.1159436 -0.7991229 -0.7237734 -0.03348004 -0.6892251 0.5121375 0.119634 -0.850531 -0.5629628 0.3286035 -0.7583487 0.2165936 0.9745036 0.05856603 0.4435641 0.4298304 -0.7864457 -0.5245346 0.8165734 0.2409801 -0.515439 0.438378 -0.7363066 -0.6599491 0.2915813 -0.6924216 0.2492491 0.9684305 0.004181087 -0.6688639 0.5471524 0.503235 -0.6691051 -0.4889191 -0.5596934 0.5211142 0.7771698 0.3527707 -0.5910333 0.6055604 0.5328944 -0.6666678 -0.5248743 -0.5292081 0.7132419 -0.3038526 -0.6316326 0 -0.7853505 0.6190514 0.311632 -0.8747731 0.3710225 0 -0.8796554 0.4756115 0 -0.931291 0.3642762 -0.2323105 -0.9680623 0.09427314 0 -0.9989418 0.04599183 0.07373386 -0.9683679 0.2383839 0 -0.8253612 0.5646051 0.2415902 -0.9082521 0.3416322 0.1554952 -0.8165714 0.555907 0.4222012 -0.7323059 0.534298 0 -0.7182036 0.6958331 0.3165138 -0.6353471 0.7043814 0 -0.9595146 0.281659 0.4647749 -0.8315835 -0.3040614 0.655008 -0.728102 -0.2020691 0.4105808 -0.8266552 0.3847917 0.7178604 0.0282908 0.6956122 0.3596066 -0.6986435 0.6185308 0.7359123 -0.1273876 0.6649854 0.5774324 -0.8151196 -0.04638987 0.8390345 -0.5217567 0.1542441 0.8241695 -0.4183869 0.3817029 0.5492838 -0.7724704 0.3187115 0.0886566 -0.9904819 -0.1052892 -0.3526765 -0.9333597 0.06677532 -0.1696246 -0.9846045 0.04220777 0.3151416 -0.6216769 -0.71708 0.2555643 -0.9625624 0.09033554 0.6351966 -0.4417047 0.633579 0.8631959 -0.4843346 0.1425231 0.4278201 -0.7534005 0.4993574 0.5520917 -0.4442064 -0.705603 0.4685044 -0.8240867 0.3184096 0.9528387 -0.08023488 -0.2926788 0.4543407 -0.7793406 0.4315122 0.5520647 -0.6627279 -0.5059805 0.3304024 -0.8510931 0.4080132 0.9502786 -0.1805215 -0.2537372 0.6947994 -0.02056992 -0.7189095 0.9348154 -0.007568597 -0.3550534 0.3749827 -0.9223654 0.09289878 0.4341319 -0.6226474 -0.6510299 0.9380092 -0.317858 -0.1382217 0.2828178 -0.958321 -0.0404374 0.8455014 -0.5336571 -0.01837247 0.9507094 0.03766089 -0.307788 0.8182145 -0.4222609 -0.390155 0.1926984 0.4004428 -0.8958309 0.1569291 0.5813886 -0.7983487 0.5337817 0.6222571 -0.5726022 0.4318221 0.5817345 -0.6892856 0.3179191 0.2279483 -0.9203081 0.3898245 0.2928948 -0.8730691 0 0.5012806 -0.8652849 0.2349962 0.6186504 -0.749699 0.9797677 0.1693832 0.1066046 0.1827775 0.9175803 -0.3530423 0.3500018 0.8469263 -0.400268 -0.1032161 -0.9346831 0.3401677 -0.2477557 -0.8314068 0.497373 0.1399605 -0.8979323 0.4172873 -0.01825046 -0.7591949 0.6506077 0.3273188 -0.8245077 0.461573 0.1279967 -0.6196274 0.7743893 0.4517462 -0.7584954 0.4696916 0.06006193 -0.6814343 0.7294106 -0.1153014 -0.9919954 0.05148583 0 -0.9978771 0.06512737 -0.02209562 -0.9867341 0.1608341 0 -0.9780208 0.2085077 -0.06940132 -0.9646913 0.2540749 0 -0.9399893 0.3412039 -0.1203675 -0.9001016 0.4187229 0 -0.8369567 0.5472691 -0.151346 -0.6594645 0.736343 0 -0.5489118 0.8358803 0.4678661 -0.8742657 0.1294643 0.5074658 -0.8310256 0.2277614 0.4981417 -0.6925213 0.5217944 0.5291112 -0.8226447 0.2080798 0.5959214 -0.7326787 0.3287242 0.5914866 -0.0680266 0.8034402 0.3587837 -0.04315412 0.9324227 -0.1525942 -0.04843336 0.9871015 0 -0.1258 0.9920557 0.4688035 -0.8652157 0.1778346 0.8561348 -0.5119962 -0.06995081 0.6463744 -0.6783589 0.3493272 0.8770948 0.1898912 0.4411873 0.7080507 -0.07004207 0.7026794 0.9430752 -0.1473163 -0.298173 0.9682688 0.1243029 -0.2168052 0.7949038 0.5224586 0.3084883 0.9200928 0.3216418 -0.2235531 0.7047459 0.6921415 0.1557997 0.7949343 0.4895284 -0.3583872 0.6449933 0.7584942 -0.09311413 0.4600453 0.5921931 -0.6615631 0.4171444 0.8831815 -0.214432 0 0.6516782 -0.7584957 0 0.9614952 -0.2748219 0.9721604 -0.2339606 0.01290959 0.8508448 0.2200739 -0.4771066 0.4214057 0.3633282 -0.8309091 0 0.4200063 -0.9075213 0.4433838 -0.8522503 0.2776337 0.8603572 0.1409056 -0.4898278 0.747051 -0.02838289 -0.6641606 0.7266981 -0.5142523 0.4554719 0.8765149 0.4308107 -0.2147644 0.8968076 0.2904515 -0.3337278 0.5279865 -0.832357 0.1685589 0.7105301 0.002319455 -0.7036631 0.8230916 -0.2507118 0.5095722 0.6957484 -0.5008521 0.5148605 0.6846658 -0.6163336 0.3890576 0.3733421 0.6756048 -0.6357467 0.3798435 0.4977701 -0.7797076 0.8206036 0.5418706 -0.1816205 0.4093874 0.7746133 -0.4820542 0.4044759 0.3532031 -0.8435916 0.4280578 0.2698479 -0.8625246 0 0.8241212 -0.5664135 0 0.6778047 -0.7352421 0 0.4872953 -0.8732374 0 0.812066 -0.5835657 0 0.4039257 -0.9147918 0 0.3309214 -0.9436584 0.8173251 -0.2157377 -0.5342629 0.8219205 0.04391753 -0.5679067 0.3721491 0.6209403 -0.6898828 0.4443904 0.7772635 -0.4453974 0.6506726 -0.6651389 0.3663543 0.8561502 0.4002875 -0.3267672 0.9391014 -0.2070717 0.2742441 0.2485173 0.2114365 -0.9452692 0 0.6042495 -0.7967952 0 0.1376731 -0.9904778 0.2291097 -0.9673146 0.1086798 0.8372577 -0.1569591 -0.5237972 0.2464769 -0.531897 -0.810145 0 -0.9813535 -0.1922116 0 -0.3507522 -0.9364684 0.7944211 -0.2565159 -0.5505403 0.4985068 0.3019912 -0.8125838 0.3408727 -0.2434238 -0.9080477 0.5146754 0.04535144 -0.8561849 0.8477951 -0.4172596 -0.3273193 -0.2378967 -0.8966219 0.3734627 -0.05841428 -0.6903812 0.7210838 0.2060953 -0.4330656 0.8774844 0.6527048 -0.3560624 0.6687272 -0.3137683 -0.9449978 -0.09235119 0.3618966 0.6839045 0.6334868 0.3544189 0.4934946 0.7942609 0.3885968 0.8420462 0.3741003 0 0.718609 0.6954143 0 0.5698827 0.8217261 0 0.9154415 0.4024512 0 0.37484 0.9270895 0.3109901 0.3719978 0.8745872 0.1113647 0.3583264 0.9269305 0 -0.01373368 0.9999057 -0.5729408 -0.6889756 0.4439048 -0.4985001 -0.2805627 0.8202332 -0.621302 -0.3853306 0.6822786 -0.5004537 -0.5621635 0.6584211 0 -0.2003869 0.9797169 -0.5847799 -0.6004669 0.54541 -0.5780634 -0.7160406 0.3913167 -0.3758439 -0.3786822 0.8457785 -0.2057285 -0.28285 0.9368413 -0.581643 -0.6108198 0.5372064 -0.321004 -0.1840935 0.9290135 -0.608887 -0.5853263 0.5353969 -0.6092954 -0.5997732 0.5186824 -0.5593889 -0.7095441 0.4285221 -0.6222009 -0.4308436 0.6536359 -0.5928372 -0.6898275 0.4155507 -0.5448681 -0.4922216 0.6788495 0 -0.7846922 0.6198858 0 -0.8122689 0.5832833 0 -0.7381049 0.6746861 0 -0.7402728 0.6723067 0 -0.606989 0.7947103 0 -0.7474077 0.6643658 -0.3166942 0.05487287 0.9469392 0 -0.01458805 0.9998937 -0.4213827 -0.4667041 0.7775757 -0.5478752 -0.2443343 0.8000835 0 -0.7478823 0.6638314 0 -0.6861593 0.7274515 0 0.8157761 -0.5783678 0 0.8277482 -0.5610998 0 0.7499163 -0.6615329 0 0.7546318 -0.6561485 0 0.7546469 -0.6561312 0 0.8353596 -0.549704 0 0.7258348 -0.6878691 -0.3370262 0.6519869 -0.6792103 -0.3366546 0.7117936 -0.6164525 -0.3148034 0.7435342 -0.5899626 -0.3474949 0.7035047 -0.6199424 -0.2909697 0.8200194 -0.4928539 -0.3786795 0.6943067 -0.611997 -0.06320518 0.7821754 -0.6198441 0 0.8504836 -0.5260015 0 0.7059767 -0.7082352 -0.157357 0.6900087 -0.7064891 -0.002960324 0.7931591 -0.6090073 -0.1965776 0.822629 -0.5335156 0 0.7972413 -0.6036609 -0.8126493 -0.4827613 0.3264087 -0.3806937 0.3468481 -0.8571864 -0.4939935 -0.7236551 -0.4819688 -0.04584002 -0.9572702 -0.2855391 0 -0.9716563 -0.2363983 0 0.1879689 -0.982175 -0.03613436 0.1306819 -0.9907656 -0.311632 -0.8747731 0.3710225 -0.4222012 -0.7323059 0.534298 0.2323105 -0.9680623 0.09427314 -0.07373386 -0.9683679 0.2383839 -0.2415902 -0.9082521 0.3416322 -0.1554952 -0.8165714 0.555907 -0.3165138 -0.6353471 0.7043814 -0.4647749 -0.8315835 -0.3040614 -0.655008 -0.728102 -0.2020691 -0.7178604 0.0282908 0.6956122 -0.4105808 -0.8266552 0.3847917 -0.3596066 -0.6986435 0.6185308 -0.7359123 -0.1273876 0.6649854 -0.5774324 -0.8151196 -0.04638987 -0.8390345 -0.5217567 0.1542441 -0.8241695 -0.4183869 0.3817029 -0.5492838 -0.7724704 0.3187115 -0.0886566 -0.9904819 -0.1052892 0.1696246 -0.9846045 0.04220777 0.3526765 -0.9333597 0.06677532 -0.2555643 -0.9625624 0.09033554 -0.3151416 -0.6216769 -0.71708 -0.6351966 -0.4417047 0.633579 -0.8631959 -0.4843346 0.1425231 -0.9528387 -0.08023488 -0.2926788 -0.4685044 -0.8240867 0.3184096 -0.5520917 -0.4442064 -0.705603 -0.7944211 -0.2565159 -0.5505403 -0.4543407 -0.7793406 0.4315122 -0.3304024 -0.8510931 0.4080132 -0.5520647 -0.6627279 -0.5059805 -0.9502786 -0.1805215 -0.2537372 -0.6947994 -0.02056992 -0.7189095 -0.8182145 -0.4222609 -0.390155 -0.4341319 -0.6226474 -0.6510299 -0.9380092 -0.317858 -0.1382217 -0.3749827 -0.9223654 0.09289878 -0.2828178 -0.958321 -0.0404374 -0.8455014 -0.5336571 -0.01837247 -0.9348154 -0.007568597 -0.3550534 -0.1926984 0.4004428 -0.8958309 -0.1569291 0.5813886 -0.7983487 -0.5337817 0.6222571 -0.5726022 -0.4318221 0.5817345 -0.6892856 -0.3179191 0.2279483 -0.9203081 0 -0.6266806 -0.7792764 -0.2349962 0.6186504 -0.749699 -0.9797677 0.1693832 0.1066046 -0.3500018 0.8469263 -0.400268 -0.1827775 0.9175803 -0.3530423 0.1032161 -0.9346831 0.3401677 -0.1399605 -0.8979323 0.4172873 0.2477557 -0.8314068 0.497373 -0.3273188 -0.8245077 0.461573 0.01825046 -0.7591949 0.6506077 -0.1279967 -0.6196274 0.7743893 -0.06006193 -0.6814343 0.7294106 -0.4278201 -0.7534005 0.4993574 -0.4517462 -0.7584954 0.4696916 0.1153014 -0.9919954 0.05148583 0.02209562 -0.9867341 0.1608341 0.06940132 -0.9646913 0.2540749 0.1203675 -0.9001016 0.4187229 0.151346 -0.6594645 0.736343 -0.4678661 -0.8742657 0.1294643 -0.5074658 -0.8310256 0.2277614 -0.4981417 -0.6925213 0.5217944 -0.5291112 -0.8226447 0.2080798 -0.5959214 -0.7326787 0.3287242 -0.5914866 -0.0680266 0.8034402 0.1525942 -0.04843336 0.9871015 -0.4688035 -0.8652157 0.1778346 -0.6463744 -0.6783589 0.3493272 -0.8561348 -0.5119962 -0.06995081 -0.8770948 0.1898912 0.4411873 -0.9721604 -0.2339606 0.01290959 -0.7080507 -0.07004207 0.7026794 -0.9430752 -0.1473163 -0.298173 -0.9682688 0.1243029 -0.2168052 -0.7949038 0.5224586 0.3084883 -0.9200928 0.3216418 -0.2235531 -0.7047459 0.6921415 0.1557997 -0.7949343 0.4895284 -0.3583872 -0.6449933 0.7584942 -0.09311413 -0.4600453 0.5921931 -0.6615631 -0.4171444 0.8831815 -0.214432 -0.9507094 0.03766089 -0.307788 -0.8508448 0.2200739 -0.4771066 -0.4214057 0.3633282 -0.8309091 -0.4433838 -0.8522503 0.2776337 -0.8603572 0.1409056 -0.4898278 -0.6846658 -0.6163336 0.3890576 -0.7266981 -0.5142523 0.4554719 -0.8765149 0.4308107 -0.2147644 -0.6957484 -0.5008521 0.5148605 -0.5279865 -0.832357 0.1685589 -0.747051 -0.02838289 -0.6641606 -0.8230916 -0.2507118 0.5095722 -0.8968076 0.2904515 -0.3337278 -0.3733421 0.6756048 -0.6357467 -0.4093874 0.7746133 -0.4820542 -0.8206036 0.5418706 -0.1816205 -0.4044759 0.3532031 -0.8435916 -0.7105301 0.002319455 -0.7036631 -0.3798435 0.4977701 -0.7797076 -0.4443904 0.7772635 -0.4453974 -0.4280578 0.2698479 -0.8625246 -0.8219205 0.04391753 -0.5679067 -0.8173251 -0.2157377 -0.5342629 -0.3721491 0.6209403 -0.6898828 -0.8561502 0.4002875 -0.3267672 -0.6506726 -0.6651389 0.3663543 -0.9391014 -0.2070717 0.2742441 -0.2485173 0.2114365 -0.9452692 -0.8372577 -0.1569591 -0.5237972 -0.2291097 -0.9673146 0.1086798 -0.2464769 -0.531897 -0.810145 -0.4985068 0.3019912 -0.8125838 -0.5146754 0.04535144 -0.8561849 -0.3408727 -0.2434238 -0.9080477 -0.8477951 -0.4172596 -0.3273193 0.2378967 -0.8966219 0.3734627 0.05841428 -0.6903812 0.7210838 -0.6527048 -0.3560624 0.6687272 0.3137683 -0.9449978 -0.09235119 -0.3618966 0.6839045 0.6334868 -0.3544189 0.4934946 0.7942609 -0.3885968 0.8420462 0.3741003 -0.3109901 0.3719978 0.8745872 -0.1113647 0.3583264 0.9269305 -0.3587837 -0.04315412 0.9324227 0.5729408 -0.6889756 0.4439048 0.4985001 -0.2805627 0.8202332 0.5004537 -0.5621635 0.6584211 0.621302 -0.3853306 0.6822786 0.5780634 -0.7160406 0.3913167 0.3758439 -0.3786822 0.8457785 0.5847799 -0.6004669 0.54541 0.321004 -0.1840935 0.9290135 0.581643 -0.6108198 0.5372064 0.608887 -0.5853263 0.5353969 0.5593889 -0.7095441 0.4285221 0.6092954 -0.5997732 0.5186824 0.5448681 -0.4922216 0.6788495 0.5928372 -0.6898275 0.4155507 0.6222009 -0.4308436 0.6536359 0.3166942 0.05487287 0.9469392 0.2057285 -0.28285 0.9368413 0.4213827 -0.4667041 0.7775757 0.5478752 -0.2443343 0.8000835 0.3370262 0.6519869 -0.6792103 0.3148034 0.7435342 -0.5899626 0.2909697 0.8200194 -0.4928539 0.3786795 0.6943067 -0.611997 0.3366546 0.7117936 -0.6164525 -0.3898245 0.2928948 -0.8730691 0.06320518 0.7821754 -0.6198441 0.3474949 0.7035047 -0.6199424 0.157357 0.6900087 -0.7064891 0.002960324 0.7931591 -0.6090073 0.3806937 0.3468481 -0.8571864 0.8126493 -0.4827613 0.3264087 0.4939935 -0.7236551 -0.4819688 0.1965776 0.822629 -0.5335156 0.04584002 -0.9572702 -0.2855391 0.03613436 0.1306819 -0.9907656 0.5149182 -0.8571593 0.01171928 0.9918327 0.1016584 0.07702958 0.5203222 -0.8483427 0.09787511 0.4866914 -0.8672978 0.1045286 0.8351336 0.2318866 0.498779 0.4864798 -0.8639136 0.1303485 0.8430203 0.5373136 0.02472019 0.1547638 -0.8910133 0.426783 0.6930568 -0.6915004 -0.2037146 -0.2102773 0.9770725 -0.0333575 -0.3733675 0.9258195 -0.05877923 0.6239002 -0.7762511 -0.09045833 -0.1656271 0.9860723 0.01513743 -0.3629333 0.9286662 -0.07654196 0.5742838 -0.8040645 -0.1538788 0.5949103 -0.7642002 0.2491585 0.9964209 0.07876998 -0.03067177 0.5531315 -0.8323218 0.03586012 0.4495747 -0.7964532 -0.4044067 -0.656458 0.7543621 -0.00100708 -0.5682302 0.8102445 -0.1435911 -0.7860531 0.05615532 0.6156032 -0.4459142 0.8900584 0.09463965 -0.801759 0.5209252 0.2929498 0.5734328 -0.7972024 -0.1887942 0.5830389 -0.7811697 -0.223248 -0.7427753 0.6542087 0.1424634 -0.5675696 0.8030573 -0.1815599 0.4408226 -0.7860583 -0.4333453 0.4357143 -0.7796285 -0.4498139 -0.7078088 0.640147 0.2986946 -0.672146 0.73474 -0.09152585 -0.7347367 0.6023412 -0.3120052 -0.4038593 0.9123381 -0.06735563 -0.2207488 0.9679315 -0.1199118 -0.5597485 0.6320174 0.5359436 -0.7237935 0.6898561 -0.01489335 -0.2649681 -0.8916503 0.3670855 -0.7821329 0.1295823 0.6094887 -0.9682575 0.1619663 0.1903798 -0.1271722 -0.9896056 -0.06714153 0.4667643 -0.8725509 0.1441738 -0.3422744 -0.9224166 -0.1788738 -0.2796135 -0.9534998 0.1124924 -0.7829039 -0.009582936 0.6220688 -0.6230537 0.4880053 0.6112732 0.9334671 0.2474514 0.2596287 -0.2958853 0.6503983 -0.6995956 -0.08548384 -0.9793566 0.1831753 0.5171524 -0.8465794 0.1259233 -0.298963 -0.9262787 0.2294104 -0.243387 -0.9697332 -0.01950144 -0.9843244 0.1713328 -0.04184132 -0.9784206 0.02411025 0.2052122 -0.9564713 0.1159424 0.2678058 -0.2443699 0.94812 0.2033516 0.503746 0.08090573 -0.8600548 0.9044938 0.2622199 -0.3363507 -0.5516405 0.6272984 0.5497177 -0.2830662 -0.9516824 -0.1190556 -0.885003 0.2323446 -0.4034671 0.7689719 0.007965564 -0.6392331 0.5717785 -0.8079977 -0.1421588 -0.361683 0.9299198 0.06659287 -0.7083674 0.6381135 0.3017069 0.4545567 -0.7881953 -0.4148814 -0.463124 0.8766245 0.1305598 -0.1833902 -0.9434416 -0.2761992 -0.6023033 0.2863649 -0.7451348 0.2826719 -0.7780956 -0.5609491 -0.999647 0.02172946 -0.01528996 -0.1278765 -0.860679 0.4928281 -0.1861076 -0.9596232 -0.2109199 -0.8856425 -0.04770177 0.4619112 -0.9775386 0.0561558 0.2031376 0.244731 -0.7791781 -0.5770514 0.7621089 0.03775292 -0.6463474 0.2171121 -0.905163 0.3654345 -0.745313 0.08170026 0.6616899 -0.7233497 0.6904494 -0.006714344 -0.7270276 0.6011971 -0.3316518 -0.6642181 0.7385932 -0.1153012 -0.9006022 -0.1339809 -0.4134792 -0.7205115 0.6668576 0.1901689 -0.5552401 0.8099859 -0.1887627 -0.7688471 0.5235009 0.36718 -0.5506596 0.8166352 -0.1728612 -0.6495919 0.7595815 -0.03265506 0.5546965 -0.8280619 0.08139616 0.5902153 -0.7298417 0.3449306 -0.5513985 0.6498854 0.5230762 0.6120351 -0.7724448 -0.169535 -0.6867349 0.6762974 0.2664905 0.6869596 -0.651954 -0.3210023 0.4668555 -0.8733436 0.1389854 0.5055485 -0.8617367 0.04278773 -0.9878772 0.04950219 0.1471332 -0.8961944 0.1974588 -0.3972981 -0.1249755 -0.9717569 0.2001744 -0.2561463 0.9333944 -0.2513243 0.9295461 0.3470004 -0.1246393 -0.2287135 0.9694229 -0.08893394 0.7167435 0.1775607 -0.6743524 -0.6889733 0.6722487 0.2709198 -0.9907064 0.13526 -0.01434385 -0.5552071 0.6493896 0.5196521 -0.626217 0.2920047 -0.7229008 0.4926338 0.009827017 0.8701813 -0.05243206 -0.9632493 -0.2634423 -0.1587899 -0.9742249 -0.1602243 0.9745661 0.2233387 0.01846402 -0.5149182 -0.8571593 0.01171928 -0.9918327 0.1016584 0.07702958 -0.9745661 0.2233387 0.01846402 -0.4866914 -0.8672978 0.1045286 -0.8351336 0.2318866 0.498779 -0.7973119 0.1717616 0.5786119 -0.1547638 -0.8910133 0.426783 -0.8430203 0.5373136 0.02472019 -0.6930568 -0.6915004 -0.2037146 0.2102773 0.9770725 -0.0333575 -0.6239002 -0.7762511 -0.09045833 -0.4864798 -0.8639136 0.1303485 0.1656271 0.9860723 0.01513743 -0.5742838 -0.8040645 -0.1538788 -0.5203222 -0.8483427 0.09787511 -0.5949103 -0.7642002 0.2491585 -0.9964209 0.07876998 -0.03067177 -0.9334671 0.2474514 0.2596287 -0.4495747 -0.7964532 -0.4044067 -0.5531315 -0.8323218 0.03586012 0.656458 0.7543621 -0.00100708 0.3629333 0.9286662 -0.07654196 0.672146 0.73474 -0.09152585 0.5682302 0.8102445 -0.1435911 0.3733675 0.9258195 -0.05877923 0.5675696 0.8030573 -0.1815599 0.4459142 0.8900584 0.09463965 0.7860678 0.05615639 0.6155843 0.801759 0.5209252 0.2929498 -0.5734328 -0.7972024 -0.1887942 -0.5830389 -0.7811697 -0.223248 0.7427753 0.6542087 0.1424634 -0.4408226 -0.7860583 -0.4333453 -0.4357143 -0.7796285 -0.4498139 0.7078088 0.640147 0.2986946 0.7347367 0.6023412 -0.3120052 0.4038593 0.9123381 -0.06735563 0.7237935 0.6898561 -0.01489335 0.5597593 0.6319991 0.535954 0.2649681 -0.8916503 0.3670855 0.7821329 0.1295823 0.6094887 0.2796135 -0.9534998 0.1124924 0.1271722 -0.9896056 -0.06714153 -0.4667643 -0.8725509 0.1441738 -0.4668555 -0.8733436 0.1389854 0.7829039 -0.009582936 0.6220688 0.1587899 -0.9742249 -0.1602243 0.6230537 0.4880053 0.6112732 -0.4926338 0.009827017 0.8701813 0.2958853 0.6503983 -0.6995956 -0.7621089 0.03775292 -0.6463474 0.08548384 -0.9793566 0.1831753 -0.5171524 -0.8465794 0.1259233 -0.5055485 -0.8617367 0.04278773 0.9843244 0.1713328 -0.04184132 0.243387 -0.9697332 -0.01950144 0.298963 -0.9262787 0.2294104 0.9784206 0.02411025 0.2052122 0.05243206 -0.9632493 -0.2634423 0.2443699 0.94812 0.2033516 -0.503746 0.08090573 -0.8600548 -0.9044938 0.2622199 -0.3363507 0.5516405 0.6272984 0.5497177 0.885003 0.2323446 -0.4034671 0.2830662 -0.9516824 -0.1190556 0.3422744 -0.9224166 -0.1788738 -0.5717785 -0.8079977 -0.1421588 -0.7689719 0.007965564 -0.6392331 0.361683 0.9299198 0.06659287 0.7083674 0.6381135 0.3017069 0.9564713 0.1159424 0.2678058 -0.4545624 -0.7882053 -0.4148561 0.463124 0.8766245 0.1305598 0.6023033 0.2863649 -0.7451348 0.1833902 -0.9434416 -0.2761992 -0.2826719 -0.7780956 -0.5609491 0.999647 0.02172946 -0.01528996 0.1278765 -0.860679 0.4928281 0.1861076 -0.9596232 -0.2109199 0.8856425 -0.04770177 0.4619112 0.1249755 -0.9717569 0.2001744 -0.244731 -0.7791781 -0.5770514 -0.2171121 -0.905163 0.3654345 0.7233497 0.6904494 -0.006714344 0.7270276 0.6011971 -0.3316518 0.6642181 0.7385932 -0.1153012 0.9006022 -0.1339809 -0.4134792 0.7204968 0.6668745 0.190165 0.5552401 0.8099859 -0.1887627 0.745313 0.08170026 0.6616899 0.7688471 0.5235009 0.36718 0.5506596 0.8166352 -0.1728612 0.6495919 0.7595815 -0.03265506 -0.5546965 -0.8280619 0.08139616 -0.5902153 -0.7298417 0.3449306 0.5513985 0.6498854 0.5230762 -0.6120351 -0.7724448 -0.169535 0.6867349 0.6762974 0.2664905 -0.6869596 -0.651954 -0.3210023 0.9878772 0.04950219 0.1471332 0.8961944 0.1974588 -0.3972981 0.2561463 0.9333944 -0.2513243 -0.9295461 0.3470004 -0.1246393 0.2287135 0.9694229 -0.08893394 -0.7167435 0.1775607 -0.6743524 0.9775386 0.0561558 0.2031376 0.6889733 0.6722487 0.2709198 0.9907064 0.13526 -0.01434385 0.5552071 0.6493896 0.5196521 0.9682575 0.1619663 0.1903798 0.626217 0.2920047 -0.7229008 0.2207488 0.9679315 -0.1199118 -0.62244 0.7716181 -0.1310496 -0.2299021 0.8742264 -0.4276369 -0.398612 0.8444678 -0.3577467 -0.4683521 0.8826847 0.03891229 -0.524502 0.851362 0.008972585 -0.2060953 -0.4330656 0.8774844 0.7973119 0.1717616 0.5786119</float_array>
          <technique_common>
            <accessor source="#Cube_001-mesh-normals-array" count="1850" stride="3">
              <param name="X" type="float"/>
              <param name="Y" type="float"/>
              <param name="Z" type="float"/>
            </accessor>
          </technique_common>
        </source>
        <source id="Cube_001-mesh-map-0">
          <float_array id="Cube_001-mesh-map-0-array" count="22092">0.8524267 0.8005608 0.8397175 0.8445053 0.8029516 0.8253841 0.8821094 0.8236236 0.8524267 0.8005608 0.8893125 0.795593 0.8675712 0.8515195 0.8588202 0.8223812 0.8821094 0.8236236 0.1627125 0.9478207 0.1809421 0.9525966 0.1757118 0.9601262 0.7926837 0.7347581 0.8522919 0.7679188 0.7973532 0.7780405 0.8522459 0.7318415 0.8951776 0.763972 0.8522919 0.7679188 0.8522919 0.7679188 0.8893125 0.795593 0.8524267 0.8005608 0.7973532 0.7780405 0.8524267 0.8005608 0.8029516 0.8253841 0.4805346 0.07887905 0.5365112 0.03897535 0.5374502 0.08903056 0.8563082 0.3297448 0.8187257 0.286366 0.871898 0.2901045 0.5640847 0.4266703 0.5111318 0.441628 0.5333883 0.4169845 0.5621866 0.2512809 0.5259451 0.2892408 0.5237697 0.248654 0.5085025 0.1408419 0.4805346 0.07887905 0.5374502 0.08903056 0.7870005 0.5455803 0.8342369 0.5104357 0.8290459 0.5519257 0.8307338 0.3858231 0.8065382 0.3338449 0.8563082 0.3297448 0.8955628 0.7291414 0.8755817 0.700006 0.904797 0.685256 0.8375923 0.6995003 0.7926837 0.7347581 0.7885556 0.6913336 0.3997066 0.4024472 0.3916002 0.3201934 0.4369708 0.3685227 0.589232 0.06010937 0.5365112 0.03897535 0.5798465 0.02518367 0.555359 0.2106379 0.5237697 0.248654 0.5219874 0.2097426 0.5219874 0.2097426 0.4848976 0.243206 0.4888834 0.2034809 0.3767321 0.2469229 0.3916002 0.3201934 0.3443386 0.2799551 0.5237697 0.248654 0.4861126 0.2837421 0.4848976 0.243206 0.3916002 0.3201934 0.474208 0.3373842 0.4369708 0.3685227 0.3767321 0.2469229 0.4418796 0.2318129 0.4353142 0.2835378 0.3540562 0.3564218 0.3443386 0.2799551 0.3916002 0.3201934 0.3767321 0.2469229 0.3505856 0.1875998 0.3966997 0.2094812 0.3103827 0.3123897 0.2975459 0.2423189 0.3443386 0.2799551 0.3443386 0.2799551 0.3267948 0.2152754 0.3767321 0.2469229 0.1476964 0.06169533 0.1111929 0.02770733 0.1622925 0.0448293 0.2975459 0.2423189 0.2756749 0.1880529 0.3267948 0.2152754 0.3267948 0.2152754 0.3075754 0.1630476 0.3505856 0.1875998 0.2630739 0.137028 0.2413923 0.08796828 0.2836561 0.113425 0.2265128 0.109853 0.1972559 0.0636661 0.2413923 0.08796828 0.2377052 0.150719 0.2265128 0.109853 0.2630739 0.137028 0.1835234 0.1419132 0.2134258 0.1240579 0.2377052 0.150719 0.1851541 0.08438342 0.2134258 0.1240579 0.1778019 0.1053839 0.1851541 0.08438342 0.1338976 0.07910978 0.1476964 0.06169533 0.1778019 0.1053839 0.1296234 0.1005565 0.1338976 0.07910978 0.1338976 0.07910978 0.09924334 0.03962773 0.1476964 0.06169533 0.07176226 0.07180923 0.1296234 0.1005565 0.1164681 0.1168823 0.06373143 0.02057808 0.09924334 0.03962773 0.05954986 0.02775853 0.1851541 0.08438342 0.1622925 0.0448293 0.1972559 0.0636661 0.0802893 0.05982476 0.1338976 0.07910978 0.1296234 0.1005565 0.8342369 0.5104357 0.7926275 0.4644137 0.8420264 0.4658475 0.05954986 0.02775853 0.08694982 0.04992705 0.0542134 0.03368723 0.04619425 0.04603123 0.0802893 0.05982476 0.07176226 0.07180923 0.0542134 0.03368723 0.0802893 0.05982476 0.05112302 0.03812897 0.7926837 0.7347581 0.748966 0.7818214 0.748966 0.7355898 0.7973532 0.7780405 0.748966 0.8257278 0.748966 0.7818214 0.8955628 0.7291414 0.9319167 0.7651192 0.8951776 0.763972 0.8951776 0.763972 0.9225463 0.7974264 0.8893125 0.795593 0.8538013 0.8836357 0.8397175 0.8445053 0.8675712 0.8515195 0.8817543 0.8914566 0.8675712 0.8515195 0.897686 0.8595601 0.8241546 0.8786102 0.8029516 0.8253841 0.8397175 0.8445053 0.8126872 0.913621 0.7898861 0.8732095 0.8241546 0.8786102 0.8650524 0.9231938 0.8538013 0.8836357 0.8817543 0.8914566 0.7824559 0.9118666 0.8014783 0.9402921 0.7759987 0.9408169 0.8126872 0.913621 0.8260915 0.9422873 0.8014783 0.9402921 0.8014783 0.9402921 0.8153573 0.9659013 0.7936944 0.9654259 0.7759987 0.9408169 0.7936944 0.9654259 0.7718237 0.9680726 0.7489661 0.9113448 0.7759987 0.9408169 0.7489661 0.9408244 0.7489661 0.9408244 0.7718237 0.9680726 0.748966 0.9694569 0.8417837 0.9172275 0.8489471 0.9484009 0.8260915 0.9422873 0.8260915 0.9422873 0.8358607 0.9711782 0.8153573 0.9659013 0.589232 0.06010937 0.5732901 0.1111906 0.5374502 0.08903056 0.608791 0.08424091 0.5997875 0.1307772 0.5732901 0.1111906 0.8290459 0.5519257 0.7826541 0.5868607 0.7870005 0.5455803 0.5374502 0.08903056 0.5400274 0.1527192 0.5085025 0.1408419 0.5732901 0.1111906 0.5803366 0.1593059 0.5400274 0.1527192 0.8232302 0.5950734 0.7848027 0.64221 0.7826541 0.5868607 0.7489659 0.5455203 0.7826541 0.5868607 0.748966 0.587933 0.7826541 0.5868607 0.748966 0.6346375 0.748966 0.587933 0.8893125 0.795593 0.9121351 0.8282538 0.8821094 0.8236236 0.8821094 0.8236236 0.897686 0.8595601 0.8675712 0.8515195 0.4390665 0.4421307 0.4369708 0.3685227 0.4783791 0.4064475 0.2527486 0.2012544 0.2377052 0.150719 0.2756749 0.1880529 0.2756749 0.1880529 0.2630739 0.137028 0.3075754 0.1630476 0.3075754 0.1630476 0.2836561 0.113425 0.3282501 0.1368676 0.03960275 0.02310234 0.05954986 0.02775853 0.03761047 0.02542549 0.0370382 0.03015816 0.0542134 0.03368723 0.05112302 0.03812897 0.03761047 0.02542549 0.0542134 0.03368723 0.03677654 0.02801275 0.0370382 0.03015816 0.04619425 0.04603123 0.03270161 0.03242784 0.8417837 0.9172275 0.8241546 0.8786102 0.8538013 0.8836357 0.4805346 0.07887905 0.4281616 0.1179867 0.429035 0.06467103 0.5661307 0.2929793 0.5275202 0.3301919 0.5259451 0.2892408 0.4805346 0.07887905 0.4445478 0.02333927 0.4914975 0.03362596 0.5259451 0.2892408 0.4964735 0.3174464 0.4861126 0.2837421 0.474208 0.3373842 0.4783791 0.4064475 0.4369708 0.3685227 0.1622925 0.0448293 0.1216921 0.01058584 0.1750616 0.02435255 0.06720584 0.006717205 0.1111929 0.02770733 0.06373143 0.02057808 0.7489657 0.2753866 0.8065382 0.3338449 0.7489659 0.3424999 0.9719392 0.7780088 0.9397779 0.7324672 0.9858472 0.743139 0.9580153 0.8107424 0.9319167 0.7651192 0.9719392 0.7780088 0.8704327 0.9602326 0.8650524 0.9231938 0.8900018 0.9354519 0.8548305 0.9804768 0.8489471 0.9484009 0.8704327 0.9602326 0.943481 0.8410232 0.9225463 0.7974264 0.9580153 0.8107424 0.926707 0.8714643 0.9121351 0.8282538 0.943481 0.8410232 0.02980965 0.01597112 0.06373143 0.02057808 0.03960275 0.02310234 0.6674283 0.1451306 0.6912008 0.1009624 0.7111987 0.1318603 0.8288922 0.6565405 0.7885556 0.6913336 0.7848027 0.64221 0.7848027 0.64221 0.748966 0.6890602 0.748966 0.6346375 0.8701188 0.5653876 0.9242992 0.539103 0.914322 0.5843021 0.8767575 0.5248466 0.9292623 0.4991093 0.9242992 0.539103 0.8631044 0.6024734 0.914322 0.5843021 0.9020676 0.6168304 0.8581057 0.6409971 0.9020676 0.6168304 0.8947796 0.6593706 0.7928985 0.4241081 0.8307338 0.3858231 0.8319209 0.4242763 0.7489659 0.3906339 0.7928985 0.4241081 0.7489659 0.4273015 0.7489659 0.3424999 0.7952262 0.3833285 0.7489659 0.3906339 0.6221017 0.1523064 0.6674283 0.1451306 0.6340062 0.1749154 0.6072046 0.1746891 0.6340062 0.1749154 0.6160448 0.2014065 0.4848976 0.243206 0.4353142 0.2835378 0.4418796 0.2318129 0.5275202 0.3301919 0.474208 0.3373842 0.4964735 0.3174464 0.06908017 0.8704395 0.08813452 0.8659121 0.09182912 0.8770968 0.5677707 0.3374921 0.5191757 0.3767282 0.5275202 0.3301919 0.4445478 0.02333927 0.3859075 0.02639538 0.3934934 0.008102774 0.4861126 0.2837421 0.474208 0.3373842 0.4353142 0.2835378 0.8767575 0.5248466 0.8290459 0.5519257 0.8342369 0.5104357 0.8812524 0.4908316 0.8342369 0.5104357 0.8420264 0.4658475 0.8701188 0.5653876 0.8232302 0.5950734 0.8290459 0.5519257 0.8581057 0.6409971 0.8232302 0.5950734 0.8631044 0.6024734 0.1072803 0.7645669 0.1307191 0.7870973 0.1120783 0.7876917 0.4888834 0.2034809 0.5230115 0.171464 0.5219874 0.2097426 0.5219874 0.2097426 0.5501799 0.1681678 0.555359 0.2106379 0.5798465 0.02518367 0.6379366 0.03384584 0.589232 0.06010937 0.8817543 0.8914566 0.8900018 0.9354519 0.8650524 0.9231938 0.2413923 0.08796828 0.211968 0.03847241 0.2586978 0.05924987 0.1972559 0.0636661 0.1750616 0.02435255 0.211968 0.03847241 0.897686 0.8595601 0.9083034 0.9031738 0.8817543 0.8914566 0.2836561 0.113425 0.2586978 0.05924987 0.3047671 0.08171814 0.3282501 0.1368676 0.3047671 0.08171814 0.3471965 0.1050254 0.7111987 0.1318603 0.6903645 0.1888858 0.6674283 0.1451306 0.608791 0.08424091 0.6379366 0.03384584 0.6515315 0.05069959 0.7489659 0.5040805 0.7926275 0.4644137 0.7898487 0.5048331 0.2685592 0.2702227 0.2527486 0.2012544 0.2975459 0.2423189 0.3706728 0.1573433 0.4240912 0.1437177 0.4120868 0.1766149 0.4120868 0.1766149 0.4620466 0.1589885 0.4518215 0.1923992 0.4888834 0.2034809 0.4418796 0.2318129 0.4518215 0.1923992 0.7870005 0.5455803 0.7489659 0.5040805 0.7898487 0.5048331 0.7824559 0.9118666 0.748966 0.8718366 0.7898861 0.8732095 0.7898861 0.8732095 0.748966 0.8257278 0.8029516 0.8253841 0.1835234 0.1419132 0.1164681 0.1168823 0.1296234 0.1005565 0.2527486 0.2012544 0.1705016 0.1713598 0.1835234 0.1419132 0.5163411 0.5200402 0.5111318 0.441628 0.5526282 0.4716559 0.7885556 0.6913336 0.748966 0.7355898 0.748966 0.6890602 0.6307826 0.1052595 0.6515315 0.05069959 0.6731787 0.07691305 0.03761047 0.02542549 0.02980965 0.01597112 0.03960275 0.02310234 0.03677654 0.02801275 0.02548742 0.02515435 0.03761047 0.02542549 0.0370382 0.03015816 0.03057444 0.03028321 0.03677654 0.02801275 0.3966997 0.2094812 0.4518215 0.1923992 0.4418796 0.2318129 0.3966997 0.2094812 0.3706728 0.1573433 0.4120868 0.1766149 0.3282501 0.1368676 0.3505856 0.1875998 0.3075754 0.1630476 0.4942408 0.1680641 0.4518215 0.1923992 0.4620466 0.1589885 0.3471965 0.1050254 0.3706728 0.1573433 0.3282501 0.1368676 0.4754623 0.4788254 0.4783791 0.4064475 0.5111318 0.441628 0.5333883 0.4169845 0.4783791 0.4064475 0.5191757 0.3767282 0.1517154 0.8438547 0.1238203 0.8402934 0.1402946 0.8288324 0.5333883 0.4169845 0.5677707 0.3872858 0.5640847 0.4266703 0.871898 0.2901045 0.9137496 0.3122757 0.8563082 0.3297448 0.8319209 0.4242763 0.7926275 0.4644137 0.7928985 0.4241081 0.1570511 0.7994742 0.1465953 0.8182615 0.1428602 0.8029423 0.7489659 0.4273015 0.7926275 0.4644137 0.7489659 0.4639943 0.1307191 0.7870973 0.1279361 0.811055 0.1120783 0.7876917 0.1465953 0.8182615 0.1279361 0.811055 0.1428602 0.8029423 0.09127247 0.802439 0.1279361 0.811055 0.1116775 0.8225557 0.1116775 0.8225557 0.1402946 0.8288324 0.1238203 0.8402934 0.1131011 0.8624696 0.1004288 0.8618602 0.1025983 0.8529629 0.07952803 0.7649431 0.1120783 0.7876917 0.09127247 0.802439 0.1623646 0.8241853 0.1402946 0.8288324 0.1465953 0.8182615 0.1407762 0.7744056 0.1428602 0.8029423 0.1307191 0.7870973 0.1514708 0.7621444 0.1570511 0.7994742 0.1407762 0.7744056 0.1822424 0.8317378 0.1517154 0.8438547 0.1623646 0.8241853 0.1052887 0.7446987 0.07952803 0.7649431 0.07374274 0.7355077 0.06052649 0.8426994 0.04331356 0.8484409 0.04277956 0.8376889 0.1746566 0.7955085 0.1623646 0.8241853 0.1570511 0.7994742 0.1667176 0.8640587 0.1314601 0.8560696 0.1517154 0.8438547 0.1514708 0.7621444 0.1072803 0.7645669 0.1052887 0.7446987 0.09182912 0.8770968 0.09521919 0.8700769 0.1069479 0.8787407 0.8563082 0.3297448 0.8468399 0.3918412 0.8307338 0.3858231 0.429035 0.06467103 0.3809534 0.04222697 0.3859075 0.02639538 0.8319209 0.4242763 0.8735261 0.4448645 0.8420264 0.4658475 0.9292623 0.4991093 0.8974195 0.4680513 0.9314713 0.4767789 0.8319209 0.4242763 0.8468399 0.3918412 0.8537579 0.4183124 0.9137496 0.3122757 0.8914779 0.3419817 0.8563082 0.3297448 0.8812524 0.4908316 0.8735261 0.4448645 0.8974195 0.4680513 0.4281616 0.1179867 0.4080464 0.07499814 0.429035 0.06467103 0.08393806 0.853838 0.0949257 0.8481475 0.09189862 0.8567754 0.09189862 0.8567754 0.0949257 0.8481475 0.1025983 0.8529629 0.08813452 0.8659121 0.1004288 0.8618602 0.09521919 0.8700769 0.08813452 0.8659121 0.08393806 0.853838 0.09189862 0.8567754 0.1030856 0.8366271 0.08841949 0.8422568 0.0921427 0.8292062 0.06262964 0.8183938 0.04304528 0.8246028 0.04192394 0.8132225 0.1030856 0.8366271 0.1025983 0.8529629 0.0949257 0.8481475 0.1069479 0.8787407 0.1004288 0.8618602 0.1131011 0.8624696 0.1394279 0.8774998 0.1069479 0.8787407 0.1131011 0.8624696 0.1238203 0.8402934 0.1030856 0.8366271 0.1116775 0.8225557 0.05059027 0.8590919 0.04331356 0.8484409 0.05872815 0.8530241 0.1116775 0.8225557 0.0921427 0.8292062 0.09127247 0.802439 0.1139166 0.8850454 0.1069479 0.8787407 0.1394279 0.8774998 0.05634307 0.7707461 0.03128856 0.7505364 0.04297161 0.7424847 0.1314601 0.8560696 0.1131011 0.8624696 0.1106624 0.84916 0.05864334 0.8857894 0.09182912 0.8770968 0.1139166 0.8850454 0.06908017 0.8704395 0.07028311 0.8569402 0.0796706 0.8624828 0.08841949 0.8422568 0.07356292 0.8482288 0.07827168 0.8379805 0.09127247 0.802439 0.08065253 0.8240497 0.07734829 0.7956893 0.06090259 0.7939737 0.04192394 0.8132225 0.04327976 0.7949519 0.05634307 0.7707461 0.04327976 0.7949519 0.0406143 0.7740985 0.03968828 0.8703124 0.03570121 0.8567106 0.05059027 0.8590919 0.05864334 0.8857894 0.05815315 0.8643664 0.06908017 0.8704395 0.04192394 0.8132225 0.02574723 0.794797 0.04327976 0.7949519 0.03128856 0.7505364 0.02508515 0.7788605 0.01048278 0.7642951 0.04277956 0.8376889 0.02628433 0.8505374 0.02179956 0.8307701 0.03570121 0.8567106 0.02628433 0.8505374 0.04331356 0.8484409 0.07374274 0.7355077 0.07020562 0.7670924 0.05452334 0.7392672 0.0921427 0.8292062 0.07827168 0.8379805 0.08065253 0.8240497 0.06295955 0.8306058 0.04277956 0.8376889 0.04304528 0.8246028 0.08393806 0.853838 0.07028311 0.8569402 0.07356292 0.8482288 0.04304528 0.8246028 0.02179956 0.8307701 0.02178573 0.8178342 0.02846097 0.8677933 0.01574325 0.8574465 0.03570121 0.8567106 0.04327976 0.7949519 0.02508515 0.7788605 0.0406143 0.7740985 0.04192394 0.8132225 0.02178573 0.8178342 0.02126741 0.8069409 0.9407487 0.2980243 0.940198 0.2794365 0.9473673 0.293491 0.4391582 0.9250922 0.4219246 0.903953 0.4447996 0.9183186 0.9692664 0.2689639 0.958958 0.2407651 0.9738035 0.2400583 0.9748724 0.2961785 0.9670425 0.2831216 0.9740589 0.2800731 0.4613525 0.9352099 0.4447996 0.9183186 0.4692251 0.9257856 0.9740589 0.2800731 0.9692664 0.2689639 0.9769929 0.2638391 0.9643152 0.3082106 0.9667033 0.2930654 0.9748724 0.2961785 0.9407487 0.2980243 0.9521927 0.3002254 0.9496414 0.3101297 0.4492344 0.9566066 0.467866 0.965308 0.4519305 0.9736046 0.4492344 0.9566066 0.4370012 0.9713397 0.4377124 0.9530573 0.4370012 0.9713397 0.4173614 0.9581808 0.4377124 0.9530573 0.4873779 0.977129 0.4942343 0.9562863 0.4976583 0.9713602 0.4672633 0.9429445 0.4692251 0.9257856 0.4818992 0.9350794 0.9347428 0.281445 0.9309404 0.2517762 0.940198 0.2794365 0.4699478 0.9539648 0.4818992 0.9350794 0.4888516 0.9464217 0.4699478 0.9539648 0.4942343 0.9562863 0.4741934 0.966713 0.9558231 0.2889088 0.940198 0.2794365 0.9532637 0.2743897 0.9558231 0.2889088 0.9521927 0.3002254 0.9473673 0.293491 0.9670425 0.2831216 0.9532637 0.2743897 0.9692664 0.2689639 0.9667033 0.2930654 0.9558231 0.2889088 0.9670425 0.2831216 0.07020562 0.7670924 0.06090259 0.7939737 0.05634307 0.7707461 0.05452334 0.7392672 0.05634307 0.7707461 0.04297161 0.7424847 0.04827964 0.8743431 0.05059027 0.8590919 0.05815315 0.8643664 0.06052649 0.8426994 0.07827168 0.8379805 0.07356292 0.8482288 0.05872815 0.8530241 0.07356292 0.8482288 0.07028311 0.8569402 0.06262964 0.8183938 0.07734829 0.7956893 0.08065253 0.8240497 0.05815315 0.8643664 0.05872815 0.8530241 0.07028311 0.8569402 0.06295955 0.8306058 0.08065253 0.8240497 0.07827168 0.8379805 0.07952803 0.7649431 0.07734829 0.7956893 0.07020562 0.7670924 0.9532637 0.2743897 0.9309404 0.2517762 0.9434518 0.2450208 0.4532457 0.9435145 0.4391582 0.9250922 0.4613525 0.9352099 0.4377124 0.9530573 0.4216073 0.9501317 0.4532457 0.9435145 0.9769929 0.2638391 0.9738035 0.2400583 0.9822535 0.2388352 0.9822535 0.2388352 0.9714978 0.2202858 0.9822778 0.2158239 0.4160145 0.9700998 0.3927377 0.9544818 0.4173614 0.9581808 0.958958 0.2407651 0.9714978 0.2202858 0.9738035 0.2400583 0.9230419 0.2542655 0.9282438 0.2312683 0.9309404 0.2517762 0.4293519 0.9378795 0.4143171 0.9133204 0.4391582 0.9250922 0.4219246 0.903953 0.3968639 0.8937362 0.4056397 0.8828203 0.9434518 0.2450208 0.9282438 0.2312683 0.9410709 0.2263962 0.4173614 0.9581808 0.3955239 0.9436501 0.4216073 0.9501317 0.9410709 0.2263962 0.9288341 0.2127482 0.9400481 0.2101362 0.3927377 0.9544818 0.3692158 0.9445263 0.3955239 0.9436501 0.9148915 0.2318866 0.9288341 0.2127482 0.9282438 0.2312683 0.3902437 0.9701758 0.3654015 0.9569558 0.3927377 0.9544818 0.956355 0.2225124 0.9668347 0.2049131 0.9714978 0.2202858 0.4143171 0.9133204 0.3822205 0.9085283 0.3968639 0.8937362 0.9822778 0.2158239 0.9668347 0.2049131 0.9773635 0.1964389 0.3955239 0.9436501 0.3794716 0.914164 0.4041581 0.9261544 0.4041581 0.9261544 0.4216073 0.9501317 0.3955239 0.9436501 0.4293519 0.9378795 0.4532457 0.9435145 0.4216073 0.9501317 0.958958 0.2407651 0.9532637 0.2743897 0.9434518 0.2450208 0.958958 0.2407651 0.9410709 0.2263962 0.956355 0.2225124 0.9400481 0.2101362 0.956355 0.2225124 0.9410709 0.2263962 0.4519305 0.9736046 0.4711804 0.9812905 0.4548915 0.9854193 0.4942343 0.9562863 0.5132632 0.9660083 0.4976583 0.9713602 0.4942343 0.9562863 0.5025067 0.937899 0.5107141 0.9501342 0.5025067 0.937899 0.4818992 0.9350794 0.4943753 0.9249449 0.4519305 0.9736046 0.4387695 0.9823715 0.4370012 0.9713397 0.477952 0.9165055 0.4818992 0.9350794 0.4692251 0.9257856 0.4370012 0.9713397 0.41372 0.981277 0.4160145 0.9700998 0.4486313 0.9096188 0.4692251 0.9257856 0.4447996 0.9183186 0.41372 0.981277 0.3902437 0.9701758 0.4160145 0.9700998 0.4447996 0.9183186 0.4287544 0.8968479 0.4486313 0.9096188 0.3902437 0.9701758 0.3697313 0.9852671 0.3680534 0.9726207 0.4287544 0.8968479 0.4056397 0.8828203 0.416868 0.8763235 0.9643152 0.3082106 0.9521927 0.3002254 0.9596798 0.2977893 0.3727185 0.8837552 0.3685724 0.8726604 0.3811118 0.8777687 0.3557094 0.9715709 0.353201 0.9616999 0.3586302 0.9596797 0.3553283 0.9002184 0.3428089 0.8974217 0.351435 0.8901852 0.9091073 0.1967102 0.9243969 0.182233 0.9259501 0.1879132 0.3463023 0.928019 0.3537963 0.9198216 0.3598918 0.925423 0.3439511 0.9480107 0.3519665 0.9550397 0.3469816 0.9571425 0.9288341 0.2127482 0.9320209 0.1939907 0.9400481 0.2101362 0.9320209 0.1939907 0.9532051 0.2067194 0.9400481 0.2101362 0.955368 0.1882852 0.9668347 0.2049131 0.9532051 0.2067194 0.9019175 0.1878091 0.9169454 0.1792843 0.9243969 0.182233 0.353201 0.9616999 0.3469816 0.9571425 0.3519665 0.9550397 0.3586302 0.9596797 0.3519665 0.9550397 0.3571204 0.951604 0.3557094 0.9715709 0.3484047 0.9755443 0.3496978 0.9645292 0.3439511 0.9480107 0.3363839 0.9529021 0.3388816 0.9443203 0.9789121 0.1833787 0.9550276 0.1750606 0.9815953 0.1744035 0.9815953 0.1744035 0.9606349 0.1710386 0.9763011 0.170966 0.3556809 0.9123124 0.3460844 0.9177627 0.3486393 0.9079194 0.3627216 0.9130058 0.3537963 0.9198216 0.3556809 0.9123124 0.9323729 0.1867813 0.9488199 0.1744164 0.951552 0.182583 0.3553283 0.9002184 0.3556809 0.9123124 0.3486393 0.9079194 0.3463023 0.928019 0.3368094 0.9231939 0.3460844 0.9177627 0.9264327 0.1799126 0.9419525 0.1713147 0.9488199 0.1744164 0.3888643 0.8800232 0.3811118 0.8777687 0.3892291 0.8734565 0.3992155 0.8775452 0.3888643 0.8800232 0.3892291 0.8734565 0.3727185 0.8837552 0.383089 0.8830986 0.3828591 0.890923 0.3900538 0.8869952 0.383089 0.8830986 0.3888643 0.8800232 0.3992155 0.8775452 0.3952037 0.8636996 0.4041978 0.8721992 0.955368 0.1882852 0.9789121 0.1833787 0.9773635 0.1964389 0.3465854 0.9396442 0.3388816 0.9443203 0.3368756 0.9392743 0.3680534 0.9726207 0.3582124 0.9767256 0.3557094 0.9715709 0.3654015 0.9569558 0.3571204 0.951604 0.3692158 0.9445263 0.3465854 0.9396442 0.3571204 0.951604 0.3439511 0.9480107 0.3680534 0.9726207 0.3586302 0.9596797 0.3654015 0.9569558 0.3467114 0.9369729 0.3387402 0.9322389 0.3463023 0.928019 0.3636378 0.8926267 0.3627216 0.9130058 0.3553283 0.9002184 0.9320209 0.1939907 0.951552 0.182583 0.955368 0.1882852 0.3794716 0.914164 0.3598918 0.925423 0.3627216 0.9130058 0.3467114 0.9369729 0.3598918 0.925423 0.3710077 0.9371218 0.3636378 0.8926267 0.351435 0.8901852 0.3548679 0.8826936 0.4056397 0.8828203 0.4041978 0.8721992 0.416868 0.8763235 0.3968639 0.8937362 0.3828591 0.890923 0.3900538 0.8869952 0.3659783 0.8911135 0.3828591 0.890923 0.3822205 0.9085283 0.3968639 0.8937362 0.3992155 0.8775452 0.4056397 0.8828203 0.9320209 0.1939907 0.9091073 0.1967102 0.9259501 0.1879132 0.3659783 0.8911135 0.3644924 0.8785341 0.3727185 0.8837552 0.3360448 0.96069 0.3444259 0.9670962 0.342277 0.9724634 0.337439 0.9027954 0.3413468 0.9138868 0.3347566 0.915588 0.3752685 0.8651341 0.3866656 0.8690924 0.3812345 0.872062 0.8861653 0.3823105 0.896333 0.3839452 0.8953797 0.3878057 0.9046604 0.2434757 0.9024987 0.2511904 0.8978636 0.2438449 0.8845294 0.3884316 0.8924947 0.3935713 0.8833475 0.3967865 0.3484047 0.9755443 0.3444259 0.9670962 0.3496978 0.9645292 0.3952037 0.8636996 0.3866656 0.8690924 0.3884496 0.8617053 0.3368094 0.9231939 0.3413468 0.9138868 0.3460844 0.9177627 0.3363839 0.9529021 0.342078 0.9608162 0.3360448 0.96069 0.3685724 0.8726604 0.3812345 0.872062 0.3811118 0.8777687 0.3428089 0.8974217 0.3433063 0.9080961 0.337439 0.9027954 0.3465854 0.9396442 0.3368756 0.9392743 0.3467114 0.9369729 0.3465854 0.9396442 0.3710077 0.9371218 0.3692158 0.9445263 0.3955239 0.9436501 0.3692158 0.9445263 0.3710077 0.9371218 0.4041581 0.9261544 0.3794716 0.914164 0.3822205 0.9085283 0.3636378 0.8926267 0.3822205 0.9085283 0.3794716 0.914164 0.3636378 0.8926267 0.3548679 0.8826936 0.3659783 0.8911135 0.8485954 0.6718733 0.8375923 0.6995003 0.8288922 0.6565405 0.8791312 0.6646734 0.8581057 0.6409971 0.8947796 0.6593706 0.6010538 0.1852082 0.6160448 0.2014065 0.5979727 0.205363 0.8578564 0.660722 0.8288922 0.6565405 0.8581057 0.6409971 0.5816023 0.1749989 0.6072046 0.1746891 0.6010538 0.1852082 0.6307826 0.1052595 0.6221017 0.1523064 0.5997875 0.1307772 0.6542259 0.129196 0.6731787 0.07691305 0.6912008 0.1009624 0.5803366 0.1593059 0.6221017 0.1523064 0.6072046 0.1746891 0.9306662 0.9155489 0.937767 0.9250276 0.9306622 0.9320176 0.9685523 0.9352621 0.950402 0.9316629 0.9683353 0.9291692 0.931095 0.9027603 0.9375614 0.9121446 0.9306662 0.9155489 0.98498 0.9144653 0.9683353 0.9291692 0.9801789 0.9118475 0.9467929 0.9408027 0.937767 0.9250276 0.950402 0.9316629 0.9347608 0.8992339 0.9427535 0.9068747 0.9375614 0.9121446 0.9801789 0.9118475 0.9696221 0.915517 0.9793822 0.9081951 0.9683353 0.9291692 0.9578987 0.9193556 0.9696221 0.915517 0.950402 0.9316629 0.946896 0.9143248 0.9578987 0.9193556 0.9375614 0.9121446 0.946896 0.9143248 0.937767 0.9250276 0.9696221 0.915517 0.9664332 0.891545 0.9729037 0.8937044 0.9578987 0.9193556 0.9583799 0.889029 0.9664332 0.891545 0.9427535 0.9068747 0.9583799 0.889029 0.946896 0.9143248 0.9375841 0.8975217 0.9489712 0.8867697 0.9427535 0.9068747 0.9793822 0.9081951 0.9729037 0.8937044 0.9786837 0.8945771 0.9397873 0.8836058 0.9506381 0.8796245 0.9489712 0.8867697 0.9729037 0.8937044 0.9813514 0.8871136 0.9786837 0.8945771 0.9664332 0.891545 0.9748436 0.8854745 0.9729037 0.8937044 0.9664332 0.891545 0.9622828 0.8813256 0.9704018 0.88312 0.9583799 0.889029 0.9506381 0.8796245 0.9622828 0.8813256 0.9704018 0.88312 0.9767034 0.8784248 0.9748436 0.8854745 0.9622828 0.8813256 0.9706632 0.8759307 0.9704018 0.88312 0.9506381 0.8796245 0.9627508 0.8743916 0.9622828 0.8813256 0.9506381 0.8796245 0.9445087 0.8719341 0.9531617 0.8730471 0.9813514 0.8871136 0.9767034 0.8784248 0.9828944 0.8795237 0.9531617 0.8730471 0.9505745 0.857934 0.957617 0.8570731 0.9828944 0.8795237 0.9792006 0.864611 0.9864169 0.8655185 0.9706632 0.8759307 0.9792006 0.864611 0.9767034 0.8784248 0.9627508 0.8743916 0.9724354 0.8611017 0.9706632 0.8759307 0.9627508 0.8743916 0.957617 0.8570731 0.9657715 0.8582615 0.215423 0.007306933 0.2215183 0.01574712 0.2124628 0.01429849 0.3102358 0.9655169 0.3013886 0.9551807 0.3108513 0.9578446 0.3083209 0.9743031 0.296782 0.9614266 0.3102358 0.9655169 0.3083209 0.9743031 0.2916593 0.9754425 0.2923849 0.96878 0.2088802 0.02077531 0.2215183 0.01574712 0.2210787 0.02647507 0.2923849 0.96878 0.2882766 0.9542126 0.296782 0.9614266 0.2923849 0.96878 0.2794584 0.971505 0.2792903 0.9653172 0.2210787 0.02647507 0.2309507 0.02179932 0.2321087 0.03322339 0.2249247 0.006666839 0.23181 0.01463049 0.2215183 0.01574712 0.296782 0.9614266 0.2943735 0.9494354 0.3013886 0.9551807 0.8375923 0.6995003 0.8755817 0.700006 0.8522459 0.7318415 0.2321087 0.03322339 0.2438389 0.02590256 0.2457655 0.03290677 0.2334688 0.006677567 0.2439132 0.01437032 0.23181 0.01463049 0.2943735 0.9494354 0.2763726 0.9369475 0.2888234 0.9346031 0.2796802 0.9518055 0.2618161 0.9541243 0.2744761 0.938117 0.2792903 0.9653172 0.2637838 0.9681319 0.26125 0.9573194 0.2437788 0.0154035 0.2309507 0.02179932 0.23181 0.01463049 0.2794584 0.971505 0.2658315 0.9760391 0.2637838 0.9681319 0.2586088 0.9759842 0.2525787 0.9730531 0.2574205 0.9687302 0.2574205 0.9687302 0.2492927 0.9701297 0.2544004 0.9652167 0.2888234 0.9346031 0.2963587 0.9359202 0.2943735 0.9494354 0.2453917 0.9616881 0.2492927 0.9701297 0.2426284 0.9669876 0.2752621 0.9578655 0.26125 0.9573194 0.2618161 0.9541243 0.2763726 0.9369475 0.2796802 0.9518055 0.2744761 0.938117 0.2672503 0.9213662 0.2744761 0.938117 0.2661248 0.9217676 0.23181 0.01463049 0.2309507 0.02179932 0.2215183 0.01574712 0.2618161 0.9541243 0.2447161 0.9546477 0.2448092 0.9535479 0.23181 0.01463049 0.2439132 0.01437032 0.2437788 0.0154035 0.2309507 0.02179932 0.2437853 0.02481752 0.2438389 0.02590256 0.2757017 0.01054733 0.2773193 0.01414263 0.2739982 0.01245921 0.2794333 0.009825766 0.2782608 0.01327633 0.2757017 0.01054733 0.5226323 0.01095014 0.5253371 0.01171725 0.5230225 0.01369363 0.2605547 0.9261611 0.2545169 0.9334214 0.2543243 0.9260584 0.2528287 0.0331518 0.2561076 0.02686232 0.2568672 0.03023362 0.2532628 0.006679117 0.256363 0.01406872 0.2507556 0.01600736 0.2505989 0.01452678 0.2552671 0.0231806 0.2507389 0.02670758 0.2610992 0.9368323 0.251075 0.9387947 0.2545169 0.9334214 0.2873437 0.9282744 0.2849074 0.9198581 0.2904121 0.922106 0.295297 0.9283612 0.2904121 0.922106 0.2970889 0.9227195 0.2746478 0.9194418 0.2849074 0.9198581 0.2820405 0.9270159 0.2469179 0.947239 0.251075 0.9387947 0.2575836 0.9441897 0.2457655 0.03290677 0.2509926 0.02548068 0.2528287 0.0331518 0.26125 0.9573194 0.2453917 0.9616881 0.2447161 0.9546477 0.26125 0.9573194 0.2574205 0.9687302 0.2544004 0.9652167 0.2637838 0.9681319 0.2586088 0.9759842 0.2574205 0.9687302 0.2618161 0.9541243 0.2469179 0.947239 0.2575836 0.9441897 0.2744761 0.938117 0.2575836 0.9441897 0.2610992 0.9368323 0.2437853 0.02481752 0.2505989 0.01452678 0.2507389 0.02670758 0.2744761 0.938117 0.2605547 0.9261611 0.2661248 0.9217676 0.2763726 0.9369475 0.2746478 0.9194418 0.2820405 0.9270159 0.2888234 0.9346031 0.295297 0.9283612 0.2963587 0.9359202 0.2763726 0.9369475 0.2873437 0.9282744 0.2888234 0.9346031 0.2461482 0.006725728 0.2507556 0.01600736 0.2439132 0.01437032 0.2882766 0.9542126 0.2752621 0.9578655 0.2796802 0.9518055 0.1667176 0.8640587 0.1396639 0.8817837 0.1394279 0.8774998 0.1396639 0.8817837 0.1139166 0.8850454 0.1394279 0.8774998 0.1099718 0.8901271 0.05864334 0.8857894 0.1139166 0.8850454 0.07374274 0.7355077 0.07528138 0.7291679 0.1052887 0.7446987 0.9139498 0.7157655 0.9397779 0.7324672 0.8955628 0.7291414 0.6567624 0.1675209 0.6340062 0.1749154 0.6674283 0.1451306 0.9139498 0.7157655 0.904797 0.685256 0.9137613 0.6977169 0.6701563 0.1787675 0.6674283 0.1451306 0.6903645 0.1888858 0.2801749 0.8634409 0.2657712 0.8591253 0.2745519 0.8318221 0.3251024 0.877993 0.3224254 0.8911426 0.317943 0.8791662 0.3251024 0.877993 0.319217 0.8630986 0.32596 0.8639312 0.3287256 0.8513864 0.319217 0.8630986 0.3229166 0.8493952 0.1683328 0.9195319 0.1805887 0.9016997 0.186244 0.9221097 0.3229166 0.8493952 0.311546 0.860183 0.3179982 0.8460757 0.319217 0.8630986 0.3064996 0.8802399 0.311546 0.860183 0.1677824 0.9411809 0.1840164 0.9431064 0.1809421 0.9525966 0.2801749 0.8634409 0.2961825 0.8387755 0.3007012 0.849774 0.317943 0.8791662 0.3144856 0.8942183 0.3064996 0.8802399 0.1805887 0.9016997 0.1619148 0.9026402 0.1760061 0.8909779 0.2745519 0.8318221 0.2660034 0.8104001 0.2854967 0.8110396 0.2745519 0.8318221 0.2961243 0.8293517 0.2961825 0.8387755 0.3103009 0.8326219 0.2961243 0.8293517 0.3083226 0.824678 0.0842238 0.3900437 0.0806905 0.381519 0.08659732 0.3860458 0.0718894 0.3777207 0.0722807 0.3693338 0.07590377 0.3753743 0.1691201 0.8910698 0.1698132 0.8780074 0.1760061 0.8909779 0.1698132 0.8780074 0.1885154 0.8793018 0.1760061 0.8909779 0.06780618 0.3700073 0.07191997 0.3602322 0.0722807 0.3693338 0.1885154 0.8793018 0.2009825 0.8611623 0.2065563 0.8675302 0.3018367 0.8060708 0.2949874 0.7901132 0.3053957 0.7945837 0.3018367 0.8060708 0.3154029 0.7990106 0.3112452 0.8122109 0.2753148 0.7953926 0.2949874 0.7901132 0.2854967 0.8110396 0.3154029 0.7990106 0.3131858 0.7769728 0.321078 0.779851 0.2949874 0.7901132 0.3131858 0.7769728 0.3053957 0.7945837 0.2949874 0.7901132 0.2998213 0.7670186 0.3063327 0.772565 0.3063327 0.772565 0.3223012 0.7584776 0.3131858 0.7769728 0.2998213 0.7670186 0.3180748 0.7556863 0.3063327 0.772565 0.2065563 0.8675302 0.217562 0.8489184 0.2215979 0.8522393 0.321078 0.779851 0.3223012 0.7584776 0.3272545 0.7603999 0.2215979 0.8522393 0.2293239 0.8334497 0.2317265 0.8340464 0.3272545 0.7603999 0.3289415 0.7464424 0.3311062 0.7450321 0.3223012 0.7584776 0.3280592 0.7453283 0.3289415 0.7464424 0.3145879 0.7518529 0.3280592 0.7453283 0.3180748 0.7556863 0.1912913 0.900571 0.2084342 0.892282 0.2086712 0.9033436 0.2555746 0.8383636 0.2601354 0.8227325 0.2745519 0.8318221 0.1805887 0.9016997 0.1908357 0.8881865 0.1912913 0.900571 0.2854967 0.8110396 0.2652467 0.8013781 0.2753148 0.7953926 0.2601354 0.8227325 0.2395418 0.8201928 0.2430453 0.8135237 0.2601354 0.8227325 0.2485774 0.8061404 0.2660034 0.8104001 0.2652467 0.8013781 0.2485774 0.8061404 0.250263 0.7989436 0.2430453 0.8135237 0.235242 0.802283 0.2485774 0.8061404 0.2485774 0.8061404 0.2360231 0.7974217 0.250263 0.7989436 0.2086712 0.9033436 0.224989 0.8977224 0.2243311 0.9054287 0.2430453 0.8135237 0.2291564 0.8121386 0.2316303 0.8079219 0.2243311 0.9054287 0.2448954 0.9068137 0.2446985 0.9089545 0.2316303 0.8079219 0.218142 0.8011936 0.2199233 0.8008238 0.2316303 0.8079219 0.2206721 0.7998034 0.235242 0.802283 0.235242 0.802283 0.219235 0.798206 0.2360231 0.7974217 0.3179982 0.8460757 0.3007012 0.849774 0.3124186 0.8385603 0.3144856 0.8942183 0.3055237 0.8895385 0.3064996 0.8802399 0.311546 0.860183 0.2801749 0.8634409 0.3007012 0.849774 0.1697946 0.9330871 0.186244 0.9221097 0.1840164 0.9431064 0.3124186 0.8385603 0.2961825 0.8387755 0.3103009 0.8326219 0.2696588 0.8696825 0.2523589 0.8736329 0.2657712 0.8591253 0.2745519 0.8318221 0.2583346 0.8562977 0.2555746 0.8383636 0.2801749 0.8634409 0.2709026 0.8775603 0.2696588 0.8696825 0.186244 0.9221097 0.1963272 0.9159387 0.1940557 0.9266186 0.2709026 0.8775603 0.2547564 0.8793428 0.2696588 0.8696825 0.1940557 0.9266186 0.2130777 0.9290779 0.2101197 0.9367894 0.2583346 0.8562977 0.2523589 0.8736329 0.2482109 0.870534 0.2570026 0.8839513 0.2459695 0.8849648 0.2547564 0.8793428 0.2101197 0.9367894 0.2233422 0.9389197 0.2214855 0.94376 0.2482109 0.870534 0.2446715 0.8815708 0.242125 0.8799178 0.2547564 0.8793428 0.2446715 0.8815708 0.2523589 0.8736329 0.2214855 0.94376 0.2321146 0.9490531 0.2315013 0.9506515 0.242125 0.8799178 0.2398749 0.8877712 0.2389758 0.8878837 0.2459695 0.8849648 0.2398749 0.8877712 0.2446715 0.8815708 0.2471662 0.887967 0.2403057 0.8884096 0.2459695 0.8849648 0.3055237 0.8895385 0.2990266 0.8964446 0.2970908 0.8867466 0.2762861 0.8805858 0.2970908 0.8867466 0.2915602 0.8899524 0.3064996 0.8802399 0.2970908 0.8867466 0.2801749 0.8634409 0.1840164 0.9431064 0.1923399 0.9417833 0.1871054 0.9474461 0.1871054 0.9474461 0.1963744 0.9519927 0.1926847 0.9559441 0.3055237 0.8895385 0.3055347 0.8999982 0.3026711 0.8987347 0.2970908 0.8867466 0.2957378 0.8972338 0.2915602 0.8899524 0.3026711 0.8987347 0.3002873 0.9027611 0.2990266 0.8964446 0.1926847 0.9559441 0.197722 0.9624108 0.1966583 0.96355 0.3026711 0.8987347 0.3014058 0.9041691 0.3009817 0.9031189 0.2990266 0.8964446 0.2995089 0.9038864 0.2957378 0.8972338 0.2995089 0.9038864 0.3009817 0.9031189 0.3014058 0.9041691 0.2398749 0.8877712 0.2397177 0.8892504 0.2389758 0.8878837 0.2199233 0.8008238 0.219235 0.798206 0.2206721 0.7998034 0.3280592 0.7453283 0.3311062 0.7450321 0.3289415 0.7464424 0.3017261 0.8102272 0.2854967 0.8110396 0.3018367 0.8060708 0.09372031 0.3874821 0.08921176 0.3790307 0.09375864 0.3794034 0.2973747 0.825035 0.3083226 0.824678 0.2961243 0.8293517 0.3017261 0.8102272 0.3112452 0.8122109 0.3079331 0.8139942 0.0718894 0.3777207 0.0806905 0.381519 0.07382732 0.3873675 0.07191997 0.3602322 0.08147555 0.3567709 0.0843209 0.3626801 0.2854967 0.8110396 0.2973747 0.825035 0.2961243 0.8293517 0.1619148 0.9026402 0.1691201 0.8910698 0.1760061 0.8909779 0.0842238 0.3900437 0.09372031 0.3874821 0.09464716 0.3924922 0.06949871 0.3509438 0.07191997 0.3602322 0.06252133 0.3599739 0.09375864 0.3794034 0.08922642 0.3723509 0.09632921 0.3736827 0.09195947 0.3666125 0.09632921 0.3736827 0.08922642 0.3723509 0.07191997 0.3602322 0.07970988 0.3675621 0.0722807 0.3693338 0.0806905 0.381519 0.08921176 0.3790307 0.08659732 0.3860458 0.0806905 0.381519 0.08151924 0.3715729 0.08788478 0.3724514 0.07590377 0.3753743 0.07970988 0.3675621 0.08151924 0.3715729 0.2491594 0.9712792 0.2525787 0.9730531 0.2513762 0.973439 0.2863682 0.9192701 0.2904121 0.922106 0.2849074 0.9198581 0.2463943 0.9746721 0.2482579 0.9768334 0.2450884 0.9752913 0.2508569 0.9372317 0.2545169 0.9334214 0.251075 0.9387947 0.2929773 0.9169451 0.2895007 0.9137741 0.2943291 0.9165107 0.2489036 0.9305121 0.2455357 0.9339001 0.2486303 0.9290269 0.2508569 0.9372317 0.2455357 0.9339001 0.2468723 0.9337109 0.2489036 0.9305121 0.2545169 0.9334214 0.2531368 0.9336724 0.2929773 0.9169451 0.2904121 0.922106 0.2902401 0.9208552 0.2513762 0.973439 0.2482579 0.9768334 0.2483924 0.9760495 0.2463943 0.9746721 0.2492927 0.9701297 0.2491594 0.9712792 0.2863682 0.9192701 0.2895007 0.9137741 0.2895405 0.915068 0.2773193 0.01414263 0.2791255 0.01489806 0.2780132 0.01563829 0.499598 0.01477515 0.4987795 0.01637721 0.4981771 0.01531785 0.5258156 0.01225477 0.5266429 0.01106411 0.5270919 0.01149237 0.527774 0.01447123 0.5258156 0.01225477 0.5270919 0.01149237 0.5230225 0.01369363 0.5258156 0.01225477 0.5244376 0.01496964 0.2743258 0.01640927 0.2773193 0.01414263 0.2780132 0.01563829 0.5041091 0.01631355 0.5006185 0.01836299 0.5006567 0.01728492 0.5041091 0.01631355 0.5004453 0.01558989 0.5033313 0.0128588 0.5011674 0.01149106 0.5004453 0.01558989 0.499598 0.01477515 0.4977491 0.0113067 0.499598 0.01477515 0.4981771 0.01531785 0.2794333 0.009825766 0.2812834 0.01320123 0.2800359 0.013233 0.5226323 0.01095014 0.5254009 0.009719789 0.525389 0.01028984 0.5021268 0.008883953 0.4977491 0.0113067 0.4971512 0.008074223 0.5021268 0.008883953 0.5033313 0.0128588 0.5011674 0.01149106 0.5055249 0.01144981 0.5041091 0.01631355 0.5033313 0.0128588 0.5071786 0.02016109 0.5041091 0.01631355 0.5071775 0.0162158 0.2794468 0.006659448 0.2827303 0.009842514 0.2794333 0.009825766 0.2713151 0.01190334 0.2743258 0.01640927 0.2713029 0.01742655 0.2741132 0.008208513 0.2794333 0.009825766 0.2757017 0.01054733 0.2741132 0.008208513 0.2739982 0.01245921 0.2713151 0.01190334 0.5194688 0.01092362 0.522684 0.008754014 0.5226323 0.01095014 0.520727 0.01525312 0.5244376 0.01496964 0.5238041 0.01745355 0.5238041 0.01745355 0.527774 0.01447123 0.5286437 0.01745533 0.520727 0.01525312 0.5226323 0.01095014 0.5230225 0.01369363 0.3465188 0.9587287 0.3496978 0.9645292 0.348522 0.9640708 0.3453923 0.915738 0.3486393 0.9079194 0.3460844 0.9177627 0.38212 0.8760795 0.3892291 0.8734565 0.3811118 0.8777687 0.3450316 0.9657057 0.342078 0.9608162 0.343233 0.9611291 0.3440672 0.9090825 0.3413468 0.9138868 0.3433063 0.9080961 0.3864107 0.8703642 0.3812345 0.872062 0.3866656 0.8690924 0.3453923 0.915738 0.3413468 0.9138868 0.3425779 0.9135701 0.3472399 0.9090229 0.3433063 0.9080961 0.3486393 0.9079194 0.3450316 0.9657057 0.3496978 0.9645292 0.3444259 0.9670962 0.3465188 0.9587287 0.342078 0.9608162 0.3469816 0.9571425 0.38212 0.8760795 0.3812345 0.872062 0.3821162 0.872661 0.3864107 0.8703642 0.3892291 0.8734565 0.3879703 0.8730393 0.9738934 0.4799177 0.9705532 0.4834384 0.9714543 0.4799795 0.896333 0.3839452 0.8986881 0.3872185 0.8953797 0.3878057 0.901764 0.2557637 0.9046604 0.251836 0.9044095 0.2560678 0.9803875 0.4784253 0.9738934 0.4799177 0.9749411 0.4776328 0.9803875 0.4784253 0.9755133 0.473918 0.9826943 0.4704636 0.896124 0.2586035 0.901764 0.2557637 0.9007771 0.2584214 0.9804351 0.4839241 0.9726037 0.4841876 0.9738934 0.4799177 0.8981394 0.3741879 0.896333 0.3839452 0.8912981 0.3759772 0.896124 0.2586035 0.9010157 0.2629721 0.8924183 0.2679485 0.8952875 0.2523008 0.9024987 0.2511904 0.901764 0.2557637 0.8845294 0.3884316 0.8953797 0.3878057 0.8934075 0.3900486 0.9697667 0.4906522 0.9726037 0.4841876 0.9763666 0.4910315 0.8804389 0.3868482 0.8861653 0.3823105 0.8845294 0.3884316 0.8963044 0.3690809 0.8912981 0.3759772 0.8871475 0.3670185 0.8804389 0.3868482 0.8833475 0.3967865 0.8785561 0.3974106 0.8778049 0.3772537 0.8912981 0.3759772 0.8861653 0.3823105 0.9725803 0.4958888 0.9763666 0.4910315 0.9795956 0.498969 0.9891801 0.4874792 0.9763666 0.4910315 0.9804351 0.4839241 0.9858632 0.4802687 0.9826943 0.4704636 0.9883193 0.4696958 0.9858632 0.4802687 0.9804351 0.4839241 0.9803875 0.4784253 0.8856463 0.2505132 0.8978636 0.2438449 0.8952875 0.2523008 0.890822 0.2573922 0.8924183 0.2679485 0.886604 0.2697327 0.890822 0.2573922 0.8952875 0.2523008 0.896124 0.2586035 0.9013112 0.2382368 0.8978636 0.2438449 0.8930356 0.2363332 0.1004288 0.8618602 0.09189862 0.8567754 0.1025983 0.8529629 0.1314601 0.8560696 0.1394279 0.8774998 0.1131011 0.8624696 0.1106624 0.84916 0.1131011 0.8624696 0.1025983 0.8529629 0.1238203 0.8402934 0.1314601 0.8560696 0.1106624 0.84916 0.6582146 0.8445053 0.6455053 0.8005608 0.69498 0.8253841 0.6455053 0.8005608 0.6158224 0.8236236 0.6086193 0.7955931 0.6303607 0.8515195 0.6391116 0.8223812 0.6582146 0.8445053 0.02236044 0.9679657 0.02713829 0.9861915 0.01483273 0.9731962 0.7052482 0.7347581 0.64564 0.767919 0.6456859 0.7318415 0.6456859 0.7318415 0.6027542 0.7639721 0.602369 0.7291414 0.64564 0.767919 0.6086193 0.7955931 0.6027542 0.7639721 0.7005786 0.7780405 0.6455053 0.8005608 0.64564 0.767919 0.03896778 0.5604173 0.0788725 0.5044404 0.08902382 0.5613567 0.6416233 0.3297449 0.6792058 0.2863661 0.6913932 0.333845 0.4225841 0.5670181 0.4379743 0.5141893 0.4676616 0.5559302 0.2472159 0.5636852 0.2854712 0.5277556 0.2888807 0.5679704 0.0788725 0.5044404 0.1408359 0.5324088 0.08902382 0.5613567 0.6636947 0.5104358 0.7109312 0.5455803 0.6688858 0.5519257 0.6913932 0.333845 0.6671978 0.3858232 0.6416233 0.3297449 0.602369 0.7291414 0.6223502 0.700006 0.6456859 0.7318415 0.6603396 0.6995003 0.7052482 0.7347581 0.6456859 0.7318415 0.3175217 0.3936683 0.3997066 0.4024472 0.3654783 0.4394327 0.06010174 0.6131391 0.03896778 0.5604173 0.08902382 0.5613567 0.2066302 0.5565254 0.2449034 0.5252484 0.2472159 0.5636852 0.206008 0.5231475 0.2397735 0.4863328 0.2449034 0.5252484 0.3175217 0.3936683 0.2443752 0.3782013 0.2776714 0.3460791 0.2449034 0.5252484 0.2802985 0.4878793 0.2854712 0.5277556 0.3340361 0.4764141 0.3175217 0.3936683 0.3654783 0.4394327 0.2287329 0.4432229 0.2443752 0.3782013 0.2805098 0.437081 0.3540562 0.3564218 0.2776714 0.3460791 0.3103827 0.3123897 0.2443752 0.3782013 0.1852681 0.3515703 0.2131375 0.3280069 0.3103827 0.3123897 0.2404193 0.29898 0.2685592 0.2702227 0.2776714 0.3460791 0.2131375 0.3280069 0.2404193 0.29898 0.0610277 0.1476581 0.02733922 0.1108779 0.03935694 0.09902632 0.2404193 0.29898 0.1863341 0.2766661 0.1997226 0.2538483 0.2131375 0.3280069 0.1610684 0.3083608 0.1863341 0.2766661 0.08653324 0.2415657 0.1354139 0.2636477 0.1116432 0.2840365 0.06259286 0.1972321 0.108539 0.2268658 0.08653324 0.2415657 0.108539 0.2268658 0.149312 0.2383925 0.1354139 0.2636477 0.1409498 0.18414 0.1228504 0.2138954 0.1044685 0.1781201 0.08340859 0.1853001 0.1228504 0.2138954 0.108539 0.2268658 0.08340859 0.1853001 0.07855421 0.1340023 0.1044685 0.1781201 0.1044685 0.1781201 0.1000353 0.1299037 0.1409498 0.18414 0.07855421 0.1340023 0.03935694 0.09902632 0.0497564 0.08681738 0.1000353 0.1299037 0.07176226 0.07180923 0.1164681 0.1168823 0.03935694 0.09902632 0.02059847 0.06335955 0.02781277 0.05923694 0.0440427 0.1621158 0.08340859 0.1853001 0.06259286 0.1972321 0.07855421 0.1340023 0.05970841 0.08023792 0.1000353 0.1299037 0.6636947 0.5104358 0.705304 0.4644137 0.708083 0.5048331 0.0497564 0.08681738 0.02781277 0.05923694 0.03378516 0.05394929 0.04619425 0.04603123 0.05970841 0.08023792 0.03825181 0.05089533 0.05970841 0.08023792 0.03378516 0.05394929 0.03825181 0.05089533 0.748966 0.7818214 0.7052482 0.7347581 0.748966 0.7355898 0.748966 0.8257278 0.7005786 0.7780405 0.748966 0.7818214 0.602369 0.7291414 0.5660151 0.7651193 0.5581541 0.7324672 0.6027542 0.7639721 0.5753857 0.7974265 0.5660151 0.7651193 0.6441307 0.8836357 0.6582146 0.8445053 0.6737771 0.8786103 0.6303607 0.8515195 0.6161775 0.8914566 0.600246 0.8595603 0.69498 0.8253841 0.6737771 0.8786103 0.6582146 0.8445053 0.7080458 0.8732095 0.6852447 0.9136211 0.6737771 0.8786103 0.6441307 0.8836357 0.6328797 0.9231938 0.6161775 0.8914566 0.7154761 0.9118666 0.6964535 0.9402921 0.6852447 0.9136211 0.6852447 0.9136211 0.6718404 0.9422874 0.6561483 0.9172275 0.6964535 0.9402921 0.6825746 0.9659013 0.6718404 0.9422874 0.7219332 0.9408169 0.7042375 0.9654259 0.6964535 0.9402921 0.7489661 0.9113448 0.7219332 0.9408169 0.7154761 0.9118666 0.7489661 0.9408244 0.7261083 0.9680726 0.7219332 0.9408169 0.6561483 0.9172275 0.6489848 0.9484009 0.6328797 0.9231938 0.6718404 0.9422874 0.6620711 0.9711782 0.6489848 0.9484009 0.1111838 0.5971972 0.06010174 0.6131391 0.08902382 0.5613567 0.1307706 0.6236952 0.08423358 0.6326984 0.1111838 0.5971972 0.7152776 0.5868607 0.6688858 0.5519257 0.7109312 0.5455803 0.1527131 0.5639343 0.08902382 0.5613567 0.1408359 0.5324088 0.1592999 0.6042442 0.1111838 0.5971972 0.1527131 0.5639343 0.7131291 0.6422101 0.6747016 0.5950734 0.7152776 0.5868607 0.7489659 0.5455203 0.7152776 0.5868607 0.7109312 0.5455803 0.748966 0.6346375 0.7152776 0.5868607 0.748966 0.587933 0.6086193 0.7955931 0.5857968 0.8282537 0.5753857 0.7974265 0.6158224 0.8236236 0.600246 0.8595603 0.5857968 0.8282537 0.3654783 0.4394327 0.4390665 0.4421307 0.403063 0.4811499 0.149312 0.2383925 0.1997226 0.2538483 0.1863341 0.2766661 0.1354139 0.2636477 0.1863341 0.2766661 0.1610684 0.3083608 0.1116432 0.2840365 0.1610684 0.3083608 0.1347203 0.3288204 0.02781277 0.05923694 0.02332001 0.03925246 0.02565938 0.03727906 0.0303964 0.0367456 0.03378516 0.05394929 0.02825337 0.03646653 0.03378516 0.05394929 0.02565938 0.03727906 0.02825337 0.03646653 0.04619425 0.04603123 0.0303964 0.0367456 0.03270161 0.03242784 0.6737771 0.8786103 0.6561483 0.9172275 0.6441307 0.8836357 0.0788725 0.5044404 0.1179811 0.4520668 0.1284565 0.4892551 0.2888807 0.5679704 0.3264079 0.5296654 0.3333785 0.5699744 0.0788725 0.5044404 0.02333188 0.4684526 0.0646646 0.4529398 0.2854712 0.5277556 0.3139169 0.4985157 0.3264079 0.5296654 0.403063 0.4811499 0.3340361 0.4764141 0.3654783 0.4394327 0.01013261 0.1212365 0.0440427 0.1621158 0.02346223 0.174717 0.006709516 0.06672054 0.02733922 0.1108779 0.01013261 0.1212365 0.7489657 0.2753866 0.6913932 0.333845 0.6792058 0.2863661 0.5581541 0.7324672 0.5259928 0.7780088 0.5120848 0.743139 0.5660151 0.7651193 0.5399166 0.8107426 0.5259928 0.7780088 0.6328797 0.9231938 0.6274991 0.9602326 0.60793 0.9354519 0.6489848 0.9484009 0.6431013 0.9804768 0.6274991 0.9602326 0.5753857 0.7974265 0.5544509 0.8410233 0.5399166 0.8107426 0.5857968 0.8282537 0.5712249 0.8714644 0.5544509 0.8410233 0.01626914 0.02940136 0.02059847 0.06335955 0.006709516 0.06672054 0.1451239 0.6913371 0.1009547 0.7151096 0.1291888 0.6781344 0.7093763 0.6913336 0.6690398 0.6565406 0.7131291 0.6422101 0.748966 0.6890602 0.7131291 0.6422101 0.748966 0.6346375 0.627813 0.5653877 0.5736325 0.5391031 0.6211743 0.5248467 0.6211743 0.5248467 0.5686694 0.4991095 0.6166794 0.4908317 0.6348273 0.6024734 0.5836098 0.5843021 0.627813 0.5653877 0.639826 0.6409971 0.5958643 0.6168305 0.6348273 0.6024734 0.6671978 0.3858232 0.7050329 0.4241082 0.6660107 0.4242764 0.7489659 0.3906339 0.7050329 0.4241082 0.7027054 0.3833286 0.7489659 0.3424999 0.7027054 0.3833286 0.6913932 0.333845 0.1523 0.6460099 0.1451239 0.6913371 0.1291888 0.6781344 0.1746829 0.6311128 0.1749092 0.6579149 0.1523 0.6460099 0.2397735 0.4863328 0.2805098 0.437081 0.2802985 0.4878793 0.3340361 0.4764141 0.3264079 0.5296654 0.3139169 0.4985157 0.4285714 0.8281636 0.4476255 0.8326914 0.4248766 0.8393481 0.3730108 0.5217021 0.3333785 0.5699744 0.3264079 0.5296654 0.02333188 0.4684526 0.02638852 0.4098115 0.0646646 0.4529398 0.2802985 0.4878793 0.3340361 0.4764141 0.3139169 0.4985157 0.6211743 0.5248467 0.6688858 0.5519257 0.627813 0.5653877 0.6166794 0.4908317 0.6636947 0.5104358 0.6211743 0.5248467 0.627813 0.5653877 0.6747016 0.5950734 0.6348273 0.6024734 0.6747016 0.5950734 0.639826 0.6409971 0.6348273 0.6024734 0.4094278 0.7268186 0.3859889 0.7493485 0.3759322 0.7366567 0.1677222 0.5238584 0.2000173 0.4899935 0.206008 0.5231475 0.164204 0.5509989 0.206008 0.5231475 0.2066302 0.5565254 0.03383749 0.6618443 0.02517575 0.6037532 0.06010174 0.6131391 0.6161775 0.8914566 0.60793 0.9354519 0.5896285 0.9031737 0.08653324 0.2415657 0.03727966 0.2117375 0.06259286 0.1972321 0.06259286 0.1972321 0.02346223 0.174717 0.0440427 0.1621158 0.600246 0.8595603 0.5896285 0.9031737 0.5712249 0.8714644 0.1116432 0.2840365 0.05767428 0.2586356 0.08653324 0.2415657 0.1347203 0.3288204 0.07976496 0.3048874 0.1116432 0.2840365 0.1888794 0.7142741 0.1318528 0.7351082 0.1451239 0.6913371 0.08423358 0.6326984 0.03383749 0.6618443 0.06010174 0.6131391 0.705304 0.4644137 0.7489659 0.5040805 0.708083 0.5048331 0.1997226 0.2538483 0.2685592 0.2702227 0.2404193 0.29898 0.1407861 0.4247146 0.1548485 0.3714094 0.1737805 0.4129795 0.1737805 0.4129795 0.155746 0.4627937 0.1407861 0.4247146 0.2000173 0.4899935 0.2287329 0.4432229 0.2397735 0.4863328 0.7109312 0.5455803 0.7489659 0.5040805 0.7489659 0.5455203 0.7154761 0.9118666 0.748966 0.8718366 0.7489661 0.9113448 0.748966 0.8257278 0.7080458 0.8732095 0.69498 0.8253841 0.1409498 0.18414 0.1164681 0.1168823 0.1705016 0.1713598 0.1997226 0.2538483 0.1705016 0.1713598 0.2243806 0.2256811 0.4379743 0.5141893 0.5163411 0.5200402 0.4676616 0.5559302 0.7093763 0.6913336 0.748966 0.7355898 0.7052482 0.7347581 0.1052523 0.6546906 0.05069148 0.6754394 0.08423358 0.6326984 0.02565938 0.03727906 0.01626914 0.02940136 0.02548742 0.02515435 0.02825337 0.03646653 0.02548742 0.02515435 0.03057444 0.03028321 0.0303964 0.0367456 0.03057444 0.03028321 0.03270161 0.03242784 0.2067714 0.397862 0.1892392 0.4528419 0.1737805 0.4129795 0.2067714 0.397862 0.1548485 0.3714094 0.1852681 0.3515703 0.1852681 0.3515703 0.1347203 0.3288204 0.1610684 0.3083608 0.1645577 0.4950611 0.1892392 0.4528419 0.2000173 0.4899935 0.1027243 0.3475059 0.1548485 0.3714094 0.1242562 0.3888572 0.403063 0.4811499 0.4754623 0.4788254 0.4379743 0.5141893 0.4131497 0.5362436 0.403063 0.4811499 0.4379743 0.5141893 0.3649916 0.8061051 0.3928865 0.8025444 0.3852462 0.8183205 0.3831707 0.5703818 0.4131497 0.5362436 0.4225841 0.5670181 0.5841819 0.3122758 0.6260334 0.2901046 0.6416233 0.3297449 0.705304 0.4644137 0.6660107 0.4242764 0.7050329 0.4241082 0.3596566 0.7617249 0.3701121 0.7805122 0.3543429 0.7864356 0.7489659 0.4273015 0.705304 0.4644137 0.7050329 0.4241082 0.3859889 0.7493485 0.3887714 0.7733063 0.3738474 0.7651932 0.3887714 0.7733063 0.3701121 0.7805122 0.3738474 0.7651932 0.3887714 0.7733063 0.4254348 0.764691 0.4050295 0.7848072 0.3764126 0.7910832 0.4050295 0.7848072 0.3928865 0.8025444 0.4036052 0.8247209 0.414108 0.8152142 0.4162775 0.8241115 0.4371799 0.7271956 0.4046294 0.7499433 0.4094278 0.7268186 0.3543429 0.7864356 0.3764126 0.7910832 0.3649916 0.8061051 0.3759322 0.7366567 0.3738474 0.7651932 0.3596566 0.7617249 0.3652377 0.7243956 0.3596566 0.7617249 0.3420516 0.7577589 0.3344649 0.7939877 0.3649916 0.8061051 0.3499892 0.8263088 0.4371799 0.7271956 0.4114198 0.7069507 0.4429656 0.6977606 0.4561797 0.8049516 0.4733925 0.8106936 0.457978 0.8152764 0.3420516 0.7577589 0.3543429 0.7864356 0.3344649 0.7939877 0.3499892 0.8263088 0.3852462 0.8183205 0.3772782 0.8397502 0.4094278 0.7268186 0.3652377 0.7243956 0.4114198 0.7069507 0.4214869 0.8323283 0.4248766 0.8393481 0.4097579 0.8409917 0.6510915 0.3918413 0.6416233 0.3297449 0.6671978 0.3858232 0.04222053 0.4048574 0.0646646 0.4529398 0.02638852 0.4098115 0.6244055 0.4448647 0.6660107 0.4242764 0.6559053 0.4658476 0.5686694 0.4991095 0.6005121 0.4680515 0.6166794 0.4908317 0.6660107 0.4242764 0.6510915 0.3918413 0.6671978 0.3858232 0.6064538 0.3419818 0.5841819 0.3122758 0.6416233 0.3297449 0.6166794 0.4908317 0.6244055 0.4448647 0.6559053 0.4658476 0.07499188 0.4319511 0.1179811 0.4520668 0.0646646 0.4529398 0.4217807 0.8103991 0.4327682 0.8160899 0.4248076 0.819027 0.4248076 0.819027 0.414108 0.8152142 0.4217807 0.8103991 0.4162775 0.8241115 0.4285714 0.8281636 0.4214869 0.8323283 0.4285714 0.8281636 0.4327682 0.8160899 0.4370355 0.8247346 0.4282869 0.8045085 0.4136211 0.7988783 0.424564 0.7914578 0.4540774 0.7806462 0.4736613 0.7868556 0.453747 0.7928581 0.4136211 0.7988783 0.414108 0.8152142 0.406044 0.8114114 0.4162775 0.8241115 0.4097579 0.8409917 0.4036052 0.8247209 0.3772782 0.8397502 0.4036052 0.8247209 0.4097579 0.8409917 0.4136211 0.7988783 0.3928865 0.8025444 0.4050295 0.7848072 0.4733925 0.8106936 0.4661156 0.8213445 0.457978 0.8152764 0.424564 0.7914578 0.4050295 0.7848072 0.4254348 0.764691 0.4097579 0.8409917 0.4027892 0.8472962 0.3772782 0.8397502 0.4854193 0.71279 0.4603648 0.732999 0.4737364 0.7047379 0.3852462 0.8183205 0.406044 0.8114114 0.4036052 0.8247209 0.4248766 0.8393481 0.4580621 0.8480414 0.4027892 0.8472962 0.4464229 0.8191922 0.4476255 0.8326914 0.4370355 0.8247346 0.4282869 0.8045085 0.4431433 0.8104808 0.4327682 0.8160899 0.4254348 0.764691 0.4360542 0.7863018 0.424564 0.7914578 0.4558047 0.7562264 0.4747829 0.7754753 0.4540774 0.7806462 0.4603648 0.732999 0.4734273 0.757205 0.4558047 0.7562264 0.4810046 0.8189632 0.4770174 0.8325648 0.4661156 0.8213445 0.4585527 0.8266187 0.4580621 0.8480414 0.4476255 0.8326914 0.4909598 0.7570504 0.4747829 0.7754753 0.4734273 0.757205 0.4854193 0.71279 0.4916223 0.7411139 0.4760932 0.7363518 0.4739268 0.7999414 0.4904215 0.8127903 0.4733925 0.8106936 0.4904215 0.8127903 0.4810046 0.8189632 0.4733925 0.8106936 0.4429656 0.6977606 0.4465025 0.729345 0.4371799 0.7271956 0.424564 0.7914578 0.4384347 0.8002324 0.4282869 0.8045085 0.453747 0.7928581 0.4739268 0.7999414 0.4561797 0.8049516 0.4327682 0.8160899 0.4464229 0.8191922 0.4370355 0.8247346 0.4736613 0.7868556 0.4949067 0.7930233 0.4739268 0.7999414 0.5009626 0.8196998 0.4882447 0.8300461 0.4810046 0.8189632 0.4916223 0.7411139 0.4734273 0.757205 0.4760932 0.7363518 0.4747829 0.7754753 0.4949209 0.7800875 0.4736613 0.7868556 0.9349508 0.3344944 0.934399 0.3530819 0.9289439 0.351073 0.4841989 0.584236 0.4669654 0.6053751 0.4613239 0.5986015 0.9634663 0.3635559 0.9531564 0.3917536 0.9474642 0.3581295 0.9612432 0.3493985 0.9690737 0.336342 0.9682595 0.3524472 0.4613239 0.5986015 0.4447711 0.6154927 0.4368985 0.6060683 0.9634663 0.3635559 0.9682595 0.3524472 0.9711925 0.3686811 0.9609046 0.3394548 0.9585175 0.3243096 0.9690737 0.336342 0.9463946 0.3322939 0.9349508 0.3344944 0.9438441 0.3223897 0.4568892 0.6368894 0.4382578 0.6455907 0.4445149 0.6355193 0.4691222 0.6516224 0.4568892 0.6368894 0.4684112 0.6333401 0.488762 0.6384635 0.4691222 0.6516224 0.4684112 0.6333401 0.4187459 0.6574118 0.4118894 0.6365691 0.4319303 0.6469959 0.4388604 0.6232274 0.4368985 0.6060683 0.4447711 0.6154927 0.92514 0.3807414 0.9289439 0.351073 0.934399 0.3530819 0.436176 0.6342477 0.4242246 0.6153623 0.4388604 0.6232274 0.4118894 0.6365691 0.436176 0.6342477 0.4319303 0.6469959 0.934399 0.3530819 0.9500244 0.3436106 0.9474642 0.3581295 0.9500244 0.3436106 0.9463946 0.3322939 0.9538816 0.3347304 0.9474642 0.3581295 0.9612432 0.3493985 0.9634663 0.3635559 0.9500244 0.3436106 0.9609046 0.3394548 0.9612432 0.3493985 0.4465025 0.729345 0.4558047 0.7562264 0.439359 0.7579417 0.462185 0.7015203 0.4603648 0.732999 0.4465025 0.729345 0.4661156 0.8213445 0.468426 0.8365954 0.4585527 0.8266187 0.4561797 0.8049516 0.4384347 0.8002324 0.453747 0.7928581 0.457978 0.8152764 0.4431433 0.8104808 0.4561797 0.8049516 0.4540774 0.7806462 0.439359 0.7579417 0.4558047 0.7562264 0.457978 0.8152764 0.4585527 0.8266187 0.4464229 0.8191922 0.453747 0.7928581 0.4360542 0.7863018 0.4540774 0.7806462 0.4371799 0.7271956 0.439359 0.7579417 0.4254348 0.764691 0.9474642 0.3581295 0.92514 0.3807414 0.934399 0.3530819 0.4669654 0.6053751 0.4528779 0.6237975 0.4447711 0.6154927 0.4845162 0.6304147 0.4684112 0.6333401 0.4528779 0.6237975 0.9711925 0.3686811 0.9680016 0.3924614 0.9634663 0.3635559 0.9764514 0.393685 0.9656949 0.4122334 0.9680016 0.3924614 0.5133857 0.6347647 0.4901091 0.6503825 0.488762 0.6384635 0.9656949 0.4122334 0.9531564 0.3917536 0.9680016 0.3924614 0.9224422 0.4012487 0.9172416 0.3782514 0.92514 0.3807414 0.4918065 0.5936032 0.4767715 0.6181625 0.4669654 0.6053751 0.4841989 0.584236 0.5092596 0.5740193 0.4918065 0.5936032 0.9376507 0.3874973 0.9224422 0.4012487 0.92514 0.3807414 0.5105996 0.6239331 0.488762 0.6384635 0.4845162 0.6304147 0.9352689 0.4061212 0.9230314 0.4197683 0.9224422 0.4012487 0.5369074 0.6248092 0.5133857 0.6347647 0.5105996 0.6239331 0.9230314 0.4197683 0.9090901 0.4006295 0.9224422 0.4012487 0.5407219 0.6372385 0.5158797 0.6504588 0.5133857 0.6347647 0.9610311 0.4276055 0.9505525 0.4100059 0.9656949 0.4122334 0.4918065 0.5936032 0.5239028 0.5888115 0.5019652 0.6064375 0.9764745 0.4166958 0.9610311 0.4276055 0.9656949 0.4122334 0.5105996 0.6239331 0.5266517 0.594447 0.5351156 0.6174049 0.5019652 0.6064375 0.4845162 0.6304147 0.4767715 0.6181625 0.4767715 0.6181625 0.4845162 0.6304147 0.4528779 0.6237975 0.9531564 0.3917536 0.9376507 0.3874973 0.9474642 0.3581295 0.9352689 0.4061212 0.9531564 0.3917536 0.9505525 0.4100059 0.9505525 0.4100059 0.9342451 0.4223811 0.9352689 0.4061212 0.4541932 0.6538873 0.4349432 0.661573 0.4382578 0.6455907 0.3928607 0.646291 0.4118894 0.6365691 0.4084654 0.6516429 0.4118894 0.6365691 0.403617 0.6181818 0.4172723 0.6267045 0.4242246 0.6153623 0.403617 0.6181818 0.4117486 0.6052278 0.4673539 0.662654 0.4541932 0.6538873 0.4691222 0.6516224 0.4281718 0.5967885 0.4242246 0.6153623 0.4117486 0.6052278 0.4924034 0.6615597 0.4691222 0.6516224 0.4901091 0.6503825 0.4574923 0.5899018 0.4368985 0.6060683 0.4281718 0.5967885 0.4924034 0.6615597 0.5158797 0.6504588 0.5154003 0.6626535 0.4613239 0.5986015 0.4773691 0.577131 0.4841989 0.584236 0.536392 0.6655499 0.5158797 0.6504588 0.5380699 0.6529034 0.5004839 0.5631034 0.4773691 0.577131 0.4892557 0.5566068 0.9585175 0.3243096 0.9463946 0.3322939 0.9438441 0.3223897 0.533405 0.5640383 0.537551 0.5529435 0.5416309 0.5588173 0.5529222 0.6419827 0.5504139 0.6518537 0.5474932 0.6399626 0.5633143 0.5777049 0.5507951 0.5805014 0.5546885 0.5704684 0.9185924 0.4502829 0.9033039 0.435805 0.9201459 0.4446029 0.5523272 0.6001047 0.559821 0.6083021 0.5462316 0.605706 0.5621721 0.6282937 0.5541566 0.6353227 0.5490028 0.631887 0.9230314 0.4197683 0.9262169 0.4385258 0.908737 0.4239696 0.9474017 0.4257984 0.9262169 0.4385258 0.9342451 0.4223811 0.9610311 0.4276055 0.9495634 0.4442324 0.9474017 0.4257984 0.9111409 0.4532309 0.8961138 0.4447056 0.9185924 0.4502829 0.5591416 0.6374253 0.5529222 0.6419827 0.5541566 0.6353227 0.5541566 0.6353227 0.5474932 0.6399626 0.5490028 0.631887 0.5504139 0.6518537 0.5577185 0.655827 0.5479107 0.6570085 0.5697391 0.6331849 0.5621721 0.6282937 0.5672415 0.6246031 0.9731068 0.4491403 0.9492224 0.4574568 0.9511502 0.4494279 0.9757894 0.4581156 0.9548292 0.4614793 0.9492224 0.4574568 0.5504425 0.5925954 0.560039 0.5980458 0.5523272 0.6001047 0.5434018 0.5932889 0.5523272 0.6001047 0.5462316 0.605706 0.9430146 0.4581009 0.9265687 0.4457352 0.9457471 0.4499344 0.5507951 0.5805014 0.5504425 0.5925954 0.5434018 0.5932889 0.559821 0.6083021 0.5693139 0.6034771 0.567383 0.612522 0.9361471 0.4612022 0.9206281 0.4526033 0.9430146 0.4581009 0.5172591 0.5603065 0.5250118 0.5580517 0.5230343 0.5633819 0.5069082 0.5578285 0.5172591 0.5603065 0.5160698 0.5672783 0.5230343 0.5633819 0.533405 0.5640383 0.5232645 0.5712063 0.5160698 0.5672783 0.5230343 0.5633819 0.5232645 0.5712063 0.51092 0.5439828 0.5069082 0.5578285 0.5019258 0.5524824 0.9731068 0.4491403 0.9495634 0.4442324 0.9715591 0.4360802 0.5672415 0.6246031 0.5595378 0.6199273 0.5692476 0.6195574 0.5380699 0.6529034 0.5479107 0.6570085 0.536392 0.6655499 0.5490028 0.631887 0.5407219 0.6372385 0.5369074 0.6248092 0.5595378 0.6199273 0.5490028 0.631887 0.5369074 0.6248092 0.5474932 0.6399626 0.5380699 0.6529034 0.5407219 0.6372385 0.5594119 0.6172561 0.567383 0.612522 0.5692476 0.6195574 0.5424856 0.5729098 0.5434018 0.5932889 0.5266517 0.594447 0.9457471 0.4499344 0.9262169 0.4385258 0.9495634 0.4442324 0.5266517 0.594447 0.5462316 0.605706 0.5351156 0.6174049 0.5462316 0.605706 0.5594119 0.6172561 0.5351156 0.6174049 0.5546885 0.5704684 0.5424856 0.5729098 0.5512555 0.562977 0.5019258 0.5524824 0.5004839 0.5631034 0.4892557 0.5566068 0.5092596 0.5740193 0.5232645 0.5712063 0.5239028 0.5888115 0.5232645 0.5712063 0.5401452 0.5713967 0.5239028 0.5888115 0.5069082 0.5578285 0.5092596 0.5740193 0.5004839 0.5631034 0.9262169 0.4385258 0.9033039 0.435805 0.908737 0.4239696 0.5401452 0.5713967 0.5416309 0.5588173 0.5512555 0.562977 0.5616974 0.6473789 0.5700785 0.6409729 0.5638461 0.6527465 0.5647766 0.59417 0.5686842 0.5830785 0.5713666 0.5958712 0.530855 0.5454173 0.519458 0.5493755 0.5176741 0.5419885 0.7250931 0.1968354 0.7234615 0.1866682 0.7314274 0.191705 0.603 0.4173474 0.6107146 0.4151859 0.6103453 0.4219827 0.7138352 0.1905032 0.7189721 0.1984695 0.7106177 0.1996486 0.5616974 0.6473789 0.5577185 0.655827 0.5564255 0.644812 0.51092 0.5439828 0.519458 0.5493755 0.5168944 0.5537397 0.5647766 0.59417 0.5693139 0.6034771 0.560039 0.5980458 0.5697391 0.6331849 0.5640451 0.6410992 0.5591416 0.6374253 0.5248889 0.5523451 0.537551 0.5529435 0.5250118 0.5580517 0.5633143 0.5777049 0.5628168 0.5883793 0.5574839 0.5882025 0.5595378 0.6199273 0.5594119 0.6172561 0.5692476 0.6195574 0.5595378 0.6199273 0.5351156 0.6174049 0.5594119 0.6172561 0.5105996 0.6239331 0.5351156 0.6174049 0.5369074 0.6248092 0.5019652 0.6064375 0.5239028 0.5888115 0.5266517 0.594447 0.5424856 0.5729098 0.5239028 0.5888115 0.5401452 0.5713967 0.5424856 0.5729098 0.5401452 0.5713967 0.5512555 0.562977 0.6493365 0.6718733 0.6603396 0.6995003 0.6385821 0.6885859 0.6188005 0.6646735 0.639826 0.6409971 0.6400756 0.660722 0.2014008 0.6399533 0.1852022 0.6249621 0.2053574 0.621881 0.6400756 0.660722 0.6690398 0.6565406 0.6493365 0.6718733 0.174993 0.6055101 0.1746829 0.6311128 0.1592999 0.6042442 0.1523 0.6460099 0.1052523 0.6546906 0.1307706 0.6236952 0.07690513 0.6970871 0.1291888 0.6781344 0.1009547 0.7151096 0.1592999 0.6042442 0.1523 0.6460099 0.1307706 0.6236952 0.5455759 0.9072784 0.5526831 0.8978047 0.5526759 0.9142735 0.5147841 0.9174915 0.5329366 0.913905 0.5365396 0.923047 0.5457904 0.8943958 0.552263 0.8850162 0.5526831 0.8978047 0.498371 0.8966839 0.5150054 0.911399 0.5147841 0.9174915 0.5365396 0.923047 0.5455759 0.9072784 0.5526759 0.9142735 0.5406021 0.8891224 0.5485998 0.8814872 0.5457904 0.8943958 0.5031738 0.8940694 0.5137278 0.8977462 0.5150054 0.911399 0.5150054 0.911399 0.5254485 0.9015927 0.5329366 0.913905 0.5329366 0.913905 0.5364546 0.8965695 0.5455759 0.9072784 0.5364546 0.8965695 0.5457904 0.8943958 0.5455759 0.9072784 0.5137278 0.8977462 0.5169333 0.8737767 0.5254485 0.9015927 0.5254485 0.9015927 0.5249881 0.8712663 0.5364546 0.8965695 0.5249881 0.8712663 0.5406021 0.8891224 0.5364546 0.8965695 0.5343984 0.8690135 0.5457778 0.8797731 0.5406021 0.8891224 0.503973 0.8904178 0.5104612 0.8759316 0.5137278 0.8977462 0.5327363 0.8618671 0.5435842 0.865856 0.5343984 0.8690135 0.5020183 0.8693352 0.5104612 0.8759316 0.5046808 0.8768005 0.5085271 0.8677003 0.5169333 0.8737767 0.5104612 0.8759316 0.5169333 0.8737767 0.5210905 0.8635603 0.5249881 0.8712663 0.5249881 0.8712663 0.5327363 0.8618671 0.5343984 0.8690135 0.5066724 0.8606497 0.5129705 0.8653491 0.5085271 0.8677003 0.512714 0.8581596 0.5210905 0.8635603 0.5129705 0.8653491 0.5206273 0.8566261 0.5327363 0.8618671 0.5210905 0.8635603 0.5327363 0.8618671 0.5388707 0.8541812 0.544041 0.858746 0.5020183 0.8693352 0.5066724 0.8606497 0.5085271 0.8677003 0.5302174 0.8552882 0.5328148 0.8401772 0.5388707 0.8541812 0.5004806 0.8617445 0.5041844 0.8468345 0.5066724 0.8606497 0.5041844 0.8468345 0.512714 0.8581596 0.5066724 0.8606497 0.510952 0.8433298 0.5206273 0.8566261 0.512714 0.8581596 0.5206273 0.8566261 0.5257731 0.8393114 0.5302174 0.8552882 0.594207 0.2555456 0.6026472 0.2616409 0.5956558 0.2646011 0.9792855 0.6665872 0.9881324 0.6562506 0.9887482 0.663923 0.9746789 0.6603416 0.9862172 0.6474645 0.9881324 0.6562506 0.9862172 0.6474645 0.9695556 0.6463258 0.9822757 0.6410831 0.589179 0.2681838 0.594207 0.2555456 0.5956558 0.2646011 0.9661738 0.667556 0.9702813 0.6529884 0.9746789 0.6603416 0.9702813 0.6529884 0.9573547 0.6502637 0.9695556 0.6463258 0.5834791 0.2559853 0.5881549 0.2461134 0.594207 0.2555456 0.5953237 0.245254 0.6032873 0.2521393 0.594207 0.2555456 0.9722708 0.6723328 0.9746789 0.6603416 0.9792855 0.6665872 0.6603396 0.6995003 0.6223502 0.700006 0.6385821 0.6885859 0.5767309 0.2449554 0.5840516 0.2332252 0.5881549 0.2461134 0.5955839 0.233151 0.6032765 0.2435954 0.5953237 0.245254 0.9722708 0.6723328 0.9542703 0.6848215 0.9661738 0.667556 0.9575772 0.6699633 0.9397131 0.6676452 0.953159 0.6639034 0.9571868 0.6564516 0.9416803 0.6536375 0.9573547 0.6502637 0.5881549 0.2461134 0.5945504 0.2332853 0.5953237 0.245254 0.9573547 0.6502637 0.9416803 0.6536375 0.9437278 0.6457303 0.9304751 0.6487166 0.9365047 0.6457853 0.9353168 0.6530394 0.9271891 0.6516402 0.9353168 0.6530394 0.9322969 0.656553 0.9667212 0.6871654 0.9722708 0.6723328 0.9742565 0.6858478 0.9232883 0.660082 0.9271891 0.6516402 0.9322969 0.656553 0.9391469 0.6644501 0.953159 0.6639034 0.9397131 0.6676452 0.9542703 0.6848215 0.9575772 0.6699633 0.9661738 0.667556 0.9523739 0.6836519 0.9451485 0.700403 0.944023 0.7000017 0.5953237 0.245254 0.594207 0.2555456 0.5881549 0.2461134 0.922613 0.6671223 0.9397131 0.6676452 0.9227061 0.6682224 0.5953237 0.245254 0.5945504 0.2332853 0.5955839 0.233151 0.5881549 0.2461134 0.5840516 0.2332252 0.5851365 0.2332789 0.4782782 0.0141406 0.4798949 0.01054698 0.4815977 0.01245802 0.4773371 0.01327478 0.4761652 0.009825944 0.4798949 0.01054698 0.01253747 0.01240336 0.009831428 0.01316905 0.01022344 0.01042491 0.9384528 0.6956084 0.9324147 0.6883484 0.9389969 0.6849374 0.5768023 0.2242355 0.5830917 0.2209568 0.5844734 0.2260716 0.5958853 0.2207012 0.6032748 0.2238014 0.5939467 0.2263086 0.5867736 0.2217972 0.5954273 0.2264654 0.5832467 0.2263252 0.9389969 0.6849374 0.9289725 0.6829752 0.9354808 0.6775801 0.9652418 0.6934942 0.9628058 0.7019106 0.9599385 0.6947526 0.973195 0.6934069 0.9683103 0.6996625 0.9652418 0.6934942 0.9628058 0.7019106 0.9525464 0.7023273 0.9599385 0.6947526 0.9289725 0.6829752 0.9248152 0.6745312 0.9354808 0.6775801 0.5770475 0.2312986 0.5844734 0.2260716 0.5840516 0.2332252 0.9232883 0.660082 0.9391469 0.6644501 0.922613 0.6671223 0.9391469 0.6644501 0.9353168 0.6530394 0.9416803 0.6536375 0.9416803 0.6536375 0.9365047 0.6457853 0.9437278 0.6457303 0.9397131 0.6676452 0.9248152 0.6745312 0.9227061 0.6682224 0.9523739 0.6836519 0.9354808 0.6775801 0.9397131 0.6676452 0.5851365 0.2332789 0.5954273 0.2264654 0.5945504 0.2332853 0.9384528 0.6956084 0.9523739 0.6836519 0.944023 0.7000017 0.9542703 0.6848215 0.9525464 0.7023273 0.9451485 0.700403 0.973195 0.6934069 0.9667212 0.6871654 0.9742565 0.6858478 0.9652418 0.6934942 0.9542703 0.6848215 0.9667212 0.6871654 0.5939467 0.2263086 0.6032283 0.2309159 0.5955839 0.233151 0.9661738 0.667556 0.953159 0.6639034 0.9571868 0.6564516 0.3499892 0.8263088 0.3772782 0.8397502 0.3770419 0.8440342 0.4027892 0.8472962 0.3770419 0.8440342 0.3772782 0.8397502 0.4580621 0.8480414 0.4067337 0.8523781 0.4027892 0.8472962 0.4429656 0.6977606 0.4114198 0.7069507 0.4414272 0.6914206 0.5839822 0.7157655 0.5581541 0.7324672 0.5670264 0.7104334 0.1675144 0.6806712 0.1749092 0.6579149 0.1789646 0.6721189 0.5931348 0.685256 0.5839822 0.7157655 0.5841705 0.697717 0.178761 0.6940653 0.1451239 0.6913371 0.1675144 0.6806712 0.8143702 0.2041066 0.8186864 0.2185105 0.7870666 0.2128881 0.83324 0.2634388 0.8463898 0.2607613 0.8443469 0.267991 0.818345 0.2575535 0.83324 0.2634388 0.819178 0.264297 0.8066328 0.267063 0.818345 0.2575535 0.819178 0.264297 0.0732488 0.9683112 0.05542129 0.9805679 0.0528413 0.9626601 0.8046413 0.2612536 0.8154291 0.2498825 0.818345 0.2575535 0.818345 0.2575535 0.8354865 0.2448352 0.834413 0.2562792 0.03184854 0.9648904 0.0337761 0.9811214 0.02236044 0.9679657 0.7940208 0.2345191 0.8186864 0.2185105 0.8050194 0.2390378 0.834413 0.2562792 0.8494653 0.2528212 0.8463898 0.2607613 0.0732488 0.9683112 0.0723111 0.9869823 0.06347948 0.9827001 0.7656438 0.2043399 0.7870666 0.2128881 0.7662837 0.2238335 0.7845965 0.2344612 0.7870666 0.2128881 0.7940208 0.2345191 0.7878672 0.2486379 0.7845965 0.2344612 0.7940208 0.2345191 0.5931828 0.4033818 0.5967165 0.3948559 0.6035804 0.4007052 0.6055184 0.3910573 0.6051269 0.3826696 0.6096019 0.3833433 0.09693866 0.9790818 0.08387833 0.9797764 0.08396947 0.9728916 0.09564167 0.9603829 0.09693866 0.9790818 0.08396947 0.9728916 0.6096019 0.3833433 0.6054876 0.3735672 0.6148872 0.3733087 0.09564167 0.9603829 0.1137762 0.9479152 0.1052591 0.9667019 0.7613153 0.2401742 0.745357 0.2333252 0.7662837 0.2238335 0.7542553 0.253741 0.7613153 0.2401742 0.7674557 0.2495829 0.745357 0.2333252 0.7506361 0.213652 0.7662837 0.2238335 0.7542553 0.253741 0.7322168 0.2515244 0.7498279 0.2437336 0.7322168 0.2515244 0.745357 0.2333252 0.7498279 0.2437336 0.745357 0.2333252 0.7222619 0.2381599 0.7380203 0.2241152 0.7137212 0.2606405 0.7278085 0.2446712 0.7322168 0.2515244 0.7109298 0.2564139 0.7222619 0.2381599 0.7278085 0.2446712 0.1074085 0.9423429 0.1260153 0.9313364 0.1137762 0.9479152 0.7350954 0.2594167 0.7137212 0.2606405 0.7322168 0.2515244 0.1226944 0.9273017 0.1414797 0.9195742 0.1260153 0.9313364 0.715644 0.265594 0.701686 0.2672812 0.7137212 0.2606405 0.7137212 0.2606405 0.7005718 0.2663989 0.7109298 0.2564139 0.7005718 0.2663989 0.7070963 0.2529274 0.7109298 0.2564139 0.07437586 0.9576105 0.08266055 0.9404692 0.08675807 0.9580641 0.7779765 0.1984713 0.7936078 0.1939101 0.7870666 0.2128881 0.0732488 0.9683112 0.08675807 0.9580641 0.08396947 0.9728916 0.7566214 0.2035831 0.7662837 0.2238335 0.7506361 0.213652 0.7779765 0.1984713 0.7754361 0.1778773 0.784849 0.189629 0.7613837 0.1869136 0.7779765 0.1984713 0.7656438 0.2043399 0.7566214 0.2035831 0.7613837 0.1869136 0.7656438 0.2043399 0.7575257 0.1735779 0.7687667 0.1813811 0.7613837 0.1869136 0.7526643 0.1743592 0.7613837 0.1869136 0.7541866 0.1885995 0.07160091 0.940234 0.07721871 0.9239181 0.08266055 0.9404692 0.7687667 0.1813811 0.7673813 0.1674919 0.7754361 0.1778773 0.06951379 0.924577 0.0681259 0.9040166 0.07721871 0.9239181 0.7631647 0.1699663 0.756436 0.1564775 0.7673813 0.1674919 0.7550456 0.1590076 0.7631647 0.1699663 0.7575257 0.1735779 0.7534481 0.1575706 0.7575257 0.1735779 0.7526643 0.1743592 0.8013216 0.2563351 0.8050194 0.2390378 0.8154291 0.2498825 0.8447851 0.2438594 0.8494653 0.2528212 0.8354865 0.2448352 0.8154291 0.2498825 0.8186864 0.2185105 0.8354865 0.2448352 0.0528413 0.9626601 0.04186832 0.9791082 0.03184854 0.9648904 0.7938058 0.2507556 0.7940208 0.2345191 0.8050194 0.2390378 0.8288778 0.1906934 0.8249277 0.207994 0.8143702 0.2041066 0.8115424 0.1966696 0.7870666 0.2128881 0.7936078 0.1939101 0.8186864 0.2185105 0.8328058 0.2092376 0.8358316 0.2146209 0.0528413 0.9626601 0.05900973 0.9525775 0.0732488 0.9683112 0.8345879 0.1930909 0.8328058 0.2092376 0.8249277 0.207994 0.04833191 0.9548501 0.04587018 0.935832 0.05900973 0.9525775 0.8115424 0.1966696 0.8288778 0.1906934 0.8143702 0.2041066 0.84021 0.1843037 0.8391967 0.1953369 0.8345879 0.1930909 0.03816056 0.9387907 0.0360285 0.9255706 0.04587018 0.935832 0.8257789 0.1865455 0.8368158 0.1830058 0.8288778 0.1906934 0.8368158 0.1830058 0.8345879 0.1930909 0.8288778 0.1906934 0.03118926 0.9274278 0.02589559 0.9168013 0.0360285 0.9255706 0.8351627 0.1804593 0.8430163 0.178209 0.8368158 0.1830058 0.8430163 0.178209 0.84021 0.1843037 0.8368158 0.1830058 0.8436548 0.1786397 0.8432124 0.1855004 0.84021 0.1843037 0.8516913 0.2373619 0.8447851 0.2438594 0.8419929 0.2354263 0.8358316 0.2146209 0.8419929 0.2354263 0.8186864 0.2185105 0.8419929 0.2354263 0.8354865 0.2448352 0.8186864 0.2185105 0.03184854 0.9648904 0.03317028 0.9565683 0.0528413 0.9626601 0.02750915 0.9618027 0.02296203 0.9525362 0.03317028 0.9565683 0.8447851 0.2438594 0.8552452 0.2438698 0.8493671 0.2485898 0.8524804 0.234073 0.8419929 0.2354263 0.8451988 0.2298954 0.858008 0.2386222 0.8539816 0.2410063 0.8516913 0.2373619 0.01901161 0.9562256 0.01254534 0.9511901 0.02296203 0.9525362 0.8539816 0.2410063 0.8594161 0.2397409 0.8552452 0.2438698 0.8591333 0.2378439 0.8516913 0.2373619 0.8524804 0.234073 0.8583659 0.2393168 0.8591333 0.2378439 0.8594161 0.2397409 0.8430163 0.178209 0.8444957 0.1780517 0.8436548 0.1786397 0.7560662 0.1582588 0.7534481 0.1575706 0.756436 0.1564775 0.7005718 0.2663989 0.7002759 0.269446 0.6982445 0.2667175 0.7662837 0.2238335 0.7654716 0.2400636 0.7613153 0.2401742 0.5836853 0.4008199 0.5881944 0.3923677 0.5908089 0.3993836 0.7802799 0.2357118 0.7799229 0.2466599 0.7777643 0.2439152 0.7674557 0.2495829 0.7654716 0.2400636 0.7692389 0.2462705 0.5967165 0.3948559 0.6055184 0.3910573 0.6035804 0.4007052 0.6054876 0.3735672 0.5959311 0.3701056 0.6022465 0.364535 0.7802799 0.2357118 0.7662837 0.2238335 0.7845965 0.2344612 0.0723111 0.9869823 0.08387833 0.9797764 0.07677328 0.9878501 0.5836853 0.4008199 0.5931828 0.4033818 0.5827583 0.4058305 0.6054876 0.3735672 0.6079092 0.3642778 0.6148872 0.3733087 0.5836468 0.3927402 0.5881796 0.3856868 0.5881944 0.3923677 0.5810757 0.3870191 0.5854461 0.3799476 0.5881796 0.3856868 0.5976971 0.3808977 0.6054876 0.3735672 0.6051269 0.3826696 0.5881944 0.3923677 0.5967165 0.3948559 0.5908089 0.3993836 0.5967165 0.3948559 0.5958875 0.3849089 0.6015034 0.3887107 0.6015034 0.3887107 0.5976971 0.3808977 0.6051269 0.3826696 0.9304751 0.6487166 0.9270555 0.6504909 0.9292723 0.6483308 0.9642665 0.7024984 0.9683103 0.6996625 0.9681386 0.7009132 0.9242905 0.6470978 0.9261541 0.6449368 0.9262886 0.6457204 0.9287545 0.6845383 0.9324147 0.6883484 0.9310345 0.6880974 0.9708758 0.7048231 0.9673993 0.7079944 0.9674392 0.7067003 0.9268013 0.691258 0.9234336 0.6878701 0.92477 0.6880592 0.9234336 0.6878701 0.9287545 0.6845383 0.92477 0.6880592 0.9324147 0.6883484 0.9268013 0.691258 0.9310345 0.6880974 0.9683103 0.6996625 0.9708758 0.7048231 0.9681386 0.7009132 0.9261541 0.6449368 0.9292723 0.6483308 0.9262886 0.6457204 0.9271891 0.6516402 0.9242905 0.6470978 0.9270555 0.6504909 0.9673993 0.7079944 0.9642665 0.7024984 0.9674392 0.7067003 0.4782782 0.0141406 0.4764728 0.01489561 0.4773371 0.01327478 0.5472999 0.01071691 0.5489022 0.009899199 0.5481142 0.01156467 0.01301652 0.01186603 0.01384329 0.01305752 0.01253747 0.01240336 0.01497662 0.009650111 0.01301652 0.01186603 0.01163971 0.009149432 0.01301652 0.01186603 0.01022344 0.01042491 0.01163971 0.009149432 0.4812702 0.01640617 0.4782782 0.0141406 0.4815977 0.01245802 0.5488365 0.01522862 0.5508873 0.01173877 0.5525809 0.01520454 0.5481142 0.01156467 0.5488365 0.01522862 0.5453823 0.01444941 0.5440154 0.01228505 0.5481142 0.01156467 0.5453823 0.01444941 0.5438325 0.008866786 0.5472999 0.01071691 0.5440154 0.01228505 0.4761652 0.009825944 0.4743159 0.01319974 0.4728696 0.009842693 0.009831428 0.01316905 0.01260024 0.01440143 0.009881794 0.01536583 0.5438325 0.008866786 0.5414081 0.01324319 0.5406002 0.008267641 0.5414081 0.01324319 0.5453823 0.01444941 0.5439723 0.01664239 0.5439723 0.01664239 0.5488365 0.01522862 0.5487375 0.01829695 0.5488365 0.01522862 0.5526826 0.01829957 0.5487375 0.01829695 0.4761517 0.006661117 0.4728696 0.009842693 0.4720785 0.006660461 0.4812702 0.01640617 0.4842795 0.01190251 0.4842916 0.01742297 0.4814826 0.008209526 0.4761652 0.009825944 0.4761517 0.006661117 0.4815977 0.01245802 0.4814826 0.008209526 0.4842795 0.01190251 0.006667077 0.01319378 0.009881794 0.01536583 0.006693303 0.0159986 0.01163971 0.009149432 0.007928192 0.008863806 0.01100748 0.006664574 0.01497662 0.009650111 0.01100748 0.006664574 0.01584845 0.006665766 0.007928192 0.008863806 0.009831428 0.01316905 0.006667077 0.01319378 0.5564255 0.644812 0.5596045 0.6390118 0.5576012 0.6443538 0.5607311 0.5960211 0.5574839 0.5882025 0.5588834 0.5893062 0.5240036 0.5563629 0.5168944 0.5537397 0.5181533 0.5533224 0.5640451 0.6410992 0.5610917 0.6459886 0.5628901 0.6414121 0.5620561 0.5893657 0.5647766 0.59417 0.5635454 0.5938534 0.5197128 0.5506474 0.5248889 0.5523451 0.5240074 0.5529441 0.5647766 0.59417 0.5607311 0.5960211 0.5635454 0.5938534 0.5588834 0.5893062 0.5628168 0.5883793 0.5620561 0.5893657 0.5610917 0.6459886 0.5564255 0.644812 0.5576012 0.6443538 0.5596045 0.6390118 0.5640451 0.6410992 0.5628901 0.6414121 0.5248889 0.5523451 0.5240036 0.5563629 0.5240074 0.5529441 0.5168944 0.5537397 0.5197128 0.5506474 0.5181533 0.5533224 0.9879867 0.01814168 0.9913259 0.0216639 0.989275 0.02241241 0.7201895 0.1843123 0.7234615 0.1866682 0.7196011 0.1876204 0.5984266 0.4180822 0.6023544 0.4151859 0.603 0.4173474 0.9814926 0.01664692 0.9879867 0.01814168 0.981443 0.02214622 0.986369 0.01214098 0.9814926 0.01664692 0.9791884 0.008683919 0.5955868 0.4237222 0.5984266 0.4180822 0.6018896 0.4245587 0.981443 0.02214622 0.989275 0.02241241 0.9855092 0.0292555 0.7234615 0.1866682 0.7332186 0.1848648 0.7314274 0.191705 0.5912182 0.4188305 0.5955868 0.4237222 0.5862419 0.427428 0.6018896 0.4245587 0.603 0.4173474 0.6103453 0.4219827 0.7189721 0.1984695 0.7196011 0.1876204 0.7250931 0.1968354 0.989275 0.02241241 0.9921098 0.02887839 0.9855092 0.0292555 0.7205542 0.2025601 0.7250931 0.1968354 0.7301471 0.2051966 0.7314274 0.191705 0.7383245 0.1867013 0.7403839 0.1958579 0.7106177 0.1996486 0.7205542 0.2025601 0.7099921 0.2044394 0.7301471 0.2051966 0.7314274 0.191705 0.7403839 0.1958579 0.9855092 0.0292555 0.9892942 0.03411459 0.9822774 0.0371924 0.9726961 0.02569848 0.9855092 0.0292555 0.9822774 0.0371924 0.9791884 0.008683919 0.976016 0.01848852 0.9735632 0.007914006 0.976016 0.01848852 0.981443 0.02214622 0.9726961 0.02569848 0.6036771 0.4341999 0.6103453 0.4219827 0.6178571 0.4268106 0.5862419 0.427428 0.596798 0.4290243 0.5844575 0.4332423 0.596798 0.4290243 0.6018896 0.4245587 0.6036771 0.4341999 0.6103453 0.4219827 0.6159535 0.4185348 0.6178571 0.4268106 0.4162775 0.8241115 0.414108 0.8152142 0.4248076 0.819027 0.3852462 0.8183205 0.4036052 0.8247209 0.3772782 0.8397502 0.406044 0.8114114 0.414108 0.8152142 0.4036052 0.8247209 0.3928865 0.8025444 0.406044 0.8114114 0.3852462 0.8183205 0.2620703 0.7133769 0.2553571 0.6877484 0.2726042 0.6945976 0.2815592 0.6786334 0.2819253 0.6601235 0.2913579 0.6611648 0.2726042 0.6945976 0.2662246 0.6692037 0.2815592 0.6786334 0.2430024 0.7473699 0.2285947 0.7537819 0.23434 0.7424988 0.2459701 0.7059795 0.2528001 0.7299035 0.239031 0.7238391 0.2528001 0.7299035 0.23434 0.7424988 0.239031 0.7238391 0.2355389 0.7606757 0.2247045 0.7592464 0.2285947 0.7537819 0.2285947 0.7537819 0.2177428 0.7467092 0.2220795 0.7428268 0.2177428 0.7467092 0.2155158 0.7345044 0.2220795 0.7428268 0.23434 0.7424988 0.2220795 0.7428268 0.2269043 0.7370525 0.2269043 0.7370525 0.2155158 0.7345044 0.2237776 0.7246671 0.239031 0.7238391 0.2269043 0.7370525 0.2237776 0.7246671 0.2553571 0.6877484 0.2446908 0.668769 0.2662246 0.6692037 0.2459701 0.7059795 0.2393174 0.6864775 0.2553571 0.6877484 0.239031 0.7238391 0.2334875 0.7044662 0.2459701 0.7059795 0.2662246 0.6692037 0.248782 0.6609023 0.2658705 0.6588554 0.2819253 0.6601235 0.2658705 0.6588554 0.2755519 0.6532801 0.2658705 0.6588554 0.2690334 0.6453496 0.2755519 0.6532801 0.2627813 0.647114 0.2648496 0.6381002 0.2690334 0.6453496 0.2593324 0.6203992 0.252104 0.6152525 0.2614305 0.6116948 0.2601402 0.6387792 0.2619225 0.6302971 0.2648496 0.6381002 0.2619225 0.6302971 0.2554236 0.623439 0.2593324 0.6203992 0.2446908 0.668769 0.2394126 0.6541568 0.248782 0.6609023 0.2317502 0.6567136 0.2359467 0.6443573 0.2394126 0.6541568 0.2291662 0.6333121 0.2161718 0.6437594 0.2173797 0.6291341 0.2359467 0.6443573 0.2291662 0.6333121 0.2364653 0.6355298 0.2506791 0.6262151 0.252104 0.6152525 0.2554236 0.623439 0.2361724 0.6237057 0.2364653 0.6355298 0.2291662 0.6333121 0.2420473 0.6290365 0.2454701 0.6172067 0.2506791 0.6262151 0.2361724 0.6237057 0.2173797 0.6291341 0.2219634 0.6112751 0.2283836 0.6452171 0.2229326 0.6596342 0.2161718 0.6437594 0.2239355 0.6703463 0.2317502 0.6567136 0.2446908 0.668769 0.2393174 0.6864775 0.2208246 0.6995297 0.2233543 0.6831407 0.2393174 0.6864775 0.2239355 0.6703463 0.2446908 0.668769 0.2177428 0.7467092 0.2176357 0.7637583 0.2087884 0.7472358 0.2247045 0.7592464 0.2271239 0.7756772 0.2176357 0.7637583 0.2177428 0.7467092 0.2022312 0.7374371 0.2131101 0.7379874 0.2155158 0.7345044 0.2022312 0.7374371 0.2052276 0.7266799 0.2141782 0.7141568 0.2334875 0.7044662 0.2237776 0.7246671 0.2237776 0.7246671 0.2052276 0.7266799 0.2141782 0.7141568 0.2690334 0.6453496 0.2785376 0.6435534 0.2755519 0.6532801 0.2714973 0.6415945 0.2778996 0.632261 0.2785376 0.6435534 0.2705537 0.634267 0.2744235 0.6239148 0.2778996 0.632261 0.2744235 0.6239148 0.2659377 0.6204734 0.2703692 0.6149741 0.2648496 0.6381002 0.2714973 0.6415945 0.2690334 0.6453496 0.2619225 0.6302971 0.2705537 0.634267 0.2648496 0.6381002 0.2593324 0.6203992 0.2680174 0.6268451 0.2619225 0.6302971 0.2614305 0.6116948 0.2659377 0.6204734 0.2593324 0.6203992 0.2913579 0.6611648 0.286478 0.6468061 0.2966145 0.651794 0.2755519 0.6532801 0.286478 0.6468061 0.2819253 0.6601235 0.2966145 0.651794 0.2911801 0.637247 0.3019632 0.6422587 0.3019632 0.6422587 0.2978878 0.6222003 0.3104138 0.6271931 0.3104138 0.6271931 0.3025644 0.6098584 0.3171002 0.6152735 0.3171002 0.6152735 0.3062774 0.599871 0.3221461 0.6062781 0.2911801 0.637247 0.2785376 0.6435534 0.2778996 0.632261 0.2911801 0.637247 0.2836015 0.6193565 0.2978878 0.6222003 0.2978878 0.6222003 0.2884163 0.6056162 0.3025644 0.6098584 0.3025644 0.6098584 0.2912616 0.5957015 0.3062774 0.599871 0.2744235 0.6239148 0.2836015 0.6193565 0.2778996 0.632261 0.2836015 0.6193565 0.2733048 0.6037881 0.2884163 0.6056162 0.2884163 0.6056162 0.2761058 0.5950281 0.2912616 0.5957015 0.2912616 0.5957015 0.2799166 0.5823023 0.2949334 0.5832312 0.2912616 0.5957015 0.3094927 0.5889363 0.3062774 0.599871 0.3221461 0.6062781 0.3094927 0.5889363 0.3276543 0.5964586 0.252104 0.6152525 0.2599738 0.6027394 0.2614305 0.6116948 0.2485874 0.6023294 0.2603642 0.5931841 0.2599738 0.6027394 0.2603642 0.5931841 0.2456461 0.5829985 0.2614387 0.5824967 0.2614305 0.6116948 0.2733048 0.6037881 0.2703692 0.6149741 0.2733048 0.6037881 0.2603642 0.5931841 0.2761058 0.5950281 0.2761058 0.5950281 0.2614387 0.5824967 0.2799166 0.5823023 0.2361724 0.6237057 0.2364058 0.6044832 0.2454701 0.6172067 0.2454701 0.6172067 0.2485874 0.6023294 0.252104 0.6152525 0.2456461 0.5829985 0.2321323 0.5912798 0.2258989 0.5763404 0.2258989 0.5763404 0.211281 0.5915075 0.2026898 0.5752164 0.8798459 0.1465933 0.8530891 0.1343407 0.8737018 0.1257109 0.8737018 0.1257109 0.8475562 0.1101007 0.8683406 0.105403 0.8683406 0.105403 0.8462141 0.08624029 0.8672843 0.08623248 0.2454668 0.5927881 0.2364058 0.6044832 0.2321323 0.5912798 0.2219634 0.6112751 0.2321323 0.5912798 0.2364058 0.6044832 0.8609264 0.1560655 0.8353388 0.1388807 0.8530891 0.1343407 0.8475562 0.1101007 0.8353388 0.1388807 0.8295546 0.1105538 0.8462141 0.08624029 0.8295546 0.1105538 0.8280218 0.08624768 0.779792 0.1425052 0.7740946 0.1213069 0.7882557 0.1265915 0.7508683 0.1283771 0.7406154 0.1116244 0.7560499 0.1162657 0.7904688 0.1446758 0.7882557 0.1265915 0.8000501 0.1309992 0.7251155 0.1143403 0.7406154 0.1116244 0.7360061 0.1222581 0.7669481 0.1353893 0.7560499 0.1162657 0.7740946 0.1213069 0.7406154 0.1116244 0.7601948 0.1014156 0.7560499 0.1162657 0.7740946 0.1213069 0.7601948 0.1014156 0.7815825 0.1032206 0.7299029 0.1074168 0.743541 0.09910964 0.7406154 0.1116244 0.7740946 0.1213069 0.7949711 0.1091737 0.7882557 0.1265915 0.8000501 0.1309992 0.7949711 0.1091737 0.8126943 0.1135237 0.7601948 0.1014156 0.7451981 0.08628755 0.7648524 0.08627682 0.7815825 0.1032206 0.7648524 0.08627682 0.7838364 0.08626729 0.743541 0.09910964 0.7340559 0.08629429 0.7451981 0.08628755 0.7815825 0.1032206 0.7981887 0.08626061 0.7949711 0.1091737 0.7949711 0.1091737 0.8124094 0.08625423 0.8126943 0.1135237 0.8295546 0.1105538 0.8124094 0.08625423 0.8280218 0.08624768 0.8052139 0.1492049 0.8000501 0.1309992 0.8093595 0.1383094 0.8226493 0.1393076 0.8000501 0.1309992 0.8126943 0.1135237 0.8226493 0.1393076 0.8295546 0.1105538 0.8353388 0.1388807 0.8191526 0.1556033 0.8353388 0.1388807 0.8375757 0.1651741 0.8191526 0.1556033 0.8093595 0.1383094 0.8226493 0.1393076 0.725762 0.09519708 0.7340559 0.08629429 0.7327179 0.09734433 0.7147548 0.1058375 0.722731 0.1024959 0.7202062 0.1093069 0.7202062 0.1093069 0.7299029 0.1074168 0.7251155 0.1143403 0.722731 0.1024959 0.7327179 0.09734433 0.7299029 0.1074168 0.722731 0.1024959 0.7207403 0.09402036 0.725762 0.09519708 0.726463 0.08629912 0.7207403 0.09402036 0.720371 0.08630329 0.7088545 0.09568816 0.7177485 0.09942436 0.7147548 0.1058375 0.7145593 0.09369587 0.7085565 0.08631175 0.7134692 0.08630824 0.7207403 0.09402036 0.7177485 0.09942436 0.7145593 0.09369587 0.720371 0.08630329 0.7145593 0.09369587 0.7134692 0.08630824 0.257923 0.6318027 0.2521774 0.6397798 0.2495607 0.6305643 0.2601402 0.6387792 0.2548687 0.6478201 0.2521774 0.6397798 0.2495607 0.6305643 0.2554236 0.623439 0.257923 0.6318027 0.255924 0.6528826 0.2627813 0.647114 0.2658705 0.6588554 0.2359467 0.6443573 0.2424067 0.6385291 0.2422395 0.6445996 0.2394126 0.6541568 0.2422395 0.6445996 0.2448568 0.6495603 0.2394126 0.6541568 0.249332 0.6532613 0.248782 0.6609023 0.248782 0.6609023 0.255924 0.6528826 0.2658705 0.6588554 0.2453904 0.6323087 0.2364653 0.6355298 0.2420473 0.6290365 0.2453904 0.6323087 0.2506791 0.6262151 0.2495607 0.6305643 0.893096 0.1364476 0.9131809 0.1149913 0.9151901 0.1509659 0.9151901 0.1509659 0.9287348 0.1160025 0.9371989 0.1593266 0.8737018 0.1257109 0.8929971 0.1120545 0.893096 0.1364476 0.8929971 0.1120545 0.9116995 0.08621925 0.9131809 0.1149913 0.9131809 0.1149913 0.928174 0.08621525 0.9287348 0.1160025 0.8913717 0.08622485 0.8683406 0.105403 0.8672843 0.08623248 0.9287348 0.1160025 0.9434028 0.08621233 0.9459283 0.1153694 0.9612799 0.1113013 0.9693537 0.08620899 0.9780512 0.1058194 0.9747904 0.1227373 0.9612799 0.1113013 0.9780512 0.1058194 0.9612799 0.1113013 0.9434028 0.08621233 0.9567452 0.08621007 0.9459283 0.1153694 0.9635515 0.1345689 0.9535248 0.1525083 0.9371989 0.1593266 0.9459283 0.1153694 0.9535248 0.1525083 0.7508683 0.1283771 0.7355953 0.1263003 0.7360061 0.1222581 0.779792 0.1425052 0.7864162 0.1518496 0.7747829 0.1482147 0.7251155 0.1143403 0.7156456 0.1142169 0.7202062 0.1093069 0.7088545 0.09568816 0.7017071 0.08631736 0.7085565 0.08631175 0.7669481 0.1353893 0.7747829 0.1482147 0.7638424 0.1385647 0.7360061 0.1222581 0.7249892 0.1212766 0.7251155 0.1143403 0.7088545 0.09568816 0.7109977 0.1068686 0.7059135 0.09747827 0.7508683 0.1283771 0.7638424 0.1385647 0.7493798 0.1321671 0.7904688 0.1446758 0.7966496 0.1547296 0.7864162 0.1518496 0.7147548 0.1058375 0.7156456 0.1142169 0.7109977 0.1068686 0.3501467 0.006762325 0.362746 0.02139228 0.3480489 0.02153939 0.3126565 0.009805858 0.3233957 0.02247267 0.3142714 0.0226593 0.3358596 0.007386505 0.3480489 0.02153939 0.3337973 0.02184462 0.007557928 0.3587629 0.0275039 0.3510394 0.02224791 0.3663597 0.3245474 0.008976519 0.3337973 0.02184462 0.3233957 0.02247267 0.3337973 0.02184462 0.3245897 0.03893333 0.3233957 0.02247267 0.3480489 0.02153939 0.3345086 0.03893131 0.3337973 0.02184462 0.02224791 0.3663597 0.04711359 0.3602087 0.04114151 0.3744232 0.3233957 0.02247267 0.3137549 0.03893595 0.3142714 0.0226593 0.3480489 0.02153939 0.3626655 0.03892874 0.3482156 0.03892946 0.2913453 0.03894245 0.304668 0.02842223 0.3042671 0.03893882 0.3137549 0.03893595 0.304668 0.02842223 0.3142714 0.0226593 0.3027259 0.01175266 0.304668 0.02842223 0.2933124 0.0240817 0.3126565 0.009805858 0.3142714 0.0226593 0.3027259 0.01175266 0.01139086 0.3306937 0.03018838 0.324429 0.02779722 0.3357246 0.02779722 0.3357246 0.01056104 0.3443915 0.01139086 0.3306937 0.02779722 0.3357246 0.05807977 0.3392362 0.05205929 0.3504655 0.0275039 0.3510394 0.05205929 0.3504655 0.04711359 0.3602087 0.6435375 0.2400535 0.654453 0.2292223 0.654453 0.240052 0.6438607 0.2524635 0.654453 0.2651998 0.6437138 0.2651696 0.01857709 0.2586925 0.03373312 0.2591024 0.02469283 0.2667528 0.6438607 0.2524635 0.654453 0.240052 0.654453 0.2524742 0.6413803 0.2292097 0.654453 0.2219321 0.654453 0.2292223 0.6235559 0.2268202 0.6294798 0.2217184 0.631208 0.2291778 0.6291424 0.2529985 0.6349674 0.2400683 0.6353908 0.2524356 0.007730662 0.2705237 0.0183112 0.2722923 0.0133062 0.2807829 0.6291424 0.2529985 0.6348268 0.2650915 0.6286909 0.2672552 0.6284453 0.2390421 0.631208 0.2291778 0.6349674 0.2400683 0.641591 0.2086434 0.6264985 0.2097177 0.6404282 0.197807 0.654453 0.2040071 0.6404282 0.197807 0.654453 0.19347 0.641591 0.2086434 0.654453 0.2219321 0.6400737 0.2219111 0.6353908 0.2524356 0.6437138 0.2651696 0.6348268 0.2650915 0.631208 0.2291778 0.6400737 0.2219111 0.6413803 0.2292097 0.6349674 0.2400683 0.6413803 0.2292097 0.6435375 0.2400535 0.6353908 0.2524356 0.6435375 0.2400535 0.6438607 0.2524635 0.6264985 0.2097177 0.6294798 0.2217184 0.6207508 0.2185325 0.6333198 0.2151021 0.6400737 0.2219111 0.6294798 0.2217184 0.01140159 0.2647696 0.02469283 0.2667528 0.0183112 0.2722923 0.0183112 0.2722923 0.03552418 0.2803393 0.02800959 0.2867538 0.02469283 0.2667528 0.04528343 0.2728097 0.03552418 0.2803393 0.02875339 0.3132465 0.03298276 0.299572 0.03546559 0.3109257 0.02875339 0.3132465 0.01433241 0.3186702 0.01615679 0.3074573 0.01615679 0.3074573 0.02800959 0.2867538 0.03298276 0.299572 0.0133062 0.2807829 0.02800959 0.2867538 0.01260155 0.290953 0.03546559 0.3109257 0.03018838 0.324429 0.02875339 0.3132465 0.05807977 0.3392362 0.04603987 0.3126648 0.06382077 0.3134335 0.03552418 0.2803393 0.05678158 0.2895228 0.04487836 0.2957337 0.04487836 0.2957337 0.02800959 0.2867538 0.03552418 0.2803393 0.03298276 0.299572 0.04603987 0.3126648 0.03546559 0.3109257 0.04487836 0.2957337 0.06382077 0.3134335 0.04603987 0.3126648 0.2620703 0.7133769 0.2874405 0.7057452 0.2767763 0.7232599 0.2815592 0.6786334 0.2971639 0.6686716 0.2976003 0.6868035 0.2726042 0.6945976 0.2976003 0.6868035 0.2874405 0.7057452 0.2450417 0.7630077 0.2430024 0.7473699 0.2516753 0.7522227 0.2767763 0.7232599 0.2528001 0.7299035 0.2620703 0.7133769 0.2516753 0.7522227 0.2528001 0.7299035 0.2651531 0.7384918 0.2424067 0.7691762 0.2355389 0.7606757 0.2450417 0.7630077 0.2450417 0.7630077 0.2567346 0.7685812 0.2424067 0.7691762 0.2683107 0.7641188 0.2567346 0.7685812 0.2577871 0.7628564 0.2516753 0.7522227 0.2577871 0.7628564 0.2450417 0.7630077 0.2683107 0.7641188 0.2601991 0.7557287 0.2723984 0.7519401 0.2651531 0.7384918 0.2601991 0.7557287 0.2516753 0.7522227 0.3091973 0.7049529 0.2874405 0.7057452 0.2976003 0.6868035 0.2968868 0.7187702 0.2767763 0.7232599 0.2874405 0.7057452 0.2845751 0.733123 0.2651531 0.7384918 0.2767763 0.7232599 0.2976003 0.6868035 0.3137776 0.6973606 0.3091973 0.7049529 0.2971639 0.6686716 0.3066158 0.6817111 0.2976003 0.6868035 0.316492 0.6719711 0.3066158 0.6817111 0.3063267 0.6705428 0.3248598 0.671762 0.3182459 0.6782261 0.316492 0.6719711 0.3428412 0.6672424 0.3510016 0.6707278 0.342285 0.6721628 0.3330444 0.6701919 0.3267351 0.6761348 0.3248598 0.671762 0.3330444 0.6701919 0.342285 0.6721628 0.3338446 0.67439 0.3244186 0.7018396 0.3091973 0.7049529 0.3137776 0.6973606 0.3345878 0.6996885 0.326231 0.7097111 0.3244186 0.7018396 0.3475481 0.6997166 0.345407 0.7162519 0.3377968 0.7065909 0.3345878 0.6996885 0.3475481 0.6997166 0.3377968 0.7065909 0.3510016 0.6707278 0.3423893 0.6776587 0.342285 0.6721628 0.3520933 0.68873 0.3418503 0.6946442 0.3444815 0.6864956 0.3444815 0.6864956 0.3527922 0.6774076 0.3520933 0.68873 0.3520933 0.68873 0.3572579 0.7075968 0.3475481 0.6997166 0.3377968 0.7065909 0.3283354 0.7187583 0.326231 0.7097111 0.3186714 0.7234869 0.326231 0.7097111 0.3283354 0.7187583 0.2968868 0.7187702 0.2953892 0.7413557 0.2845751 0.733123 0.2968868 0.7187702 0.3186714 0.7234869 0.3080562 0.7306528 0.2567346 0.7685812 0.2422415 0.7775606 0.2424067 0.7691762 0.2424067 0.7691762 0.2271239 0.7756772 0.2318645 0.7672259 0.2727336 0.7769843 0.2567346 0.7685812 0.2665926 0.7679876 0.2683107 0.7641188 0.2727336 0.7769843 0.2665926 0.7679876 0.2863718 0.7546527 0.2845751 0.733123 0.2953892 0.7413557 0.2723984 0.7519401 0.2803514 0.7688193 0.2683107 0.7641188 0.3130702 0.6629243 0.316492 0.6719711 0.3063267 0.6705428 0.3230393 0.6575817 0.3184121 0.6679108 0.3130702 0.6629243 0.3319739 0.656197 0.3251571 0.664896 0.3230393 0.6575817 0.3319739 0.656197 0.3393346 0.6616444 0.3328129 0.6631913 0.3248598 0.671762 0.3184121 0.6679108 0.3251571 0.664896 0.3330444 0.6701919 0.3251571 0.664896 0.3328129 0.6631913 0.3428412 0.6672424 0.3328129 0.6631913 0.3393346 0.6616444 0.3491754 0.6609141 0.3393346 0.6616444 0.3417173 0.6549959 0.2913579 0.6611648 0.3061553 0.6578436 0.2971639 0.6686716 0.3061553 0.6578436 0.3063267 0.6705428 0.2971639 0.6686716 0.2966145 0.651794 0.3118614 0.6488477 0.3061553 0.6578436 0.3019632 0.6422587 0.3212049 0.6352797 0.3118614 0.6488477 0.3104138 0.6271931 0.3292989 0.6248548 0.3212049 0.6352797 0.3171002 0.6152735 0.3358862 0.6164796 0.3292989 0.6248548 0.3130702 0.6629243 0.3118614 0.6488477 0.3230393 0.6575817 0.3310792 0.6459884 0.3118614 0.6488477 0.3212049 0.6352797 0.3402946 0.6347166 0.3212049 0.6352797 0.3292989 0.6248548 0.3472722 0.6271198 0.3292989 0.6248548 0.3358862 0.6164796 0.3310792 0.6459884 0.3319739 0.656197 0.3230393 0.6575817 0.3497325 0.6466593 0.3310792 0.6459884 0.3402946 0.6347166 0.3557478 0.6397024 0.3402946 0.6347166 0.3472722 0.6271198 0.3472722 0.6271198 0.3646209 0.6298163 0.3557478 0.6397024 0.3435413 0.6080353 0.3472722 0.6271198 0.3358862 0.6164796 0.3221461 0.6062781 0.3435413 0.6080353 0.3358862 0.6164796 0.357577 0.6574887 0.3510016 0.6707278 0.3491754 0.6609141 0.3655276 0.6521742 0.3638629 0.6669916 0.357577 0.6574887 0.3655276 0.6521742 0.3818925 0.6594242 0.3736316 0.6646806 0.3491754 0.6609141 0.3497325 0.6466593 0.357577 0.6574887 0.3497325 0.6466593 0.3655276 0.6521742 0.357577 0.6574887 0.3557478 0.6397024 0.3740878 0.6456858 0.3655276 0.6521742 0.3683753 0.6785099 0.3520933 0.68873 0.3527922 0.6774076 0.3527922 0.6774076 0.3638629 0.6669916 0.3683753 0.6785099 0.3818925 0.6594242 0.3818705 0.6752734 0.3736316 0.6646806 0.3978686 0.6728048 0.3925464 0.6931858 0.3818705 0.6752734 0.8798046 0.02585601 0.8530531 0.03813105 0.8608748 0.01639658 0.8736754 0.04674667 0.8475381 0.06237798 0.8530531 0.03813105 0.8683276 0.06706064 0.8462141 0.08624029 0.8475381 0.06237798 0.3736316 0.6646806 0.3683753 0.6785099 0.3638629 0.6669916 0.3701086 0.6943751 0.3818705 0.6752734 0.3925464 0.6931858 0.8352966 0.03360444 0.8608748 0.01639658 0.8530531 0.03813105 0.8475381 0.06237798 0.8352966 0.03360444 0.8530531 0.03813105 0.8462141 0.08624029 0.8295347 0.06193912 0.8475381 0.06237798 0.7797376 0.03002756 0.7740595 0.05123472 0.7668979 0.03715693 0.7508221 0.04418665 0.7405854 0.06095397 0.7359632 0.05032336 0.7904146 0.02784651 0.7882176 0.0459358 0.7797376 0.03002756 0.7405854 0.06095397 0.725079 0.05825603 0.7359632 0.05032336 0.7668979 0.03715693 0.7560173 0.05629503 0.7508221 0.04418665 0.7601786 0.07114237 0.7405854 0.06095397 0.7560173 0.05629503 0.7740595 0.05123472 0.7601786 0.07114237 0.7560173 0.05629503 0.7435259 0.07346707 0.7298761 0.06517511 0.7405854 0.06095397 0.7949498 0.06334918 0.7740595 0.05123472 0.7882176 0.0459358 0.8000098 0.04151707 0.7949498 0.06334918 0.7882176 0.0459358 0.7601786 0.07114237 0.7451981 0.08628755 0.7435259 0.07346707 0.781566 0.06931537 0.7648524 0.08627682 0.7601786 0.07114237 0.7435259 0.07346707 0.7340559 0.08629429 0.7327039 0.07524538 0.7981887 0.08626061 0.781566 0.06931537 0.7949498 0.06334918 0.8124094 0.08625423 0.7949498 0.06334918 0.8126707 0.05898314 0.8295347 0.06193912 0.8124094 0.08625423 0.8126707 0.05898314 0.8051583 0.02330362 0.8000098 0.04151707 0.7904146 0.02784651 0.8226047 0.03318798 0.8000098 0.04151707 0.809314 0.03419739 0.8295347 0.06193912 0.8226047 0.03318798 0.8352966 0.03360444 0.8352966 0.03360444 0.8190943 0.01689225 0.8375129 0.007305204 0.8190943 0.01689225 0.809314 0.03419739 0.8051583 0.02330362 0.7340559 0.08629429 0.7257497 0.07740163 0.7327039 0.07524538 0.7227089 0.07010596 0.7147265 0.06677436 0.7201746 0.06329679 0.7201746 0.06329679 0.7298761 0.06517511 0.7227089 0.07010596 0.7327039 0.07524538 0.7227089 0.07010596 0.7298761 0.06517511 0.7227089 0.07010596 0.7207286 0.07858526 0.7177295 0.07318478 0.7207286 0.07858526 0.726463 0.08629912 0.720371 0.08630329 0.7088398 0.07693451 0.7177295 0.07318478 0.7145481 0.07891845 0.7085565 0.08631175 0.7145481 0.07891845 0.7134692 0.08630824 0.7207286 0.07858526 0.7145481 0.07891845 0.7177295 0.07318478 0.720371 0.08630329 0.7145481 0.07891845 0.7207286 0.07858526 0.3338446 0.67439 0.3300326 0.6834516 0.3267351 0.6761348 0.3267351 0.6761348 0.3217683 0.6853466 0.3182459 0.6782261 0.342285 0.6721628 0.3392609 0.6808804 0.3338446 0.67439 0.316898 0.6870852 0.3182459 0.6782261 0.3217683 0.6853466 0.3345878 0.6996885 0.3361935 0.6911373 0.3418503 0.6946442 0.3244186 0.7018396 0.3311003 0.6944448 0.3345878 0.6996885 0.3200113 0.6929079 0.3244186 0.7018396 0.3137776 0.6973606 0.3137776 0.6973606 0.316898 0.6870852 0.3200113 0.6929079 0.3399463 0.6853485 0.3418503 0.6946442 0.3361935 0.6911373 0.3423893 0.6776587 0.3399463 0.6853485 0.3392609 0.6808804 0.9131661 0.05744493 0.8930665 0.03599613 0.915157 0.02146327 0.9287214 0.05642592 0.915157 0.02146327 0.9371662 0.01309025 0.892982 0.06039279 0.8736754 0.04674667 0.8930665 0.03599613 0.9116995 0.08621925 0.892982 0.06039279 0.9131661 0.05744493 0.928174 0.08621525 0.9131661 0.05744493 0.9287214 0.05642592 0.8683276 0.06706064 0.8913717 0.08622485 0.8672843 0.08623248 0.9434028 0.08621233 0.9287214 0.05642592 0.9459177 0.05705136 0.9693537 0.08620899 0.9612736 0.06111431 0.9780512 0.06659257 0.9612736 0.06111431 0.9747835 0.04967045 0.9780512 0.06659257 0.9612736 0.06111431 0.9434028 0.08621233 0.9459177 0.05705136 0.9635364 0.03784042 0.9459177 0.05705136 0.9534989 0.01990193 0.9371662 0.01309025 0.9459177 0.05705136 0.9287214 0.05642592 0.7355477 0.0462805 0.7508221 0.04418665 0.7359632 0.05032336 0.7797376 0.03002756 0.7863546 0.02067506 0.7904146 0.02784651 0.7156063 0.05839127 0.725079 0.05825603 0.7201746 0.06329679 0.7017071 0.08631736 0.7088398 0.07693451 0.7085565 0.08631175 0.7668979 0.03715693 0.7747222 0.02432155 0.7797376 0.03002756 0.7249443 0.05131781 0.7359632 0.05032336 0.725079 0.05825603 0.7088398 0.07693451 0.7109669 0.06574845 0.7147265 0.06677436 0.7508221 0.04418665 0.7637885 0.03398406 0.7668979 0.03715693 0.7904146 0.02784651 0.7965874 0.01778537 0.8051583 0.02330362 0.7147265 0.06677436 0.7156063 0.05839127 0.7201746 0.06329679 0.350153 0.0710898 0.362746 0.0564627 0.3647864 0.07114976 0.3126717 0.06806355 0.3234028 0.05539339 0.3245606 0.06888628 0.3358703 0.0704708 0.3480523 0.05631756 0.350153 0.0710898 0.9872631 0.6163125 0.9673177 0.6085892 0.9842602 0.6019416 0.3245606 0.06888628 0.3338032 0.05601692 0.3358703 0.0704708 0.3245897 0.03893333 0.3338032 0.05601692 0.3234028 0.05539339 0.3345086 0.03893131 0.3480523 0.05631756 0.3338032 0.05601692 0.9725735 0.6239091 0.9477086 0.6177581 0.9673177 0.6085892 0.3137549 0.03893595 0.3234028 0.05539339 0.3142795 0.05521136 0.3480523 0.05631756 0.3626655 0.03892874 0.362746 0.0564627 0.2913453 0.03894245 0.3046739 0.04945415 0.2933216 0.053801 0.3046739 0.04945415 0.3137549 0.03893595 0.3142795 0.05521136 0.3046739 0.04945415 0.3027417 0.06612312 0.2933216 0.053801 0.3126717 0.06806355 0.3027417 0.06612312 0.3142795 0.05521136 0.9834305 0.5882444 0.9646337 0.5819798 0.9804893 0.5762211 0.9842602 0.6019416 0.9670245 0.5932748 0.9834305 0.5882444 0.9670245 0.5932748 0.936743 0.5967861 0.9646337 0.5819798 0.9673177 0.6085892 0.9427632 0.608015 0.9670245 0.5932748 0.6653683 0.2400535 0.654453 0.2292223 0.6675256 0.2292097 0.654453 0.2651998 0.6650452 0.2524635 0.665192 0.2651696 0.9610896 0.5166549 0.9762453 0.5162452 0.9701295 0.5243052 0.6650452 0.2524635 0.654453 0.240052 0.6653683 0.2400535 0.6675256 0.2292097 0.654453 0.2219321 0.6688321 0.2219111 0.68535 0.2268202 0.679426 0.2217184 0.688155 0.2185325 0.6797634 0.2529985 0.6739385 0.2400683 0.6804606 0.2390421 0.9765109 0.5298447 0.9870912 0.5280761 0.9815157 0.5383349 0.674079 0.2650915 0.6797634 0.2529985 0.6802149 0.2672552 0.6804606 0.2390421 0.6776978 0.2291778 0.68535 0.2268202 0.6824074 0.2097177 0.6673148 0.2086434 0.6684776 0.197807 0.6684776 0.197807 0.654453 0.2040071 0.654453 0.19347 0.6673148 0.2086434 0.654453 0.2219321 0.654453 0.2040071 0.665192 0.2651696 0.673515 0.2524356 0.674079 0.2650915 0.6776978 0.2291778 0.6688321 0.2219111 0.679426 0.2217184 0.6739385 0.2400683 0.6675256 0.2292097 0.6776978 0.2291778 0.673515 0.2524356 0.6653683 0.2400535 0.6739385 0.2400683 0.6824074 0.2097177 0.679426 0.2217184 0.6755862 0.2151021 0.6688321 0.2219111 0.6755862 0.2151021 0.679426 0.2217184 0.9701295 0.5243052 0.9834204 0.5223221 0.9765109 0.5298447 0.9765109 0.5298447 0.9592985 0.5378913 0.9701295 0.5243052 0.9701295 0.5243052 0.9495396 0.5303617 0.9610896 0.5166549 0.9618395 0.5571233 0.9660686 0.5707975 0.9593569 0.5684765 0.9804893 0.5762211 0.9660686 0.5707975 0.9786649 0.5650085 0.9668127 0.5443056 0.9786649 0.5650085 0.9618395 0.5571233 0.9815157 0.5383349 0.9668127 0.5443056 0.9765109 0.5298447 0.9593569 0.5684765 0.9646337 0.5819798 0.9487827 0.5702156 0.936743 0.5967861 0.9487827 0.5702156 0.9646337 0.5819798 0.9592985 0.5378913 0.9380415 0.5470741 0.9495396 0.5303617 0.9668127 0.5443056 0.9499444 0.5532851 0.9592985 0.5378913 0.9618395 0.5571233 0.9487827 0.5702156 0.9499444 0.5532851 0.9310023 0.5709839 0.9499444 0.5532851 0.9487827 0.5702156 0.9364056 0.981141 0.9306778 0.981346 0.9322059 0.977555 0.9108356 0.9817446 0.9041846 0.9822306 0.9059885 0.9780505 0.8780035 0.9811362 0.8781073 0.9776853 0.8806116 0.9794631 0.9041846 0.9822306 0.9126316 0.988241 0.9077017 0.9930945 0.9041846 0.9822306 0.8962045 0.9767173 0.9059885 0.9780505 0.9306778 0.981346 0.9374153 0.9863677 0.933043 0.9893839 0.9306778 0.981346 0.9240649 0.9784232 0.9322059 0.977555 0.9566196 0.9832185 0.9505513 0.983808 0.9518786 0.9786219 0.9505513 0.983808 0.9453272 0.9790625 0.9518786 0.9786219 0.869409 0.1899161 0.8694761 0.1960878 0.8655765 0.1912002 0.8677481 0.2145103 0.8713626 0.220072 0.8648211 0.2172965 0.8775501 0.2367275 0.8753259 0.2345942 0.8773664 0.2311496 0.9240649 0.9784232 0.9278622 0.9690864 0.9342042 0.9674875 0.877116 0.2237639 0.8713626 0.220072 0.8739039 0.2169762 0.9453272 0.9790625 0.9442594 0.9708195 0.9496358 0.9690957 0.8724013 0.2009051 0.8694761 0.1960878 0.8729745 0.1941271 0.8715522 0.1726339 0.8704997 0.1769602 0.8675498 0.1726398 0.8732926 0.1815096 0.8704997 0.1769602 0.8744776 0.1764671 0.9556786 0.9628583 0.951938 0.9601543 0.9556131 0.959851 0.9352502 0.9588927 0.9230016 0.9640892 0.9336591 0.9562608 0.9513181 0.9629548 0.9482848 0.9616406 0.951938 0.9601543 0.8781073 0.9776853 0.8820726 0.9668535 0.8861204 0.9646388 0.9570277 0.9870998 0.9524167 0.9924027 0.9511043 0.9918889 0.945861 0.9637527 0.939288 0.9679911 0.9438054 0.9622966 0.9401441 0.9608688 0.9447568 0.9595943 0.9438054 0.9622966 0.9401441 0.9608688 0.9387901 0.9578591 0.9415165 0.9581617 0.9505513 0.983808 0.9437255 0.9901259 0.9427639 0.9819619 0.8922331 0.9795606 0.8924113 0.9906216 0.8780035 0.9811362 0.8843879 0.1830374 0.88032 0.1799272 0.8843716 0.1790146 0.9295426 0.9529571 0.9352034 0.9537752 0.9336591 0.9562608 0.9212719 0.9807151 0.9120535 0.9824835 0.9240649 0.9784232 0.9306778 0.981346 0.9267769 0.9893873 0.9212719 0.9807151 0.8863734 0.1934773 0.8807899 0.1945585 0.8856172 0.190898 0.9427639 0.9819619 0.9375401 0.9812961 0.9453272 0.9790625 0.9041846 0.9822306 0.899968 0.9933095 0.8922331 0.9795606 0.9598769 0.9639418 0.9629409 0.9687658 0.9588552 0.9704881 0.9556786 0.9628583 0.9582973 0.961027 0.958899 0.963706 0.9260596 0.9514401 0.9254725 0.9485709 0.9279242 0.9495288 0.9581197 0.9839107 0.9644406 0.9820623 0.9584311 0.9876561 0.9077155 0.960309 0.8861204 0.9646388 0.9101523 0.9540944 0.88032 0.1799272 0.8744776 0.1764671 0.8809292 0.1756657 0.8805478 0.1722971 0.8744776 0.1764671 0.8715522 0.1726339 0.8807899 0.1945585 0.8729745 0.1941271 0.8805503 0.1898782 0.8849382 0.1711608 0.8805478 0.1722971 0.8804229 0.1711946 0.8866466 0.2092781 0.8739039 0.2169762 0.884014 0.2046003 0.8882379 0.217095 0.8773664 0.2311496 0.8875511 0.2137405 0.8804093 0.2024499 0.8739039 0.2169762 0.8677481 0.2145103 0.8790247 0.1866972 0.8729745 0.1941271 0.869409 0.1899161 0.9518786 0.9786219 0.9496358 0.9690957 0.9542092 0.9686122 0.9576984 0.9700514 0.9518786 0.9786219 0.9542092 0.9686122 0.9322059 0.977555 0.9342042 0.9674875 0.939288 0.9679911 0.8790223 0.1847937 0.8732926 0.1815096 0.88032 0.1799272 0.9059885 0.9780505 0.9176023 0.9612055 0.9230016 0.9640892 0.8798131 0.1997041 0.8724013 0.2009051 0.8807899 0.1945585 0.8806116 0.9794631 0.9077155 0.960309 0.9120795 0.9607403 0.925096 0.9684764 0.9059885 0.9780505 0.9230016 0.9640892 0.9424543 0.9705777 0.9322059 0.977555 0.939288 0.9679911 0.9438054 0.9622966 0.9465327 0.9613186 0.945861 0.9637527 0.9336591 0.9562608 0.93672 0.9564374 0.9352502 0.9588927 0.9120795 0.9607403 0.923579 0.9505203 0.9260596 0.9514401 0.9212719 0.9807151 0.9153904 0.9880985 0.9110312 0.9834027 0.9230016 0.9640892 0.9295426 0.9529571 0.9336591 0.9562608 0.9427639 0.9819619 0.9387195 0.9862747 0.9365053 0.982387 0.939288 0.9679911 0.9401441 0.9608688 0.9438054 0.9622966 0.958899 0.963706 0.9542092 0.9686122 0.9556786 0.9628583 0.9542092 0.9686122 0.9513181 0.9629548 0.9556786 0.9628583 0.8849148 0.1874274 0.8790247 0.1866972 0.8844526 0.1848675 0.8875945 0.1955443 0.884014 0.2046003 0.8804093 0.2024499 0.8946343 0.2066038 0.8875511 0.2137405 0.8936218 0.2043447 0.8679369 0.2109491 0.8691995 0.2033233 0.8724013 0.2009051 0.8922487 0.2012234 0.884014 0.2046003 0.8897916 0.1974415 0.8696199 0.187879 0.8693817 0.18239 0.8732926 0.1815096 0.8856172 0.190898 0.8805503 0.1898782 0.8849148 0.1874274 0.8846491 0.1752035 0.8805478 0.1722971 0.884867 0.1721577 0.8843716 0.1790146 0.8809292 0.1756657 0.8846491 0.1752035 0.923579 0.9505203 0.9101523 0.9540944 0.9222705 0.948035 0.9588552 0.9704881 0.9637769 0.9781536 0.9581197 0.9839107 0.8936218 0.2043447 0.8866466 0.2092781 0.8922487 0.2012234 0.9176023 0.9612055 0.9260596 0.9514401 0.9295426 0.9529571 0.8962045 0.9767173 0.9120795 0.9607403 0.9176023 0.9612055 0.8875511 0.2137405 0.877116 0.2237639 0.8866466 0.2092781 0.9295426 0.9529571 0.9279242 0.9495288 0.9313019 0.9509258 0.8780035 0.9811362 0.88528 0.9902977 0.874192 0.9809611 0.8773664 0.2311496 0.8749111 0.2271072 0.877116 0.2237639 0.8922331 0.9795606 0.8806116 0.9794631 0.8962045 0.9767173 0.9110312 0.9834027 0.9108356 0.9817446 0.9120535 0.9824835 0.8677481 0.2145103 0.8648703 0.2138375 0.8679369 0.2109491 0.9352502 0.9588927 0.9387901 0.9578591 0.9372492 0.9602752 0.9126316 0.988241 0.9110312 0.9834027 0.9153904 0.9880985 0.9120535 0.9824835 0.925096 0.9684764 0.9278622 0.9690864 0.8804093 0.2024499 0.8679369 0.2109491 0.8798131 0.1997041 0.9278622 0.9690864 0.9352502 0.9588927 0.9372492 0.9602752 0.8875945 0.1955443 0.8798131 0.1997041 0.8863734 0.1934773 0.9342042 0.9674875 0.9372492 0.9602752 0.9401441 0.9608688 0.9365053 0.982387 0.9364056 0.981141 0.9375401 0.9812961 0.869409 0.1899161 0.8657613 0.1891276 0.8696199 0.187879 0.9474377 0.9639974 0.9465327 0.9613186 0.9482848 0.9616406 0.9365053 0.982387 0.9374153 0.9863677 0.9360249 0.9824092 0.9375401 0.9812961 0.9424543 0.9705777 0.9442594 0.9708195 0.8790247 0.1866972 0.8696199 0.187879 0.8790223 0.1847937 0.9442594 0.9708195 0.945861 0.9637527 0.9474377 0.9639974 0.8844526 0.1848675 0.8790223 0.1847937 0.8843879 0.1830374 0.9496358 0.9690957 0.9474377 0.9639974 0.9513181 0.9629548 0.9598769 0.9639418 0.9576984 0.9700514 0.958899 0.963706 0.9588552 0.9704881 0.9566196 0.9832185 0.9576984 0.9700514 0.8804229 0.1711946 0.8715522 0.1726339 0.8711324 0.1713324 0.958899 0.963706 0.9592289 0.9612886 0.9598769 0.9639418 0.9505513 0.983808 0.9511043 0.9918889 0.9471778 0.9922637 0.8711324 0.1713324 0.8675498 0.1726398 0.8671256 0.1712231 0.9581197 0.9839107 0.9570277 0.9870998 0.9566196 0.9832185 0.5546395 0.9744825 0.5603674 0.9746875 0.5550203 0.9757508 0.5802096 0.9750863 0.5868607 0.9755721 0.5806221 0.9767772 0.6129381 0.9710268 0.6130419 0.9744778 0.6104339 0.9728046 0.5868607 0.9755721 0.5784137 0.9815827 0.5806221 0.9767772 0.5948408 0.970059 0.5868607 0.9755721 0.5850568 0.9713921 0.5603674 0.9746875 0.5536298 0.9797093 0.5550203 0.9757508 0.5669802 0.9717646 0.5603674 0.9746875 0.5588392 0.9708965 0.5344254 0.9765601 0.5404938 0.9771497 0.5340173 0.9804418 0.5457179 0.9724043 0.5404938 0.9771497 0.5391665 0.9719634 0.671539 0.01131671 0.67771 0.01138323 0.67575 0.01488155 0.6961303 0.009654223 0.7016915 0.01326793 0.6985962 0.01580917 0.7162121 0.01722961 0.7183454 0.0194534 0.712768 0.01927024 0.5631827 0.962428 0.5669802 0.9717646 0.5568408 0.960829 0.7016915 0.01326793 0.7053833 0.01902049 0.6985962 0.01580917 0.5467857 0.9641612 0.5457179 0.9724043 0.5414093 0.9624372 0.67771 0.01138323 0.682527 0.01430785 0.67575 0.01488155 0.654259 0.01346087 0.6585849 0.01240825 0.658092 0.01638549 0.6585849 0.01240825 0.6631339 0.01520037 0.658092 0.01638549 0.5353664 0.9562 0.539107 0.9534959 0.5397269 0.9562963 0.5557949 0.9522341 0.5680436 0.9574308 0.5659491 0.961818 0.5397269 0.9562963 0.5427601 0.9549822 0.5436074 0.9573389 0.6129381 0.9710268 0.6089729 0.9601951 0.6168535 0.9743027 0.5340173 0.9804418 0.5386284 0.9857444 0.5326139 0.9809979 0.545184 0.9570943 0.551757 0.9613324 0.5485906 0.9639194 0.5462883 0.9529359 0.5509009 0.9542105 0.5472397 0.9556382 0.5509009 0.9542105 0.5522549 0.9512006 0.5537958 0.9536167 0.5473198 0.9834676 0.5404938 0.9771497 0.5482811 0.9753036 0.5986341 0.9839632 0.5988123 0.9729022 0.6130419 0.9744778 0.661552 0.0222271 0.6646622 0.02629429 0.66064 0.02627819 0.5558416 0.9471168 0.5615024 0.9462987 0.5573859 0.9496024 0.5789917 0.9758252 0.5697733 0.9740567 0.5669802 0.9717646 0.5642683 0.982729 0.5603674 0.9746875 0.5697733 0.9740567 0.6761817 0.02269583 0.675101 0.02827882 0.672522 0.02752292 0.5535051 0.9746378 0.5482811 0.9753036 0.5457179 0.9724043 0.5910773 0.986651 0.5868607 0.9755721 0.5988123 0.9729022 0.5281041 0.9621075 0.5311681 0.9572834 0.53219 0.9638297 0.5327477 0.9543687 0.5353664 0.9562 0.5321457 0.9570474 0.5649856 0.9447815 0.5655726 0.9419123 0.5674661 0.9438618 0.5266044 0.9754043 0.5329254 0.9772524 0.5326139 0.9809979 0.5833297 0.9536506 0.604925 0.9579802 0.6129381 0.9710268 0.658092 0.01638549 0.661552 0.0222271 0.6572911 0.02283632 0.653923 0.02245545 0.658092 0.01638549 0.6572911 0.02283632 0.67575 0.01488155 0.6761817 0.02269583 0.6715019 0.02245664 0.6527871 0.02684545 0.653923 0.02245545 0.6537837 0.02677386 0.6985962 0.01580917 0.6908999 0.02855086 0.6862224 0.02591896 0.712768 0.01927024 0.6987161 0.03014123 0.6953617 0.029455 0.684072 0.02231478 0.6985962 0.01580917 0.6862224 0.02591896 0.6683213 0.02093136 0.67575 0.01488155 0.6715019 0.02245664 0.5414093 0.9624372 0.5391665 0.9719634 0.5368357 0.9619536 0.5333467 0.963393 0.5391665 0.9719634 0.5344254 0.9765601 0.5568408 0.960829 0.5588392 0.9708965 0.551757 0.9613324 0.6631339 0.01520037 0.666418 0.02092909 0.661552 0.0222271 0.5734428 0.954547 0.5850568 0.9713921 0.5680436 0.9574308 0.682527 0.01430785 0.6813266 0.02171885 0.6761817 0.02269583 0.5833297 0.9536506 0.6104339 0.9728046 0.5789657 0.9540817 0.5659491 0.961818 0.5850568 0.9713921 0.5802096 0.9750863 0.5485906 0.9639194 0.5588392 0.9708965 0.5546395 0.9744825 0.5445122 0.9546601 0.5472397 0.9556382 0.545184 0.9570943 0.5543251 0.949779 0.5573859 0.9496024 0.5557949 0.9522341 0.5674661 0.9438618 0.5789657 0.9540817 0.5649856 0.9447815 0.5756549 0.98144 0.5697733 0.9740567 0.5800141 0.9767444 0.5615024 0.9462987 0.5680436 0.9574308 0.5573859 0.9496024 0.5523257 0.9796163 0.5482811 0.9753036 0.5545398 0.9757285 0.5509009 0.9542105 0.551757 0.9613324 0.5472397 0.9556382 0.5321457 0.9570474 0.5368357 0.9619536 0.5333467 0.963393 0.5397269 0.9562963 0.5368357 0.9619536 0.5353664 0.9562 0.6683213 0.02093136 0.6690517 0.02682089 0.6664922 0.02635872 0.677168 0.02949965 0.6862224 0.02591896 0.679065 0.03169631 0.6953617 0.029455 0.6882265 0.0365377 0.6859675 0.03552538 0.6849446 0.01110625 0.6925694 0.009843051 0.682527 0.01430785 0.6862224 0.02591896 0.6828466 0.03415298 0.679065 0.03169631 0.6640139 0.01128995 0.6695021 0.01152777 0.6631339 0.01520037 0.6715019 0.02245664 0.672522 0.02752292 0.6690517 0.02682089 0.653923 0.02245545 0.6568293 0.02655571 0.6537837 0.02677386 0.6572911 0.02283632 0.66064 0.02627819 0.6568293 0.02655571 0.5674661 0.9438618 0.580893 0.9474359 0.5833297 0.9536506 0.527268 0.9714952 0.53219 0.9638297 0.5329254 0.9772524 0.6908999 0.02855086 0.6859675 0.03552538 0.6828466 0.03415298 0.5649856 0.9447815 0.5734428 0.954547 0.5615024 0.9462987 0.5789657 0.9540817 0.5948408 0.970059 0.5734428 0.954547 0.7053833 0.01902049 0.6953617 0.029455 0.6908999 0.02855086 0.5615024 0.9462987 0.5631208 0.9428701 0.5649856 0.9447815 0.6057655 0.9836392 0.6130419 0.9744778 0.6168535 0.9743027 0.7087261 0.01681542 0.712768 0.01927024 0.7053833 0.01902049 0.6104339 0.9728046 0.5988123 0.9729022 0.5948408 0.970059 0.5802096 0.9750863 0.5800141 0.9767444 0.5789917 0.9758252 0.6961303 0.009654223 0.6954571 0.006776571 0.6989158 0.006727337 0.5557949 0.9522341 0.5522549 0.9512006 0.5543251 0.949779 0.5784137 0.9815827 0.5800141 0.9767444 0.5806221 0.9767772 0.5659491 0.961818 0.5789917 0.9758252 0.5631827 0.962428 0.684072 0.02231478 0.6925694 0.009843051 0.6961303 0.009654223 0.5557949 0.9522341 0.5631827 0.962428 0.5537958 0.9536167 0.677168 0.02949965 0.6813266 0.02171885 0.684072 0.02231478 0.5537958 0.9536167 0.5568408 0.960829 0.5509009 0.9542105 0.5546395 0.9744825 0.5545398 0.9757285 0.5535051 0.9746378 0.671539 0.01131671 0.6707504 0.007669448 0.6728227 0.007484495 0.5445122 0.9546601 0.5436074 0.9573389 0.5427601 0.9549822 0.5545398 0.9757285 0.5536298 0.9797093 0.5523257 0.9796163 0.5485906 0.9639194 0.5535051 0.9746378 0.5467857 0.9641612 0.6683213 0.02093136 0.6695021 0.01152777 0.671539 0.01131671 0.545184 0.9570943 0.5467857 0.9641612 0.5436074 0.9573389 0.6664922 0.02635872 0.666418 0.02092909 0.6683213 0.02093136 0.5436074 0.9573389 0.5414093 0.9624372 0.5397269 0.9562963 0.5311681 0.9572834 0.5333467 0.963393 0.53219 0.9638297 0.53219 0.9638297 0.5344254 0.9765601 0.5329254 0.9772524 0.6528207 0.02233052 0.654259 0.01346087 0.653923 0.02245545 0.531816 0.9546302 0.5321457 0.9570474 0.5311681 0.9572834 0.5404938 0.9771497 0.5399408 0.9852308 0.5340173 0.9804418 0.6529577 0.01304101 0.6542647 0.00945878 0.654259 0.01346087 0.5329254 0.9772524 0.5340173 0.9804418 0.5326139 0.9809979 0.8524267 0.8005608 0.8588202 0.8223812 0.8397175 0.8445053 0.8821094 0.8236236 0.8588202 0.8223812 0.8524267 0.8005608 0.8675712 0.8515195 0.8397175 0.8445053 0.8588202 0.8223812 0.1627125 0.9478207 0.1677824 0.9411809 0.1809421 0.9525966 0.7926837 0.7347581 0.8522459 0.7318415 0.8522919 0.7679188 0.8522459 0.7318415 0.8955628 0.7291414 0.8951776 0.763972 0.8522919 0.7679188 0.8951776 0.763972 0.8893125 0.795593 0.7973532 0.7780405 0.8522919 0.7679188 0.8524267 0.8005608 0.4805346 0.07887905 0.4914975 0.03362596 0.5365112 0.03897535 0.8563082 0.3297448 0.8065382 0.3338449 0.8187257 0.286366 0.5640847 0.4266703 0.5526282 0.4716559 0.5111318 0.441628 0.5621866 0.2512809 0.5661307 0.2929793 0.5259451 0.2892408 0.5085025 0.1408419 0.4653493 0.1284625 0.4805346 0.07887905 0.7870005 0.5455803 0.7898487 0.5048331 0.8342369 0.5104357 0.8307338 0.3858231 0.7952262 0.3833285 0.8065382 0.3338449 0.8955628 0.7291414 0.8522459 0.7318415 0.8755817 0.700006 0.8375923 0.6995003 0.8522459 0.7318415 0.7926837 0.7347581 0.3997066 0.4024472 0.3540562 0.3564218 0.3916002 0.3201934 0.589232 0.06010937 0.5374502 0.08903056 0.5365112 0.03897535 0.555359 0.2106379 0.5621866 0.2512809 0.5237697 0.248654 0.5219874 0.2097426 0.5237697 0.248654 0.4848976 0.243206 0.3767321 0.2469229 0.4353142 0.2835378 0.3916002 0.3201934 0.5237697 0.248654 0.5259451 0.2892408 0.4861126 0.2837421 0.3916002 0.3201934 0.4353142 0.2835378 0.474208 0.3373842 0.3767321 0.2469229 0.3966997 0.2094812 0.4418796 0.2318129 0.3540562 0.3564218 0.3103827 0.3123897 0.3443386 0.2799551 0.3767321 0.2469229 0.3267948 0.2152754 0.3505856 0.1875998 0.3103827 0.3123897 0.2685592 0.2702227 0.2975459 0.2423189 0.3443386 0.2799551 0.2975459 0.2423189 0.3267948 0.2152754 0.1476964 0.06169533 0.09924334 0.03962773 0.1111929 0.02770733 0.2975459 0.2423189 0.2527486 0.2012544 0.2756749 0.1880529 0.3267948 0.2152754 0.2756749 0.1880529 0.3075754 0.1630476 0.2630739 0.137028 0.2265128 0.109853 0.2413923 0.08796828 0.2265128 0.109853 0.1851541 0.08438342 0.1972559 0.0636661 0.2377052 0.150719 0.2134258 0.1240579 0.2265128 0.109853 0.1835234 0.1419132 0.1778019 0.1053839 0.2134258 0.1240579 0.1851541 0.08438342 0.2265128 0.109853 0.2134258 0.1240579 0.1851541 0.08438342 0.1778019 0.1053839 0.1338976 0.07910978 0.1778019 0.1053839 0.1835234 0.1419132 0.1296234 0.1005565 0.1338976 0.07910978 0.08694982 0.04992705 0.09924334 0.03962773 0.07176226 0.07180923 0.0802893 0.05982476 0.1296234 0.1005565 0.06373143 0.02057808 0.1111929 0.02770733 0.09924334 0.03962773 0.1851541 0.08438342 0.1476964 0.06169533 0.1622925 0.0448293 0.0802893 0.05982476 0.08694982 0.04992705 0.1338976 0.07910978 0.8342369 0.5104357 0.7898487 0.5048331 0.7926275 0.4644137 0.05954986 0.02775853 0.09924334 0.03962773 0.08694982 0.04992705 0.04619425 0.04603123 0.05112302 0.03812897 0.0802893 0.05982476 0.0542134 0.03368723 0.08694982 0.04992705 0.0802893 0.05982476 0.7926837 0.7347581 0.7973532 0.7780405 0.748966 0.7818214 0.7973532 0.7780405 0.8029516 0.8253841 0.748966 0.8257278 0.8955628 0.7291414 0.9397779 0.7324672 0.9319167 0.7651192 0.8951776 0.763972 0.9319167 0.7651192 0.9225463 0.7974264 0.8538013 0.8836357 0.8241546 0.8786102 0.8397175 0.8445053 0.8817543 0.8914566 0.8538013 0.8836357 0.8675712 0.8515195 0.8241546 0.8786102 0.7898861 0.8732095 0.8029516 0.8253841 0.8126872 0.913621 0.7824559 0.9118666 0.7898861 0.8732095 0.8650524 0.9231938 0.8417837 0.9172275 0.8538013 0.8836357 0.7824559 0.9118666 0.8126872 0.913621 0.8014783 0.9402921 0.8126872 0.913621 0.8417837 0.9172275 0.8260915 0.9422873 0.8014783 0.9402921 0.8260915 0.9422873 0.8153573 0.9659013 0.7759987 0.9408169 0.8014783 0.9402921 0.7936944 0.9654259 0.7489661 0.9113448 0.7824559 0.9118666 0.7759987 0.9408169 0.7489661 0.9408244 0.7759987 0.9408169 0.7718237 0.9680726 0.8417837 0.9172275 0.8650524 0.9231938 0.8489471 0.9484009 0.8260915 0.9422873 0.8489471 0.9484009 0.8358607 0.9711782 0.589232 0.06010937 0.608791 0.08424091 0.5732901 0.1111906 0.608791 0.08424091 0.6307826 0.1052595 0.5997875 0.1307772 0.8290459 0.5519257 0.8232302 0.5950734 0.7826541 0.5868607 0.5374502 0.08903056 0.5732901 0.1111906 0.5400274 0.1527192 0.5732901 0.1111906 0.5997875 0.1307772 0.5803366 0.1593059 0.8232302 0.5950734 0.8288922 0.6565405 0.7848027 0.64221 0.7489659 0.5455203 0.7870005 0.5455803 0.7826541 0.5868607 0.7826541 0.5868607 0.7848027 0.64221 0.748966 0.6346375 0.8893125 0.795593 0.9225463 0.7974264 0.9121351 0.8282538 0.8821094 0.8236236 0.9121351 0.8282538 0.897686 0.8595601 0.4390665 0.4421307 0.3997066 0.4024472 0.4369708 0.3685227 0.2527486 0.2012544 0.1835234 0.1419132 0.2377052 0.150719 0.2756749 0.1880529 0.2377052 0.150719 0.2630739 0.137028 0.3075754 0.1630476 0.2630739 0.137028 0.2836561 0.113425 0.03960275 0.02310234 0.06373143 0.02057808 0.05954986 0.02775853 0.0370382 0.03015816 0.03677654 0.02801275 0.0542134 0.03368723 0.03761047 0.02542549 0.05954986 0.02775853 0.0542134 0.03368723 0.0370382 0.03015816 0.05112302 0.03812897 0.04619425 0.04603123 0.8417837 0.9172275 0.8126872 0.913621 0.8241546 0.8786102 0.4805346 0.07887905 0.4653493 0.1284625 0.4281616 0.1179867 0.5661307 0.2929793 0.5677707 0.3374921 0.5275202 0.3301919 0.4805346 0.07887905 0.429035 0.06467103 0.4445478 0.02333927 0.5259451 0.2892408 0.5275202 0.3301919 0.4964735 0.3174464 0.474208 0.3373842 0.5191757 0.3767282 0.4783791 0.4064475 0.1622925 0.0448293 0.1111929 0.02770733 0.1216921 0.01058584 0.06720584 0.006717205 0.1216921 0.01058584 0.1111929 0.02770733 0.7489657 0.2753866 0.8187257 0.286366 0.8065382 0.3338449 0.9719392 0.7780088 0.9319167 0.7651192 0.9397779 0.7324672 0.9580153 0.8107424 0.9225463 0.7974264 0.9319167 0.7651192 0.8704327 0.9602326 0.8489471 0.9484009 0.8650524 0.9231938 0.8548305 0.9804768 0.8358607 0.9711782 0.8489471 0.9484009 0.943481 0.8410232 0.9121351 0.8282538 0.9225463 0.7974264 0.926707 0.8714643 0.897686 0.8595601 0.9121351 0.8282538 0.02980965 0.01597112 0.06720584 0.006717205 0.06373143 0.02057808 0.6674283 0.1451306 0.6542259 0.129196 0.6912008 0.1009624 0.8288922 0.6565405 0.8375923 0.6995003 0.7885556 0.6913336 0.7848027 0.64221 0.7885556 0.6913336 0.748966 0.6890602 0.8701188 0.5653876 0.8767575 0.5248466 0.9242992 0.539103 0.8767575 0.5248466 0.8812524 0.4908316 0.9292623 0.4991093 0.8631044 0.6024734 0.8701188 0.5653876 0.914322 0.5843021 0.8581057 0.6409971 0.8631044 0.6024734 0.9020676 0.6168304 0.7928985 0.4241081 0.7952262 0.3833285 0.8307338 0.3858231 0.7489659 0.3906339 0.7952262 0.3833285 0.7928985 0.4241081 0.7489659 0.3424999 0.8065382 0.3338449 0.7952262 0.3833285 0.6221017 0.1523064 0.6542259 0.129196 0.6674283 0.1451306 0.6072046 0.1746891 0.6221017 0.1523064 0.6340062 0.1749154 0.4848976 0.243206 0.4861126 0.2837421 0.4353142 0.2835378 0.5275202 0.3301919 0.5191757 0.3767282 0.474208 0.3373842 0.06908017 0.8704395 0.0796706 0.8624828 0.08813452 0.8659121 0.5677707 0.3374921 0.5677707 0.3872858 0.5191757 0.3767282 0.4445478 0.02333927 0.429035 0.06467103 0.3859075 0.02639538 0.4861126 0.2837421 0.4964735 0.3174464 0.474208 0.3373842 0.8767575 0.5248466 0.8701188 0.5653876 0.8290459 0.5519257 0.8812524 0.4908316 0.8767575 0.5248466 0.8342369 0.5104357 0.8701188 0.5653876 0.8631044 0.6024734 0.8232302 0.5950734 0.8581057 0.6409971 0.8288922 0.6565405 0.8232302 0.5950734 0.1072803 0.7645669 0.1407762 0.7744056 0.1307191 0.7870973 0.4888834 0.2034809 0.4942408 0.1680641 0.5230115 0.171464 0.5219874 0.2097426 0.5230115 0.171464 0.5501799 0.1681678 0.5798465 0.02518367 0.6243311 0.008310139 0.6379366 0.03384584 0.8817543 0.8914566 0.9083034 0.9031738 0.8900018 0.9354519 0.2413923 0.08796828 0.1972559 0.0636661 0.211968 0.03847241 0.1972559 0.0636661 0.1622925 0.0448293 0.1750616 0.02435255 0.897686 0.8595601 0.926707 0.8714643 0.9083034 0.9031738 0.2836561 0.113425 0.2413923 0.08796828 0.2586978 0.05924987 0.3282501 0.1368676 0.2836561 0.113425 0.3047671 0.08171814 0.7111987 0.1318603 0.7279603 0.1617036 0.6903645 0.1888858 0.608791 0.08424091 0.589232 0.06010937 0.6379366 0.03384584 0.7489659 0.5040805 0.7489659 0.4639943 0.7926275 0.4644137 0.2685592 0.2702227 0.2243806 0.2256811 0.2527486 0.2012544 0.3706728 0.1573433 0.3883704 0.1268949 0.4240912 0.1437177 0.4120868 0.1766149 0.4240912 0.1437177 0.4620466 0.1589885 0.4888834 0.2034809 0.4848976 0.243206 0.4418796 0.2318129 0.7870005 0.5455803 0.7489659 0.5455203 0.7489659 0.5040805 0.7824559 0.9118666 0.7489661 0.9113448 0.748966 0.8718366 0.7898861 0.8732095 0.748966 0.8718366 0.748966 0.8257278 0.1835234 0.1419132 0.1705016 0.1713598 0.1164681 0.1168823 0.2527486 0.2012544 0.2243806 0.2256811 0.1705016 0.1713598 0.5163411 0.5200402 0.4754623 0.4788254 0.5111318 0.441628 0.7885556 0.6913336 0.7926837 0.7347581 0.748966 0.7355898 0.6307826 0.1052595 0.608791 0.08424091 0.6515315 0.05069959 0.03761047 0.02542549 0.02548742 0.02515435 0.02980965 0.01597112 0.03677654 0.02801275 0.03057444 0.03028321 0.02548742 0.02515435 0.0370382 0.03015816 0.03270161 0.03242784 0.03057444 0.03028321 0.3966997 0.2094812 0.4120868 0.1766149 0.4518215 0.1923992 0.3966997 0.2094812 0.3505856 0.1875998 0.3706728 0.1573433 0.3282501 0.1368676 0.3706728 0.1573433 0.3505856 0.1875998 0.4942408 0.1680641 0.4888834 0.2034809 0.4518215 0.1923992 0.3471965 0.1050254 0.3883704 0.1268949 0.3706728 0.1573433 0.4754623 0.4788254 0.4390665 0.4421307 0.4783791 0.4064475 0.5333883 0.4169845 0.5111318 0.441628 0.4783791 0.4064475 0.1517154 0.8438547 0.1314601 0.8560696 0.1238203 0.8402934 0.5333883 0.4169845 0.5191757 0.3767282 0.5677707 0.3872858 0.871898 0.2901045 0.9162735 0.2917776 0.9137496 0.3122757 0.8319209 0.4242763 0.8420264 0.4658475 0.7926275 0.4644137 0.1570511 0.7994742 0.1623646 0.8241853 0.1465953 0.8182615 0.7489659 0.4273015 0.7928985 0.4241081 0.7926275 0.4644137 0.1307191 0.7870973 0.1428602 0.8029423 0.1279361 0.811055 0.1465953 0.8182615 0.1402946 0.8288324 0.1279361 0.811055 0.09127247 0.802439 0.1120783 0.7876917 0.1279361 0.811055 0.1116775 0.8225557 0.1279361 0.811055 0.1402946 0.8288324 0.07952803 0.7649431 0.1072803 0.7645669 0.1120783 0.7876917 0.1623646 0.8241853 0.1517154 0.8438547 0.1402946 0.8288324 0.1407762 0.7744056 0.1570511 0.7994742 0.1428602 0.8029423 0.1514708 0.7621444 0.1746566 0.7955085 0.1570511 0.7994742 0.1822424 0.8317378 0.1667176 0.8640587 0.1517154 0.8438547 0.1052887 0.7446987 0.1072803 0.7645669 0.07952803 0.7649431 0.06052649 0.8426994 0.05872815 0.8530241 0.04331356 0.8484409 0.1746566 0.7955085 0.1822424 0.8317378 0.1623646 0.8241853 0.1667176 0.8640587 0.1394279 0.8774998 0.1314601 0.8560696 0.1514708 0.7621444 0.1407762 0.7744056 0.1072803 0.7645669 0.09182912 0.8770968 0.08813452 0.8659121 0.09521919 0.8700769 0.8563082 0.3297448 0.8914779 0.3419817 0.8468399 0.3918412 0.429035 0.06467103 0.4080464 0.07499814 0.3809534 0.04222697 0.8319209 0.4242763 0.8537579 0.4183124 0.8735261 0.4448645 0.9292623 0.4991093 0.8812524 0.4908316 0.8974195 0.4680513 0.8319209 0.4242763 0.8307338 0.3858231 0.8468399 0.3918412 0.9137496 0.3122757 0.9163734 0.3294627 0.8914779 0.3419817 0.8812524 0.4908316 0.8420264 0.4658475 0.8735261 0.4448645 0.4281616 0.1179867 0.4074529 0.1120175 0.4080464 0.07499814 0.08393806 0.853838 0.08841949 0.8422568 0.0949257 0.8481475 0.08813452 0.8659121 0.09189862 0.8567754 0.1004288 0.8618602 0.08813452 0.8659121 0.0796706 0.8624828 0.08393806 0.853838 0.1030856 0.8366271 0.0949257 0.8481475 0.08841949 0.8422568 0.06262964 0.8183938 0.06295955 0.8306058 0.04304528 0.8246028 0.1030856 0.8366271 0.1106624 0.84916 0.1025983 0.8529629 0.1069479 0.8787407 0.09521919 0.8700769 0.1004288 0.8618602 0.1238203 0.8402934 0.1106624 0.84916 0.1030856 0.8366271 0.05059027 0.8590919 0.03570121 0.8567106 0.04331356 0.8484409 0.1116775 0.8225557 0.1030856 0.8366271 0.0921427 0.8292062 0.1139166 0.8850454 0.09182912 0.8770968 0.1069479 0.8787407 0.05634307 0.7707461 0.0406143 0.7740985 0.03128856 0.7505364 0.05864334 0.8857894 0.06908017 0.8704395 0.09182912 0.8770968 0.06908017 0.8704395 0.05815315 0.8643664 0.07028311 0.8569402 0.08841949 0.8422568 0.08393806 0.853838 0.07356292 0.8482288 0.09127247 0.802439 0.0921427 0.8292062 0.08065253 0.8240497 0.06090259 0.7939737 0.06262964 0.8183938 0.04192394 0.8132225 0.05634307 0.7707461 0.06090259 0.7939737 0.04327976 0.7949519 0.03968828 0.8703124 0.02846097 0.8677933 0.03570121 0.8567106 0.05864334 0.8857894 0.04827964 0.8743431 0.05815315 0.8643664 0.04192394 0.8132225 0.02126741 0.8069409 0.02574723 0.794797 0.03128856 0.7505364 0.0406143 0.7740985 0.02508515 0.7788605 0.04277956 0.8376889 0.04331356 0.8484409 0.02628433 0.8505374 0.03570121 0.8567106 0.01574325 0.8574465 0.02628433 0.8505374 0.07374274 0.7355077 0.07952803 0.7649431 0.07020562 0.7670924 0.0921427 0.8292062 0.08841949 0.8422568 0.07827168 0.8379805 0.06295955 0.8306058 0.06052649 0.8426994 0.04277956 0.8376889 0.08393806 0.853838 0.0796706 0.8624828 0.07028311 0.8569402 0.04304528 0.8246028 0.04277956 0.8376889 0.02179956 0.8307701 0.02846097 0.8677933 0.007797598 0.8676528 0.01574325 0.8574465 0.04327976 0.7949519 0.02574723 0.794797 0.02508515 0.7788605 0.04192394 0.8132225 0.04304528 0.8246028 0.02178573 0.8178342 0.9407487 0.2980243 0.9347428 0.281445 0.940198 0.2794365 0.4391582 0.9250922 0.4143171 0.9133204 0.4219246 0.903953 0.9692664 0.2689639 0.9532637 0.2743897 0.958958 0.2407651 0.9748724 0.2961785 0.9667033 0.2930654 0.9670425 0.2831216 0.4613525 0.9352099 0.4391582 0.9250922 0.4447996 0.9183186 0.9740589 0.2800731 0.9670425 0.2831216 0.9692664 0.2689639 0.9643152 0.3082106 0.9596798 0.2977893 0.9667033 0.2930654 0.9407487 0.2980243 0.9473673 0.293491 0.9521927 0.3002254 0.4492344 0.9566066 0.4616088 0.9552367 0.467866 0.965308 0.4492344 0.9566066 0.4519305 0.9736046 0.4370012 0.9713397 0.4370012 0.9713397 0.4160145 0.9700998 0.4173614 0.9581808 0.4873779 0.977129 0.4741934 0.966713 0.4942343 0.9562863 0.4672633 0.9429445 0.4613525 0.9352099 0.4692251 0.9257856 0.9347428 0.281445 0.9230419 0.2542655 0.9309404 0.2517762 0.4699478 0.9539648 0.4672633 0.9429445 0.4818992 0.9350794 0.4699478 0.9539648 0.4888516 0.9464217 0.4942343 0.9562863 0.9558231 0.2889088 0.9473673 0.293491 0.940198 0.2794365 0.9558231 0.2889088 0.9596798 0.2977893 0.9521927 0.3002254 0.9670425 0.2831216 0.9558231 0.2889088 0.9532637 0.2743897 0.9667033 0.2930654 0.9596798 0.2977893 0.9558231 0.2889088 0.07020562 0.7670924 0.07734829 0.7956893 0.06090259 0.7939737 0.05452334 0.7392672 0.07020562 0.7670924 0.05634307 0.7707461 0.04827964 0.8743431 0.03968828 0.8703124 0.05059027 0.8590919 0.06052649 0.8426994 0.06295955 0.8306058 0.07827168 0.8379805 0.05872815 0.8530241 0.06052649 0.8426994 0.07356292 0.8482288 0.06262964 0.8183938 0.06090259 0.7939737 0.07734829 0.7956893 0.05815315 0.8643664 0.05059027 0.8590919 0.05872815 0.8530241 0.06295955 0.8306058 0.06262964 0.8183938 0.08065253 0.8240497 0.07952803 0.7649431 0.09127247 0.802439 0.07734829 0.7956893 0.9532637 0.2743897 0.940198 0.2794365 0.9309404 0.2517762 0.4532457 0.9435145 0.4293519 0.9378795 0.4391582 0.9250922 0.4377124 0.9530573 0.4173614 0.9581808 0.4216073 0.9501317 0.9769929 0.2638391 0.9692664 0.2689639 0.9738035 0.2400583 0.9822535 0.2388352 0.9738035 0.2400583 0.9714978 0.2202858 0.4160145 0.9700998 0.3902437 0.9701758 0.3927377 0.9544818 0.958958 0.2407651 0.956355 0.2225124 0.9714978 0.2202858 0.9230419 0.2542655 0.9148915 0.2318866 0.9282438 0.2312683 0.4293519 0.9378795 0.4041581 0.9261544 0.4143171 0.9133204 0.4219246 0.903953 0.4143171 0.9133204 0.3968639 0.8937362 0.9434518 0.2450208 0.9309404 0.2517762 0.9282438 0.2312683 0.4173614 0.9581808 0.3927377 0.9544818 0.3955239 0.9436501 0.9410709 0.2263962 0.9282438 0.2312683 0.9288341 0.2127482 0.3927377 0.9544818 0.3654015 0.9569558 0.3692158 0.9445263 0.9148915 0.2318866 0.9145397 0.2085462 0.9288341 0.2127482 0.3902437 0.9701758 0.3680534 0.9726207 0.3654015 0.9569558 0.956355 0.2225124 0.9532051 0.2067194 0.9668347 0.2049131 0.4143171 0.9133204 0.4041581 0.9261544 0.3822205 0.9085283 0.9822778 0.2158239 0.9714978 0.2202858 0.9668347 0.2049131 0.3955239 0.9436501 0.3710077 0.9371218 0.3794716 0.914164 0.4041581 0.9261544 0.4293519 0.9378795 0.4216073 0.9501317 0.958958 0.2407651 0.9434518 0.2450208 0.9410709 0.2263962 0.9400481 0.2101362 0.9532051 0.2067194 0.956355 0.2225124 0.4519305 0.9736046 0.467866 0.965308 0.4711804 0.9812905 0.4942343 0.9562863 0.5107141 0.9501342 0.5132632 0.9660083 0.4942343 0.9562863 0.4888516 0.9464217 0.5025067 0.937899 0.5025067 0.937899 0.4888516 0.9464217 0.4818992 0.9350794 0.4519305 0.9736046 0.4548915 0.9854193 0.4387695 0.9823715 0.477952 0.9165055 0.4943753 0.9249449 0.4818992 0.9350794 0.4370012 0.9713397 0.4387695 0.9823715 0.41372 0.981277 0.4486313 0.9096188 0.477952 0.9165055 0.4692251 0.9257856 0.41372 0.981277 0.3907231 0.9823709 0.3902437 0.9701758 0.4447996 0.9183186 0.4219246 0.903953 0.4287544 0.8968479 0.3902437 0.9701758 0.3907231 0.9823709 0.3697313 0.9852671 0.4287544 0.8968479 0.4219246 0.903953 0.4056397 0.8828203 0.9643152 0.3082106 0.9496414 0.3101297 0.9521927 0.3002254 0.3727185 0.8837552 0.3644924 0.8785341 0.3685724 0.8726604 0.3557094 0.9715709 0.3496978 0.9645292 0.353201 0.9616999 0.3553283 0.9002184 0.3486393 0.9079194 0.3428089 0.8974217 0.9091073 0.1967102 0.9019175 0.1878091 0.9243969 0.182233 0.3463023 0.928019 0.3460844 0.9177627 0.3537963 0.9198216 0.3439511 0.9480107 0.3571204 0.951604 0.3519665 0.9550397 0.9288341 0.2127482 0.9145397 0.2085462 0.9320209 0.1939907 0.9320209 0.1939907 0.955368 0.1882852 0.9532051 0.2067194 0.955368 0.1882852 0.9773635 0.1964389 0.9668347 0.2049131 0.9019175 0.1878091 0.9043822 0.1826253 0.9169454 0.1792843 0.353201 0.9616999 0.3496978 0.9645292 0.3469816 0.9571425 0.3586302 0.9596797 0.353201 0.9616999 0.3519665 0.9550397 0.3557094 0.9715709 0.3582124 0.9767256 0.3484047 0.9755443 0.3439511 0.9480107 0.3469816 0.9571425 0.3363839 0.9529021 0.9789121 0.1833787 0.9569552 0.1830902 0.9550276 0.1750606 0.9815953 0.1744035 0.9550276 0.1750606 0.9606349 0.1710386 0.3556809 0.9123124 0.3537963 0.9198216 0.3460844 0.9177627 0.3627216 0.9130058 0.3598918 0.925423 0.3537963 0.9198216 0.9323729 0.1867813 0.9264327 0.1799126 0.9488199 0.1744164 0.3553283 0.9002184 0.3627216 0.9130058 0.3556809 0.9123124 0.3463023 0.928019 0.3387402 0.9322389 0.3368094 0.9231939 0.9264327 0.1799126 0.9288811 0.1744893 0.9419525 0.1713147 0.3888643 0.8800232 0.383089 0.8830986 0.3811118 0.8777687 0.3992155 0.8775452 0.3900538 0.8869952 0.3888643 0.8800232 0.3727185 0.8837552 0.3811118 0.8777687 0.383089 0.8830986 0.3900538 0.8869952 0.3828591 0.890923 0.383089 0.8830986 0.3992155 0.8775452 0.3892291 0.8734565 0.3952037 0.8636996 0.955368 0.1882852 0.9569552 0.1830902 0.9789121 0.1833787 0.3465854 0.9396442 0.3439511 0.9480107 0.3388816 0.9443203 0.3680534 0.9726207 0.3697313 0.9852671 0.3582124 0.9767256 0.3654015 0.9569558 0.3586302 0.9596797 0.3571204 0.951604 0.3465854 0.9396442 0.3692158 0.9445263 0.3571204 0.951604 0.3680534 0.9726207 0.3557094 0.9715709 0.3586302 0.9596797 0.3467114 0.9369729 0.3368756 0.9392743 0.3387402 0.9322389 0.3636378 0.8926267 0.3794716 0.914164 0.3627216 0.9130058 0.9320209 0.1939907 0.9323729 0.1867813 0.951552 0.182583 0.3794716 0.914164 0.3710077 0.9371218 0.3598918 0.925423 0.3467114 0.9369729 0.3463023 0.928019 0.3598918 0.925423 0.3636378 0.8926267 0.3553283 0.9002184 0.351435 0.8901852 0.4056397 0.8828203 0.3992155 0.8775452 0.4041978 0.8721992 0.3968639 0.8937362 0.3822205 0.9085283 0.3828591 0.890923 0.3659783 0.8911135 0.3727185 0.8837552 0.3828591 0.890923 0.3968639 0.8937362 0.3900538 0.8869952 0.3992155 0.8775452 0.9320209 0.1939907 0.9145397 0.2085462 0.9091073 0.1967102 0.3659783 0.8911135 0.3548679 0.8826936 0.3644924 0.8785341 0.3360448 0.96069 0.342078 0.9608162 0.3444259 0.9670962 0.337439 0.9027954 0.3433063 0.9080961 0.3413468 0.9138868 0.3752685 0.8651341 0.3884496 0.8617053 0.3866656 0.8690924 0.8861653 0.3823105 0.8912981 0.3759772 0.896333 0.3839452 0.9046604 0.2434757 0.9046604 0.251836 0.9024987 0.2511904 0.8845294 0.3884316 0.8934075 0.3900486 0.8924947 0.3935713 0.3484047 0.9755443 0.342277 0.9724634 0.3444259 0.9670962 0.3952037 0.8636996 0.3892291 0.8734565 0.3866656 0.8690924 0.3368094 0.9231939 0.3347566 0.915588 0.3413468 0.9138868 0.3363839 0.9529021 0.3469816 0.9571425 0.342078 0.9608162 0.3685724 0.8726604 0.3752685 0.8651341 0.3812345 0.872062 0.3428089 0.8974217 0.3486393 0.9079194 0.3433063 0.9080961 0.3465854 0.9396442 0.3467114 0.9369729 0.3710077 0.9371218 0.3636378 0.8926267 0.3659783 0.8911135 0.3822205 0.9085283 0.8485954 0.6718733 0.85935 0.6885859 0.8375923 0.6995003 0.8791312 0.6646734 0.8578564 0.660722 0.8581057 0.6409971 0.6010538 0.1852082 0.6072046 0.1746891 0.6160448 0.2014065 0.8578564 0.660722 0.8485954 0.6718733 0.8288922 0.6565405 0.5816023 0.1749989 0.5803366 0.1593059 0.6072046 0.1746891 0.6307826 0.1052595 0.6542259 0.129196 0.6221017 0.1523064 0.6542259 0.129196 0.6307826 0.1052595 0.6731787 0.07691305 0.5803366 0.1593059 0.5997875 0.1307772 0.6221017 0.1523064 0.9306662 0.9155489 0.9375614 0.9121446 0.937767 0.9250276 0.9685523 0.9352621 0.9467929 0.9408027 0.950402 0.9316629 0.931095 0.9027603 0.9347608 0.8992339 0.9375614 0.9121446 0.98498 0.9144653 0.9685523 0.9352621 0.9683353 0.9291692 0.9467929 0.9408027 0.9306622 0.9320176 0.937767 0.9250276 0.9347608 0.8992339 0.9375841 0.8975217 0.9427535 0.9068747 0.9801789 0.9118475 0.9683353 0.9291692 0.9696221 0.915517 0.9683353 0.9291692 0.950402 0.9316629 0.9578987 0.9193556 0.950402 0.9316629 0.937767 0.9250276 0.946896 0.9143248 0.9375614 0.9121446 0.9427535 0.9068747 0.946896 0.9143248 0.9696221 0.915517 0.9578987 0.9193556 0.9664332 0.891545 0.9578987 0.9193556 0.946896 0.9143248 0.9583799 0.889029 0.9427535 0.9068747 0.9489712 0.8867697 0.9583799 0.889029 0.9375841 0.8975217 0.9397873 0.8836058 0.9489712 0.8867697 0.9793822 0.9081951 0.9696221 0.915517 0.9729037 0.8937044 0.9397873 0.8836058 0.9393354 0.8764955 0.9506381 0.8796245 0.9729037 0.8937044 0.9748436 0.8854745 0.9813514 0.8871136 0.9664332 0.891545 0.9704018 0.88312 0.9748436 0.8854745 0.9664332 0.891545 0.9583799 0.889029 0.9622828 0.8813256 0.9583799 0.889029 0.9489712 0.8867697 0.9506381 0.8796245 0.9704018 0.88312 0.9706632 0.8759307 0.9767034 0.8784248 0.9622828 0.8813256 0.9627508 0.8743916 0.9706632 0.8759307 0.9506381 0.8796245 0.9531617 0.8730471 0.9627508 0.8743916 0.9506381 0.8796245 0.9393354 0.8764955 0.9445087 0.8719341 0.9813514 0.8871136 0.9748436 0.8854745 0.9767034 0.8784248 0.9531617 0.8730471 0.9445087 0.8719341 0.9505745 0.857934 0.9828944 0.8795237 0.9767034 0.8784248 0.9792006 0.864611 0.9706632 0.8759307 0.9724354 0.8611017 0.9792006 0.864611 0.9627508 0.8743916 0.9657715 0.8582615 0.9724354 0.8611017 0.9627508 0.8743916 0.9531617 0.8730471 0.957617 0.8570731 0.215423 0.007306933 0.2249247 0.006666839 0.2215183 0.01574712 0.3102358 0.9655169 0.296782 0.9614266 0.3013886 0.9551807 0.3083209 0.9743031 0.2923849 0.96878 0.296782 0.9614266 0.3083209 0.9743031 0.3043795 0.9806847 0.2916593 0.9754425 0.2088802 0.02077531 0.2124628 0.01429849 0.2215183 0.01574712 0.2923849 0.96878 0.2792903 0.9653172 0.2882766 0.9542126 0.2923849 0.96878 0.2916593 0.9754425 0.2794584 0.971505 0.2210787 0.02647507 0.2215183 0.01574712 0.2309507 0.02179932 0.2249247 0.006666839 0.2334688 0.006677567 0.23181 0.01463049 0.296782 0.9614266 0.2882766 0.9542126 0.2943735 0.9494354 0.8375923 0.6995003 0.85935 0.6885859 0.8755817 0.700006 0.2321087 0.03322339 0.2309507 0.02179932 0.2438389 0.02590256 0.2334688 0.006677567 0.2461482 0.006725728 0.2439132 0.01437032 0.2943735 0.9494354 0.2882766 0.9542126 0.2763726 0.9369475 0.2796802 0.9518055 0.2752621 0.9578655 0.2618161 0.9541243 0.2792903 0.9653172 0.2794584 0.971505 0.2637838 0.9681319 0.2437788 0.0154035 0.2437853 0.02481752 0.2309507 0.02179932 0.2586088 0.9759842 0.2541788 0.9787124 0.2525787 0.9730531 0.2574205 0.9687302 0.2525787 0.9730531 0.2492927 0.9701297 0.2453917 0.9616881 0.2544004 0.9652167 0.2492927 0.9701297 0.2752621 0.9578655 0.2792903 0.9653172 0.26125 0.9573194 0.2763726 0.9369475 0.2882766 0.9542126 0.2796802 0.9518055 0.2672503 0.9213662 0.2763726 0.9369475 0.2744761 0.938117 0.2618161 0.9541243 0.26125 0.9573194 0.2447161 0.9546477 0.2757017 0.01054733 0.2782608 0.01327633 0.2773193 0.01414263 0.2794333 0.009825766 0.2800359 0.013233 0.2782608 0.01327633 0.5226323 0.01095014 0.525389 0.01028984 0.5253371 0.01171725 0.2605547 0.9261611 0.2610992 0.9368323 0.2545169 0.9334214 0.2528287 0.0331518 0.2509926 0.02548068 0.2561076 0.02686232 0.2532628 0.006679117 0.2580156 0.009336948 0.256363 0.01406872 0.2505989 0.01452678 0.2552365 0.01787006 0.2552671 0.0231806 0.2610992 0.9368323 0.2575836 0.9441897 0.251075 0.9387947 0.2873437 0.9282744 0.2820405 0.9270159 0.2849074 0.9198581 0.295297 0.9283612 0.2873437 0.9282744 0.2904121 0.922106 0.2746478 0.9194418 0.2791348 0.9137779 0.2849074 0.9198581 0.2469179 0.947239 0.2436903 0.9414535 0.251075 0.9387947 0.2457655 0.03290677 0.2438389 0.02590256 0.2509926 0.02548068 0.26125 0.9573194 0.2544004 0.9652167 0.2453917 0.9616881 0.26125 0.9573194 0.2637838 0.9681319 0.2574205 0.9687302 0.2637838 0.9681319 0.2658315 0.9760391 0.2586088 0.9759842 0.2618161 0.9541243 0.2448092 0.9535479 0.2469179 0.947239 0.2744761 0.938117 0.2618161 0.9541243 0.2575836 0.9441897 0.2437853 0.02481752 0.2437788 0.0154035 0.2505989 0.01452678 0.2744761 0.938117 0.2610992 0.9368323 0.2605547 0.9261611 0.2763726 0.9369475 0.2672503 0.9213662 0.2746478 0.9194418 0.2888234 0.9346031 0.2873437 0.9282744 0.295297 0.9283612 0.2763726 0.9369475 0.2820405 0.9270159 0.2873437 0.9282744 0.2461482 0.006725728 0.2532628 0.006679117 0.2507556 0.01600736 0.2882766 0.9542126 0.2792903 0.9653172 0.2752621 0.9578655 0.1396639 0.8817837 0.1099718 0.8901271 0.1139166 0.8850454 0.1099718 0.8901271 0.05735015 0.889701 0.05864334 0.8857894 0.9139498 0.7157655 0.9309054 0.7104333 0.9397779 0.7324672 0.6567624 0.1675209 0.6482102 0.1789708 0.6340062 0.1749154 0.9139498 0.7157655 0.8955628 0.7291414 0.904797 0.685256 0.6701563 0.1787675 0.6567624 0.1675209 0.6674283 0.1451306 0.2801749 0.8634409 0.2696588 0.8696825 0.2657712 0.8591253 0.3251024 0.877993 0.3296548 0.8890995 0.3224254 0.8911426 0.3251024 0.877993 0.317943 0.8791662 0.319217 0.8630986 0.3287256 0.8513864 0.32596 0.8639312 0.319217 0.8630986 0.1683328 0.9195319 0.166199 0.9114727 0.1805887 0.9016997 0.3229166 0.8493952 0.319217 0.8630986 0.311546 0.860183 0.319217 0.8630986 0.317943 0.8791662 0.3064996 0.8802399 0.1677824 0.9411809 0.1697946 0.9330871 0.1840164 0.9431064 0.2801749 0.8634409 0.2745519 0.8318221 0.2961825 0.8387755 0.317943 0.8791662 0.3224254 0.8911426 0.3144856 0.8942183 0.1805887 0.9016997 0.166199 0.9114727 0.1619148 0.9026402 0.2745519 0.8318221 0.2601354 0.8227325 0.2660034 0.8104001 0.2745519 0.8318221 0.2854967 0.8110396 0.2961243 0.8293517 0.3103009 0.8326219 0.2961825 0.8387755 0.2961243 0.8293517 0.0842238 0.3900437 0.07382732 0.3873675 0.0806905 0.381519 0.0718894 0.3777207 0.06780618 0.3700073 0.0722807 0.3693338 0.1691201 0.8910698 0.1663954 0.8806865 0.1698132 0.8780074 0.1698132 0.8780074 0.1821937 0.8696836 0.1885154 0.8793018 0.06780618 0.3700073 0.06252133 0.3599739 0.07191997 0.3602322 0.1885154 0.8793018 0.1821937 0.8696836 0.2009825 0.8611623 0.3018367 0.8060708 0.2854967 0.8110396 0.2949874 0.7901132 0.3018367 0.8060708 0.3053957 0.7945837 0.3154029 0.7990106 0.2753148 0.7953926 0.2857777 0.782777 0.2949874 0.7901132 0.3154029 0.7990106 0.3053957 0.7945837 0.3131858 0.7769728 0.2949874 0.7901132 0.3063327 0.772565 0.3131858 0.7769728 0.2949874 0.7901132 0.2857777 0.782777 0.2998213 0.7670186 0.3063327 0.772565 0.3180748 0.7556863 0.3223012 0.7584776 0.2998213 0.7670186 0.3145879 0.7518529 0.3180748 0.7556863 0.2065563 0.8675302 0.2009825 0.8611623 0.217562 0.8489184 0.321078 0.779851 0.3131858 0.7769728 0.3223012 0.7584776 0.2215979 0.8522393 0.217562 0.8489184 0.2293239 0.8334497 0.3272545 0.7603999 0.3223012 0.7584776 0.3289415 0.7464424 0.3223012 0.7584776 0.3180748 0.7556863 0.3280592 0.7453283 0.3145879 0.7518529 0.3283776 0.7430011 0.3280592 0.7453283 0.1912913 0.900571 0.1908357 0.8881865 0.2084342 0.892282 0.2555746 0.8383636 0.2512934 0.8296051 0.2601354 0.8227325 0.1805887 0.9016997 0.1760061 0.8909779 0.1908357 0.8881865 0.2854967 0.8110396 0.2660034 0.8104001 0.2652467 0.8013781 0.2601354 0.8227325 0.2512934 0.8296051 0.2395418 0.8201928 0.2601354 0.8227325 0.2430453 0.8135237 0.2485774 0.8061404 0.2652467 0.8013781 0.2660034 0.8104001 0.2485774 0.8061404 0.2430453 0.8135237 0.2316303 0.8079219 0.235242 0.802283 0.2485774 0.8061404 0.235242 0.802283 0.2360231 0.7974217 0.2086712 0.9033436 0.2084342 0.892282 0.224989 0.8977224 0.2430453 0.8135237 0.2395418 0.8201928 0.2291564 0.8121386 0.2243311 0.9054287 0.224989 0.8977224 0.2448954 0.9068137 0.2316303 0.8079219 0.2291564 0.8121386 0.218142 0.8011936 0.2316303 0.8079219 0.2199233 0.8008238 0.2206721 0.7998034 0.235242 0.802283 0.2206721 0.7998034 0.219235 0.798206 0.3179982 0.8460757 0.311546 0.860183 0.3007012 0.849774 0.3144856 0.8942183 0.310254 0.8941202 0.3055237 0.8895385 0.311546 0.860183 0.3064996 0.8802399 0.2801749 0.8634409 0.1697946 0.9330871 0.1683328 0.9195319 0.186244 0.9221097 0.3124186 0.8385603 0.3007012 0.849774 0.2961825 0.8387755 0.2696588 0.8696825 0.2547564 0.8793428 0.2523589 0.8736329 0.2745519 0.8318221 0.2657712 0.8591253 0.2583346 0.8562977 0.2801749 0.8634409 0.2762861 0.8805858 0.2709026 0.8775603 0.186244 0.9221097 0.1805887 0.9016997 0.1963272 0.9159387 0.2709026 0.8775603 0.2570026 0.8839513 0.2547564 0.8793428 0.1940557 0.9266186 0.1963272 0.9159387 0.2130777 0.9290779 0.2583346 0.8562977 0.2657712 0.8591253 0.2523589 0.8736329 0.2570026 0.8839513 0.2471662 0.887967 0.2459695 0.8849648 0.2101197 0.9367894 0.2130777 0.9290779 0.2233422 0.9389197 0.2482109 0.870534 0.2523589 0.8736329 0.2446715 0.8815708 0.2547564 0.8793428 0.2459695 0.8849648 0.2446715 0.8815708 0.2214855 0.94376 0.2233422 0.9389197 0.2321146 0.9490531 0.242125 0.8799178 0.2446715 0.8815708 0.2398749 0.8877712 0.2459695 0.8849648 0.2403057 0.8884096 0.2398749 0.8877712 0.2471662 0.887967 0.2397177 0.8892504 0.2403057 0.8884096 0.3055237 0.8895385 0.3026711 0.8987347 0.2990266 0.8964446 0.2762861 0.8805858 0.2801749 0.8634409 0.2970908 0.8867466 0.3064996 0.8802399 0.3055237 0.8895385 0.2970908 0.8867466 0.1840164 0.9431064 0.186244 0.9221097 0.1923399 0.9417833 0.1871054 0.9474461 0.1923399 0.9417833 0.1963744 0.9519927 0.3055237 0.8895385 0.310254 0.8941202 0.3055347 0.8999982 0.2970908 0.8867466 0.2990266 0.8964446 0.2957378 0.8972338 0.3026711 0.8987347 0.3009817 0.9031189 0.3002873 0.9027611 0.1926847 0.9559441 0.1963744 0.9519927 0.197722 0.9624108 0.3026711 0.8987347 0.3055347 0.8999982 0.3014058 0.9041691 0.2990266 0.8964446 0.3002873 0.9027611 0.2995089 0.9038864 0.2995089 0.9038864 0.3002873 0.9027611 0.3009817 0.9031189 0.2398749 0.8877712 0.2403057 0.8884096 0.2397177 0.8892504 0.2199233 0.8008238 0.218142 0.8011936 0.219235 0.798206 0.3280592 0.7453283 0.3283776 0.7430011 0.3311062 0.7450321 0.3017261 0.8102272 0.2934849 0.815102 0.2854967 0.8110396 0.09372031 0.3874821 0.08659732 0.3860458 0.08921176 0.3790307 0.2973747 0.825035 0.3055778 0.8225195 0.3083226 0.824678 0.3017261 0.8102272 0.3018367 0.8060708 0.3112452 0.8122109 0.0718894 0.3777207 0.07590377 0.3753743 0.0806905 0.381519 0.07191997 0.3602322 0.07516068 0.351201 0.08147555 0.3567709 0.2854967 0.8110396 0.2934849 0.815102 0.2973747 0.825035 0.1619148 0.9026402 0.161046 0.8981774 0.1691201 0.8910698 0.0842238 0.3900437 0.08659732 0.3860458 0.09372031 0.3874821 0.06949871 0.3509438 0.07516068 0.351201 0.07191997 0.3602322 0.09375864 0.3794034 0.08921176 0.3790307 0.08922642 0.3723509 0.09195947 0.3666125 0.09609037 0.3672606 0.09632921 0.3736827 0.07191997 0.3602322 0.0843209 0.3626801 0.07970988 0.3675621 0.0806905 0.381519 0.08788478 0.3724514 0.08921176 0.3790307 0.0806905 0.381519 0.07590377 0.3753743 0.08151924 0.3715729 0.07590377 0.3753743 0.0722807 0.3693338 0.07970988 0.3675621 0.2491594 0.9712792 0.2492927 0.9701297 0.2525787 0.9730531 0.2863682 0.9192701 0.2902401 0.9208552 0.2904121 0.922106 0.2463943 0.9746721 0.2483924 0.9760495 0.2482579 0.9768334 0.2508569 0.9372317 0.2531368 0.9336724 0.2545169 0.9334214 0.2929773 0.9169451 0.2895405 0.915068 0.2895007 0.9137741 0.2489036 0.9305121 0.2468723 0.9337109 0.2455357 0.9339001 0.2508569 0.9372317 0.251075 0.9387947 0.2455357 0.9339001 0.2489036 0.9305121 0.2486303 0.9290269 0.2545169 0.9334214 0.2929773 0.9169451 0.2943291 0.9165107 0.2904121 0.922106 0.2513762 0.973439 0.2525787 0.9730531 0.2482579 0.9768334 0.2463943 0.9746721 0.2450884 0.9752913 0.2492927 0.9701297 0.2863682 0.9192701 0.2849074 0.9198581 0.2895007 0.9137741 0.2773193 0.01414263 0.2782608 0.01327633 0.2791255 0.01489806 0.499598 0.01477515 0.5004453 0.01558989 0.4987795 0.01637721 0.5258156 0.01225477 0.5253371 0.01171725 0.5266429 0.01106411 0.527774 0.01447123 0.5244376 0.01496964 0.5258156 0.01225477 0.5230225 0.01369363 0.5253371 0.01171725 0.5258156 0.01225477 0.2743258 0.01640927 0.2739982 0.01245921 0.2773193 0.01414263 0.5041091 0.01631355 0.5040835 0.02005815 0.5006185 0.01836299 0.5041091 0.01631355 0.5006567 0.01728492 0.5004453 0.01558989 0.5011674 0.01149106 0.5033313 0.0128588 0.5004453 0.01558989 0.4977491 0.0113067 0.5011674 0.01149106 0.499598 0.01477515 0.2794333 0.009825766 0.2827303 0.009842514 0.2812834 0.01320123 0.5226323 0.01095014 0.522684 0.008754014 0.5254009 0.009719789 0.5021268 0.008883953 0.5011674 0.01149106 0.4977491 0.0113067 0.5021268 0.008883953 0.5055249 0.01144981 0.5033313 0.0128588 0.5055249 0.01144981 0.5071775 0.0162158 0.5041091 0.01631355 0.5071786 0.02016109 0.5040835 0.02005815 0.5041091 0.01631355 0.2794468 0.006659448 0.2835218 0.006658673 0.2827303 0.009842514 0.2713151 0.01190334 0.2739982 0.01245921 0.2743258 0.01640927 0.2741132 0.008208513 0.2794468 0.006659448 0.2794333 0.009825766 0.2741132 0.008208513 0.2757017 0.01054733 0.2739982 0.01245921 0.5194688 0.01092362 0.5194966 0.008119642 0.522684 0.008754014 0.520727 0.01525312 0.5230225 0.01369363 0.5244376 0.01496964 0.5238041 0.01745355 0.5244376 0.01496964 0.527774 0.01447123 0.520727 0.01525312 0.5194688 0.01092362 0.5226323 0.01095014 0.3465188 0.9587287 0.3469816 0.9571425 0.3496978 0.9645292 0.3453923 0.915738 0.3472399 0.9090229 0.3486393 0.9079194 0.38212 0.8760795 0.3879703 0.8730393 0.3892291 0.8734565 0.3450316 0.9657057 0.3444259 0.9670962 0.342078 0.9608162 0.3440672 0.9090825 0.3425779 0.9135701 0.3413468 0.9138868 0.3864107 0.8703642 0.3821162 0.872661 0.3812345 0.872062 0.3453923 0.915738 0.3460844 0.9177627 0.3413468 0.9138868 0.3472399 0.9090229 0.3440672 0.9090825 0.3433063 0.9080961 0.3450316 0.9657057 0.348522 0.9640708 0.3496978 0.9645292 0.3465188 0.9587287 0.343233 0.9611291 0.342078 0.9608162 0.38212 0.8760795 0.3811118 0.8777687 0.3812345 0.872062 0.3864107 0.8703642 0.3866656 0.8690924 0.3892291 0.8734565 0.9738934 0.4799177 0.9726037 0.4841876 0.9705532 0.4834384 0.896333 0.3839452 0.8987237 0.3834317 0.8986881 0.3872185 0.901764 0.2557637 0.9024987 0.2511904 0.9046604 0.251836 0.9803875 0.4784253 0.9804351 0.4839241 0.9738934 0.4799177 0.9803875 0.4784253 0.9749411 0.4776328 0.9755133 0.473918 0.896124 0.2586035 0.8952875 0.2523008 0.901764 0.2557637 0.9804351 0.4839241 0.9763666 0.4910315 0.9726037 0.4841876 0.8981394 0.3741879 0.8987237 0.3834317 0.896333 0.3839452 0.896124 0.2586035 0.9007771 0.2584214 0.9010157 0.2629721 0.8952875 0.2523008 0.8978636 0.2438449 0.9024987 0.2511904 0.8845294 0.3884316 0.8861653 0.3823105 0.8953797 0.3878057 0.9697667 0.4906522 0.9705532 0.4834384 0.9726037 0.4841876 0.8804389 0.3868482 0.8778049 0.3772537 0.8861653 0.3823105 0.8963044 0.3690809 0.8981394 0.3741879 0.8912981 0.3759772 0.8804389 0.3868482 0.8845294 0.3884316 0.8833475 0.3967865 0.8778049 0.3772537 0.8871475 0.3670185 0.8912981 0.3759772 0.9725803 0.4958888 0.9697667 0.4906522 0.9763666 0.4910315 0.9891801 0.4874792 0.9795956 0.498969 0.9763666 0.4910315 0.9858632 0.4802687 0.9803875 0.4784253 0.9826943 0.4704636 0.9858632 0.4802687 0.9891801 0.4874792 0.9804351 0.4839241 0.8856463 0.2505132 0.8930356 0.2363332 0.8978636 0.2438449 0.890822 0.2573922 0.896124 0.2586035 0.8924183 0.2679485 0.890822 0.2573922 0.8856463 0.2505132 0.8952875 0.2523008 0.9013112 0.2382368 0.9046604 0.2434757 0.8978636 0.2438449 0.6582146 0.8445053 0.6391116 0.8223812 0.6455053 0.8005608 0.6455053 0.8005608 0.6391116 0.8223812 0.6158224 0.8236236 0.6303607 0.8515195 0.6158224 0.8236236 0.6391116 0.8223812 0.02236044 0.9679657 0.0337761 0.9811214 0.02713829 0.9861915 0.7052482 0.7347581 0.7005786 0.7780405 0.64564 0.767919 0.6456859 0.7318415 0.64564 0.767919 0.6027542 0.7639721 0.64564 0.767919 0.6455053 0.8005608 0.6086193 0.7955931 0.7005786 0.7780405 0.69498 0.8253841 0.6455053 0.8005608 0.03896778 0.5604173 0.0336185 0.515403 0.0788725 0.5044404 0.6416233 0.3297449 0.6260334 0.2901046 0.6792058 0.2863661 0.4225841 0.5670181 0.4131497 0.5362436 0.4379743 0.5141893 0.2472159 0.5636852 0.2449034 0.5252484 0.2854712 0.5277556 0.0788725 0.5044404 0.1284565 0.4892551 0.1408359 0.5324088 0.6636947 0.5104358 0.708083 0.5048331 0.7109312 0.5455803 0.6913932 0.333845 0.7027054 0.3833286 0.6671978 0.3858232 0.602369 0.7291414 0.5931348 0.685256 0.6223502 0.700006 0.6603396 0.6995003 0.7093763 0.6913336 0.7052482 0.7347581 0.3175217 0.3936683 0.3540562 0.3564218 0.3997066 0.4024472 0.06010174 0.6131391 0.02517575 0.6037532 0.03896778 0.5604173 0.2066302 0.5565254 0.206008 0.5231475 0.2449034 0.5252484 0.206008 0.5231475 0.2000173 0.4899935 0.2397735 0.4863328 0.3175217 0.3936683 0.2805098 0.437081 0.2443752 0.3782013 0.2449034 0.5252484 0.2397735 0.4863328 0.2802985 0.4878793 0.3340361 0.4764141 0.2805098 0.437081 0.3175217 0.3936683 0.2287329 0.4432229 0.2067714 0.397862 0.2443752 0.3782013 0.3540562 0.3564218 0.3175217 0.3936683 0.2776714 0.3460791 0.2443752 0.3782013 0.2067714 0.397862 0.1852681 0.3515703 0.3103827 0.3123897 0.2776714 0.3460791 0.2404193 0.29898 0.2776714 0.3460791 0.2443752 0.3782013 0.2131375 0.3280069 0.0610277 0.1476581 0.0440427 0.1621158 0.02733922 0.1108779 0.2404193 0.29898 0.2131375 0.3280069 0.1863341 0.2766661 0.2131375 0.3280069 0.1852681 0.3515703 0.1610684 0.3083608 0.08653324 0.2415657 0.108539 0.2268658 0.1354139 0.2636477 0.06259286 0.1972321 0.08340859 0.1853001 0.108539 0.2268658 0.108539 0.2268658 0.1228504 0.2138954 0.149312 0.2383925 0.1409498 0.18414 0.149312 0.2383925 0.1228504 0.2138954 0.08340859 0.1853001 0.1044685 0.1781201 0.1228504 0.2138954 0.08340859 0.1853001 0.0610277 0.1476581 0.07855421 0.1340023 0.1044685 0.1781201 0.07855421 0.1340023 0.1000353 0.1299037 0.07855421 0.1340023 0.0610277 0.1476581 0.03935694 0.09902632 0.1000353 0.1299037 0.05970841 0.08023792 0.07176226 0.07180923 0.03935694 0.09902632 0.02733922 0.1108779 0.02059847 0.06335955 0.0440427 0.1621158 0.0610277 0.1476581 0.08340859 0.1853001 0.07855421 0.1340023 0.0497564 0.08681738 0.05970841 0.08023792 0.6636947 0.5104358 0.6559053 0.4658476 0.705304 0.4644137 0.0497564 0.08681738 0.03935694 0.09902632 0.02781277 0.05923694 0.04619425 0.04603123 0.07176226 0.07180923 0.05970841 0.08023792 0.05970841 0.08023792 0.0497564 0.08681738 0.03378516 0.05394929 0.748966 0.7818214 0.7005786 0.7780405 0.7052482 0.7347581 0.748966 0.8257278 0.69498 0.8253841 0.7005786 0.7780405 0.602369 0.7291414 0.6027542 0.7639721 0.5660151 0.7651193 0.6027542 0.7639721 0.6086193 0.7955931 0.5753857 0.7974265 0.6441307 0.8836357 0.6303607 0.8515195 0.6582146 0.8445053 0.6303607 0.8515195 0.6441307 0.8836357 0.6161775 0.8914566 0.69498 0.8253841 0.7080458 0.8732095 0.6737771 0.8786103 0.7080458 0.8732095 0.7154761 0.9118666 0.6852447 0.9136211 0.6441307 0.8836357 0.6561483 0.9172275 0.6328797 0.9231938 0.7154761 0.9118666 0.7219332 0.9408169 0.6964535 0.9402921 0.6852447 0.9136211 0.6964535 0.9402921 0.6718404 0.9422874 0.6964535 0.9402921 0.7042375 0.9654259 0.6825746 0.9659013 0.7219332 0.9408169 0.7261083 0.9680726 0.7042375 0.9654259 0.7489661 0.9113448 0.7489661 0.9408244 0.7219332 0.9408169 0.7489661 0.9408244 0.748966 0.9694569 0.7261083 0.9680726 0.6561483 0.9172275 0.6718404 0.9422874 0.6489848 0.9484009 0.6718404 0.9422874 0.6825746 0.9659013 0.6620711 0.9711782 0.1111838 0.5971972 0.08423358 0.6326984 0.06010174 0.6131391 0.1307706 0.6236952 0.1052523 0.6546906 0.08423358 0.6326984 0.7152776 0.5868607 0.6747016 0.5950734 0.6688858 0.5519257 0.1527131 0.5639343 0.1111838 0.5971972 0.08902382 0.5613567 0.1592999 0.6042442 0.1307706 0.6236952 0.1111838 0.5971972 0.7131291 0.6422101 0.6690398 0.6565406 0.6747016 0.5950734 0.7489659 0.5455203 0.748966 0.587933 0.7152776 0.5868607 0.748966 0.6346375 0.7131291 0.6422101 0.7152776 0.5868607 0.6086193 0.7955931 0.6158224 0.8236236 0.5857968 0.8282537 0.6158224 0.8236236 0.6303607 0.8515195 0.600246 0.8595603 0.3654783 0.4394327 0.3997066 0.4024472 0.4390665 0.4421307 0.149312 0.2383925 0.1409498 0.18414 0.1997226 0.2538483 0.1354139 0.2636477 0.149312 0.2383925 0.1863341 0.2766661 0.1116432 0.2840365 0.1354139 0.2636477 0.1610684 0.3083608 0.02781277 0.05923694 0.02059847 0.06335955 0.02332001 0.03925246 0.0303964 0.0367456 0.03825181 0.05089533 0.03378516 0.05394929 0.03378516 0.05394929 0.02781277 0.05923694 0.02565938 0.03727906 0.04619425 0.04603123 0.03825181 0.05089533 0.0303964 0.0367456 0.6737771 0.8786103 0.6852447 0.9136211 0.6561483 0.9172275 0.0788725 0.5044404 0.0646646 0.4529398 0.1179811 0.4520668 0.2888807 0.5679704 0.2854712 0.5277556 0.3264079 0.5296654 0.0788725 0.5044404 0.0336185 0.515403 0.02333188 0.4684526 0.2854712 0.5277556 0.2802985 0.4878793 0.3139169 0.4985157 0.403063 0.4811499 0.3730108 0.5217021 0.3340361 0.4764141 0.01013261 0.1212365 0.02733922 0.1108779 0.0440427 0.1621158 0.006709516 0.06672054 0.02059847 0.06335955 0.02733922 0.1108779 0.7489657 0.2753866 0.7489659 0.3424999 0.6913932 0.333845 0.5581541 0.7324672 0.5660151 0.7651193 0.5259928 0.7780088 0.5660151 0.7651193 0.5753857 0.7974265 0.5399166 0.8107426 0.6328797 0.9231938 0.6489848 0.9484009 0.6274991 0.9602326 0.6489848 0.9484009 0.6620711 0.9711782 0.6431013 0.9804768 0.5753857 0.7974265 0.5857968 0.8282537 0.5544509 0.8410233 0.5857968 0.8282537 0.600246 0.8595603 0.5712249 0.8714644 0.01626914 0.02940136 0.02332001 0.03925246 0.02059847 0.06335955 0.1451239 0.6913371 0.1318528 0.7351082 0.1009547 0.7151096 0.7093763 0.6913336 0.6603396 0.6995003 0.6690398 0.6565406 0.748966 0.6890602 0.7093763 0.6913336 0.7131291 0.6422101 0.627813 0.5653877 0.5836098 0.5843021 0.5736325 0.5391031 0.6211743 0.5248467 0.5736325 0.5391031 0.5686694 0.4991095 0.6348273 0.6024734 0.5958643 0.6168305 0.5836098 0.5843021 0.639826 0.6409971 0.6031523 0.6593707 0.5958643 0.6168305 0.6671978 0.3858232 0.7027054 0.3833286 0.7050329 0.4241082 0.7489659 0.3906339 0.7489659 0.4273015 0.7050329 0.4241082 0.7489659 0.3424999 0.7489659 0.3906339 0.7027054 0.3833286 0.1523 0.6460099 0.1749092 0.6579149 0.1451239 0.6913371 0.1746829 0.6311128 0.2014008 0.6399533 0.1749092 0.6579149 0.2397735 0.4863328 0.2287329 0.4432229 0.2805098 0.437081 0.3340361 0.4764141 0.3730108 0.5217021 0.3264079 0.5296654 0.4285714 0.8281636 0.4370355 0.8247346 0.4476255 0.8326914 0.3730108 0.5217021 0.3831707 0.5703818 0.3333785 0.5699744 0.02333188 0.4684526 0.008095681 0.4173974 0.02638852 0.4098115 0.2802985 0.4878793 0.2805098 0.437081 0.3340361 0.4764141 0.6211743 0.5248467 0.6636947 0.5104358 0.6688858 0.5519257 0.6166794 0.4908317 0.6559053 0.4658476 0.6636947 0.5104358 0.627813 0.5653877 0.6688858 0.5519257 0.6747016 0.5950734 0.6747016 0.5950734 0.6690398 0.6565406 0.639826 0.6409971 0.4094278 0.7268186 0.4046294 0.7499433 0.3859889 0.7493485 0.1677222 0.5238584 0.1645577 0.4950611 0.2000173 0.4899935 0.164204 0.5509989 0.1677222 0.5238584 0.206008 0.5231475 0.03383749 0.6618443 0.008301615 0.6482385 0.02517575 0.6037532 0.6161775 0.8914566 0.6328797 0.9231938 0.60793 0.9354519 0.08653324 0.2415657 0.05767428 0.2586356 0.03727966 0.2117375 0.06259286 0.1972321 0.03727966 0.2117375 0.02346223 0.174717 0.600246 0.8595603 0.6161775 0.8914566 0.5896285 0.9031737 0.1116432 0.2840365 0.07976496 0.3048874 0.05767428 0.2586356 0.1347203 0.3288204 0.1027243 0.3475059 0.07976496 0.3048874 0.1888794 0.7142741 0.1616964 0.7518702 0.1318528 0.7351082 0.08423358 0.6326984 0.05069148 0.6754394 0.03383749 0.6618443 0.705304 0.4644137 0.7489659 0.4639943 0.7489659 0.5040805 0.1997226 0.2538483 0.2243806 0.2256811 0.2685592 0.2702227 0.1407861 0.4247146 0.1242562 0.3888572 0.1548485 0.3714094 0.1737805 0.4129795 0.1892392 0.4528419 0.155746 0.4627937 0.2000173 0.4899935 0.1892392 0.4528419 0.2287329 0.4432229 0.7109312 0.5455803 0.708083 0.5048331 0.7489659 0.5040805 0.7154761 0.9118666 0.7080458 0.8732095 0.748966 0.8718366 0.748966 0.8257278 0.748966 0.8718366 0.7080458 0.8732095 0.1409498 0.18414 0.1000353 0.1299037 0.1164681 0.1168823 0.1997226 0.2538483 0.1409498 0.18414 0.1705016 0.1713598 0.4379743 0.5141893 0.4754623 0.4788254 0.5163411 0.5200402 0.7093763 0.6913336 0.748966 0.6890602 0.748966 0.7355898 0.1052523 0.6546906 0.07690513 0.6970871 0.05069148 0.6754394 0.02565938 0.03727906 0.02332001 0.03925246 0.01626914 0.02940136 0.02825337 0.03646653 0.02565938 0.03727906 0.02548742 0.02515435 0.0303964 0.0367456 0.02825337 0.03646653 0.03057444 0.03028321 0.2067714 0.397862 0.2287329 0.4432229 0.1892392 0.4528419 0.2067714 0.397862 0.1737805 0.4129795 0.1548485 0.3714094 0.1852681 0.3515703 0.1548485 0.3714094 0.1347203 0.3288204 0.1645577 0.4950611 0.155746 0.4627937 0.1892392 0.4528419 0.1027243 0.3475059 0.1347203 0.3288204 0.1548485 0.3714094 0.403063 0.4811499 0.4390665 0.4421307 0.4754623 0.4788254 0.4131497 0.5362436 0.3730108 0.5217021 0.403063 0.4811499 0.3649916 0.8061051 0.3764126 0.7910832 0.3928865 0.8025444 0.3831707 0.5703818 0.3730108 0.5217021 0.4131497 0.5362436 0.5841819 0.3122758 0.581658 0.2917777 0.6260334 0.2901046 0.705304 0.4644137 0.6559053 0.4658476 0.6660107 0.4242764 0.3596566 0.7617249 0.3738474 0.7651932 0.3701121 0.7805122 0.7489659 0.4273015 0.7489659 0.4639943 0.705304 0.4644137 0.3859889 0.7493485 0.4046294 0.7499433 0.3887714 0.7733063 0.3887714 0.7733063 0.3764126 0.7910832 0.3701121 0.7805122 0.3887714 0.7733063 0.4046294 0.7499433 0.4254348 0.764691 0.3764126 0.7910832 0.3887714 0.7733063 0.4050295 0.7848072 0.4371799 0.7271956 0.4254348 0.764691 0.4046294 0.7499433 0.3543429 0.7864356 0.3701121 0.7805122 0.3764126 0.7910832 0.3759322 0.7366567 0.3859889 0.7493485 0.3738474 0.7651932 0.3652377 0.7243956 0.3759322 0.7366567 0.3596566 0.7617249 0.3344649 0.7939877 0.3543429 0.7864356 0.3649916 0.8061051 0.4371799 0.7271956 0.4094278 0.7268186 0.4114198 0.7069507 0.4561797 0.8049516 0.4739268 0.7999414 0.4733925 0.8106936 0.3420516 0.7577589 0.3596566 0.7617249 0.3543429 0.7864356 0.3499892 0.8263088 0.3649916 0.8061051 0.3852462 0.8183205 0.4094278 0.7268186 0.3759322 0.7366567 0.3652377 0.7243956 0.4214869 0.8323283 0.4285714 0.8281636 0.4248766 0.8393481 0.6510915 0.3918413 0.6064538 0.3419818 0.6416233 0.3297449 0.04222053 0.4048574 0.07499188 0.4319511 0.0646646 0.4529398 0.6244055 0.4448647 0.6441736 0.4183125 0.6660107 0.4242764 0.5686694 0.4991095 0.5664604 0.4767791 0.6005121 0.4680515 0.6660107 0.4242764 0.6441736 0.4183125 0.6510915 0.3918413 0.6064538 0.3419818 0.5815582 0.3294628 0.5841819 0.3122758 0.6166794 0.4908317 0.6005121 0.4680515 0.6244055 0.4448647 0.07499188 0.4319511 0.1120117 0.4313578 0.1179811 0.4520668 0.4217807 0.8103991 0.4282869 0.8045085 0.4327682 0.8160899 0.4162775 0.8241115 0.4248076 0.819027 0.4285714 0.8281636 0.4285714 0.8281636 0.4248076 0.819027 0.4327682 0.8160899 0.4282869 0.8045085 0.4217807 0.8103991 0.4136211 0.7988783 0.4540774 0.7806462 0.4747829 0.7754753 0.4736613 0.7868556 0.4136211 0.7988783 0.4217807 0.8103991 0.414108 0.8152142 0.4162775 0.8241115 0.4214869 0.8323283 0.4097579 0.8409917 0.4136211 0.7988783 0.406044 0.8114114 0.3928865 0.8025444 0.4733925 0.8106936 0.4810046 0.8189632 0.4661156 0.8213445 0.424564 0.7914578 0.4136211 0.7988783 0.4050295 0.7848072 0.4097579 0.8409917 0.4248766 0.8393481 0.4027892 0.8472962 0.4854193 0.71279 0.4760932 0.7363518 0.4603648 0.732999 0.4248766 0.8393481 0.4476255 0.8326914 0.4580621 0.8480414 0.4464229 0.8191922 0.4585527 0.8266187 0.4476255 0.8326914 0.4282869 0.8045085 0.4384347 0.8002324 0.4431433 0.8104808 0.4254348 0.764691 0.439359 0.7579417 0.4360542 0.7863018 0.4558047 0.7562264 0.4734273 0.757205 0.4747829 0.7754753 0.4603648 0.732999 0.4760932 0.7363518 0.4734273 0.757205 0.4810046 0.8189632 0.4882447 0.8300461 0.4770174 0.8325648 0.4585527 0.8266187 0.468426 0.8365954 0.4580621 0.8480414 0.4909598 0.7570504 0.4954394 0.7691943 0.4747829 0.7754753 0.4854193 0.71279 0.5062248 0.7265488 0.4916223 0.7411139 0.4739268 0.7999414 0.4949067 0.7930233 0.4904215 0.8127903 0.4904215 0.8127903 0.5009626 0.8196998 0.4810046 0.8189632 0.4429656 0.6977606 0.462185 0.7015203 0.4465025 0.729345 0.424564 0.7914578 0.4360542 0.7863018 0.4384347 0.8002324 0.453747 0.7928581 0.4736613 0.7868556 0.4739268 0.7999414 0.4327682 0.8160899 0.4431433 0.8104808 0.4464229 0.8191922 0.4736613 0.7868556 0.4949209 0.7800875 0.4949067 0.7930233 0.5009626 0.8196998 0.508908 0.8299061 0.4882447 0.8300461 0.4916223 0.7411139 0.4909598 0.7570504 0.4734273 0.757205 0.4747829 0.7754753 0.4954394 0.7691943 0.4949209 0.7800875 0.9349508 0.3344944 0.941569 0.339028 0.934399 0.3530819 0.4841989 0.584236 0.4918065 0.5936032 0.4669654 0.6053751 0.9634663 0.3635559 0.9680016 0.3924614 0.9531564 0.3917536 0.9612432 0.3493985 0.9609046 0.3394548 0.9690737 0.336342 0.4613239 0.5986015 0.4669654 0.6053751 0.4447711 0.6154927 0.9634663 0.3635559 0.9612432 0.3493985 0.9682595 0.3524472 0.9609046 0.3394548 0.9538816 0.3347304 0.9585175 0.3243096 0.9463946 0.3322939 0.941569 0.339028 0.9349508 0.3344944 0.4568892 0.6368894 0.4541932 0.6538873 0.4382578 0.6455907 0.4691222 0.6516224 0.4541932 0.6538873 0.4568892 0.6368894 0.488762 0.6384635 0.4901091 0.6503825 0.4691222 0.6516224 0.4187459 0.6574118 0.4084654 0.6516429 0.4118894 0.6365691 0.4388604 0.6232274 0.4242246 0.6153623 0.4368985 0.6060683 0.92514 0.3807414 0.9172416 0.3782514 0.9289439 0.351073 0.436176 0.6342477 0.4172723 0.6267045 0.4242246 0.6153623 0.4118894 0.6365691 0.4172723 0.6267045 0.436176 0.6342477 0.934399 0.3530819 0.941569 0.339028 0.9500244 0.3436106 0.9500244 0.3436106 0.941569 0.339028 0.9463946 0.3322939 0.9474642 0.3581295 0.9500244 0.3436106 0.9612432 0.3493985 0.9500244 0.3436106 0.9538816 0.3347304 0.9609046 0.3394548 0.4465025 0.729345 0.4603648 0.732999 0.4558047 0.7562264 0.462185 0.7015203 0.4737364 0.7047379 0.4603648 0.732999 0.4661156 0.8213445 0.4770174 0.8325648 0.468426 0.8365954 0.4561797 0.8049516 0.4431433 0.8104808 0.4384347 0.8002324 0.457978 0.8152764 0.4464229 0.8191922 0.4431433 0.8104808 0.4540774 0.7806462 0.4360542 0.7863018 0.439359 0.7579417 0.457978 0.8152764 0.4661156 0.8213445 0.4585527 0.8266187 0.453747 0.7928581 0.4384347 0.8002324 0.4360542 0.7863018 0.4371799 0.7271956 0.4465025 0.729345 0.439359 0.7579417 0.9474642 0.3581295 0.9376507 0.3874973 0.92514 0.3807414 0.4669654 0.6053751 0.4767715 0.6181625 0.4528779 0.6237975 0.4845162 0.6304147 0.488762 0.6384635 0.4684112 0.6333401 0.9711925 0.3686811 0.9764514 0.393685 0.9680016 0.3924614 0.9764514 0.393685 0.9764745 0.4166958 0.9656949 0.4122334 0.5133857 0.6347647 0.5158797 0.6504588 0.4901091 0.6503825 0.9656949 0.4122334 0.9505525 0.4100059 0.9531564 0.3917536 0.9224422 0.4012487 0.9090901 0.4006295 0.9172416 0.3782514 0.4918065 0.5936032 0.5019652 0.6064375 0.4767715 0.6181625 0.4841989 0.584236 0.5004839 0.5631034 0.5092596 0.5740193 0.9376507 0.3874973 0.9352689 0.4061212 0.9224422 0.4012487 0.5105996 0.6239331 0.5133857 0.6347647 0.488762 0.6384635 0.9352689 0.4061212 0.9342451 0.4223811 0.9230314 0.4197683 0.5369074 0.6248092 0.5407219 0.6372385 0.5133857 0.6347647 0.9230314 0.4197683 0.908737 0.4239696 0.9090901 0.4006295 0.5407219 0.6372385 0.5380699 0.6529034 0.5158797 0.6504588 0.9610311 0.4276055 0.9474017 0.4257984 0.9505525 0.4100059 0.4918065 0.5936032 0.5092596 0.5740193 0.5239028 0.5888115 0.9764745 0.4166958 0.9715591 0.4360802 0.9610311 0.4276055 0.5105996 0.6239331 0.5019652 0.6064375 0.5266517 0.594447 0.5019652 0.6064375 0.5105996 0.6239331 0.4845162 0.6304147 0.9352689 0.4061212 0.9376507 0.3874973 0.9531564 0.3917536 0.9505525 0.4100059 0.9474017 0.4257984 0.9342451 0.4223811 0.4541932 0.6538873 0.4512321 0.6657019 0.4349432 0.661573 0.3928607 0.646291 0.3954098 0.6304168 0.4118894 0.6365691 0.4118894 0.6365691 0.3954098 0.6304168 0.403617 0.6181818 0.4242246 0.6153623 0.4172723 0.6267045 0.403617 0.6181818 0.4673539 0.662654 0.4512321 0.6657019 0.4541932 0.6538873 0.4281718 0.5967885 0.4368985 0.6060683 0.4242246 0.6153623 0.4924034 0.6615597 0.4673539 0.662654 0.4691222 0.6516224 0.4574923 0.5899018 0.4613239 0.5986015 0.4368985 0.6060683 0.4924034 0.6615597 0.4901091 0.6503825 0.5158797 0.6504588 0.4613239 0.5986015 0.4574923 0.5899018 0.4773691 0.577131 0.536392 0.6655499 0.5154003 0.6626535 0.5158797 0.6504588 0.5004839 0.5631034 0.4841989 0.584236 0.4773691 0.577131 0.9585175 0.3243096 0.9538816 0.3347304 0.9463946 0.3322939 0.533405 0.5640383 0.5250118 0.5580517 0.537551 0.5529435 0.5529222 0.6419827 0.5564255 0.644812 0.5504139 0.6518537 0.5633143 0.5777049 0.5574839 0.5882025 0.5507951 0.5805014 0.9185924 0.4502829 0.8961138 0.4447056 0.9033039 0.435805 0.5523272 0.6001047 0.560039 0.5980458 0.559821 0.6083021 0.5621721 0.6282937 0.5591416 0.6374253 0.5541566 0.6353227 0.9230314 0.4197683 0.9342451 0.4223811 0.9262169 0.4385258 0.9474017 0.4257984 0.9495634 0.4442324 0.9262169 0.4385258 0.9610311 0.4276055 0.9715591 0.4360802 0.9495634 0.4442324 0.9111409 0.4532309 0.8985781 0.4498896 0.8961138 0.4447056 0.5591416 0.6374253 0.5564255 0.644812 0.5529222 0.6419827 0.5541566 0.6353227 0.5529222 0.6419827 0.5474932 0.6399626 0.5504139 0.6518537 0.5564255 0.644812 0.5577185 0.655827 0.5697391 0.6331849 0.5591416 0.6374253 0.5621721 0.6282937 0.9731068 0.4491403 0.9757894 0.4581156 0.9492224 0.4574568 0.9757894 0.4581156 0.9704952 0.4615526 0.9548292 0.4614793 0.5504425 0.5925954 0.5574839 0.5882025 0.560039 0.5980458 0.5434018 0.5932889 0.5504425 0.5925954 0.5523272 0.6001047 0.9430146 0.4581009 0.9206281 0.4526033 0.9265687 0.4457352 0.5507951 0.5805014 0.5574839 0.5882025 0.5504425 0.5925954 0.559821 0.6083021 0.560039 0.5980458 0.5693139 0.6034771 0.9361471 0.4612022 0.9230762 0.4580267 0.9206281 0.4526033 0.5172591 0.5603065 0.5168944 0.5537397 0.5250118 0.5580517 0.5069082 0.5578285 0.5168944 0.5537397 0.5172591 0.5603065 0.5230343 0.5633819 0.5250118 0.5580517 0.533405 0.5640383 0.5160698 0.5672783 0.5172591 0.5603065 0.5230343 0.5633819 0.51092 0.5439828 0.5168944 0.5537397 0.5069082 0.5578285 0.9731068 0.4491403 0.9511502 0.4494279 0.9495634 0.4442324 0.5672415 0.6246031 0.5621721 0.6282937 0.5595378 0.6199273 0.5380699 0.6529034 0.5504139 0.6518537 0.5479107 0.6570085 0.5490028 0.631887 0.5474932 0.6399626 0.5407219 0.6372385 0.5595378 0.6199273 0.5621721 0.6282937 0.5490028 0.631887 0.5474932 0.6399626 0.5504139 0.6518537 0.5380699 0.6529034 0.5594119 0.6172561 0.559821 0.6083021 0.567383 0.612522 0.5424856 0.5729098 0.5507951 0.5805014 0.5434018 0.5932889 0.9457471 0.4499344 0.9265687 0.4457352 0.9262169 0.4385258 0.5266517 0.594447 0.5434018 0.5932889 0.5462316 0.605706 0.5462316 0.605706 0.559821 0.6083021 0.5594119 0.6172561 0.5546885 0.5704684 0.5507951 0.5805014 0.5424856 0.5729098 0.5019258 0.5524824 0.5069082 0.5578285 0.5004839 0.5631034 0.5092596 0.5740193 0.5160698 0.5672783 0.5232645 0.5712063 0.5232645 0.5712063 0.533405 0.5640383 0.5401452 0.5713967 0.5069082 0.5578285 0.5160698 0.5672783 0.5092596 0.5740193 0.9262169 0.4385258 0.9201459 0.4446029 0.9033039 0.435805 0.5401452 0.5713967 0.533405 0.5640383 0.5416309 0.5588173 0.5616974 0.6473789 0.5640451 0.6410992 0.5700785 0.6409729 0.5647766 0.59417 0.5628168 0.5883793 0.5686842 0.5830785 0.530855 0.5454173 0.5248889 0.5523451 0.519458 0.5493755 0.7250931 0.1968354 0.7196011 0.1876204 0.7234615 0.1866682 0.603 0.4173474 0.6023544 0.4151859 0.6107146 0.4151859 0.7138352 0.1905032 0.7173579 0.1895917 0.7189721 0.1984695 0.5616974 0.6473789 0.5638461 0.6527465 0.5577185 0.655827 0.51092 0.5439828 0.5176741 0.5419885 0.519458 0.5493755 0.5647766 0.59417 0.5713666 0.5958712 0.5693139 0.6034771 0.5697391 0.6331849 0.5700785 0.6409729 0.5640451 0.6410992 0.5248889 0.5523451 0.530855 0.5454173 0.537551 0.5529435 0.5633143 0.5777049 0.5686842 0.5830785 0.5628168 0.5883793 0.5595378 0.6199273 0.5369074 0.6248092 0.5351156 0.6174049 0.5424856 0.5729098 0.5266517 0.594447 0.5239028 0.5888115 0.6493365 0.6718733 0.6690398 0.6565406 0.6603396 0.6995003 0.6188005 0.6646735 0.6031523 0.6593707 0.639826 0.6409971 0.2014008 0.6399533 0.1746829 0.6311128 0.1852022 0.6249621 0.6400756 0.660722 0.639826 0.6409971 0.6690398 0.6565406 0.174993 0.6055101 0.1852022 0.6249621 0.1746829 0.6311128 0.1523 0.6460099 0.1291888 0.6781344 0.1052523 0.6546906 0.07690513 0.6970871 0.1052523 0.6546906 0.1291888 0.6781344 0.1592999 0.6042442 0.1746829 0.6311128 0.1523 0.6460099 0.5455759 0.9072784 0.5457904 0.8943958 0.5526831 0.8978047 0.5147841 0.9174915 0.5150054 0.911399 0.5329366 0.913905 0.5457904 0.8943958 0.5485998 0.8814872 0.552263 0.8850162 0.498371 0.8966839 0.5031738 0.8940694 0.5150054 0.911399 0.5365396 0.923047 0.5329366 0.913905 0.5455759 0.9072784 0.5406021 0.8891224 0.5457778 0.8797731 0.5485998 0.8814872 0.5031738 0.8940694 0.503973 0.8904178 0.5137278 0.8977462 0.5150054 0.911399 0.5137278 0.8977462 0.5254485 0.9015927 0.5329366 0.913905 0.5254485 0.9015927 0.5364546 0.8965695 0.5364546 0.8965695 0.5406021 0.8891224 0.5457904 0.8943958 0.5137278 0.8977462 0.5104612 0.8759316 0.5169333 0.8737767 0.5254485 0.9015927 0.5169333 0.8737767 0.5249881 0.8712663 0.5249881 0.8712663 0.5343984 0.8690135 0.5406021 0.8891224 0.5343984 0.8690135 0.5435842 0.865856 0.5457778 0.8797731 0.503973 0.8904178 0.5046808 0.8768005 0.5104612 0.8759316 0.5327363 0.8618671 0.544041 0.858746 0.5435842 0.865856 0.5020183 0.8693352 0.5085271 0.8677003 0.5104612 0.8759316 0.5085271 0.8677003 0.5129705 0.8653491 0.5169333 0.8737767 0.5169333 0.8737767 0.5129705 0.8653491 0.5210905 0.8635603 0.5249881 0.8712663 0.5210905 0.8635603 0.5327363 0.8618671 0.5066724 0.8606497 0.512714 0.8581596 0.5129705 0.8653491 0.512714 0.8581596 0.5206273 0.8566261 0.5210905 0.8635603 0.5206273 0.8566261 0.5302174 0.8552882 0.5327363 0.8618671 0.5327363 0.8618671 0.5302174 0.8552882 0.5388707 0.8541812 0.5020183 0.8693352 0.5004806 0.8617445 0.5066724 0.8606497 0.5302174 0.8552882 0.5257731 0.8393114 0.5328148 0.8401772 0.5004806 0.8617445 0.4969677 0.847737 0.5041844 0.8468345 0.5041844 0.8468345 0.510952 0.8433298 0.512714 0.8581596 0.510952 0.8433298 0.5176178 0.8404943 0.5206273 0.8566261 0.5206273 0.8566261 0.5176178 0.8404943 0.5257731 0.8393114 0.594207 0.2555456 0.6032873 0.2521393 0.6026472 0.2616409 0.9792855 0.6665872 0.9746789 0.6603416 0.9881324 0.6562506 0.9746789 0.6603416 0.9702813 0.6529884 0.9862172 0.6474645 0.9862172 0.6474645 0.9702813 0.6529884 0.9695556 0.6463258 0.589179 0.2681838 0.5834791 0.2559853 0.594207 0.2555456 0.9661738 0.667556 0.9571868 0.6564516 0.9702813 0.6529884 0.9702813 0.6529884 0.9571868 0.6564516 0.9573547 0.6502637 0.5834791 0.2559853 0.5767309 0.2449554 0.5881549 0.2461134 0.5953237 0.245254 0.6032765 0.2435954 0.6032873 0.2521393 0.9722708 0.6723328 0.9661738 0.667556 0.9746789 0.6603416 0.6603396 0.6995003 0.6456859 0.7318415 0.6223502 0.700006 0.5767309 0.2449554 0.5770475 0.2312986 0.5840516 0.2332252 0.5955839 0.233151 0.6032283 0.2309159 0.6032765 0.2435954 0.9722708 0.6723328 0.9667212 0.6871654 0.9542703 0.6848215 0.9575772 0.6699633 0.9523739 0.6836519 0.9397131 0.6676452 0.9571868 0.6564516 0.9391469 0.6644501 0.9416803 0.6536375 0.5881549 0.2461134 0.5851365 0.2332789 0.5945504 0.2332853 0.9304751 0.6487166 0.9320749 0.6430573 0.9365047 0.6457853 0.9271891 0.6516402 0.9304751 0.6487166 0.9353168 0.6530394 0.9232883 0.660082 0.9205249 0.6547825 0.9271891 0.6516402 0.9391469 0.6644501 0.9571868 0.6564516 0.953159 0.6639034 0.9542703 0.6848215 0.9523739 0.6836519 0.9575772 0.6699633 0.9523739 0.6836519 0.9542703 0.6848215 0.9451485 0.700403 0.922613 0.6671223 0.9391469 0.6644501 0.9397131 0.6676452 0.4782782 0.0141406 0.4773371 0.01327478 0.4798949 0.01054698 0.4773371 0.01327478 0.4755629 0.01323151 0.4761652 0.009825944 0.01253747 0.01240336 0.0125885 0.01383113 0.009831428 0.01316905 0.9384528 0.6956084 0.9322223 0.6957114 0.9324147 0.6883484 0.5768023 0.2242355 0.5797203 0.2201971 0.5830917 0.2209568 0.5958853 0.2207012 0.6006171 0.2190486 0.6032748 0.2238014 0.5867736 0.2217972 0.5920842 0.2218278 0.5954273 0.2264654 0.9389969 0.6849374 0.9324147 0.6883484 0.9289725 0.6829752 0.9652418 0.6934942 0.9683103 0.6996625 0.9628058 0.7019106 0.973195 0.6934069 0.9749873 0.6990485 0.9683103 0.6996625 0.9628058 0.7019106 0.9570334 0.7079908 0.9525464 0.7023273 0.9289725 0.6829752 0.9215877 0.6803166 0.9248152 0.6745312 0.5770475 0.2312986 0.5768023 0.2242355 0.5844734 0.2260716 0.9232883 0.660082 0.9322969 0.656553 0.9391469 0.6644501 0.9391469 0.6644501 0.9322969 0.656553 0.9353168 0.6530394 0.9416803 0.6536375 0.9353168 0.6530394 0.9365047 0.6457853 0.9397131 0.6676452 0.9354808 0.6775801 0.9248152 0.6745312 0.9523739 0.6836519 0.9389969 0.6849374 0.9354808 0.6775801 0.5851365 0.2332789 0.5832467 0.2263252 0.5954273 0.2264654 0.9384528 0.6956084 0.9389969 0.6849374 0.9523739 0.6836519 0.9542703 0.6848215 0.9599385 0.6947526 0.9525464 0.7023273 0.973195 0.6934069 0.9652418 0.6934942 0.9667212 0.6871654 0.9652418 0.6934942 0.9599385 0.6947526 0.9542703 0.6848215 0.5939467 0.2263086 0.6032748 0.2238014 0.6032283 0.2309159 0.9661738 0.667556 0.9575772 0.6699633 0.953159 0.6639034 0.4027892 0.8472962 0.4067337 0.8523781 0.3770419 0.8440342 0.4580621 0.8480414 0.4593551 0.851953 0.4067337 0.8523781 0.5839822 0.7157655 0.602369 0.7291414 0.5581541 0.7324672 0.1675144 0.6806712 0.1451239 0.6913371 0.1749092 0.6579149 0.5931348 0.685256 0.602369 0.7291414 0.5839822 0.7157655 0.178761 0.6940653 0.1888794 0.7142741 0.1451239 0.6913371 0.8143702 0.2041066 0.8249277 0.207994 0.8186864 0.2185105 0.83324 0.2634388 0.834413 0.2562792 0.8463898 0.2607613 0.818345 0.2575535 0.834413 0.2562792 0.83324 0.2634388 0.8066328 0.267063 0.8046413 0.2612536 0.818345 0.2575535 0.0732488 0.9683112 0.06347948 0.9827001 0.05542129 0.9805679 0.8046413 0.2612536 0.8013216 0.2563351 0.8154291 0.2498825 0.818345 0.2575535 0.8154291 0.2498825 0.8354865 0.2448352 0.03184854 0.9648904 0.04186832 0.9791082 0.0337761 0.9811214 0.7940208 0.2345191 0.7870666 0.2128881 0.8186864 0.2185105 0.834413 0.2562792 0.8354865 0.2448352 0.8494653 0.2528212 0.0732488 0.9683112 0.08396947 0.9728916 0.0723111 0.9869823 0.7656438 0.2043399 0.7779765 0.1984713 0.7870666 0.2128881 0.7845965 0.2344612 0.7662837 0.2238335 0.7870666 0.2128881 0.7878672 0.2486379 0.7799229 0.2466599 0.7845965 0.2344612 0.5931828 0.4033818 0.5908089 0.3993836 0.5967165 0.3948559 0.6055184 0.3910573 0.6015034 0.3887107 0.6051269 0.3826696 0.09693866 0.9790818 0.09426057 0.9824991 0.08387833 0.9797764 0.09564167 0.9603829 0.1052591 0.9667019 0.09693866 0.9790818 0.6096019 0.3833433 0.6051269 0.3826696 0.6054876 0.3735672 0.09564167 0.9603829 0.1074085 0.9423429 0.1137762 0.9479152 0.7613153 0.2401742 0.7498279 0.2437336 0.745357 0.2333252 0.7542553 0.253741 0.7498279 0.2437336 0.7613153 0.2401742 0.745357 0.2333252 0.7380203 0.2241152 0.7506361 0.213652 0.7542553 0.253741 0.7350954 0.2594167 0.7322168 0.2515244 0.7322168 0.2515244 0.7278085 0.2446712 0.745357 0.2333252 0.745357 0.2333252 0.7278085 0.2446712 0.7222619 0.2381599 0.7137212 0.2606405 0.7109298 0.2564139 0.7278085 0.2446712 0.7109298 0.2564139 0.7070963 0.2529274 0.7222619 0.2381599 0.1074085 0.9423429 0.1226944 0.9273017 0.1260153 0.9313364 0.7350954 0.2594167 0.715644 0.265594 0.7137212 0.2606405 0.1226944 0.9273017 0.1408825 0.9171721 0.1414797 0.9195742 0.715644 0.265594 0.7002759 0.269446 0.701686 0.2672812 0.7137212 0.2606405 0.701686 0.2672812 0.7005718 0.2663989 0.7005718 0.2663989 0.6982445 0.2667175 0.7070963 0.2529274 0.07437586 0.9576105 0.07160091 0.940234 0.08266055 0.9404692 0.7779765 0.1984713 0.784849 0.189629 0.7936078 0.1939101 0.0732488 0.9683112 0.07437586 0.9576105 0.08675807 0.9580641 0.7566214 0.2035831 0.7656438 0.2043399 0.7662837 0.2238335 0.7779765 0.1984713 0.7687667 0.1813811 0.7754361 0.1778773 0.7613837 0.1869136 0.7687667 0.1813811 0.7779765 0.1984713 0.7566214 0.2035831 0.7541866 0.1885995 0.7613837 0.1869136 0.7575257 0.1735779 0.7631647 0.1699663 0.7687667 0.1813811 0.7526643 0.1743592 0.7575257 0.1735779 0.7613837 0.1869136 0.07160091 0.940234 0.06951379 0.924577 0.07721871 0.9239181 0.7687667 0.1813811 0.7631647 0.1699663 0.7673813 0.1674919 0.06951379 0.924577 0.06598573 0.9042136 0.0681259 0.9040166 0.7631647 0.1699663 0.7560662 0.1582588 0.756436 0.1564775 0.7550456 0.1590076 0.7560662 0.1582588 0.7631647 0.1699663 0.7534481 0.1575706 0.7550456 0.1590076 0.7575257 0.1735779 0.8013216 0.2563351 0.7938058 0.2507556 0.8050194 0.2390378 0.8447851 0.2438594 0.8493671 0.2485898 0.8494653 0.2528212 0.8154291 0.2498825 0.8050194 0.2390378 0.8186864 0.2185105 0.0528413 0.9626601 0.05542129 0.9805679 0.04186832 0.9791082 0.7938058 0.2507556 0.7878672 0.2486379 0.7940208 0.2345191 0.8288778 0.1906934 0.8345879 0.1930909 0.8249277 0.207994 0.8115424 0.1966696 0.8143702 0.2041066 0.7870666 0.2128881 0.8186864 0.2185105 0.8249277 0.207994 0.8328058 0.2092376 0.0528413 0.9626601 0.04833191 0.9548501 0.05900973 0.9525775 0.8345879 0.1930909 0.8391967 0.1953369 0.8328058 0.2092376 0.04833191 0.9548501 0.03816056 0.9387907 0.04587018 0.935832 0.8115424 0.1966696 0.8257789 0.1865455 0.8288778 0.1906934 0.84021 0.1843037 0.8432124 0.1855004 0.8391967 0.1953369 0.03816056 0.9387907 0.03118926 0.9274278 0.0360285 0.9255706 0.8257789 0.1865455 0.8351627 0.1804593 0.8368158 0.1830058 0.8368158 0.1830058 0.84021 0.1843037 0.8345879 0.1930909 0.03118926 0.9274278 0.02429753 0.9174147 0.02589559 0.9168013 0.8351627 0.1804593 0.8431289 0.1773098 0.8430163 0.178209 0.8430163 0.178209 0.8436548 0.1786397 0.84021 0.1843037 0.8436548 0.1786397 0.8444957 0.1780517 0.8432124 0.1855004 0.8516913 0.2373619 0.8539816 0.2410063 0.8447851 0.2438594 0.8358316 0.2146209 0.8451988 0.2298954 0.8419929 0.2354263 0.8419929 0.2354263 0.8447851 0.2438594 0.8354865 0.2448352 0.03184854 0.9648904 0.02750915 0.9618027 0.03317028 0.9565683 0.02750915 0.9618027 0.01901161 0.9562256 0.02296203 0.9525362 0.8447851 0.2438594 0.8539816 0.2410063 0.8552452 0.2438698 0.8524804 0.234073 0.8516913 0.2373619 0.8419929 0.2354263 0.858008 0.2386222 0.8583659 0.2393168 0.8539816 0.2410063 0.01901161 0.9562256 0.01140654 0.9522538 0.01254534 0.9511901 0.8539816 0.2410063 0.8583659 0.2393168 0.8594161 0.2397409 0.8591333 0.2378439 0.858008 0.2386222 0.8516913 0.2373619 0.8583659 0.2393168 0.858008 0.2386222 0.8591333 0.2378439 0.8430163 0.178209 0.8431289 0.1773098 0.8444957 0.1780517 0.7560662 0.1582588 0.7550456 0.1590076 0.7534481 0.1575706 0.7005718 0.2663989 0.701686 0.2672812 0.7002759 0.269446 0.7662837 0.2238335 0.7703464 0.231822 0.7654716 0.2400636 0.5836853 0.4008199 0.5836468 0.3927402 0.5881944 0.3923677 0.7802799 0.2357118 0.7845965 0.2344612 0.7799229 0.2466599 0.7674557 0.2495829 0.7613153 0.2401742 0.7654716 0.2400636 0.5967165 0.3948559 0.6015034 0.3887107 0.6055184 0.3910573 0.6054876 0.3735672 0.5930855 0.3760153 0.5959311 0.3701056 0.7802799 0.2357118 0.7703464 0.231822 0.7662837 0.2238335 0.0723111 0.9869823 0.08396947 0.9728916 0.08387833 0.9797764 0.5836853 0.4008199 0.5908089 0.3993836 0.5931828 0.4033818 0.6054876 0.3735672 0.6022465 0.364535 0.6079092 0.3642778 0.5836468 0.3927402 0.5810757 0.3870191 0.5881796 0.3856868 0.5810757 0.3870191 0.5813146 0.3805959 0.5854461 0.3799476 0.5976971 0.3808977 0.5930855 0.3760153 0.6054876 0.3735672 0.5881944 0.3923677 0.5895214 0.3857877 0.5967165 0.3948559 0.5967165 0.3948559 0.5895214 0.3857877 0.5958875 0.3849089 0.6015034 0.3887107 0.5958875 0.3849089 0.5976971 0.3808977 0.9304751 0.6487166 0.9271891 0.6516402 0.9270555 0.6504909 0.9642665 0.7024984 0.9628058 0.7019106 0.9683103 0.6996625 0.9242905 0.6470978 0.9229844 0.6464787 0.9261541 0.6449368 0.9287545 0.6845383 0.9289725 0.6829752 0.9324147 0.6883484 0.9708758 0.7048231 0.9722276 0.7052573 0.9673993 0.7079944 0.9268013 0.691258 0.9265284 0.6927431 0.9234336 0.6878701 0.9234336 0.6878701 0.9289725 0.6829752 0.9287545 0.6845383 0.9324147 0.6883484 0.9265284 0.6927431 0.9268013 0.691258 0.9683103 0.6996625 0.9722276 0.7052573 0.9708758 0.7048231 0.9261541 0.6449368 0.9304751 0.6487166 0.9292723 0.6483308 0.9271891 0.6516402 0.9229844 0.6464787 0.9242905 0.6470978 0.9673993 0.7079944 0.9628058 0.7019106 0.9642665 0.7024984 0.4782782 0.0141406 0.4775846 0.0156356 0.4764728 0.01489561 0.5472999 0.01071691 0.5478433 0.009296476 0.5489022 0.009899199 0.01301652 0.01186603 0.01429265 0.01262944 0.01384329 0.01305752 0.01497662 0.009650111 0.01429265 0.01262944 0.01301652 0.01186603 0.01301652 0.01186603 0.01253747 0.01240336 0.01022344 0.01042491 0.4812702 0.01640617 0.4775846 0.0156356 0.4782782 0.0141406 0.5488365 0.01522862 0.5498092 0.01177668 0.5508873 0.01173877 0.5481142 0.01156467 0.5498092 0.01177668 0.5488365 0.01522862 0.5440154 0.01228505 0.5472999 0.01071691 0.5481142 0.01156467 0.5438325 0.008866786 0.5478433 0.009296476 0.5472999 0.01071691 0.4761652 0.009825944 0.4755629 0.01323151 0.4743159 0.01319974 0.009831428 0.01316905 0.0125885 0.01383113 0.01260024 0.01440143 0.5438325 0.008866786 0.5440154 0.01228505 0.5414081 0.01324319 0.5414081 0.01324319 0.5440154 0.01228505 0.5453823 0.01444941 0.5439723 0.01664239 0.5453823 0.01444941 0.5488365 0.01522862 0.5488365 0.01522862 0.5525809 0.01520454 0.5526826 0.01829957 0.4761517 0.006661117 0.4761652 0.009825944 0.4728696 0.009842693 0.4812702 0.01640617 0.4815977 0.01245802 0.4842795 0.01190251 0.4814826 0.008209526 0.4798949 0.01054698 0.4761652 0.009825944 0.4815977 0.01245802 0.4798949 0.01054698 0.4814826 0.008209526 0.006667077 0.01319378 0.009831428 0.01316905 0.009881794 0.01536583 0.01163971 0.009149432 0.01022344 0.01042491 0.007928192 0.008863806 0.01497662 0.009650111 0.01163971 0.009149432 0.01100748 0.006664574 0.007928192 0.008863806 0.01022344 0.01042491 0.009831428 0.01316905 0.5564255 0.644812 0.5591416 0.6374253 0.5596045 0.6390118 0.5607311 0.5960211 0.560039 0.5980458 0.5574839 0.5882025 0.5240036 0.5563629 0.5250118 0.5580517 0.5168944 0.5537397 0.5640451 0.6410992 0.5616974 0.6473789 0.5610917 0.6459886 0.5620561 0.5893657 0.5628168 0.5883793 0.5647766 0.59417 0.5197128 0.5506474 0.519458 0.5493755 0.5248889 0.5523451 0.5647766 0.59417 0.560039 0.5980458 0.5607311 0.5960211 0.5588834 0.5893062 0.5574839 0.5882025 0.5628168 0.5883793 0.5610917 0.6459886 0.5616974 0.6473789 0.5564255 0.644812 0.5596045 0.6390118 0.5591416 0.6374253 0.5640451 0.6410992 0.5248889 0.5523451 0.5250118 0.5580517 0.5240036 0.5563629 0.5168944 0.5537397 0.519458 0.5493755 0.5197128 0.5506474 0.9879867 0.01814168 0.990426 0.01820451 0.9913259 0.0216639 0.7201895 0.1843123 0.7239757 0.184278 0.7234615 0.1866682 0.5984266 0.4180822 0.5981225 0.4154366 0.6023544 0.4151859 0.9814926 0.01664692 0.9869396 0.0158562 0.9879867 0.01814168 0.986369 0.01214098 0.9869396 0.0158562 0.9814926 0.01664692 0.5955868 0.4237222 0.5957689 0.4190692 0.5984266 0.4180822 0.981443 0.02214622 0.9879867 0.01814168 0.989275 0.02241241 0.7234615 0.1866682 0.7239757 0.184278 0.7332186 0.1848648 0.5912182 0.4188305 0.5957689 0.4190692 0.5955868 0.4237222 0.6018896 0.4245587 0.5984266 0.4180822 0.603 0.4173474 0.7189721 0.1984695 0.7173579 0.1895917 0.7196011 0.1876204 0.989275 0.02241241 0.9913259 0.0216639 0.9921098 0.02887839 0.7205542 0.2025601 0.7189721 0.1984695 0.7250931 0.1968354 0.7314274 0.191705 0.7332186 0.1848648 0.7383245 0.1867013 0.7106177 0.1996486 0.7189721 0.1984695 0.7205542 0.2025601 0.7301471 0.2051966 0.7250931 0.1968354 0.7314274 0.191705 0.9855092 0.0292555 0.9921098 0.02887839 0.9892942 0.03411459 0.9726961 0.02569848 0.981443 0.02214622 0.9855092 0.0292555 0.9791884 0.008683919 0.9814926 0.01664692 0.976016 0.01848852 0.976016 0.01848852 0.9814926 0.01664692 0.981443 0.02214622 0.6036771 0.4341999 0.6018896 0.4245587 0.6103453 0.4219827 0.5862419 0.427428 0.5955868 0.4237222 0.596798 0.4290243 0.596798 0.4290243 0.5955868 0.4237222 0.6018896 0.4245587 0.6103453 0.4219827 0.6107146 0.4151859 0.6159535 0.4185348 0.2620703 0.7133769 0.2459701 0.7059795 0.2553571 0.6877484 0.2815592 0.6786334 0.2662246 0.6692037 0.2819253 0.6601235 0.2726042 0.6945976 0.2553571 0.6877484 0.2662246 0.6692037 0.2430024 0.7473699 0.2355389 0.7606757 0.2285947 0.7537819 0.2459701 0.7059795 0.2620703 0.7133769 0.2528001 0.7299035 0.2528001 0.7299035 0.2430024 0.7473699 0.23434 0.7424988 0.2355389 0.7606757 0.2318645 0.7672259 0.2247045 0.7592464 0.2285947 0.7537819 0.2247045 0.7592464 0.2177428 0.7467092 0.2177428 0.7467092 0.2131101 0.7379874 0.2155158 0.7345044 0.23434 0.7424988 0.2285947 0.7537819 0.2220795 0.7428268 0.2269043 0.7370525 0.2220795 0.7428268 0.2155158 0.7345044 0.239031 0.7238391 0.23434 0.7424988 0.2269043 0.7370525 0.2553571 0.6877484 0.2393174 0.6864775 0.2446908 0.668769 0.2459701 0.7059795 0.2334875 0.7044662 0.2393174 0.6864775 0.239031 0.7238391 0.2237776 0.7246671 0.2334875 0.7044662 0.2662246 0.6692037 0.2446908 0.668769 0.248782 0.6609023 0.2819253 0.6601235 0.2662246 0.6692037 0.2658705 0.6588554 0.2658705 0.6588554 0.2627813 0.647114 0.2690334 0.6453496 0.2627813 0.647114 0.2601402 0.6387792 0.2648496 0.6381002 0.2593324 0.6203992 0.2554236 0.623439 0.252104 0.6152525 0.2601402 0.6387792 0.257923 0.6318027 0.2619225 0.6302971 0.2619225 0.6302971 0.257923 0.6318027 0.2554236 0.623439 0.2446908 0.668769 0.2317502 0.6567136 0.2394126 0.6541568 0.2317502 0.6567136 0.2283836 0.6452171 0.2359467 0.6443573 0.2291662 0.6333121 0.2283836 0.6452171 0.2161718 0.6437594 0.2359467 0.6443573 0.2283836 0.6452171 0.2291662 0.6333121 0.2506791 0.6262151 0.2454701 0.6172067 0.252104 0.6152525 0.2361724 0.6237057 0.2420473 0.6290365 0.2364653 0.6355298 0.2420473 0.6290365 0.2361724 0.6237057 0.2454701 0.6172067 0.2361724 0.6237057 0.2291662 0.6333121 0.2173797 0.6291341 0.2283836 0.6452171 0.2317502 0.6567136 0.2229326 0.6596342 0.2239355 0.6703463 0.2229326 0.6596342 0.2317502 0.6567136 0.2393174 0.6864775 0.2334875 0.7044662 0.2208246 0.6995297 0.2393174 0.6864775 0.2233543 0.6831407 0.2239355 0.6703463 0.2177428 0.7467092 0.2247045 0.7592464 0.2176357 0.7637583 0.2247045 0.7592464 0.2318645 0.7672259 0.2271239 0.7756772 0.2177428 0.7467092 0.2087884 0.7472358 0.2022312 0.7374371 0.2155158 0.7345044 0.2131101 0.7379874 0.2022312 0.7374371 0.2141782 0.7141568 0.2208246 0.6995297 0.2334875 0.7044662 0.2237776 0.7246671 0.2155158 0.7345044 0.2052276 0.7266799 0.2690334 0.6453496 0.2714973 0.6415945 0.2785376 0.6435534 0.2714973 0.6415945 0.2705537 0.634267 0.2778996 0.632261 0.2705537 0.634267 0.2680174 0.6268451 0.2744235 0.6239148 0.2744235 0.6239148 0.2680174 0.6268451 0.2659377 0.6204734 0.2648496 0.6381002 0.2705537 0.634267 0.2714973 0.6415945 0.2619225 0.6302971 0.2680174 0.6268451 0.2705537 0.634267 0.2593324 0.6203992 0.2659377 0.6204734 0.2680174 0.6268451 0.2614305 0.6116948 0.2703692 0.6149741 0.2659377 0.6204734 0.2913579 0.6611648 0.2819253 0.6601235 0.286478 0.6468061 0.2755519 0.6532801 0.2785376 0.6435534 0.286478 0.6468061 0.2966145 0.651794 0.286478 0.6468061 0.2911801 0.637247 0.3019632 0.6422587 0.2911801 0.637247 0.2978878 0.6222003 0.3104138 0.6271931 0.2978878 0.6222003 0.3025644 0.6098584 0.3171002 0.6152735 0.3025644 0.6098584 0.3062774 0.599871 0.2911801 0.637247 0.286478 0.6468061 0.2785376 0.6435534 0.2911801 0.637247 0.2778996 0.632261 0.2836015 0.6193565 0.2978878 0.6222003 0.2836015 0.6193565 0.2884163 0.6056162 0.3025644 0.6098584 0.2884163 0.6056162 0.2912616 0.5957015 0.2744235 0.6239148 0.2703692 0.6149741 0.2836015 0.6193565 0.2836015 0.6193565 0.2703692 0.6149741 0.2733048 0.6037881 0.2884163 0.6056162 0.2733048 0.6037881 0.2761058 0.5950281 0.2912616 0.5957015 0.2761058 0.5950281 0.2799166 0.5823023 0.2912616 0.5957015 0.2949334 0.5832312 0.3094927 0.5889363 0.3221461 0.6062781 0.3062774 0.599871 0.3094927 0.5889363 0.252104 0.6152525 0.2485874 0.6023294 0.2599738 0.6027394 0.2485874 0.6023294 0.2454668 0.5927881 0.2603642 0.5931841 0.2603642 0.5931841 0.2454668 0.5927881 0.2456461 0.5829985 0.2614305 0.6116948 0.2599738 0.6027394 0.2733048 0.6037881 0.2733048 0.6037881 0.2599738 0.6027394 0.2603642 0.5931841 0.2761058 0.5950281 0.2603642 0.5931841 0.2614387 0.5824967 0.2361724 0.6237057 0.2219634 0.6112751 0.2364058 0.6044832 0.2454701 0.6172067 0.2364058 0.6044832 0.2485874 0.6023294 0.2456461 0.5829985 0.2454668 0.5927881 0.2321323 0.5912798 0.2258989 0.5763404 0.2321323 0.5912798 0.211281 0.5915075 0.8798459 0.1465933 0.8609264 0.1560655 0.8530891 0.1343407 0.8737018 0.1257109 0.8530891 0.1343407 0.8475562 0.1101007 0.8683406 0.105403 0.8475562 0.1101007 0.8462141 0.08624029 0.2454668 0.5927881 0.2485874 0.6023294 0.2364058 0.6044832 0.2219634 0.6112751 0.211281 0.5915075 0.2321323 0.5912798 0.8609264 0.1560655 0.8375757 0.1651741 0.8353388 0.1388807 0.8475562 0.1101007 0.8530891 0.1343407 0.8353388 0.1388807 0.8462141 0.08624029 0.8475562 0.1101007 0.8295546 0.1105538 0.779792 0.1425052 0.7669481 0.1353893 0.7740946 0.1213069 0.7508683 0.1283771 0.7360061 0.1222581 0.7406154 0.1116244 0.7904688 0.1446758 0.779792 0.1425052 0.7882557 0.1265915 0.7251155 0.1143403 0.7299029 0.1074168 0.7406154 0.1116244 0.7669481 0.1353893 0.7508683 0.1283771 0.7560499 0.1162657 0.7406154 0.1116244 0.743541 0.09910964 0.7601948 0.1014156 0.7740946 0.1213069 0.7560499 0.1162657 0.7601948 0.1014156 0.7299029 0.1074168 0.7327179 0.09734433 0.743541 0.09910964 0.7740946 0.1213069 0.7815825 0.1032206 0.7949711 0.1091737 0.8000501 0.1309992 0.7882557 0.1265915 0.7949711 0.1091737 0.7601948 0.1014156 0.743541 0.09910964 0.7451981 0.08628755 0.7815825 0.1032206 0.7601948 0.1014156 0.7648524 0.08627682 0.743541 0.09910964 0.7327179 0.09734433 0.7340559 0.08629429 0.7815825 0.1032206 0.7838364 0.08626729 0.7981887 0.08626061 0.7949711 0.1091737 0.7981887 0.08626061 0.8124094 0.08625423 0.8295546 0.1105538 0.8126943 0.1135237 0.8124094 0.08625423 0.8052139 0.1492049 0.7904688 0.1446758 0.8000501 0.1309992 0.8226493 0.1393076 0.8093595 0.1383094 0.8000501 0.1309992 0.8226493 0.1393076 0.8126943 0.1135237 0.8295546 0.1105538 0.8191526 0.1556033 0.8226493 0.1393076 0.8353388 0.1388807 0.8191526 0.1556033 0.8052139 0.1492049 0.8093595 0.1383094 0.725762 0.09519708 0.726463 0.08629912 0.7340559 0.08629429 0.7147548 0.1058375 0.7177485 0.09942436 0.722731 0.1024959 0.7202062 0.1093069 0.722731 0.1024959 0.7299029 0.1074168 0.722731 0.1024959 0.725762 0.09519708 0.7327179 0.09734433 0.722731 0.1024959 0.7177485 0.09942436 0.7207403 0.09402036 0.726463 0.08629912 0.725762 0.09519708 0.7207403 0.09402036 0.7088545 0.09568816 0.7145593 0.09369587 0.7177485 0.09942436 0.7145593 0.09369587 0.7088545 0.09568816 0.7085565 0.08631175 0.720371 0.08630329 0.7207403 0.09402036 0.7145593 0.09369587 0.257923 0.6318027 0.2601402 0.6387792 0.2521774 0.6397798 0.2601402 0.6387792 0.2627813 0.647114 0.2548687 0.6478201 0.2495607 0.6305643 0.2506791 0.6262151 0.2554236 0.623439 0.255924 0.6528826 0.2548687 0.6478201 0.2627813 0.647114 0.2359467 0.6443573 0.2364653 0.6355298 0.2424067 0.6385291 0.2394126 0.6541568 0.2359467 0.6443573 0.2422395 0.6445996 0.2394126 0.6541568 0.2448568 0.6495603 0.249332 0.6532613 0.248782 0.6609023 0.249332 0.6532613 0.255924 0.6528826 0.2453904 0.6323087 0.2424067 0.6385291 0.2364653 0.6355298 0.2453904 0.6323087 0.2420473 0.6290365 0.2506791 0.6262151 0.893096 0.1364476 0.8929971 0.1120545 0.9131809 0.1149913 0.9151901 0.1509659 0.9131809 0.1149913 0.9287348 0.1160025 0.8737018 0.1257109 0.8683406 0.105403 0.8929971 0.1120545 0.8929971 0.1120545 0.8913717 0.08622485 0.9116995 0.08621925 0.9131809 0.1149913 0.9116995 0.08621925 0.928174 0.08621525 0.8913717 0.08622485 0.8929971 0.1120545 0.8683406 0.105403 0.9287348 0.1160025 0.928174 0.08621525 0.9434028 0.08621233 0.9612799 0.1113013 0.9567452 0.08621007 0.9693537 0.08620899 0.9747904 0.1227373 0.9635515 0.1345689 0.9612799 0.1113013 0.9612799 0.1113013 0.9459283 0.1153694 0.9434028 0.08621233 0.9459283 0.1153694 0.9612799 0.1113013 0.9635515 0.1345689 0.9371989 0.1593266 0.9287348 0.1160025 0.9459283 0.1153694 0.7508683 0.1283771 0.7493798 0.1321671 0.7355953 0.1263003 0.779792 0.1425052 0.7904688 0.1446758 0.7864162 0.1518496 0.7251155 0.1143403 0.7249892 0.1212766 0.7156456 0.1142169 0.7088545 0.09568816 0.7059135 0.09747827 0.7017071 0.08631736 0.7669481 0.1353893 0.779792 0.1425052 0.7747829 0.1482147 0.7360061 0.1222581 0.7355953 0.1263003 0.7249892 0.1212766 0.7088545 0.09568816 0.7147548 0.1058375 0.7109977 0.1068686 0.7508683 0.1283771 0.7669481 0.1353893 0.7638424 0.1385647 0.7904688 0.1446758 0.8052139 0.1492049 0.7966496 0.1547296 0.7147548 0.1058375 0.7202062 0.1093069 0.7156456 0.1142169 0.3501467 0.006762325 0.3647865 0.006699204 0.362746 0.02139228 0.3126565 0.009805858 0.3245474 0.008976519 0.3233957 0.02247267 0.3358596 0.007386505 0.3501467 0.006762325 0.3480489 0.02153939 0.007557928 0.3587629 0.01056104 0.3443915 0.0275039 0.3510394 0.3245474 0.008976519 0.3358596 0.007386505 0.3337973 0.02184462 0.3337973 0.02184462 0.3345086 0.03893131 0.3245897 0.03893333 0.3480489 0.02153939 0.3482156 0.03892946 0.3345086 0.03893131 0.02224791 0.3663597 0.0275039 0.3510394 0.04711359 0.3602087 0.3233957 0.02247267 0.3245897 0.03893333 0.3137549 0.03893595 0.3480489 0.02153939 0.362746 0.02139228 0.3626655 0.03892874 0.2913453 0.03894245 0.2933124 0.0240817 0.304668 0.02842223 0.3137549 0.03893595 0.3042671 0.03893882 0.304668 0.02842223 0.3027259 0.01175266 0.3142714 0.0226593 0.304668 0.02842223 0.01139086 0.3306937 0.01433241 0.3186702 0.03018838 0.324429 0.02779722 0.3357246 0.0275039 0.3510394 0.01056104 0.3443915 0.02779722 0.3357246 0.03018838 0.324429 0.05807977 0.3392362 0.0275039 0.3510394 0.02779722 0.3357246 0.05205929 0.3504655 0.6435375 0.2400535 0.6413803 0.2292097 0.654453 0.2292223 0.6438607 0.2524635 0.654453 0.2524742 0.654453 0.2651998 0.01857709 0.2586925 0.02723026 0.2513931 0.03373312 0.2591024 0.6438607 0.2524635 0.6435375 0.2400535 0.654453 0.240052 0.6413803 0.2292097 0.6400737 0.2219111 0.654453 0.2219321 0.6235559 0.2268202 0.6207508 0.2185325 0.6294798 0.2217184 0.6291424 0.2529985 0.6284453 0.2390421 0.6349674 0.2400683 0.007730662 0.2705237 0.01140159 0.2647696 0.0183112 0.2722923 0.6291424 0.2529985 0.6353908 0.2524356 0.6348268 0.2650915 0.6284453 0.2390421 0.6235559 0.2268202 0.631208 0.2291778 0.641591 0.2086434 0.6333198 0.2151021 0.6264985 0.2097177 0.654453 0.2040071 0.641591 0.2086434 0.6404282 0.197807 0.641591 0.2086434 0.654453 0.2040071 0.654453 0.2219321 0.6353908 0.2524356 0.6438607 0.2524635 0.6437138 0.2651696 0.631208 0.2291778 0.6294798 0.2217184 0.6400737 0.2219111 0.6349674 0.2400683 0.631208 0.2291778 0.6413803 0.2292097 0.6353908 0.2524356 0.6349674 0.2400683 0.6435375 0.2400535 0.6264985 0.2097177 0.6333198 0.2151021 0.6294798 0.2217184 0.6333198 0.2151021 0.641591 0.2086434 0.6400737 0.2219111 0.01140159 0.2647696 0.01857709 0.2586925 0.02469283 0.2667528 0.0183112 0.2722923 0.02469283 0.2667528 0.03552418 0.2803393 0.02469283 0.2667528 0.03373312 0.2591024 0.04528343 0.2728097 0.02875339 0.3132465 0.01615679 0.3074573 0.03298276 0.299572 0.02875339 0.3132465 0.03018838 0.324429 0.01433241 0.3186702 0.01615679 0.3074573 0.01260155 0.290953 0.02800959 0.2867538 0.0133062 0.2807829 0.0183112 0.2722923 0.02800959 0.2867538 0.03546559 0.3109257 0.04603987 0.3126648 0.03018838 0.324429 0.05807977 0.3392362 0.03018838 0.324429 0.04603987 0.3126648 0.03552418 0.2803393 0.04528343 0.2728097 0.05678158 0.2895228 0.04487836 0.2957337 0.03298276 0.299572 0.02800959 0.2867538 0.03298276 0.299572 0.04487836 0.2957337 0.04603987 0.3126648 0.04487836 0.2957337 0.05678158 0.2895228 0.06382077 0.3134335 0.2620703 0.7133769 0.2726042 0.6945976 0.2874405 0.7057452 0.2815592 0.6786334 0.2913579 0.6611648 0.2971639 0.6686716 0.2726042 0.6945976 0.2815592 0.6786334 0.2976003 0.6868035 0.2450417 0.7630077 0.2355389 0.7606757 0.2430024 0.7473699 0.2767763 0.7232599 0.2651531 0.7384918 0.2528001 0.7299035 0.2516753 0.7522227 0.2430024 0.7473699 0.2528001 0.7299035 0.2424067 0.7691762 0.2318645 0.7672259 0.2355389 0.7606757 0.2450417 0.7630077 0.2577871 0.7628564 0.2567346 0.7685812 0.2683107 0.7641188 0.2665926 0.7679876 0.2567346 0.7685812 0.2516753 0.7522227 0.2601991 0.7557287 0.2577871 0.7628564 0.2683107 0.7641188 0.2577871 0.7628564 0.2601991 0.7557287 0.2651531 0.7384918 0.2723984 0.7519401 0.2601991 0.7557287 0.3091973 0.7049529 0.2968868 0.7187702 0.2874405 0.7057452 0.2968868 0.7187702 0.2845751 0.733123 0.2767763 0.7232599 0.2845751 0.733123 0.2723984 0.7519401 0.2651531 0.7384918 0.2976003 0.6868035 0.3066158 0.6817111 0.3137776 0.6973606 0.2971639 0.6686716 0.3063267 0.6705428 0.3066158 0.6817111 0.316492 0.6719711 0.3182459 0.6782261 0.3066158 0.6817111 0.3248598 0.671762 0.3267351 0.6761348 0.3182459 0.6782261 0.3428412 0.6672424 0.3491754 0.6609141 0.3510016 0.6707278 0.3330444 0.6701919 0.3338446 0.67439 0.3267351 0.6761348 0.3330444 0.6701919 0.3428412 0.6672424 0.342285 0.6721628 0.3244186 0.7018396 0.326231 0.7097111 0.3091973 0.7049529 0.3345878 0.6996885 0.3377968 0.7065909 0.326231 0.7097111 0.3475481 0.6997166 0.3572579 0.7075968 0.345407 0.7162519 0.3345878 0.6996885 0.3418503 0.6946442 0.3475481 0.6997166 0.3510016 0.6707278 0.3527922 0.6774076 0.3423893 0.6776587 0.3520933 0.68873 0.3475481 0.6997166 0.3418503 0.6946442 0.3444815 0.6864956 0.3423893 0.6776587 0.3527922 0.6774076 0.3520933 0.68873 0.3701086 0.6943751 0.3572579 0.7075968 0.3377968 0.7065909 0.345407 0.7162519 0.3283354 0.7187583 0.3186714 0.7234869 0.3091973 0.7049529 0.326231 0.7097111 0.2968868 0.7187702 0.3080562 0.7306528 0.2953892 0.7413557 0.2968868 0.7187702 0.3091973 0.7049529 0.3186714 0.7234869 0.2567346 0.7685812 0.2609534 0.776497 0.2422415 0.7775606 0.2424067 0.7691762 0.2422415 0.7775606 0.2271239 0.7756772 0.2727336 0.7769843 0.2609534 0.776497 0.2567346 0.7685812 0.2683107 0.7641188 0.2803514 0.7688193 0.2727336 0.7769843 0.2863718 0.7546527 0.2723984 0.7519401 0.2845751 0.733123 0.2723984 0.7519401 0.2863718 0.7546527 0.2803514 0.7688193 0.3130702 0.6629243 0.3184121 0.6679108 0.316492 0.6719711 0.3230393 0.6575817 0.3251571 0.664896 0.3184121 0.6679108 0.3319739 0.656197 0.3328129 0.6631913 0.3251571 0.664896 0.3319739 0.656197 0.3417173 0.6549959 0.3393346 0.6616444 0.3248598 0.671762 0.316492 0.6719711 0.3184121 0.6679108 0.3330444 0.6701919 0.3248598 0.671762 0.3251571 0.664896 0.3428412 0.6672424 0.3330444 0.6701919 0.3328129 0.6631913 0.3491754 0.6609141 0.3428412 0.6672424 0.3393346 0.6616444 0.2913579 0.6611648 0.2966145 0.651794 0.3061553 0.6578436 0.3061553 0.6578436 0.3130702 0.6629243 0.3063267 0.6705428 0.2966145 0.651794 0.3019632 0.6422587 0.3118614 0.6488477 0.3019632 0.6422587 0.3104138 0.6271931 0.3212049 0.6352797 0.3104138 0.6271931 0.3171002 0.6152735 0.3292989 0.6248548 0.3171002 0.6152735 0.3221461 0.6062781 0.3358862 0.6164796 0.3130702 0.6629243 0.3061553 0.6578436 0.3118614 0.6488477 0.3310792 0.6459884 0.3230393 0.6575817 0.3118614 0.6488477 0.3402946 0.6347166 0.3310792 0.6459884 0.3212049 0.6352797 0.3472722 0.6271198 0.3402946 0.6347166 0.3292989 0.6248548 0.3310792 0.6459884 0.3417173 0.6549959 0.3319739 0.656197 0.3497325 0.6466593 0.3417173 0.6549959 0.3310792 0.6459884 0.3557478 0.6397024 0.3497325 0.6466593 0.3402946 0.6347166 0.3472722 0.6271198 0.3559995 0.6174856 0.3646209 0.6298163 0.3435413 0.6080353 0.3559995 0.6174856 0.3472722 0.6271198 0.3221461 0.6062781 0.3276543 0.5964586 0.3435413 0.6080353 0.357577 0.6574887 0.3638629 0.6669916 0.3510016 0.6707278 0.3655276 0.6521742 0.3736316 0.6646806 0.3638629 0.6669916 0.3655276 0.6521742 0.3740878 0.6456858 0.3818925 0.6594242 0.3491754 0.6609141 0.3417173 0.6549959 0.3497325 0.6466593 0.3497325 0.6466593 0.3557478 0.6397024 0.3655276 0.6521742 0.3557478 0.6397024 0.3646209 0.6298163 0.3740878 0.6456858 0.3683753 0.6785099 0.3701086 0.6943751 0.3520933 0.68873 0.3527922 0.6774076 0.3510016 0.6707278 0.3638629 0.6669916 0.3818925 0.6594242 0.3978686 0.6728048 0.3818705 0.6752734 0.3978686 0.6728048 0.4109271 0.6920244 0.3925464 0.6931858 0.8798046 0.02585601 0.8736754 0.04674667 0.8530531 0.03813105 0.8736754 0.04674667 0.8683276 0.06706064 0.8475381 0.06237798 0.8683276 0.06706064 0.8672843 0.08623248 0.8462141 0.08624029 0.3736316 0.6646806 0.3818705 0.6752734 0.3683753 0.6785099 0.3701086 0.6943751 0.3683753 0.6785099 0.3818705 0.6752734 0.8352966 0.03360444 0.8375129 0.007305204 0.8608748 0.01639658 0.8475381 0.06237798 0.8295347 0.06193912 0.8352966 0.03360444 0.8462141 0.08624029 0.8280218 0.08624768 0.8295347 0.06193912 0.7797376 0.03002756 0.7882176 0.0459358 0.7740595 0.05123472 0.7508221 0.04418665 0.7560173 0.05629503 0.7405854 0.06095397 0.7904146 0.02784651 0.8000098 0.04151707 0.7882176 0.0459358 0.7405854 0.06095397 0.7298761 0.06517511 0.725079 0.05825603 0.7668979 0.03715693 0.7740595 0.05123472 0.7560173 0.05629503 0.7601786 0.07114237 0.7435259 0.07346707 0.7405854 0.06095397 0.7740595 0.05123472 0.781566 0.06931537 0.7601786 0.07114237 0.7435259 0.07346707 0.7327039 0.07524538 0.7298761 0.06517511 0.7949498 0.06334918 0.781566 0.06931537 0.7740595 0.05123472 0.8000098 0.04151707 0.8126707 0.05898314 0.7949498 0.06334918 0.7601786 0.07114237 0.7648524 0.08627682 0.7451981 0.08628755 0.781566 0.06931537 0.7838364 0.08626729 0.7648524 0.08627682 0.7435259 0.07346707 0.7451981 0.08628755 0.7340559 0.08629429 0.7981887 0.08626061 0.7838364 0.08626729 0.781566 0.06931537 0.8124094 0.08625423 0.7981887 0.08626061 0.7949498 0.06334918 0.8295347 0.06193912 0.8280218 0.08624768 0.8124094 0.08625423 0.8051583 0.02330362 0.809314 0.03419739 0.8000098 0.04151707 0.8226047 0.03318798 0.8126707 0.05898314 0.8000098 0.04151707 0.8295347 0.06193912 0.8126707 0.05898314 0.8226047 0.03318798 0.8352966 0.03360444 0.8226047 0.03318798 0.8190943 0.01689225 0.8190943 0.01689225 0.8226047 0.03318798 0.809314 0.03419739 0.7340559 0.08629429 0.726463 0.08629912 0.7257497 0.07740163 0.7227089 0.07010596 0.7177295 0.07318478 0.7147265 0.06677436 0.7201746 0.06329679 0.725079 0.05825603 0.7298761 0.06517511 0.7327039 0.07524538 0.7257497 0.07740163 0.7227089 0.07010596 0.7227089 0.07010596 0.7257497 0.07740163 0.7207286 0.07858526 0.7207286 0.07858526 0.7257497 0.07740163 0.726463 0.08629912 0.7088398 0.07693451 0.7147265 0.06677436 0.7177295 0.07318478 0.7085565 0.08631175 0.7088398 0.07693451 0.7145481 0.07891845 0.720371 0.08630329 0.7134692 0.08630824 0.7145481 0.07891845 0.3338446 0.67439 0.3392609 0.6808804 0.3300326 0.6834516 0.3267351 0.6761348 0.3300326 0.6834516 0.3217683 0.6853466 0.342285 0.6721628 0.3423893 0.6776587 0.3392609 0.6808804 0.316898 0.6870852 0.3066158 0.6817111 0.3182459 0.6782261 0.3345878 0.6996885 0.3311003 0.6944448 0.3361935 0.6911373 0.3244186 0.7018396 0.3255026 0.6947973 0.3311003 0.6944448 0.3200113 0.6929079 0.3255026 0.6947973 0.3244186 0.7018396 0.3137776 0.6973606 0.3066158 0.6817111 0.316898 0.6870852 0.3399463 0.6853485 0.3444815 0.6864956 0.3418503 0.6946442 0.3423893 0.6776587 0.3444815 0.6864956 0.3399463 0.6853485 0.9131661 0.05744493 0.892982 0.06039279 0.8930665 0.03599613 0.9287214 0.05642592 0.9131661 0.05744493 0.915157 0.02146327 0.892982 0.06039279 0.8683276 0.06706064 0.8736754 0.04674667 0.9116995 0.08621925 0.8913717 0.08622485 0.892982 0.06039279 0.928174 0.08621525 0.9116995 0.08621925 0.9131661 0.05744493 0.8683276 0.06706064 0.892982 0.06039279 0.8913717 0.08622485 0.9434028 0.08621233 0.928174 0.08621525 0.9287214 0.05642592 0.9693537 0.08620899 0.9567452 0.08621007 0.9612736 0.06111431 0.9612736 0.06111431 0.9635364 0.03784042 0.9747835 0.04967045 0.9612736 0.06111431 0.9567452 0.08621007 0.9434028 0.08621233 0.9635364 0.03784042 0.9612736 0.06111431 0.9459177 0.05705136 0.9371662 0.01309025 0.9534989 0.01990193 0.9459177 0.05705136 0.7355477 0.0462805 0.7493293 0.04039764 0.7508221 0.04418665 0.7797376 0.03002756 0.7747222 0.02432155 0.7863546 0.02067506 0.7156063 0.05839127 0.7249443 0.05131781 0.725079 0.05825603 0.7017071 0.08631736 0.7058956 0.07514876 0.7088398 0.07693451 0.7668979 0.03715693 0.7637885 0.03398406 0.7747222 0.02432155 0.7249443 0.05131781 0.7355477 0.0462805 0.7359632 0.05032336 0.7088398 0.07693451 0.7058956 0.07514876 0.7109669 0.06574845 0.7508221 0.04418665 0.7493293 0.04039764 0.7637885 0.03398406 0.7904146 0.02784651 0.7863546 0.02067506 0.7965874 0.01778537 0.7147265 0.06677436 0.7109669 0.06574845 0.7156063 0.05839127 0.350153 0.0710898 0.3480523 0.05631756 0.362746 0.0564627 0.3126717 0.06806355 0.3142795 0.05521136 0.3234028 0.05539339 0.3358703 0.0704708 0.3338032 0.05601692 0.3480523 0.05631756 0.9872631 0.6163125 0.9725735 0.6239091 0.9673177 0.6085892 0.3245606 0.06888628 0.3234028 0.05539339 0.3338032 0.05601692 0.3245897 0.03893333 0.3345086 0.03893131 0.3338032 0.05601692 0.3345086 0.03893131 0.3482156 0.03892946 0.3480523 0.05631756 0.9725735 0.6239091 0.9536803 0.6319723 0.9477086 0.6177581 0.3137549 0.03893595 0.3245897 0.03893333 0.3234028 0.05539339 0.3480523 0.05631756 0.3482156 0.03892946 0.3626655 0.03892874 0.2913453 0.03894245 0.3042671 0.03893882 0.3046739 0.04945415 0.3046739 0.04945415 0.3042671 0.03893882 0.3137549 0.03893595 0.3046739 0.04945415 0.3142795 0.05521136 0.3027417 0.06612312 0.9834305 0.5882444 0.9670245 0.5932748 0.9646337 0.5819798 0.9842602 0.6019416 0.9673177 0.6085892 0.9670245 0.5932748 0.9670245 0.5932748 0.9427632 0.608015 0.936743 0.5967861 0.9673177 0.6085892 0.9477086 0.6177581 0.9427632 0.608015 0.6653683 0.2400535 0.654453 0.240052 0.654453 0.2292223 0.654453 0.2651998 0.654453 0.2524742 0.6650452 0.2524635 0.9610896 0.5166549 0.9675925 0.5089462 0.9762453 0.5162452 0.6650452 0.2524635 0.654453 0.2524742 0.654453 0.240052 0.6675256 0.2292097 0.654453 0.2292223 0.654453 0.2219321 0.68535 0.2268202 0.6776978 0.2291778 0.679426 0.2217184 0.6797634 0.2529985 0.673515 0.2524356 0.6739385 0.2400683 0.9765109 0.5298447 0.9834204 0.5223221 0.9870912 0.5280761 0.674079 0.2650915 0.673515 0.2524356 0.6797634 0.2529985 0.6804606 0.2390421 0.6739385 0.2400683 0.6776978 0.2291778 0.6824074 0.2097177 0.6755862 0.2151021 0.6673148 0.2086434 0.6684776 0.197807 0.6673148 0.2086434 0.654453 0.2040071 0.6673148 0.2086434 0.6688321 0.2219111 0.654453 0.2219321 0.665192 0.2651696 0.6650452 0.2524635 0.673515 0.2524356 0.6776978 0.2291778 0.6675256 0.2292097 0.6688321 0.2219111 0.6739385 0.2400683 0.6653683 0.2400535 0.6675256 0.2292097 0.673515 0.2524356 0.6650452 0.2524635 0.6653683 0.2400535 0.6824074 0.2097177 0.688155 0.2185325 0.679426 0.2217184 0.6688321 0.2219111 0.6673148 0.2086434 0.6755862 0.2151021 0.9701295 0.5243052 0.9762453 0.5162452 0.9834204 0.5223221 0.9765109 0.5298447 0.9668127 0.5443056 0.9592985 0.5378913 0.9701295 0.5243052 0.9592985 0.5378913 0.9495396 0.5303617 0.9618395 0.5571233 0.9786649 0.5650085 0.9660686 0.5707975 0.9804893 0.5762211 0.9646337 0.5819798 0.9660686 0.5707975 0.9668127 0.5443056 0.9822201 0.5485049 0.9786649 0.5650085 0.9815157 0.5383349 0.9822201 0.5485049 0.9668127 0.5443056 0.9593569 0.5684765 0.9660686 0.5707975 0.9646337 0.5819798 0.936743 0.5967861 0.9310023 0.5709839 0.9487827 0.5702156 0.9592985 0.5378913 0.9499444 0.5532851 0.9380415 0.5470741 0.9668127 0.5443056 0.9618395 0.5571233 0.9499444 0.5532851 0.9618395 0.5571233 0.9593569 0.5684765 0.9487827 0.5702156 0.9310023 0.5709839 0.9380415 0.5470741 0.9499444 0.5532851 0.9364056 0.981141 0.9360249 0.9824092 0.9306778 0.981346 0.9108356 0.9817446 0.9104231 0.9834355 0.9041846 0.9822306 0.8780035 0.9811362 0.874192 0.9809611 0.8781073 0.9776853 0.9041846 0.9822306 0.9104231 0.9834355 0.9126316 0.988241 0.9041846 0.9822306 0.8922331 0.9795606 0.8962045 0.9767173 0.9306778 0.981346 0.9360249 0.9824092 0.9374153 0.9863677 0.9306778 0.981346 0.9212719 0.9807151 0.9240649 0.9784232 0.9566196 0.9832185 0.9570277 0.9870998 0.9505513 0.983808 0.9505513 0.983808 0.9427639 0.9819619 0.9453272 0.9790625 0.869409 0.1899161 0.8729745 0.1941271 0.8694761 0.1960878 0.8677481 0.2145103 0.8739039 0.2169762 0.8713626 0.220072 0.8775501 0.2367275 0.8756359 0.2402475 0.8753259 0.2345942 0.9240649 0.9784232 0.9120535 0.9824835 0.9278622 0.9690864 0.877116 0.2237639 0.8749111 0.2271072 0.8713626 0.220072 0.9453272 0.9790625 0.9375401 0.9812961 0.9442594 0.9708195 0.8724013 0.2009051 0.8691995 0.2033233 0.8694761 0.1960878 0.8715522 0.1726339 0.8744776 0.1764671 0.8704997 0.1769602 0.8732926 0.1815096 0.8693817 0.18239 0.8704997 0.1769602 0.9556786 0.9628583 0.9513181 0.9629548 0.951938 0.9601543 0.9352502 0.9588927 0.925096 0.9684764 0.9230016 0.9640892 0.9513181 0.9629548 0.9474377 0.9639974 0.9482848 0.9616406 0.8781073 0.9776853 0.874192 0.9809611 0.8820726 0.9668535 0.9570277 0.9870998 0.9584311 0.9876561 0.9524167 0.9924027 0.945861 0.9637527 0.9424543 0.9705777 0.939288 0.9679911 0.9401441 0.9608688 0.9415165 0.9581617 0.9447568 0.9595943 0.9401441 0.9608688 0.9372492 0.9602752 0.9387901 0.9578591 0.9505513 0.983808 0.9471778 0.9922637 0.9437255 0.9901259 0.8922331 0.9795606 0.899968 0.9933095 0.8924113 0.9906216 0.8843879 0.1830374 0.8790223 0.1847937 0.88032 0.1799272 0.9295426 0.9529571 0.9313019 0.9509258 0.9352034 0.9537752 0.9212719 0.9807151 0.9110312 0.9834027 0.9120535 0.9824835 0.9306778 0.981346 0.933043 0.9893839 0.9267769 0.9893873 0.8863734 0.1934773 0.8798131 0.1997041 0.8807899 0.1945585 0.9427639 0.9819619 0.9365053 0.982387 0.9375401 0.9812961 0.9041846 0.9822306 0.9077017 0.9930945 0.899968 0.9933095 0.9598769 0.9639418 0.9626759 0.9642117 0.9629409 0.9687658 0.9556786 0.9628583 0.9556131 0.959851 0.9582973 0.961027 0.9260596 0.9514401 0.923579 0.9505203 0.9254725 0.9485709 0.9581197 0.9839107 0.9637769 0.9781536 0.9644406 0.9820623 0.9077155 0.960309 0.8781073 0.9776853 0.8861204 0.9646388 0.88032 0.1799272 0.8732926 0.1815096 0.8744776 0.1764671 0.8805478 0.1722971 0.8809292 0.1756657 0.8744776 0.1764671 0.8807899 0.1945585 0.8724013 0.2009051 0.8729745 0.1941271 0.8849382 0.1711608 0.884867 0.1721577 0.8805478 0.1722971 0.8866466 0.2092781 0.877116 0.2237639 0.8739039 0.2169762 0.8882379 0.217095 0.8775501 0.2367275 0.8773664 0.2311496 0.8804093 0.2024499 0.884014 0.2046003 0.8739039 0.2169762 0.8790247 0.1866972 0.8805503 0.1898782 0.8729745 0.1941271 0.9518786 0.9786219 0.9453272 0.9790625 0.9496358 0.9690957 0.9576984 0.9700514 0.9566196 0.9832185 0.9518786 0.9786219 0.9322059 0.977555 0.9240649 0.9784232 0.9342042 0.9674875 0.8790223 0.1847937 0.8696199 0.187879 0.8732926 0.1815096 0.9059885 0.9780505 0.8962045 0.9767173 0.9176023 0.9612055 0.8798131 0.1997041 0.8679369 0.2109491 0.8724013 0.2009051 0.8806116 0.9794631 0.8781073 0.9776853 0.9077155 0.960309 0.925096 0.9684764 0.9108356 0.9817446 0.9059885 0.9780505 0.9424543 0.9705777 0.9364056 0.981141 0.9322059 0.977555 0.9438054 0.9622966 0.9447568 0.9595943 0.9465327 0.9613186 0.9336591 0.9562608 0.9352034 0.9537752 0.93672 0.9564374 0.9120795 0.9607403 0.9077155 0.960309 0.923579 0.9505203 0.9212719 0.9807151 0.9267769 0.9893873 0.9153904 0.9880985 0.9230016 0.9640892 0.9176023 0.9612055 0.9295426 0.9529571 0.9427639 0.9819619 0.9437255 0.9901259 0.9387195 0.9862747 0.939288 0.9679911 0.9342042 0.9674875 0.9401441 0.9608688 0.958899 0.963706 0.9576984 0.9700514 0.9542092 0.9686122 0.9542092 0.9686122 0.9496358 0.9690957 0.9513181 0.9629548 0.8849148 0.1874274 0.8805503 0.1898782 0.8790247 0.1866972 0.8875945 0.1955443 0.8897916 0.1974415 0.884014 0.2046003 0.8946343 0.2066038 0.8882379 0.217095 0.8875511 0.2137405 0.8679369 0.2109491 0.8648703 0.2138375 0.8691995 0.2033233 0.8922487 0.2012234 0.8866466 0.2092781 0.884014 0.2046003 0.8696199 0.187879 0.8657613 0.1891276 0.8693817 0.18239 0.8856172 0.190898 0.8807899 0.1945585 0.8805503 0.1898782 0.8846491 0.1752035 0.8809292 0.1756657 0.8805478 0.1722971 0.8843716 0.1790146 0.88032 0.1799272 0.8809292 0.1756657 0.923579 0.9505203 0.9077155 0.960309 0.9101523 0.9540944 0.9588552 0.9704881 0.9629409 0.9687658 0.9637769 0.9781536 0.8936218 0.2043447 0.8875511 0.2137405 0.8866466 0.2092781 0.9176023 0.9612055 0.9120795 0.9607403 0.9260596 0.9514401 0.8962045 0.9767173 0.8806116 0.9794631 0.9120795 0.9607403 0.8875511 0.2137405 0.8773664 0.2311496 0.877116 0.2237639 0.9295426 0.9529571 0.9260596 0.9514401 0.9279242 0.9495288 0.8780035 0.9811362 0.8924113 0.9906216 0.88528 0.9902977 0.8773664 0.2311496 0.8753259 0.2345942 0.8749111 0.2271072 0.8922331 0.9795606 0.8780035 0.9811362 0.8806116 0.9794631 0.9110312 0.9834027 0.9104231 0.9834355 0.9108356 0.9817446 0.8677481 0.2145103 0.8648211 0.2172965 0.8648703 0.2138375 0.9352502 0.9588927 0.93672 0.9564374 0.9387901 0.9578591 0.9126316 0.988241 0.9104231 0.9834355 0.9110312 0.9834027 0.9120535 0.9824835 0.9108356 0.9817446 0.925096 0.9684764 0.8804093 0.2024499 0.8677481 0.2145103 0.8679369 0.2109491 0.9278622 0.9690864 0.925096 0.9684764 0.9352502 0.9588927 0.8875945 0.1955443 0.8804093 0.2024499 0.8798131 0.1997041 0.9342042 0.9674875 0.9278622 0.9690864 0.9372492 0.9602752 0.9365053 0.982387 0.9360249 0.9824092 0.9364056 0.981141 0.869409 0.1899161 0.8655765 0.1912002 0.8657613 0.1891276 0.9474377 0.9639974 0.945861 0.9637527 0.9465327 0.9613186 0.9365053 0.982387 0.9387195 0.9862747 0.9374153 0.9863677 0.9375401 0.9812961 0.9364056 0.981141 0.9424543 0.9705777 0.8790247 0.1866972 0.869409 0.1899161 0.8696199 0.187879 0.9442594 0.9708195 0.9424543 0.9705777 0.945861 0.9637527 0.8844526 0.1848675 0.8790247 0.1866972 0.8790223 0.1847937 0.9496358 0.9690957 0.9442594 0.9708195 0.9474377 0.9639974 0.9598769 0.9639418 0.9588552 0.9704881 0.9576984 0.9700514 0.9588552 0.9704881 0.9581197 0.9839107 0.9566196 0.9832185 0.8804229 0.1711946 0.8805478 0.1722971 0.8715522 0.1726339 0.958899 0.963706 0.9582973 0.961027 0.9592289 0.9612886 0.9505513 0.983808 0.9570277 0.9870998 0.9511043 0.9918889 0.8711324 0.1713324 0.8715522 0.1726339 0.8675498 0.1726398 0.9581197 0.9839107 0.9584311 0.9876561 0.9570277 0.9870998 0.5546395 0.9744825 0.5588392 0.9708965 0.5603674 0.9746875 0.5802096 0.9750863 0.5850568 0.9713921 0.5868607 0.9755721 0.6129381 0.9710268 0.6168535 0.9743027 0.6130419 0.9744778 0.5868607 0.9755721 0.5833435 0.9864363 0.5784137 0.9815827 0.5948408 0.970059 0.5988123 0.9729022 0.5868607 0.9755721 0.5603674 0.9746875 0.5580023 0.9827257 0.5536298 0.9797093 0.5669802 0.9717646 0.5697733 0.9740567 0.5603674 0.9746875 0.5344254 0.9765601 0.5391665 0.9719634 0.5404938 0.9771497 0.5457179 0.9724043 0.5482811 0.9753036 0.5404938 0.9771497 0.671539 0.01131671 0.6728227 0.007484495 0.67771 0.01138323 0.6961303 0.009654223 0.6989158 0.006727337 0.7016915 0.01326793 0.7162121 0.01722961 0.7218645 0.01753926 0.7183454 0.0194534 0.5631827 0.962428 0.5789917 0.9758252 0.5669802 0.9717646 0.7016915 0.01326793 0.7087261 0.01681542 0.7053833 0.01902049 0.5467857 0.9641612 0.5535051 0.9746378 0.5457179 0.9724043 0.67771 0.01138323 0.6849446 0.01110625 0.682527 0.01430785 0.654259 0.01346087 0.6542647 0.00945878 0.6585849 0.01240825 0.6585849 0.01240825 0.6640139 0.01128995 0.6631339 0.01520037 0.5353664 0.9562 0.5354318 0.9531925 0.539107 0.9534959 0.5557949 0.9522341 0.5573859 0.9496024 0.5680436 0.9574308 0.5397269 0.9562963 0.539107 0.9534959 0.5427601 0.9549822 0.6129381 0.9710268 0.604925 0.9579802 0.6089729 0.9601951 0.5340173 0.9804418 0.5399408 0.9852308 0.5386284 0.9857444 0.545184 0.9570943 0.5472397 0.9556382 0.551757 0.9613324 0.5462883 0.9529359 0.5495284 0.9515032 0.5509009 0.9542105 0.5509009 0.9542105 0.5495284 0.9515032 0.5522549 0.9512006 0.5473198 0.9834676 0.5438674 0.9856054 0.5404938 0.9771497 0.5986341 0.9839632 0.5910773 0.986651 0.5988123 0.9729022 0.661552 0.0222271 0.666418 0.02092909 0.6646622 0.02629429 0.5558416 0.9471168 0.5597431 0.9442673 0.5615024 0.9462987 0.5789917 0.9758252 0.5800141 0.9767444 0.5697733 0.9740567 0.5642683 0.982729 0.5580023 0.9827257 0.5603674 0.9746875 0.6761817 0.02269583 0.6813266 0.02171885 0.675101 0.02827882 0.5535051 0.9746378 0.5545398 0.9757285 0.5482811 0.9753036 0.5910773 0.986651 0.5833435 0.9864363 0.5868607 0.9755721 0.5281041 0.9621075 0.528369 0.9575533 0.5311681 0.9572834 0.5327477 0.9543687 0.5354318 0.9531925 0.5353664 0.9562 0.5649856 0.9447815 0.5631208 0.9428701 0.5655726 0.9419123 0.5266044 0.9754043 0.527268 0.9714952 0.5329254 0.9772524 0.5833297 0.9536506 0.580893 0.9474359 0.604925 0.9579802 0.658092 0.01638549 0.6631339 0.01520037 0.661552 0.0222271 0.653923 0.02245545 0.654259 0.01346087 0.658092 0.01638549 0.67575 0.01488155 0.682527 0.01430785 0.6761817 0.02269583 0.6527871 0.02684545 0.6528207 0.02233052 0.653923 0.02245545 0.6985962 0.01580917 0.7053833 0.01902049 0.6908999 0.02855086 0.712768 0.01927024 0.7183454 0.0194534 0.6987161 0.03014123 0.684072 0.02231478 0.6961303 0.009654223 0.6985962 0.01580917 0.6683213 0.02093136 0.671539 0.01131671 0.67575 0.01488155 0.5414093 0.9624372 0.5457179 0.9724043 0.5391665 0.9719634 0.5333467 0.963393 0.5368357 0.9619536 0.5391665 0.9719634 0.5568408 0.960829 0.5669802 0.9717646 0.5588392 0.9708965 0.6631339 0.01520037 0.6695021 0.01152777 0.666418 0.02092909 0.5734428 0.954547 0.5948408 0.970059 0.5850568 0.9713921 0.682527 0.01430785 0.6925694 0.009843051 0.6813266 0.02171885 0.5833297 0.9536506 0.6129381 0.9710268 0.6104339 0.9728046 0.5659491 0.961818 0.5680436 0.9574308 0.5850568 0.9713921 0.5485906 0.9639194 0.551757 0.9613324 0.5588392 0.9708965 0.5445122 0.9546601 0.5462883 0.9529359 0.5472397 0.9556382 0.5543251 0.949779 0.5558416 0.9471168 0.5573859 0.9496024 0.5674661 0.9438618 0.5833297 0.9536506 0.5789657 0.9540817 0.5756549 0.98144 0.5642683 0.982729 0.5697733 0.9740567 0.5615024 0.9462987 0.5734428 0.954547 0.5680436 0.9574308 0.5523257 0.9796163 0.5473198 0.9834676 0.5482811 0.9753036 0.5509009 0.9542105 0.5568408 0.960829 0.551757 0.9613324 0.5321457 0.9570474 0.5353664 0.9562 0.5368357 0.9619536 0.5397269 0.9562963 0.5414093 0.9624372 0.5368357 0.9619536 0.6683213 0.02093136 0.6715019 0.02245664 0.6690517 0.02682089 0.677168 0.02949965 0.684072 0.02231478 0.6862224 0.02591896 0.6953617 0.029455 0.6987161 0.03014123 0.6882265 0.0365377 0.6849446 0.01110625 0.6954571 0.006776571 0.6925694 0.009843051 0.6862224 0.02591896 0.6908999 0.02855086 0.6828466 0.03415298 0.6640139 0.01128995 0.6707504 0.007669448 0.6695021 0.01152777 0.6715019 0.02245664 0.6761817 0.02269583 0.672522 0.02752292 0.653923 0.02245545 0.6572911 0.02283632 0.6568293 0.02655571 0.6572911 0.02283632 0.661552 0.0222271 0.66064 0.02627819 0.5674661 0.9438618 0.5687745 0.9413765 0.580893 0.9474359 0.527268 0.9714952 0.5281041 0.9621075 0.53219 0.9638297 0.6908999 0.02855086 0.6953617 0.029455 0.6859675 0.03552538 0.5649856 0.9447815 0.5789657 0.9540817 0.5734428 0.954547 0.5789657 0.9540817 0.6104339 0.9728046 0.5948408 0.970059 0.7053833 0.01902049 0.712768 0.01927024 0.6953617 0.029455 0.5615024 0.9462987 0.5597431 0.9442673 0.5631208 0.9428701 0.6057655 0.9836392 0.5986341 0.9839632 0.6130419 0.9744778 0.7087261 0.01681542 0.7162121 0.01722961 0.712768 0.01927024 0.6104339 0.9728046 0.6130419 0.9744778 0.5988123 0.9729022 0.5802096 0.9750863 0.5806221 0.9767772 0.5800141 0.9767444 0.6961303 0.009654223 0.6925694 0.009843051 0.6954571 0.006776571 0.5557949 0.9522341 0.5537958 0.9536167 0.5522549 0.9512006 0.5784137 0.9815827 0.5756549 0.98144 0.5800141 0.9767444 0.5659491 0.961818 0.5802096 0.9750863 0.5789917 0.9758252 0.684072 0.02231478 0.6813266 0.02171885 0.6925694 0.009843051 0.5557949 0.9522341 0.5659491 0.961818 0.5631827 0.962428 0.677168 0.02949965 0.675101 0.02827882 0.6813266 0.02171885 0.5537958 0.9536167 0.5631827 0.962428 0.5568408 0.960829 0.5546395 0.9744825 0.5550203 0.9757508 0.5545398 0.9757285 0.671539 0.01131671 0.6695021 0.01152777 0.6707504 0.007669448 0.5445122 0.9546601 0.545184 0.9570943 0.5436074 0.9573389 0.5545398 0.9757285 0.5550203 0.9757508 0.5536298 0.9797093 0.5485906 0.9639194 0.5546395 0.9744825 0.5535051 0.9746378 0.6683213 0.02093136 0.666418 0.02092909 0.6695021 0.01152777 0.545184 0.9570943 0.5485906 0.9639194 0.5467857 0.9641612 0.6664922 0.02635872 0.6646622 0.02629429 0.666418 0.02092909 0.5436074 0.9573389 0.5467857 0.9641612 0.5414093 0.9624372 0.5311681 0.9572834 0.5321457 0.9570474 0.5333467 0.963393 0.53219 0.9638297 0.5333467 0.963393 0.5344254 0.9765601 0.6528207 0.02233052 0.6529577 0.01304101 0.654259 0.01346087 0.531816 0.9546302 0.5327477 0.9543687 0.5321457 0.9570474 0.5404938 0.9771497 0.5438674 0.9856054 0.5399408 0.9852308 0.6529577 0.01304101 0.6528481 0.009034812 0.6542647 0.00945878 0.5329254 0.9772524 0.5344254 0.9765601 0.5340173 0.9804418</float_array>
          <technique_common>
            <accessor source="#Cube_001-mesh-map-0-array" count="11046" stride="2">
              <param name="S" type="float"/>
              <param name="T" type="float"/>
            </accessor>
          </technique_common>
        </source>
        <vertices id="Cube_001-mesh-vertices">
          <input semantic="POSITION" source="#Cube_001-mesh-positions"/>
        </vertices>
        <triangles material="Manon_Main-material" count="3682">
          <input semantic="VERTEX" source="#Cube_001-mesh-vertices" offset="0"/>
          <input semantic="NORMAL" source="#Cube_001-mesh-normals" offset="1"/>
          <input semantic="TEXCOORD" source="#Cube_001-mesh-map-0" offset="2" set="0"/>
          <p>40 0 0 27 1 1 9 2 2 44 3 3 40 0 4 10 4 5 0 5 6 63 6 7 44 3 8 82 7 9 420 8 10 110 9 11 1 10 12 64 11 13 42 12 14 25 13 15 41 14 16 64 11 17 64 11 18 10 4 19 40 0 20 42 12 21 40 0 22 9 2 23 24 15 24 26 16 25 20 17 26 133 18 27 29 19 28 134 20 29 134 20 30 5 21 31 78 22 32 26 16 33 28 23 34 6 24 35 51 25 36 24 15 37 20 17 38 18 26 39 123 27 40 122 28 41 132 29 42 4 30 43 133 18 44 415 31 45 371 32 46 417 33 47 324 34 48 1 10 49 17 35 50 674 36 51 53 37 52 3 38 53 113 39 54 26 16 55 92 40 56 92 40 57 6 24 58 114 41 59 114 41 60 115 42 61 93 43 62 68 44 63 53 37 64 31 45 65 6 24 66 67 46 67 115 42 68 53 37 69 117 47 70 3 38 71 68 44 72 55 48 73 116 49 74 684 50 75 31 45 76 53 37 77 68 44 78 34 51 79 32 52 80 687 53 81 33 54 82 31 45 83 31 45 84 69 55 85 68 44 86 38 56 87 96 57 88 95 58 89 33 54 90 75 59 91 69 55 92 69 55 93 30 60 94 34 51 95 21 61 96 94 62 97 83 63 98 36 64 99 85 65 100 94 62 101 56 66 102 36 64 103 21 61 104 7 67 105 70 68 106 56 66 107 8 69 108 70 68 109 35 70 110 8 69 111 71 71 112 38 56 113 35 70 114 37 72 115 71 71 116 71 71 117 62 73 118 38 56 119 737 74 120 37 72 121 735 75 122 102 76 123 62 73 124 58 77 125 8 69 126 95 58 127 85 65 128 61 78 129 71 71 130 37 72 131 123 27 132 135 79 133 136 80 134 58 77 135 72 81 136 76 82 137 743 83 138 61 78 139 737 74 140 76 82 141 61 78 142 59 84 143 1 10 144 738 85 145 723 86 146 42 12 147 725 87 148 738 85 149 415 31 150 97 88 151 41 14 152 41 14 153 86 89 154 10 4 155 12 90 156 27 1 157 0 5 158 87 91 159 0 5 160 84 92 161 43 93 162 9 2 163 27 1 164 45 94 165 11 95 166 43 93 167 88 96 168 12 90 169 87 91 170 13 97 171 73 98 172 48 99 173 45 94 174 47 100 175 73 98 176 73 98 177 16 101 178 46 102 179 48 99 180 46 102 181 15 103 182 727 104 183 48 99 184 739 105 185 739 105 186 15 103 187 728 106 188 14 107 189 98 108 190 47 100 191 47 100 192 89 109 193 16 101 194 113 39 195 49 110 196 20 17 197 99 111 198 329 112 199 49 110 200 122 28 201 50 113 202 18 26 203 20 17 204 109 114 205 51 25 206 49 110 207 328 115 208 109 114 209 125 116 210 104 117 211 50 113 212 729 118 213 50 113 214 741 119 215 50 113 216 762 120 217 741 119 218 10 4 219 100 121 220 44 3 221 44 3 222 84 92 223 0 5 224 776 122 225 3 38 226 130 123 227 57 124 228 56 66 229 75 59 230 75 59 231 21 61 232 30 60 233 30 60 234 83 63 235 101 125 236 91 126 237 58 77 238 23 127 239 22 128 240 76 82 241 59 84 242 23 127 243 76 82 244 60 129 245 22 128 246 743 83 247 731 130 248 14 107 249 43 93 250 12 90 251 24 15 252 119 131 253 120 132 254 65 133 255 118 134 256 28 23 257 24 15 258 121 135 259 65 133 260 28 23 261 81 136 262 67 46 263 117 47 264 130 123 265 3 38 266 95 58 267 756 137 268 755 138 269 761 139 270 96 57 271 102 76 272 732 140 273 4 30 274 764 141 275 757 142 276 414 143 277 744 144 278 748 145 279 97 88 280 757 142 281 758 146 282 88 96 283 750 147 284 751 148 285 98 108 286 758 146 287 759 149 288 86 89 289 748 145 290 746 150 291 100 121 292 759 149 293 753 151 294 102 76 295 91 126 296 416 152 297 976 153 298 752 154 299 323 155 300 17 35 301 104 117 302 104 117 303 730 156 304 762 120 305 106 157 306 107 158 307 51 25 308 66 159 309 119 131 310 107 158 311 74 160 312 51 25 313 109 114 314 325 161 315 109 114 316 328 115 317 39 162 318 132 29 319 124 163 320 769 164 321 39 162 322 763 165 323 764 141 324 105 166 325 769 164 326 111 167 327 416 152 328 417 33 329 326 168 330 417 33 331 371 32 332 115 42 333 116 49 334 55 48 335 118 134 336 117 47 337 81 136 338 169 169 339 168 170 340 172 171 341 121 135 342 131 172 343 118 134 344 121 135 345 77 173 346 79 174 347 67 46 348 117 47 349 116 49 350 66 159 351 122 28 352 123 27 353 80 175 354 123 27 355 136 80 356 106 157 357 125 116 358 122 28 359 325 161 360 125 116 361 74 160 362 150 176 363 141 177 364 138 178 365 93 43 366 767 179 367 114 41 368 114 41 369 766 180 370 92 40 371 92 40 372 765 181 373 113 39 374 87 91 375 750 147 376 88 96 377 94 62 378 747 182 379 754 183 380 85 65 381 755 138 382 747 182 383 84 92 384 749 184 385 87 91 386 83 63 387 754 183 388 745 185 389 101 125 390 745 185 391 760 186 392 752 154 393 414 143 394 416 152 395 99 111 396 765 181 397 740 187 398 736 188 399 135 79 400 54 189 401 688 190 402 57 124 403 33 54 404 127 191 405 734 192 406 128 193 407 128 193 408 733 194 409 129 195 410 93 43 411 55 48 412 129 195 413 18 26 414 736 188 415 54 189 416 13 97 417 726 196 418 11 95 419 11 95 420 725 87 421 9 2 422 7 67 423 735 75 424 37 72 425 57 124 426 724 197 427 7 67 428 732 140 429 5 21 430 29 19 431 17 35 432 723 86 433 730 156 434 330 198 435 740 187 436 770 199 437 23 127 438 753 151 439 91 126 440 60 129 441 771 200 442 23 127 443 22 128 444 772 201 445 60 129 446 32 52 447 129 195 448 55 48 449 32 52 450 127 191 451 128 193 452 101 125 453 34 51 454 30 60 455 768 202 456 129 195 457 733 194 458 760 186 459 127 191 460 101 125 461 676 203 462 130 123 463 5 21 464 78 22 465 130 123 466 131 172 467 108 204 468 145 205 469 139 206 470 78 22 471 79 174 472 134 20 473 134 20 474 77 173 475 133 18 476 124 163 477 135 79 478 39 162 479 147 207 480 142 208 481 140 209 482 763 165 483 135 79 484 784 210 485 141 177 486 137 211 487 138 178 488 142 208 489 137 211 490 140 209 491 144 212 492 137 211 493 143 213 494 143 213 495 139 206 496 145 205 497 173 214 498 160 215 499 161 216 500 151 217 501 138 178 502 144 212 503 148 218 504 139 206 505 142 208 506 149 219 507 140 209 508 141 177 509 158 220 510 147 207 511 149 219 512 157 221 513 108 204 514 148 218 515 154 222 516 151 217 517 159 223 518 211 224 519 184 225 520 182 226 521 153 227 522 148 218 523 147 207 524 152 228 525 146 229 526 108 204 527 158 220 528 150 176 529 154 222 530 172 171 531 165 230 532 171 231 533 133 18 534 411 232 535 132 29 536 120 132 537 154 222 538 77 173 539 124 163 540 152 228 541 136 80 542 119 131 543 157 221 544 153 227 545 124 163 546 411 232 547 412 233 548 77 173 549 413 234 550 133 18 551 80 175 552 152 228 553 157 221 554 119 131 555 158 220 556 120 132 557 164 235 558 162 236 559 167 237 560 167 237 561 162 236 562 161 216 563 168 170 564 160 215 565 165 230 566 168 170 567 164 235 568 167 237 569 175 238 570 163 239 571 176 240 572 217 241 573 183 242 574 185 243 575 175 238 576 161 216 577 162 236 578 171 231 579 160 215 580 173 214 581 156 244 582 171 231 583 173 214 584 145 205 585 175 238 586 143 213 587 208 245 588 184 225 589 215 246 590 143 213 591 176 240 592 144 212 593 155 247 594 171 231 595 156 244 596 202 248 597 179 249 598 206 250 599 146 229 600 173 214 601 174 251 602 159 223 603 172 171 604 155 247 605 169 169 606 214 252 607 166 253 608 163 239 609 210 254 610 213 255 611 144 212 612 216 256 613 204 257 614 205 258 615 185 243 616 178 259 617 202 248 618 178 259 619 170 260 620 206 250 621 180 261 622 208 245 623 159 223 624 209 262 625 169 169 626 185 243 627 177 263 628 178 259 629 179 249 630 181 264 631 186 265 632 182 226 633 190 266 634 188 267 635 180 261 636 190 266 637 184 225 638 159 223 639 203 268 640 207 269 641 176 240 642 213 255 643 216 256 644 212 270 645 182 226 646 183 242 647 164 235 648 214 252 649 210 254 650 183 242 651 188 267 652 189 271 653 179 249 654 187 272 655 180 261 656 178 259 657 181 264 658 170 260 659 185 243 660 189 271 661 191 273 662 254 274 663 198 275 664 200 276 665 218 277 666 259 278 667 255 279 668 199 280 669 220 281 670 222 282 671 246 283 672 196 284 673 247 285 674 189 271 675 255 279 676 249 286 677 247 285 678 199 280 679 251 287 680 244 288 681 195 289 682 246 283 683 254 274 684 193 290 685 242 291 686 187 272 687 245 292 688 248 293 689 187 272 690 252 294 691 190 266 692 252 294 693 219 295 694 190 266 695 186 265 696 243 296 697 245 292 698 191 273 699 249 286 700 253 297 701 250 298 702 221 299 703 198 275 704 177 263 705 253 297 706 241 300 707 177 263 708 243 296 709 181 264 710 201 301 711 198 275 712 197 302 713 201 301 714 193 290 715 200 276 716 196 284 717 197 302 718 199 280 719 195 289 720 201 301 721 196 284 722 203 268 723 205 258 724 202 248 725 207 269 726 202 248 727 206 250 728 207 269 729 208 245 730 209 262 731 211 224 732 213 255 733 210 254 734 215 246 735 210 254 736 214 252 737 217 241 738 204 257 739 216 256 740 209 262 741 215 246 742 214 252 743 212 270 744 216 256 745 213 255 746 151 217 747 204 257 748 203 268 749 197 302 750 221 299 751 238 303 752 188 267 753 218 277 754 189 271 755 190 266 756 192 304 757 188 267 758 251 287 759 222 282 760 257 305 761 257 305 762 228 306 763 261 307 764 258 308 765 225 309 766 219 295 767 220 281 768 228 306 769 222 282 770 256 310 771 227 311 772 221 299 773 235 312 774 224 313 775 218 277 776 259 278 777 230 314 778 264 315 779 238 303 780 227 311 781 239 316 782 219 295 783 236 317 784 192 304 785 239 316 786 233 318 787 240 319 788 225 309 789 319 320 790 236 317 791 260 321 792 233 318 793 227 311 794 262 322 795 231 323 796 225 309 797 226 324 798 234 325 799 228 306 800 224 313 801 321 326 802 230 314 803 261 307 804 234 325 805 266 327 806 236 317 807 229 328 808 223 329 809 223 329 810 192 304 811 236 317 812 235 312 813 188 267 814 192 304 815 220 281 816 197 302 817 238 303 818 220 281 819 239 316 820 226 324 821 240 319 822 226 324 823 239 316 824 248 293 825 246 283 826 247 285 827 243 296 828 246 283 829 245 292 830 243 296 831 242 291 832 244 288 833 242 291 834 253 297 835 254 274 836 248 293 837 251 287 838 252 294 839 250 298 840 253 297 841 249 286 842 252 294 843 257 305 844 258 308 845 256 310 846 249 286 847 255 279 848 257 305 849 262 322 850 258 308 851 255 279 852 260 321 853 256 310 854 262 322 855 266 327 856 265 330 857 260 321 858 264 315 859 263 331 860 244 288 861 193 290 862 194 332 863 303 333 864 287 334 865 558 335 866 291 336 867 271 337 868 292 338 869 297 339 870 280 340 871 298 341 872 301 342 873 287 334 874 302 343 875 295 344 876 277 345 877 296 346 878 290 347 879 272 348 880 555 349 881 233 318 882 268 350 883 240 319 884 268 350 885 232 351 886 240 319 887 267 352 888 234 325 889 232 351 890 286 353 891 317 354 892 287 334 893 271 337 894 555 349 895 272 348 896 292 338 897 272 348 898 289 355 899 291 336 900 273 356 901 554 357 902 290 347 903 275 358 904 294 359 905 293 360 906 275 358 907 273 356 908 273 356 909 309 361 910 307 362 911 278 363 912 556 364 913 557 365 914 299 366 915 277 345 916 278 363 917 298 341 918 279 367 919 300 368 920 297 339 921 278 363 922 557 365 923 295 344 924 279 367 925 556 364 926 280 340 927 311 369 928 279 367 929 284 370 930 558 335 931 559 371 932 305 372 933 284 370 934 559 371 935 303 333 936 283 373 937 306 374 938 304 375 939 283 373 940 284 370 941 305 372 942 286 353 943 301 342 944 267 352 945 293 360 946 266 327 947 320 376 948 294 359 949 267 352 950 265 330 951 293 360 952 291 336 953 231 323 954 289 355 955 319 320 956 320 376 957 289 355 958 290 347 959 265 330 960 292 338 961 231 323 962 269 377 963 300 368 964 295 344 965 322 378 966 299 366 967 297 339 968 268 350 969 300 368 970 267 352 971 229 328 972 296 346 973 299 366 974 269 377 975 296 346 976 237 379 977 322 378 978 298 341 979 268 350 980 264 315 981 301 342 982 263 331 983 230 314 984 306 374 985 304 375 986 270 380 987 306 374 988 321 326 989 230 314 990 305 372 991 264 315 992 268 350 993 301 342 994 302 343 995 270 380 996 302 343 997 303 333 998 309 361 999 560 381 1000 307 362 1001 312 382 1002 562 383 1003 311 369 1004 317 354 1005 565 384 1006 564 385 1007 581 386 1008 566 387 1009 567 388 1010 586 389 1011 570 390 1012 587 391 1013 578 392 1014 572 393 1015 579 394 1016 273 356 1017 560 381 1018 554 357 1019 286 353 1020 565 384 1021 316 395 1022 279 367 1023 562 383 1024 556 364 1025 275 358 1026 561 396 1027 309 361 1028 287 334 1029 564 385 1030 558 335 1031 280 340 1032 563 397 1033 312 382 1034 320 376 1035 267 352 1036 269 377 1037 320 376 1038 237 379 1039 319 320 1040 236 317 1041 319 320 1042 237 379 1043 223 329 1044 229 328 1045 321 326 1046 322 378 1047 321 326 1048 229 328 1049 322 378 1050 268 350 1051 270 380 1052 126 398 1053 324 34 1054 323 155 1055 103 399 1056 325 161 1057 328 115 1058 327 400 1059 371 32 1060 112 401 1061 52 402 1062 323 155 1063 325 161 1064 103 399 1065 326 168 1066 327 400 1067 330 198 1068 111 167 1069 329 112 1070 90 403 1071 770 199 1072 976 153 1073 328 115 1074 111 167 1075 326 168 1076 126 398 1077 333 404 1078 112 401 1079 103 399 1080 335 405 1081 332 406 1082 52 402 1083 334 407 1084 126 398 1085 52 402 1086 332 406 1087 331 408 1088 327 400 1089 333 404 1090 335 405 1091 331 408 1092 339 409 1093 334 407 1094 331 408 1095 337 410 1096 336 411 1097 332 406 1098 340 412 1099 337 410 1100 335 405 1101 338 413 1102 340 412 1103 334 407 1104 338 413 1105 333 404 1106 337 410 1107 345 414 1108 342 415 1109 340 412 1110 343 416 1111 345 414 1112 339 409 1113 343 416 1114 338 413 1115 336 411 1116 344 417 1117 339 409 1118 336 411 1119 342 415 1120 341 418 1121 341 418 1122 349 419 1123 344 417 1124 342 415 1125 346 420 1126 341 418 1127 345 414 1128 347 421 1129 342 415 1130 345 414 1131 348 422 1132 350 423 1133 343 416 1134 349 419 1135 348 422 1136 350 423 1137 352 424 1138 347 421 1139 348 422 1140 355 425 1141 350 423 1142 349 419 1143 353 426 1144 348 422 1145 349 419 1146 351 427 1147 354 428 1148 346 420 1149 352 424 1150 351 427 1151 354 428 1152 356 429 1153 359 430 1154 351 427 1155 357 431 1156 356 429 1157 355 425 1158 357 431 1159 352 424 1160 353 426 1161 360 432 1162 355 425 1163 353 426 1164 359 430 1165 358 433 1166 360 432 1167 362 434 1168 357 431 1169 358 433 1170 365 435 1171 360 432 1172 359 430 1173 363 436 1174 358 433 1175 359 430 1176 361 437 1177 364 438 1178 356 429 1179 362 434 1180 361 437 1181 364 438 1182 368 439 1183 363 436 1184 364 438 1185 366 440 1186 369 441 1187 361 437 1188 384 442 1189 366 440 1190 365 435 1191 367 443 1192 362 434 1193 363 436 1194 370 444 1195 365 435 1196 324 34 1197 371 32 1198 25 13 1199 366 440 1200 380 445 1201 379 446 1202 370 444 1203 383 447 1204 367 443 1205 370 444 1206 382 448 1207 376 449 1208 410 450 1209 375 451 1210 374 452 1211 369 441 1212 373 453 1213 381 454 1214 377 455 1215 384 442 1216 367 443 1217 366 440 1218 379 446 1219 373 453 1220 400 456 1221 518 457 1222 399 458 1223 399 458 1224 519 459 1225 397 460 1226 376 449 1227 378 461 1228 370 444 1229 398 462 1230 519 459 1231 523 463 1232 409 464 1233 381 454 1234 375 451 1235 382 448 1236 410 450 1237 374 452 1238 383 447 1239 374 452 1240 377 455 1241 367 443 1242 384 442 1243 362 434 1244 375 451 1245 380 445 1246 372 465 1247 367 443 1248 383 447 1249 377 455 1250 384 442 1251 372 465 1252 380 445 1253 547 466 1254 537 467 1255 548 468 1256 546 469 1257 536 470 1258 547 466 1259 550 471 1260 530 472 1261 551 473 1262 402 474 1263 525 475 1264 529 476 1265 400 456 1266 523 463 1267 522 477 1268 405 478 1269 526 479 1270 406 480 1271 402 474 1272 528 481 1273 403 482 1274 401 483 1275 524 484 1276 525 475 1277 408 485 1278 520 486 1279 521 487 1280 405 478 1281 521 487 1282 527 488 1283 406 480 1284 520 486 1285 407 489 1286 403 482 1287 524 484 1288 404 490 1289 379 446 1290 398 462 1291 400 456 1292 381 454 1293 398 462 1294 380 445 1295 381 454 1296 399 458 1297 397 460 1298 373 453 1299 400 456 1300 399 458 1301 375 451 1302 403 482 1303 404 490 1304 374 452 1305 404 490 1306 401 483 1307 372 465 1308 402 474 1309 403 482 1310 374 452 1311 402 474 1312 377 455 1313 382 448 1314 406 480 1315 407 489 1316 376 449 1317 405 478 1318 378 461 1319 382 448 1320 408 485 1321 376 449 1322 378 461 1323 406 480 1324 383 447 1325 368 439 1326 409 464 1327 410 450 1328 152 228 1329 412 233 1330 156 244 1331 412 233 1332 155 247 1333 156 244 1334 411 232 1335 159 223 1336 155 247 1337 159 223 1338 413 234 1339 154 222 1340 2 491 1341 414 143 1342 415 31 1343 110 9 1344 417 33 1345 416 152 1346 2 491 1347 417 33 1348 19 492 1349 82 7 1350 416 152 1351 414 143 1352 472 493 1353 475 494 1354 425 495 1355 19 492 1356 420 8 1357 421 496 1358 19 492 1359 419 497 1360 2 491 1361 82 7 1362 419 497 1363 418 498 1364 466 499 1365 424 500 1366 471 501 1367 418 498 1368 468 502 1369 467 503 1370 419 497 1371 473 504 1372 468 502 1373 418 498 1374 470 505 1375 420 8 1376 472 493 1377 423 506 1378 469 507 1379 421 496 1380 470 505 1381 473 504 1382 424 500 1383 502 508 1384 428 509 1385 425 495 1386 453 510 1387 429 511 1388 425 495 1389 503 512 1390 423 506 1391 422 513 1392 503 512 1393 502 508 1394 427 514 1395 431 515 1396 509 516 1397 433 517 1398 510 518 1399 511 519 1400 507 520 1401 504 521 1402 428 509 1403 504 521 1404 434 522 1405 428 509 1406 432 523 1407 430 524 1408 510 518 1409 434 522 1410 440 525 1411 438 526 1412 505 527 1413 435 528 1414 437 529 1415 505 527 1416 436 530 1417 504 521 1418 428 509 1419 435 528 1420 429 511 1421 436 530 1422 441 531 1423 440 525 1424 435 528 1425 441 531 1426 437 529 1427 435 528 1428 438 526 1429 439 532 1430 439 532 1431 445 533 1432 441 531 1433 438 526 1434 443 534 1435 439 532 1436 438 526 1437 444 535 1438 442 536 1439 440 525 1440 445 533 1441 444 535 1442 442 536 1443 448 537 1444 446 538 1445 444 535 1446 449 539 1447 448 537 1448 445 533 1449 447 540 1450 449 539 1451 442 536 1452 447 540 1453 443 534 1454 450 541 1455 456 542 1456 454 543 1457 424 500 1458 451 544 1459 425 495 1460 424 500 1461 452 545 1462 450 541 1463 429 511 1464 452 545 1465 428 509 1466 451 544 1467 454 543 1468 455 546 1469 451 544 1470 457 547 1471 453 510 1472 452 545 1473 457 547 1474 456 542 1475 455 546 1476 461 548 1477 457 547 1478 457 547 1479 460 549 1480 456 542 1481 454 543 1482 460 549 1483 458 550 1484 455 546 1485 458 550 1486 459 551 1487 458 550 1488 464 552 1489 462 553 1490 459 551 1491 462 553 1492 463 554 1493 459 551 1494 465 555 1495 461 548 1496 461 548 1497 464 552 1498 460 549 1499 467 503 1500 469 507 1501 466 499 1502 470 505 1503 493 556 1504 473 504 1505 468 502 1506 472 493 1507 469 507 1508 467 503 1509 471 501 1510 470 505 1511 466 499 1512 423 506 1513 422 513 1514 477 557 1515 479 558 1516 475 494 1517 425 495 1518 474 559 1519 424 500 1520 472 493 1521 476 560 1522 477 557 1523 471 501 1524 474 559 1525 476 560 1526 476 560 1527 481 561 1528 477 557 1529 476 560 1530 478 562 1531 480 563 1532 474 559 1533 479 558 1534 478 562 1535 480 563 1536 485 564 1537 481 561 1538 480 563 1539 482 565 1540 484 566 1541 478 562 1542 483 567 1543 482 565 1544 481 561 1545 483 567 1546 479 558 1547 484 566 1548 486 568 1549 488 569 1550 482 565 1551 487 570 1552 486 568 1553 485 564 1554 487 570 1555 483 567 1556 484 566 1557 489 571 1558 485 564 1559 493 556 1560 496 572 1561 492 573 1562 471 501 1563 492 573 1564 491 574 1565 473 504 1566 492 573 1567 472 493 1568 470 505 1569 491 574 1570 490 575 1571 490 575 1572 495 576 1573 494 577 1574 493 556 1575 494 577 1576 497 578 1577 492 573 1578 495 576 1579 491 574 1580 497 578 1581 500 579 1582 496 572 1583 494 577 1584 499 580 1585 498 581 1586 497 578 1587 498 581 1588 501 582 1589 496 572 1590 499 580 1591 495 576 1592 499 580 1593 501 582 1594 498 581 1595 487 570 1596 488 569 1597 486 568 1598 463 554 1599 464 552 1600 465 555 1601 447 540 1602 448 537 1603 449 539 1604 433 517 1605 429 511 1606 505 527 1607 508 583 1608 513 584 1609 517 585 1610 427 514 1611 502 508 1612 503 512 1613 433 517 1614 504 521 1615 432 523 1616 433 517 1617 431 515 1618 506 586 1619 430 524 1620 517 585 1621 516 587 1622 429 511 1623 427 514 1624 503 512 1625 502 508 1626 507 520 1627 428 509 1628 427 514 1629 508 583 1630 426 588 1631 426 588 1632 430 524 1633 507 520 1634 517 585 1635 512 589 1636 516 587 1637 515 590 1638 516 587 1639 512 589 1640 430 524 1641 514 591 1642 510 518 1643 431 515 1644 513 584 1645 509 516 1646 431 515 1647 515 590 1648 512 589 1649 511 519 1650 514 591 1651 515 590 1652 386 592 1653 518 457 1654 385 593 1655 387 594 1656 521 487 1657 520 486 1658 390 595 1659 522 477 1660 523 463 1661 391 596 1662 525 475 1663 524 484 1664 394 597 1665 526 479 1666 527 488 1667 396 598 1668 528 481 1669 529 476 1670 391 596 1671 528 481 1672 395 599 1673 396 598 1674 525 475 1675 392 600 1676 394 597 1677 521 487 1678 388 601 1679 385 593 1680 522 477 1681 389 602 1682 390 595 1683 519 459 1684 386 592 1685 387 594 1686 526 479 1687 393 603 1688 537 467 1689 540 604 1690 541 605 1691 533 606 1692 538 607 1693 539 608 1694 531 609 1695 534 610 1696 535 611 1697 553 612 1698 531 609 1699 535 611 1700 551 473 1701 531 609 1702 552 613 1703 549 614 1704 537 467 1705 541 605 1706 543 615 1707 539 608 1708 538 607 1709 543 615 1710 532 616 1711 544 617 1712 545 618 1713 532 616 1714 533 606 1715 542 619 1716 533 606 1717 539 608 1718 546 469 1719 541 605 1720 540 604 1721 550 471 1722 535 611 1723 534 610 1724 388 601 1725 542 619 1726 394 597 1727 388 601 1728 544 617 1729 545 618 1730 387 594 1731 543 615 1732 544 617 1733 394 597 1734 543 615 1735 393 603 1736 395 599 1737 549 614 1738 546 469 1739 392 600 1740 549 614 1741 396 598 1742 391 596 1743 546 469 1744 547 466 1745 391 596 1746 548 468 1747 392 600 1748 389 602 1749 553 612 1750 550 471 1751 385 593 1752 552 613 1753 386 592 1754 386 592 1755 553 612 1756 390 595 1757 385 593 1758 550 471 1759 551 473 1760 276 620 1761 554 357 1762 274 621 1763 281 622 1764 557 365 1765 556 364 1766 288 623 1767 559 371 1768 558 335 1769 308 624 1770 561 396 1771 310 625 1772 314 626 1773 562 383 1774 563 397 1775 315 627 1776 564 385 1777 565 384 1778 281 622 1779 562 383 1780 313 628 1781 282 629 1782 563 397 1783 557 365 1784 308 624 1785 554 357 1786 560 381 1787 276 620 1788 561 396 1789 555 349 1790 288 623 1791 564 385 1792 318 630 1793 315 627 1794 559 371 1795 285 631 1796 569 632 1797 574 633 1798 575 634 1799 566 387 1800 573 635 1801 567 388 1802 571 636 1803 576 637 1804 577 638 1805 583 639 1806 569 632 1807 575 634 1808 583 639 1809 574 633 1810 584 640 1811 589 641 1812 571 636 1813 577 638 1814 582 642 1815 568 643 1816 569 632 1817 579 394 1818 566 387 1819 580 644 1820 589 641 1821 576 637 1822 586 389 1823 588 645 1824 570 390 1825 571 636 1826 578 392 1827 567 388 1828 573 635 1829 584 640 1830 568 643 1831 585 646 1832 310 625 1833 581 386 1834 578 392 1835 308 624 1836 580 644 1837 274 621 1838 310 625 1839 579 394 1840 308 624 1841 276 620 1842 580 644 1843 581 386 1844 313 628 1845 585 646 1846 281 622 1847 282 629 1848 585 646 1849 582 642 1850 314 626 1851 584 640 1852 313 628 1853 314 626 1854 582 642 1855 583 639 1856 285 631 1857 587 391 1858 588 645 1859 315 627 1860 586 389 1861 318 630 1862 315 627 1863 588 645 1864 589 641 1865 318 630 1866 587 391 1867 288 623 1868 160 215 1869 167 237 1870 161 216 1871 146 229 1872 156 244 1873 173 214 1874 174 251 1875 173 214 1876 161 216 1877 145 205 1878 146 229 1879 174 251 1880 617 647 1881 630 648 1882 599 649 1883 630 648 1884 634 650 1885 600 651 1886 590 652 1887 653 653 1888 617 647 1889 1069 654 1890 672 655 1891 706 656 1892 591 657 1893 654 658 1894 615 659 1895 615 659 1896 631 660 1897 1064 661 1898 654 658 1899 600 651 1900 631 660 1901 632 662 1902 630 648 1903 654 658 1904 616 663 1905 614 664 1906 610 665 1907 780 666 1908 619 667 1909 594 668 1910 781 669 1911 595 670 1912 619 667 1913 616 663 1914 618 671 1915 655 672 1916 614 664 1917 641 673 1918 610 665 1919 719 674 1920 608 675 1921 718 676 1922 594 668 1923 779 677 1924 780 666 1925 1064 661 1926 1020 678 1927 615 659 1928 972 679 1929 591 657 1930 615 659 1931 643 680 1932 674 36 1933 593 681 1934 709 682 1935 616 663 1936 610 665 1937 685 683 1938 596 684 1939 616 663 1940 710 685 1941 711 686 1942 596 684 1943 643 680 1944 658 687 1945 621 688 1946 596 684 1947 657 689 1948 618 671 1949 713 690 1950 643 680 1951 593 681 1952 645 691 1953 658 687 1954 712 692 1955 684 50 1956 621 688 1957 687 53 1958 658 687 1959 624 693 1960 659 694 1961 687 53 1962 623 695 1963 688 190 1964 621 688 1965 659 694 1966 623 695 1967 628 696 1968 692 697 1969 652 698 1970 623 695 1971 665 699 1972 647 700 1973 659 694 1974 620 701 1975 665 699 1976 690 702 1977 611 703 1978 673 704 1979 677 705 1980 626 706 1981 690 702 1982 626 706 1983 646 707 1984 611 703 1985 597 708 1986 660 709 1987 625 710 1988 598 711 1989 660 709 1990 626 706 1991 598 711 1992 661 712 1993 625 710 1994 625 710 1995 627 713 1996 597 708 1997 661 712 1998 652 698 1999 662 714 2000 627 713 2001 737 74 2002 735 75 2003 652 698 2004 698 715 2005 648 716 2006 691 717 2007 598 711 2008 677 705 2009 661 712 2010 651 718 2011 627 713 2012 719 674 2013 782 719 2014 644 720 2015 662 714 2016 648 716 2017 666 721 2018 743 83 2019 651 718 2020 649 722 2021 651 718 2022 666 721 2023 649 722 2024 738 85 2025 591 657 2026 723 86 2027 725 87 2028 632 662 2029 738 85 2030 1064 661 2031 693 723 2032 1063 724 2033 631 660 2034 678 725 2035 693 723 2036 602 726 2037 617 647 2038 633 727 2039 590 652 2040 679 728 2041 675 729 2042 599 649 2043 633 727 2044 617 647 2045 601 730 2046 635 731 2047 633 727 2048 602 726 2049 680 732 2050 679 728 2051 603 733 2052 663 734 2053 635 731 2054 635 731 2055 637 735 2056 604 736 2057 663 734 2058 606 737 2059 637 735 2060 638 738 2061 636 739 2062 663 734 2063 727 104 2064 638 738 2065 603 733 2066 739 105 2067 605 740 2068 638 738 2069 604 736 2070 694 741 2071 680 732 2072 637 735 2073 681 742 2074 694 741 2075 639 743 2076 709 682 2077 610 665 2078 978 744 2079 695 745 2080 639 743 2081 640 746 2082 718 676 2083 608 675 2084 705 747 2085 610 665 2086 641 673 2087 977 748 2088 639 743 2089 705 747 2090 700 749 2091 721 750 2092 640 746 2093 729 118 2094 640 746 2095 608 675 2096 762 120 2097 640 746 2098 741 119 2099 600 651 2100 696 751 2101 678 725 2102 634 650 2103 675 729 2104 696 751 2105 593 681 2106 776 122 2107 777 752 2108 646 707 2109 647 700 2110 665 699 2111 611 703 2112 665 699 2113 620 701 2114 673 704 2115 620 701 2116 697 753 2117 648 716 2118 683 754 2119 613 755 2120 612 756 2121 666 721 2122 650 757 2123 666 721 2124 613 755 2125 650 757 2126 743 83 2127 612 756 2128 731 130 2129 633 727 2130 604 736 2131 602 726 2132 614 664 2133 715 758 2134 703 759 2135 655 672 2136 714 760 2137 717 761 2138 614 664 2139 717 761 2140 716 762 2141 618 671 2142 671 763 2143 714 760 2144 777 752 2145 713 690 2146 593 681 2147 756 137 2148 691 717 2149 755 138 2150 761 139 2151 692 697 2152 756 137 2153 732 140 2154 594 668 2155 619 667 2156 1063 724 2157 757 142 2158 744 144 2159 693 723 2160 748 145 2161 757 142 2162 680 732 2163 758 146 2164 750 147 2165 694 741 2166 751 148 2167 758 146 2168 678 725 2169 759 149 2170 748 145 2171 696 751 2172 746 150 2173 759 149 2174 753 151 2175 698 715 2176 761 139 2177 1065 764 2178 976 153 2179 682 765 2180 607 766 2181 971 767 2182 700 749 2183 730 156 2184 700 749 2185 762 120 2186 702 768 2187 703 759 2188 656 769 2189 656 769 2190 715 758 2191 670 770 2192 664 771 2193 641 673 2194 702 768 2195 973 772 2196 705 747 2197 664 771 2198 779 677 2199 629 773 2200 720 774 2201 769 164 2202 629 773 2203 701 775 2204 764 141 2205 701 775 2206 594 668 2207 707 776 2208 1065 764 2209 682 765 2210 974 777 2211 1066 778 2212 707 776 2213 711 686 2214 712 692 2215 657 689 2216 713 690 2217 714 760 2218 671 763 2219 816 779 2220 817 780 2221 820 781 2222 778 782 2223 717 761 2224 714 760 2225 717 761 2226 667 783 2227 716 762 2228 657 689 2229 713 690 2230 671 763 2231 656 769 2232 718 676 2233 702 768 2234 670 770 2235 719 674 2236 656 769 2237 702 768 2238 721 750 2239 664 771 2240 721 750 2241 973 772 2242 664 771 2243 798 784 2244 789 785 2245 797 786 2246 767 179 2247 686 787 2248 710 685 2249 766 180 2250 710 685 2251 685 683 2252 765 181 2253 685 683 2254 709 682 2255 679 728 2256 750 147 2257 749 184 2258 690 702 2259 747 182 2260 677 705 2261 677 705 2262 755 138 2263 691 717 2264 675 729 2265 749 184 2266 746 150 2267 673 704 2268 754 183 2269 690 702 2270 697 753 2271 745 185 2272 673 704 2273 1063 724 2274 752 154 2275 1065 764 2276 695 745 2277 765 181 2278 709 682 2279 782 719 2280 736 188 2281 644 720 2282 647 700 2283 688 190 2284 623 695 2285 734 192 2286 773 788 2287 774 789 2288 774 789 2289 733 194 2290 734 192 2291 686 787 2292 645 691 2293 711 686 2294 608 675 2295 736 188 2296 729 118 2297 603 733 2298 726 196 2299 727 104 2300 725 87 2301 601 730 2302 599 649 2303 597 708 2304 735 75 2305 724 197 2306 647 700 2307 724 197 2308 742 790 2309 595 670 2310 732 140 2311 619 667 2312 607 766 2313 723 86 2314 591 657 2315 979 791 2316 740 187 2317 695 745 2318 613 755 2319 753 151 2320 771 200 2321 650 757 2322 771 200 2323 772 201 2324 612 756 2325 772 201 2326 731 130 2327 622 792 2328 775 793 2329 774 789 2330 622 792 2331 773 788 2332 624 693 2333 624 693 2334 697 753 2335 620 701 2336 768 202 2337 775 793 2338 686 787 2339 760 186 2340 773 788 2341 689 794 2342 777 752 2343 676 203 2344 595 670 2345 668 795 2346 777 752 2347 595 670 2348 704 796 2349 793 797 2350 794 798 2351 669 799 2352 668 795 2353 781 669 2354 667 783 2355 781 669 2356 780 666 2357 782 719 2358 720 774 2359 629 773 2360 795 800 2361 790 801 2362 796 802 2363 763 165 2364 782 719 2365 629 773 2366 789 785 2367 785 803 2368 788 804 2369 785 803 2370 790 801 2371 788 804 2372 785 803 2373 792 805 2374 791 806 2375 787 807 2376 791 806 2377 793 797 2378 821 808 2379 809 809 2380 808 810 2381 799 811 2382 786 812 2383 798 784 2384 796 802 2385 787 807 2386 704 796 2387 797 786 2388 788 804 2389 795 800 2390 806 813 2391 795 800 2392 801 814 2393 805 815 2394 704 796 2395 800 816 2396 799 811 2397 802 817 2398 807 818 2399 859 819 2400 832 820 2401 863 821 2402 801 814 2403 796 802 2404 805 815 2405 800 816 2406 794 798 2407 804 822 2408 798 784 2409 806 813 2410 802 817 2411 813 823 2412 820 781 2413 819 824 2414 1060 825 2415 780 666 2416 779 677 2417 802 817 2418 716 762 2419 667 783 2420 800 816 2421 720 774 2422 783 826 2423 715 758 2424 805 815 2425 670 770 2426 720 774 2427 1060 825 2428 779 677 2429 1062 827 2430 667 783 2431 780 666 2432 670 770 2433 800 816 2434 783 826 2435 806 813 2436 715 758 2437 716 762 2438 810 828 2439 812 829 2440 815 830 2441 815 830 2442 809 809 2443 810 828 2444 808 810 2445 816 779 2446 813 823 2447 816 779 2448 812 829 2449 814 831 2450 811 832 2451 823 833 2452 824 834 2453 865 835 2454 831 836 2455 860 837 2456 823 833 2457 809 809 2458 822 838 2459 808 810 2460 819 824 2461 821 808 2462 804 822 2463 821 808 2464 819 824 2465 823 833 2466 793 797 2467 791 806 2468 832 820 2469 856 839 2470 863 821 2471 824 834 2472 791 806 2473 792 805 2474 819 824 2475 803 840 2476 804 822 2477 827 841 2478 850 842 2479 854 843 2480 794 798 2481 822 838 2482 821 808 2483 820 781 2484 807 818 2485 803 840 2486 862 844 2487 817 780 2488 814 831 2489 811 832 2490 858 845 2491 812 829 2492 792 805 2493 864 846 2494 824 834 2495 853 847 2496 833 848 2497 865 835 2498 850 842 2499 826 849 2500 853 847 2501 828 850 2502 854 843 2503 856 839 2504 857 851 2505 807 818 2506 817 780 2507 825 852 2508 833 848 2509 826 849 2510 827 841 2511 829 853 2512 818 854 2513 830 855 2514 838 856 2515 832 820 2516 838 856 2517 828 850 2518 832 820 2519 807 818 2520 851 857 2521 799 811 2522 824 834 2523 861 858 2524 811 832 2525 860 837 2526 830 855 2527 859 819 2528 812 829 2529 862 844 2530 814 831 2531 831 836 2532 836 859 2533 830 855 2534 835 860 2535 827 841 2536 828 850 2537 829 853 2538 826 849 2539 818 854 2540 833 848 2541 837 861 2542 831 836 2543 902 862 2544 846 863 2545 898 864 2546 907 865 2547 866 866 2548 903 867 2549 847 868 2550 868 869 2551 845 870 2552 844 871 2553 894 872 2554 895 873 2555 903 867 2556 837 861 2557 897 874 2558 847 868 2559 895 873 2560 899 875 2561 843 876 2562 892 877 2563 894 872 2564 841 878 2565 902 862 2566 890 879 2567 835 860 2568 893 880 2569 834 881 2570 900 882 2571 835 860 2572 838 856 2573 867 883 2574 900 882 2575 838 856 2576 834 881 2577 891 884 2578 829 853 2579 839 885 2580 897 874 2581 837 861 2582 869 886 2583 898 864 2584 846 863 2585 825 852 2586 901 887 2587 839 885 2588 891 884 2589 825 852 2590 829 853 2591 846 863 2592 849 888 2593 845 870 2594 849 888 2595 841 878 2596 842 889 2597 845 870 2598 844 871 2599 847 868 2600 849 888 2601 843 876 2602 844 871 2603 851 857 2604 853 847 2605 852 890 2606 855 891 2607 850 842 2608 851 857 2609 856 839 2610 855 891 2611 857 851 2612 859 819 2613 861 858 2614 860 837 2615 863 821 2616 858 845 2617 859 819 2618 865 835 2619 852 890 2620 853 847 2621 863 821 2622 857 851 2623 862 844 2624 860 837 2625 864 846 2626 865 835 2627 799 811 2628 852 890 2629 792 805 2630 845 870 2631 869 886 2632 846 863 2633 866 866 2634 836 859 2635 837 861 2636 840 892 2637 838 856 2638 836 859 2639 899 875 2640 870 893 2641 847 868 2642 905 894 2643 876 895 2644 870 893 2645 873 896 2646 906 897 2647 867 883 2648 876 895 2649 868 869 2650 870 893 2651 875 898 2652 904 899 2653 869 886 2654 872 900 2655 883 901 2656 866 866 2657 907 865 2658 878 902 2659 872 900 2660 886 903 2661 875 898 2662 869 886 2663 884 904 2664 867 883 2665 840 892 2666 887 905 2667 881 906 2668 875 898 2669 967 907 2670 873 896 2671 884 904 2672 881 906 2673 908 908 2674 875 898 2675 879 909 2676 910 910 2677 873 896 2678 882 911 2679 874 912 2680 876 895 2681 872 900 2682 969 913 2683 871 914 2684 909 915 2685 882 911 2686 876 895 2687 884 904 2688 877 916 2689 885 917 2690 871 914 2691 840 892 2692 883 901 2693 883 901 2694 840 892 2695 836 859 2696 868 869 2697 886 903 2698 845 870 2699 887 905 2700 868 869 2701 874 912 2702 874 912 2703 888 918 2704 887 905 2705 896 919 2706 894 872 2707 893 880 2708 894 872 2709 891 884 2710 893 880 2711 891 884 2712 890 879 2713 889 920 2714 901 887 2715 890 879 2716 902 862 2717 899 875 2718 896 919 2719 900 882 2720 898 864 2721 901 887 2722 902 862 2723 905 894 2724 900 882 2725 906 897 2726 904 899 2727 897 874 2728 898 864 2729 905 894 2730 910 910 2731 909 915 2732 903 867 2733 908 908 2734 907 865 2735 914 921 2736 910 910 2737 913 922 2738 912 923 2739 908 908 2740 911 924 2741 892 877 2742 841 878 2743 890 879 2744 951 925 2745 935 926 2746 950 927 2747 919 928 2748 939 929 2749 940 930 2750 928 931 2751 945 932 2752 946 933 2753 935 926 2754 949 934 2755 950 927 2756 925 935 2757 943 936 2758 944 937 2759 938 938 2760 920 939 2761 937 940 2762 881 906 2763 916 941 2764 911 924 2765 880 942 2766 916 941 2767 888 918 2768 882 911 2769 915 943 2770 880 942 2771 965 944 2772 934 945 2773 935 926 2774 1204 946 2775 919 928 2776 920 939 2777 920 939 2778 940 930 2779 937 940 2780 939 929 2781 921 947 2782 941 948 2783 923 949 2784 938 938 2785 942 950 2786 941 948 2787 923 949 2788 942 950 2789 921 947 2790 957 951 2791 923 949 2792 926 952 2793 1205 953 2794 925 935 2795 947 954 2796 925 935 2797 944 937 2798 927 955 2799 946 933 2800 948 956 2801 945 932 2802 926 952 2803 947 954 2804 943 936 2805 927 955 2806 948 956 2807 959 957 2808 928 931 2809 927 955 2810 932 958 2811 1207 959 2812 931 960 2813 953 961 2814 932 958 2815 952 962 2816 931 960 2817 951 925 2818 954 963 2819 952 962 2820 931 960 2821 954 963 2822 934 945 2823 953 961 2824 949 934 2825 941 948 2826 915 943 2827 914 921 2828 942 950 2829 968 964 2830 915 943 2831 913 922 2832 941 948 2833 914 921 2834 937 940 2835 879 909 2836 967 907 2837 968 964 2838 937 940 2839 967 907 2840 940 930 2841 913 922 2842 879 909 2843 917 965 2844 948 956 2845 915 943 2846 970 966 2847 947 954 2848 877 916 2849 948 956 2850 916 941 2851 915 943 2852 877 916 2853 944 937 2854 885 917 2855 944 937 2856 917 965 2857 885 917 2858 946 933 2859 970 966 2860 916 941 2861 949 934 2862 912 923 2863 911 924 2864 878 902 2865 954 963 2866 969 913 2867 954 963 2868 918 967 2869 969 913 2870 953 961 2871 878 902 2872 912 923 2873 916 941 2874 949 934 2875 911 924 2876 918 967 2877 950 927 2878 916 941 2879 1209 968 2880 957 951 2881 955 969 2882 1211 970 2883 960 971 2884 959 957 2885 965 944 2886 1214 972 2887 964 973 2888 1230 974 2889 1215 975 2890 1229 976 2891 1219 977 2892 1235 978 2893 1236 979 2894 1221 980 2895 1227 981 2896 1228 982 2897 1209 968 2898 921 947 2899 1203 983 2900 934 945 2901 1214 972 2902 1208 984 2903 1211 970 2904 927 955 2905 1205 953 2906 923 949 2907 1210 985 2908 1204 946 2909 1213 986 2910 935 926 2911 1207 959 2912 928 931 2913 1212 987 2914 1206 988 2915 968 964 2916 917 965 2917 915 943 2918 968 964 2919 885 917 2920 917 965 2921 884 904 2922 885 917 2923 967 907 2924 871 914 2925 969 913 2926 877 916 2927 970 966 2928 969 913 2929 918 967 2930 970 966 2931 918 967 2932 916 941 2933 722 989 2934 972 679 2935 708 990 2936 699 991 2937 973 772 2938 642 992 2939 1020 678 2940 975 993 2941 708 990 2942 642 992 2943 971 767 2944 722 989 2945 699 991 2946 974 777 2947 977 748 2948 707 776 2949 979 791 2950 978 744 2951 770 199 2952 682 765 2953 976 153 2954 977 748 2955 707 776 2956 978 744 2957 982 994 2958 722 989 2959 708 990 2960 699 991 2961 984 995 2962 975 993 2963 983 996 2964 642 992 2965 722 989 2966 642 992 2967 981 997 2968 699 991 2969 975 993 2970 982 994 2971 708 990 2972 988 998 2973 980 999 2974 983 996 2975 980 999 2976 986 1000 2977 981 997 2978 981 997 2979 989 1001 2980 984 995 2981 984 995 2982 987 1002 2983 982 994 2984 987 1002 2985 983 996 2986 982 994 2987 986 1000 2988 994 1003 2989 989 1001 2990 989 1001 2991 992 1004 2992 987 1002 2993 992 1004 2994 988 998 2995 987 1002 2996 993 1005 2997 985 1006 2998 988 998 2999 985 1006 3000 991 1007 3001 986 1000 3002 998 1008 3003 990 1009 3004 993 1005 3005 995 1010 3006 991 1007 3007 990 1009 3008 996 1011 3009 994 1003 3010 991 1007 3011 994 1003 3012 997 1012 3013 992 1004 3014 992 1004 3015 998 1008 3016 993 1005 3017 1001 1013 3018 999 1014 3019 996 1011 3020 1004 1015 3021 997 1012 3022 999 1014 3023 1002 1016 3024 998 1008 3025 997 1012 3026 998 1008 3027 1000 1017 3028 995 1010 3029 995 1010 3030 1001 1013 3031 996 1011 3032 1003 1018 3033 1005 1019 3034 1000 1017 3035 1000 1017 3036 1006 1020 3037 1001 1013 3038 1006 1020 3039 1004 1015 3040 1001 1013 3041 1009 1021 3042 1002 1016 3043 1004 1015 3044 1002 1016 3045 1008 1022 3046 1003 1018 3047 1011 1023 3048 1009 1021 3049 1006 1020 3050 1014 1024 3051 1007 1025 3052 1009 1021 3053 1012 1026 3054 1008 1022 3055 1007 1025 3056 1008 1022 3057 1010 1027 3058 1005 1019 3059 1005 1019 3060 1011 1023 3061 1006 1020 3062 1017 1028 3063 1013 1029 3064 1012 1026 3065 1013 1029 3066 1015 1030 3067 1010 1027 3068 1010 1027 3069 1033 1031 3070 1011 1023 3071 1016 1032 3072 1014 1024 3073 1011 1023 3074 1019 1033 3075 1012 1026 3076 1014 1024 3077 972 679 3078 1020 678 3079 708 990 3080 1015 1030 3081 1029 1034 3082 1033 1031 3083 1032 1035 3084 1019 1033 3085 1016 1032 3086 1019 1033 3087 1031 1036 3088 1017 1028 3089 1059 1037 3090 1024 1038 3091 1058 1039 3092 1018 1040 3093 1022 1041 3094 1015 1030 3095 1033 1031 3096 1026 1042 3097 1016 1032 3098 1015 1030 3099 1022 1041 3100 1028 1043 3101 1167 1044 3102 1049 1045 3103 1048 1046 3104 1168 1047 3105 1048 1046 3106 1046 1048 3107 1025 1049 3108 1019 1033 3109 1027 1050 3110 1047 1051 3111 1168 1047 3112 1046 1048 3113 1030 1052 3114 1058 1039 3115 1024 1038 3116 1031 1036 3117 1059 1037 3118 1017 1028 3119 1023 1053 3120 1032 1035 3121 1026 1042 3122 1016 1032 3123 1011 1023 3124 1033 1031 3125 1029 1034 3126 1024 1038 3127 1021 1054 3128 1016 1032 3129 1026 1042 3130 1032 1035 3131 1033 1031 3132 1029 1034 3133 1021 1054 3134 1186 1055 3135 1196 1056 3136 1197 1057 3137 1185 1058 3138 1195 1059 3139 1196 1056 3140 1179 1060 3141 1199 1061 3142 1200 1062 3143 1051 1063 3144 1174 1064 3145 1050 1065 3146 1049 1045 3147 1172 1066 3148 1047 1051 3149 1175 1067 3150 1054 1068 3151 1055 1069 3152 1177 1070 3153 1051 1063 3154 1052 1071 3155 1050 1065 3156 1173 1072 3157 1053 1073 3158 1057 1074 3159 1169 1075 3160 1056 1076 3161 1054 1068 3162 1170 1077 3163 1057 1074 3164 1169 1075 3165 1055 1069 3166 1056 1076 3167 1173 1072 3168 1052 1071 3169 1053 1073 3170 1028 1043 3171 1047 1051 3172 1029 1034 3173 1047 1051 3174 1030 1052 3175 1029 1034 3176 1030 1052 3177 1048 1046 3178 1022 1041 3179 1022 1041 3180 1049 1045 3181 1028 1043 3182 1024 1038 3183 1052 1071 3184 1021 1054 3185 1023 1053 3186 1053 1073 3187 1024 1038 3188 1021 1054 3189 1051 1063 3190 1026 1042 3191 1051 1063 3192 1023 1053 3193 1026 1042 3194 1031 1036 3195 1055 1069 3196 1032 1035 3197 1054 1068 3198 1025 1049 3199 1027 1050 3200 1057 1074 3201 1031 1036 3202 1025 1049 3203 1055 1069 3204 1027 1050 3205 1032 1035 3206 1017 1028 3207 1058 1039 3208 1018 1040 3209 800 816 3210 804 822 3211 1061 1078 3212 803 840 3213 1061 1078 3214 804 822 3215 807 818 3216 1060 825 3217 803 840 3218 807 818 3219 802 817 3220 1062 827 3221 592 1079 3222 1063 724 3223 672 655 3224 706 656 3225 1066 778 3226 609 1080 3227 1066 778 3228 592 1079 3229 609 1080 3230 672 655 3231 1065 764 3232 706 656 3233 1124 1081 3234 1121 1082 3235 1074 1083 3236 609 1080 3237 1069 654 3238 706 656 3239 1068 1084 3240 609 1080 3241 592 1079 3242 672 655 3243 1068 1084 3244 592 1079 3245 1073 1085 3246 1115 1086 3247 1120 1087 3248 1067 1088 3249 1117 1089 3250 1068 1084 3251 1068 1084 3252 1122 1090 3253 1070 1091 3254 1119 1092 3255 1067 1088 3256 1069 654 3257 1072 1093 3258 1121 1082 3259 1118 1094 3260 1070 1091 3261 1119 1092 3262 1069 654 3263 1073 1085 3264 1151 1095 3265 1071 1096 3266 1102 1097 3267 1074 1083 3268 1078 1098 3269 1152 1099 3270 1074 1083 3271 1072 1093 3272 1071 1096 3273 1152 1099 3274 1072 1093 3275 1076 1100 3276 1080 1101 3277 1155 1102 3278 1082 1103 3279 1159 1104 3280 1081 1105 3281 1153 1106 3282 1156 1107 3283 1077 1108 3284 1083 1109 3285 1153 1106 3286 1077 1108 3287 1081 1105 3288 1079 1110 3289 1156 1107 3290 1083 1109 3291 1089 1111 3292 1085 1112 3293 1154 1113 3294 1084 1114 3295 1078 1098 3296 1085 1112 3297 1154 1113 3298 1153 1106 3299 1084 1114 3300 1077 1108 3301 1078 1098 3302 1085 1112 3303 1090 1115 3304 1086 1116 3305 1090 1115 3306 1084 1114 3307 1086 1116 3308 1084 1114 3309 1087 1117 3310 1083 1109 3311 1094 1118 3312 1088 1119 3313 1090 1115 3314 1092 1120 3315 1087 1117 3316 1088 1119 3317 1087 1117 3318 1093 1121 3319 1089 1111 3320 1089 1111 3321 1094 1118 3322 1090 1115 3323 1091 1122 3324 1097 1123 3325 1093 1121 3326 1093 1121 3327 1098 1124 3328 1094 1118 3329 1094 1118 3330 1096 1125 3331 1092 1120 3332 1096 1125 3333 1091 1122 3334 1092 1120 3335 1099 1126 3336 1105 1127 3337 1101 1128 3338 1100 1129 3339 1073 1085 3340 1074 1083 3341 1073 1085 3342 1101 1128 3343 1077 1108 3344 1101 1128 3345 1078 1098 3346 1077 1108 3347 1100 1129 3348 1103 1130 3349 1099 1126 3350 1106 1131 3351 1100 1129 3352 1102 1097 3353 1101 1128 3354 1106 1131 3355 1102 1097 3356 1110 1132 3357 1104 1133 3358 1106 1131 3359 1109 1134 3360 1106 1131 3361 1105 1127 3362 1103 1130 3363 1109 1134 3364 1105 1127 3365 1104 1133 3366 1107 1135 3367 1103 1130 3368 1107 1135 3369 1113 1136 3370 1109 1134 3371 1108 1137 3372 1111 1138 3373 1107 1135 3374 1114 1139 3375 1108 1137 3376 1110 1132 3377 1113 1136 3378 1110 1132 3379 1109 1134 3380 1116 1140 3381 1118 1094 3382 1117 1089 3383 1142 1141 3384 1119 1092 3385 1122 1090 3386 1117 1089 3387 1121 1082 3388 1122 1090 3389 1120 1087 3390 1116 1140 3391 1119 1092 3392 1115 1086 3393 1072 1093 3394 1118 1094 3395 1128 1142 3396 1126 1143 3397 1124 1081 3398 1123 1144 3399 1074 1083 3400 1073 1085 3401 1121 1082 3402 1125 1145 3403 1120 1087 3404 1120 1087 3405 1123 1144 3406 1073 1085 3407 1130 1146 3408 1125 1145 3409 1126 1143 3410 1125 1145 3411 1127 1147 3412 1123 1144 3413 1123 1144 3414 1128 1142 3415 1124 1081 3416 1134 1148 3417 1129 1149 3418 1130 1146 3419 1129 1149 3420 1131 1150 3421 1127 1147 3422 1127 1147 3423 1132 1151 3424 1128 1142 3425 1132 1151 3426 1130 1146 3427 1128 1142 3428 1133 1152 3429 1135 1153 3430 1131 1150 3431 1131 1150 3432 1136 1154 3433 1132 1151 3434 1136 1154 3435 1134 1148 3436 1132 1151 3437 1138 1155 3438 1133 1152 3439 1134 1148 3440 1145 1156 3441 1142 1141 3442 1141 1157 3443 1120 1087 3444 1141 1157 3445 1121 1082 3446 1141 1157 3447 1122 1090 3448 1121 1082 3449 1119 1092 3450 1140 1158 3451 1120 1087 3452 1139 1159 3453 1144 1160 3454 1140 1158 3455 1142 1141 3456 1143 1161 3457 1139 1159 3458 1144 1160 3459 1141 1157 3460 1140 1158 3461 1149 1162 3462 1146 1163 3463 1145 1156 3464 1143 1161 3465 1148 1164 3466 1144 1160 3467 1146 1163 3468 1147 1165 3469 1143 1161 3470 1148 1164 3471 1145 1156 3472 1144 1160 3473 1150 1166 3474 1148 1164 3475 1147 1165 3476 1136 1154 3477 1137 1167 3478 1138 1155 3479 1112 1168 3480 1113 1136 3481 1111 1138 3482 1096 1125 3483 1097 1123 3484 1095 1169 3485 1078 1098 3486 1082 1103 3487 1154 1113 3488 1157 1170 3489 1162 1171 3490 1158 1172 3491 1076 1100 3492 1151 1095 3493 1075 1173 3494 1153 1106 3495 1082 1103 3496 1081 1105 3497 1080 1101 3498 1082 1103 3499 1155 1102 3500 1079 1110 3501 1166 1174 3502 1157 1170 3503 1076 1100 3504 1078 1098 3505 1152 1099 3506 1151 1095 3507 1156 1107 3508 1075 1173 3509 1157 1170 3510 1076 1100 3511 1075 1173 3512 1079 1110 3513 1075 1173 3514 1156 1107 3515 1166 1174 3516 1161 1175 3517 1162 1171 3518 1165 1176 3519 1164 1177 3520 1161 1175 3521 1163 1178 3522 1079 1110 3523 1159 1104 3524 1162 1171 3525 1080 1101 3526 1158 1172 3527 1080 1101 3528 1164 1177 3529 1160 1179 3530 1160 1179 3531 1163 1178 3532 1159 1104 3533 1167 1044 3534 1035 1180 3535 1034 1181 3536 1036 1182 3537 1170 1077 3538 1037 1183 3539 1039 1184 3540 1171 1185 3541 1038 1186 3542 1040 1187 3543 1174 1064 3544 1041 1188 3545 1043 1189 3546 1175 1067 3547 1042 1190 3548 1045 1191 3549 1177 1070 3550 1044 1192 3551 1177 1070 3552 1040 1187 3553 1044 1192 3554 1174 1064 3555 1045 1191 3556 1041 1188 3557 1170 1077 3558 1043 1189 3559 1037 1183 3560 1171 1185 3561 1034 1181 3562 1038 1186 3563 1168 1047 3564 1039 1184 3565 1035 1180 3566 1175 1067 3567 1036 1182 3568 1042 1190 3569 1186 1055 3570 1189 1193 3571 1185 1058 3572 1182 1194 3573 1187 1195 3574 1181 1196 3575 1180 1197 3576 1183 1198 3577 1179 1060 3578 1202 1199 3579 1180 1197 3580 1201 1200 3581 1180 1197 3582 1200 1062 3583 1201 1200 3584 1198 1201 3585 1186 1055 3586 1197 1057 3587 1192 1202 3588 1188 1203 3589 1191 1204 3590 1181 1196 3591 1192 1202 3592 1193 1205 3593 1194 1206 3594 1181 1196 3595 1193 1205 3596 1191 1204 3597 1182 1194 3598 1194 1206 3599 1195 1059 3600 1190 1207 3601 1198 1201 3602 1199 1061 3603 1184 1208 3604 1202 1199 3605 1191 1204 3606 1037 1183 3607 1043 1189 3608 1037 1183 3609 1193 1205 3610 1036 1182 3611 1036 1182 3612 1192 1202 3613 1042 1190 3614 1192 1202 3615 1043 1189 3616 1042 1190 3617 1044 1192 3618 1198 1201 3619 1045 1191 3620 1198 1201 3621 1041 1188 3622 1045 1191 3623 1040 1187 3624 1195 1059 3625 1044 1192 3626 1197 1057 3627 1040 1187 3628 1041 1188 3629 1038 1186 3630 1202 1199 3631 1039 1184 3632 1201 1200 3633 1034 1181 3634 1035 1180 3635 1202 1199 3636 1035 1180 3637 1039 1184 3638 1034 1181 3639 1199 1061 3640 1038 1186 3641 1203 983 3642 924 1209 3643 922 1210 3644 929 1211 3645 1206 988 3646 930 1212 3647 936 1213 3648 1208 984 3649 933 1214 3650 1210 985 3651 956 1215 3652 958 1216 3653 962 1217 3654 1211 970 3655 961 1218 3656 963 1219 3657 1213 986 3658 966 1220 3659 1211 970 3660 929 1211 3661 961 1218 3662 930 1212 3663 1212 987 3664 962 1217 3665 956 1215 3666 1203 983 3667 922 1210 3668 924 1209 3669 1210 985 3670 958 1216 3671 1213 986 3672 936 1213 3673 966 1220 3674 1208 984 3675 963 1219 3676 933 1214 3677 1218 1221 3678 1223 1222 3679 1217 1223 3680 1222 1224 3681 1215 975 3682 1216 1225 3683 1220 1226 3684 1225 1227 3685 1219 977 3686 1232 1228 3687 1218 1221 3688 1231 1229 3689 1223 1222 3690 1232 1228 3691 1233 1230 3692 1238 1231 3693 1220 1226 3694 1237 1232 3695 1231 1229 3696 1217 1223 3697 1234 1233 3698 1215 975 3699 1228 982 3700 1229 976 3701 1225 1227 3702 1238 1231 3703 1235 978 3704 1237 1232 3705 1219 977 3706 1236 979 3707 1227 981 3708 1216 1225 3709 1230 974 3710 1217 1223 3711 1233 1230 3712 1234 1233 3713 958 1216 3714 1230 974 3715 924 1209 3716 1229 976 3717 956 1215 3718 922 1210 3719 1228 982 3720 958 1216 3721 956 1215 3722 924 1209 3723 1229 976 3724 922 1210 3725 1234 1233 3726 961 1218 3727 929 1211 3728 930 1212 3729 1234 1233 3730 929 1211 3731 1233 1230 3732 962 1217 3733 961 1218 3734 962 1217 3735 1231 1229 3736 930 1212 3737 933 1214 3738 1236 979 3739 936 1213 3740 1235 978 3741 963 1219 3742 966 1220 3743 963 1219 3744 1237 1232 3745 933 1214 3746 1236 979 3747 966 1220 3748 936 1213 3749 808 810 3750 809 809 3751 815 830 3752 794 798 3753 821 808 3754 804 822 3755 822 838 3756 809 809 3757 821 808 3758 793 797 3759 822 838 3760 794 798 3761 1411 1234 3762 1240 1235 3763 1413 1236 3764 1418 1237 3765 1241 1238 3766 1415 1239 3767 1413 1236 3768 1242 1240 3769 1418 1237 3770 1422 1241 3771 1243 1242 3772 1244 1243 3773 1239 1244 3774 1421 1245 3775 1245 1246 3776 1421 1245 3777 1244 1243 3778 1245 1246 3779 1419 1247 3780 1246 1248 3781 1243 1242 3782 1243 1242 3783 1248 1249 3784 1247 1250 3785 1248 1249 3786 1249 1251 3787 1247 1250 3788 1244 1243 3789 1247 1250 3790 1251 1252 3791 1251 1252 3792 1249 1251 3793 1252 1253 3794 1245 1246 3795 1251 1252 3796 1252 1253 3797 1240 1235 3798 1255 1254 3799 1242 1240 3800 1239 1244 3801 1254 1255 3802 1240 1235 3803 1245 1246 3804 1253 1256 3805 1239 1244 3806 1242 1240 3807 1258 1257 3808 1257 1258 3809 1241 1238 3810 1257 1258 3811 1256 1259 3812 1257 1258 3813 1259 1260 3814 1256 1259 3815 1260 1261 3816 1261 1262 3817 1259 1260 3818 1267 1263 3819 1264 1264 3820 1263 1265 3821 1262 1266 3822 1268 1267 3823 1261 1262 3824 1268 1267 3825 1266 1268 3826 1267 1263 3827 1255 1254 3828 1270 1269 3829 1258 1257 3830 1269 1270 3831 1272 1271 3832 1270 1269 3833 1278 1272 3834 1273 1273 3835 1282 1274 3836 1272 1271 3837 1278 1272 3838 1279 1275 3839 1276 1276 3840 1264 1264 3841 1266 1268 3842 1277 1277 3843 1279 1275 3844 1278 1272 3845 1280 1278 3846 1275 1279 3847 1276 1276 3848 1277 1277 3849 1282 1274 3850 1281 1280 3851 1271 1281 3852 1362 1282 3853 1273 1273 3854 1363 1283 3855 1269 1270 3856 1255 1254 3857 1254 1255 3858 1364 1284 3859 1365 1285 3860 1254 1255 3861 1363 1283 3862 1255 1254 3863 1248 1249 3864 1366 1286 3865 1367 1287 3866 1246 1248 3867 1570 1288 3868 1366 1286 3869 1248 1249 3870 1368 1289 3871 1250 1290 3872 1249 1251 3873 1368 1289 3874 1369 1291 3875 1370 1292 3876 1253 1256 3877 1252 1253 3878 1252 1253 3879 1369 1291 3880 1370 1292 3881 1259 1260 3882 1291 1293 3883 1256 1259 3884 1292 1294 3885 1293 1295 3886 1291 1293 3887 1294 1296 3888 1295 1297 3889 1293 1295 3890 1295 1297 3891 1298 1298 3892 1297 1299 3893 1261 1262 3894 1292 1294 3895 1259 1260 3896 1268 1267 3897 1294 1296 3898 1261 1262 3899 1267 1263 3900 1296 1300 3901 1268 1267 3902 1263 1265 3903 1298 1298 3904 1267 1263 3905 1415 1239 3906 1299 1301 3907 1481 1302 3908 1256 1259 3909 1299 1301 3910 1241 1238 3911 1481 1302 3912 1300 1303 3913 1483 1304 3914 1483 1304 3915 1301 1305 3916 1485 1306 3917 1485 1306 3918 1302 1307 3919 1487 1308 3920 1487 1308 3921 1303 1309 3922 1489 1310 3923 1300 1303 3924 1291 1293 3925 1293 1295 3926 1300 1303 3927 1304 1311 3928 1301 1305 3929 1301 1305 3930 1305 1312 3931 1302 1307 3932 1302 1307 3933 1306 1313 3934 1303 1309 3935 1295 1297 3936 1304 1311 3937 1293 1295 3938 1304 1311 3939 1307 1314 3940 1305 1312 3941 1305 1312 3942 1308 1315 3943 1306 1313 3944 1306 1313 3945 1311 1316 3946 1310 1317 3947 1306 1313 3948 1309 1318 3949 1303 1309 3950 1489 1310 3951 1309 1318 3952 1498 1319 3953 1264 1264 3954 1312 1320 3955 1263 1265 3956 1313 1321 3957 1314 1322 3958 1312 1320 3959 1314 1322 3960 1317 1323 3961 1316 1324 3962 1263 1265 3963 1307 1314 3964 1297 1299 3965 1307 1314 3966 1314 1322 3967 1308 1315 3968 1308 1315 3969 1316 1324 3970 1311 1316 3971 1277 1277 3972 1318 1325 3973 1275 1279 3974 1275 1279 3975 1313 1321 3976 1264 1264 3977 1317 1323 3978 1319 1326 3979 1320 1327 3980 1320 1327 3981 1321 1328 3982 1322 1329 3983 1322 1329 3984 1323 1330 3985 1324 1331 3986 1324 1331 3987 1325 1332 3988 1326 1333 3989 1326 1333 3990 1514 1334 3991 1515 1335 3992 1315 1336 3993 1318 1325 3994 1319 1326 3995 1281 1280 3996 1319 1326 3997 1318 1325 3998 1321 1328 3999 1327 1337 4000 1323 1330 4001 1325 1332 4002 1327 1337 4003 1328 1338 4004 1514 1334 4005 1328 1338 4006 1518 1339 4007 1283 1340 4008 1332 1341 4009 1330 1342 4010 1284 1343 4011 1334 1344 4012 1331 1345 4013 1274 1346 4014 1330 1342 4015 1329 1347 4016 1289 1348 4017 1334 1344 4018 1290 1349 4019 1285 1350 4020 1331 1345 4021 1332 1341 4022 1334 1344 4023 1337 1351 4024 1331 1345 4025 1332 1341 4026 1337 1351 4027 1338 1352 4028 1333 1353 4029 1340 1354 4030 1334 1344 4031 1332 1341 4032 1336 1355 4033 1330 1342 4034 1329 1347 4035 1336 1355 4036 1335 1356 4037 1337 1351 4038 1536 1357 4039 1533 1358 4040 1338 1352 4041 1533 1358 4042 1534 1359 4043 1340 1354 4044 1535 1360 4045 1536 1357 4046 1338 1352 4047 1532 1361 4048 1336 1355 4049 1336 1355 4050 1531 1362 4051 1335 1356 4052 1328 1338 4053 1531 1362 4054 1518 1339 4055 1273 1273 4056 1329 1347 4057 1341 1363 4058 1342 1364 4059 1329 1347 4060 1335 1356 4061 1342 1364 4062 1328 1338 4063 1327 1337 4064 1282 1274 4065 1327 1337 4066 1281 1280 4067 1282 1274 4068 1341 1363 4069 1342 1364 4070 1344 1365 4071 1535 1360 4072 1339 1366 4073 1287 1367 4074 1346 1368 4075 1288 1369 4076 1288 1369 4077 1333 1353 4078 1289 1348 4079 1346 1368 4080 1339 1366 4081 1333 1353 4082 1346 1368 4083 1343 1370 4084 1344 1365 4085 1541 1371 4086 1343 1370 4087 1539 1372 4088 1286 1373 4089 1345 1374 4090 1287 1367 4091 1347 1375 4092 1466 1376 4093 1546 1377 4094 1343 1370 4095 1345 1374 4096 1347 1375 4097 1539 1372 4098 1347 1375 4099 1546 1377 4100 1265 1378 4101 1349 1379 4102 1350 1380 4103 1262 1266 4104 1348 1381 4105 1349 1379 4106 1350 1380 4107 1266 1268 4108 1265 1378 4109 1351 1382 4110 1260 1261 4111 1257 1258 4112 1272 1271 4113 1355 1383 4114 1354 1384 4115 1270 1269 4116 1354 1384 4117 1353 1385 4118 1270 1269 4119 1352 1386 4120 1258 1257 4121 1258 1257 4122 1351 1382 4123 1257 1258 4124 1356 1387 4125 1279 1275 4126 1280 1278 4127 1356 1387 4128 1276 1276 4129 1350 1380 4130 1322 1329 4131 1358 1388 4132 1320 1327 4133 1320 1327 4134 1357 1389 4135 1317 1323 4136 1324 1331 4137 1359 1390 4138 1322 1329 4139 1359 1390 4140 1560 1391 4141 1358 1388 4142 1358 1388 4143 1559 1392 4144 1357 1389 4145 1561 1393 4146 1326 1333 4147 1515 1335 4148 1357 1389 4149 1565 1394 4150 1361 1395 4151 1360 1396 4152 1498 1319 4153 1309 1318 4154 1310 1317 4155 1360 1396 4156 1309 1318 4157 1360 1396 4158 1565 1394 4159 1563 1397 4160 1361 1395 4161 1311 1316 4162 1316 1324 4163 1317 1323 4164 1361 1395 4165 1316 1324 4166 1284 1343 4167 1380 1398 4168 1290 1349 4169 1283 1340 4170 1372 1399 4171 1373 1400 4172 1289 1348 4173 1378 1401 4174 1288 1369 4175 1286 1373 4176 1581 1402 4177 1466 1376 4178 1285 1350 4179 1373 1400 4180 1375 1403 4181 1290 1349 4182 1379 1404 4183 1289 1348 4184 1286 1373 4185 1377 1405 4186 1376 1406 4187 1284 1343 4188 1375 1403 4189 1374 1407 4190 1274 1346 4191 1371 1408 4192 1372 1399 4193 1287 1367 4194 1378 1401 4195 1377 1405 4196 1374 1407 4197 1383 1409 4198 1382 1410 4199 1378 1401 4200 1385 1411 4201 1384 1412 4202 1380 1398 4203 1382 1410 4204 1386 1413 4205 1375 1403 4206 1381 1414 4207 1383 1409 4208 1379 1404 4209 1386 1413 4210 1385 1411 4211 1386 1413 4212 1597 1415 4213 1385 1411 4214 1382 1410 4215 1598 1416 4216 1386 1413 4217 1383 1409 4218 1593 1417 4219 1595 1418 4220 1385 1411 4221 1596 1419 4222 1384 1412 4223 1382 1410 4224 1595 1418 4225 1594 1420 4226 1581 1402 4227 1387 1421 4228 1599 1422 4229 1596 1419 4230 1387 1421 4231 1384 1412 4232 1377 1405 4233 1387 1421 4234 1376 1406 4235 1378 1401 4236 1384 1412 4237 1377 1405 4238 1372 1399 4239 1388 1423 4240 1389 1424 4241 1389 1424 4242 1373 1400 4243 1372 1399 4244 1389 1424 4245 1603 1425 4246 1604 1426 4247 1381 1414 4248 1604 1426 4249 1593 1417 4250 1391 1427 4251 1609 1428 4252 1610 1427 4253 1392 1429 4254 1607 1430 4255 1393 1431 4256 1393 1431 4257 1605 1432 4258 1394 1432 4259 1392 1429 4260 1610 1427 4261 1606 1429 4262 1390 1428 4263 1608 1433 4264 1609 1428 4265 1369 1291 4266 1396 1434 4267 1400 1435 4268 1364 1284 4269 1402 1436 4270 1401 1437 4271 1365 1285 4272 1397 1438 4273 1363 1283 4274 1364 1284 4275 1399 1439 4276 1365 1285 4277 1370 1292 4278 1400 1435 4279 1402 1436 4280 1398 1440 4281 1367 1287 4282 1366 1286 4283 1619 1441 4284 1366 1286 4285 1570 1288 4286 1398 1440 4287 1608 1433 4288 1395 1442 4289 1401 1437 4290 1393 1431 4291 1399 1439 4292 1400 1435 4293 1395 1442 4294 1390 1428 4295 1402 1436 4296 1390 1428 4297 1391 1427 4298 1401 1437 4299 1391 1427 4300 1392 1429 4301 1367 1287 4302 1396 1434 4303 1368 1289 4304 1403 1443 4305 1395 1442 4306 1396 1434 4307 1399 1439 4308 1394 1432 4309 1397 1438 4310 1397 1438 4311 1404 1444 4312 1405 1445 4313 1394 1432 4314 1626 1446 4315 1404 1444 4316 1407 1447 4317 1408 1448 4318 1406 1449 4319 1407 1447 4320 1371 1408 4321 1273 1273 4322 1273 1273 4323 1405 1445 4324 1408 1448 4325 1363 1283 4326 1405 1445 4327 1362 1282 4328 1406 1449 4329 1388 1423 4330 1407 1447 4331 1603 1425 4332 1409 1450 4333 1633 1451 4334 1404 1444 4335 1634 1452 4336 1410 1453 4337 1410 1453 4338 1405 1445 4339 1404 1444 4340 1408 1448 4341 1409 1450 4342 1406 1449 4343 1410 1453 4344 1633 1451 4345 1409 1450 4346 1411 1234 4347 1414 1454 4348 1412 1455 4349 1418 1237 4350 1416 1456 4351 1417 1457 4352 1413 1236 4353 1417 1457 4354 1414 1454 4355 1420 1458 4356 1422 1241 4357 1423 1459 4358 1412 1455 4359 1421 1245 4360 1411 1234 4361 1423 1459 4362 1421 1245 4363 1424 1460 4364 1426 1461 4365 1419 1247 4366 1420 1458 4367 1420 1458 4368 1428 1462 4369 1426 1461 4370 1429 1463 4371 1428 1462 4372 1427 1464 4373 1423 1459 4374 1427 1464 4375 1420 1458 4376 1429 1463 4377 1431 1465 4378 1432 1466 4379 1424 1460 4380 1431 1465 4381 1423 1459 4382 1435 1467 4383 1414 1454 4384 1417 1457 4385 1434 1468 4386 1412 1455 4387 1414 1454 4388 1433 1469 4389 1424 1460 4390 1412 1455 4391 1417 1457 4392 1438 1470 4393 1435 1467 4394 1416 1456 4395 1437 1471 4396 1417 1457 4397 1439 1472 4398 1437 1471 4399 1436 1473 4400 1441 1474 4401 1440 1475 4402 1439 1472 4403 1447 1476 4404 1444 1477 4405 1446 1478 4406 1448 1479 4407 1442 1480 4408 1441 1474 4409 1448 1479 4410 1446 1478 4411 1445 1481 4412 1450 1482 4413 1435 1467 4414 1438 1470 4415 1452 1483 4416 1449 1484 4417 1450 1482 4418 1458 1485 4419 1453 1486 4420 1451 1487 4421 1452 1483 4422 1458 1485 4423 1451 1487 4424 1444 1477 4425 1456 1488 4426 1446 1478 4427 1457 1489 4428 1459 1490 4429 1460 1491 4430 1460 1491 4431 1455 1492 4432 1457 1489 4433 1457 1489 4434 1462 1493 4435 1458 1485 4436 1451 1487 4437 1566 1494 4438 1449 1484 4439 1567 1495 4440 1449 1484 4441 1566 1494 4442 1434 1468 4443 1568 1496 4444 1433 1469 4445 1434 1468 4446 1567 1495 4447 1569 1497 4448 1428 1462 4449 1571 1498 4450 1426 1461 4451 1426 1461 4452 1570 1288 4453 1425 1499 4454 1573 1500 4455 1428 1462 4456 1430 1501 4457 1429 1463 4458 1573 1500 4459 1430 1501 4460 1575 1502 4461 1433 1469 4462 1568 1496 4463 1432 1466 4464 1574 1503 4465 1429 1463 4466 1472 1504 4467 1439 1472 4468 1436 1473 4469 1474 1505 4470 1473 1506 4471 1472 1504 4472 1476 1507 4473 1475 1508 4474 1474 1505 4475 1476 1507 4476 1479 1509 4477 1477 1510 4478 1441 1474 4479 1473 1506 4480 1475 1508 4481 1448 1479 4482 1475 1508 4483 1477 1510 4484 1447 1476 4485 1477 1510 4486 1479 1509 4487 1443 1511 4488 1479 1509 4489 1478 1512 4490 1415 1239 4491 1480 1513 4492 1416 1456 4493 1480 1513 4494 1436 1473 4495 1416 1456 4496 1481 1302 4497 1482 1514 4498 1480 1513 4499 1483 1304 4500 1484 1515 4501 1482 1514 4502 1485 1306 4503 1486 1516 4504 1484 1515 4505 1487 1308 4506 1488 1517 4507 1486 1516 4508 1472 1504 4509 1482 1514 4510 1474 1505 4511 1490 1518 4512 1482 1514 4513 1484 1515 4514 1491 1519 4515 1484 1515 4516 1486 1516 4517 1492 1520 4518 1486 1516 4519 1488 1517 4520 1490 1518 4521 1476 1507 4522 1474 1505 4523 1493 1521 4524 1490 1518 4525 1491 1519 4526 1494 1522 4527 1491 1519 4528 1492 1520 4529 1492 1520 4530 1497 1523 4531 1494 1522 4532 1495 1524 4533 1492 1520 4534 1488 1517 4535 1489 1310 4536 1495 1524 4537 1488 1517 4538 1499 1525 4539 1444 1477 4540 1443 1511 4541 1501 1526 4542 1500 1527 4543 1499 1525 4544 1501 1526 4545 1504 1528 4546 1502 1529 4547 1443 1511 4548 1493 1521 4549 1499 1525 4550 1493 1521 4551 1501 1526 4552 1499 1525 4553 1494 1522 4554 1503 1530 4555 1501 1526 4556 1505 1531 4557 1457 1489 4558 1455 1492 4559 1455 1492 4560 1500 1527 4561 1505 1531 4562 1504 1528 4563 1506 1532 4564 1502 1529 4565 1507 1533 4566 1508 1534 4567 1506 1532 4568 1509 1535 4569 1510 1536 4570 1508 1534 4571 1511 1537 4572 1512 1538 4573 1510 1536 4574 1513 1539 4575 1514 1334 4576 1512 1538 4577 1502 1529 4578 1505 1531 4579 1500 1527 4580 1461 1540 4581 1506 1532 4582 1508 1534 4583 1516 1541 4584 1508 1534 4585 1510 1536 4586 1512 1538 4587 1516 1541 4588 1510 1536 4589 1514 1334 4590 1517 1542 4591 1512 1538 4592 1463 1543 4593 1522 1544 4594 1465 1545 4595 1464 1546 4596 1524 1547 4597 1471 1548 4598 1454 1549 4599 1520 1550 4600 1463 1543 4601 1524 1547 4602 1470 1551 4603 1471 1548 4604 1465 1545 4605 1521 1552 4606 1464 1546 4607 1527 1553 4608 1524 1547 4609 1521 1552 4610 1522 1544 4611 1527 1553 4612 1521 1552 4613 1530 1554 4614 1523 1555 4615 1524 1547 4616 1526 1556 4617 1522 1544 4618 1520 1550 4619 1519 1557 4620 1526 1556 4621 1520 1550 4622 1527 1553 4623 1536 1357 4624 1530 1554 4625 1528 1558 4626 1533 1358 4627 1527 1553 4628 1530 1554 4629 1535 1360 4630 1529 1559 4631 1532 1361 4632 1528 1558 4633 1526 1556 4634 1531 1362 4635 1526 1556 4636 1525 1560 4637 1517 1542 4638 1531 1362 4639 1525 1560 4640 1453 1486 4641 1519 1557 4642 1454 1549 4643 1538 1561 4644 1519 1557 4645 1537 1562 4646 1517 1542 4647 1538 1561 4648 1516 1541 4649 1516 1541 4650 1462 1493 4651 1461 1540 4652 1462 1493 4653 1537 1562 4654 1453 1486 4655 1535 1360 4656 1542 1563 4657 1529 1559 4658 1544 1564 4659 1468 1565 4660 1469 1566 4661 1469 1566 4662 1523 1555 4663 1544 1564 4664 1529 1559 4665 1544 1564 4666 1523 1555 4667 1544 1564 4668 1540 1567 4669 1543 1568 4670 1540 1567 4671 1541 1371 4672 1539 1372 4673 1467 1569 4674 1543 1568 4675 1545 1570 4676 1466 1376 4677 1545 1570 4678 1546 1377 4679 1540 1567 4680 1545 1570 4681 1543 1568 4682 1539 1372 4683 1545 1570 4684 1540 1567 4685 1445 1481 4686 1548 1571 4687 1442 1480 4688 1442 1480 4689 1547 1572 4690 1440 1475 4691 1446 1478 4692 1549 1573 4693 1445 1481 4694 1550 1574 4695 1440 1475 4696 1547 1572 4697 1452 1483 4698 1554 1575 4699 1459 1490 4700 1450 1482 4701 1553 1576 4702 1452 1483 4703 1551 1577 4704 1450 1482 4705 1438 1470 4706 1438 1470 4707 1550 1574 4708 1551 1577 4709 1555 1578 4710 1459 1490 4711 1554 1575 4712 1456 1488 4713 1555 1578 4714 1549 1573 4715 1557 1579 4716 1509 1535 4717 1507 1533 4718 1556 1580 4719 1507 1533 4720 1504 1528 4721 1558 1581 4722 1511 1537 4723 1509 1535 4724 1560 1391 4725 1558 1581 4726 1557 1579 4727 1559 1392 4728 1557 1579 4729 1556 1580 4730 1513 1539 4731 1561 1393 4732 1515 1335 4733 1565 1394 4734 1556 1580 4735 1564 1582 4736 1498 1319 4737 1562 1583 4738 1495 1524 4739 1562 1583 4740 1496 1584 4741 1495 1524 4742 1562 1583 4743 1565 1394 4744 1564 1582 4745 1497 1523 4746 1564 1582 4747 1503 1530 4748 1504 1528 4749 1564 1582 4750 1556 1580 4751 1586 1585 4752 1464 1546 4753 1471 1548 4754 1463 1543 4755 1577 1586 4756 1454 1549 4757 1584 1587 4758 1470 1551 4759 1469 1566 4760 1581 1402 4761 1467 1569 4762 1466 1376 4763 1465 1545 4764 1578 1588 4765 1463 1543 4766 1585 1589 4767 1471 1548 4768 1470 1551 4769 1467 1569 4770 1583 1590 4771 1468 1565 4772 1464 1546 4773 1580 1591 4774 1465 1545 4775 1454 1549 4776 1576 1592 4777 1453 1486 4778 1468 1565 4779 1584 1587 4780 1469 1566 4781 1579 1593 4782 1589 1594 4783 1580 1591 4784 1584 1587 4785 1591 1595 4786 1585 1589 4787 1586 1585 4788 1588 1596 4789 1579 1593 4790 1580 1591 4791 1587 1597 4792 1578 1588 4793 1585 1589 4794 1592 1598 4795 1586 1585 4796 1597 1415 4797 1592 1598 4798 1591 1595 4799 1598 1416 4800 1588 1596 4801 1592 1598 4802 1589 1594 4803 1593 1417 4804 1587 1597 4805 1596 1419 4806 1591 1595 4807 1590 1599 4808 1588 1596 4809 1595 1418 4810 1589 1594 4811 1581 1402 4812 1600 1600 4813 1582 1601 4814 1600 1600 4815 1596 1419 4816 1590 1599 4817 1600 1600 4818 1583 1590 4819 1582 1601 4820 1584 1587 4821 1583 1590 4822 1590 1599 4823 1577 1586 4824 1601 1602 4825 1576 1592 4826 1578 1588 4827 1602 1603 4828 1577 1586 4829 1602 1603 4830 1603 1425 4831 1601 1602 4832 1587 1597 4833 1604 1426 4834 1602 1603 4835 1612 1427 4836 1609 1428 4837 1611 1428 4838 1607 1430 4839 1613 1429 4840 1614 1431 4841 1605 1432 4842 1614 1431 4843 1615 1432 4844 1613 1429 4845 1610 1427 4846 1612 1427 4847 1611 1428 4848 1608 1433 4849 1616 1442 4850 1574 1503 4851 1617 1604 4852 1573 1500 4853 1568 1496 4854 1624 1605 4855 1575 1502 4856 1618 1606 4857 1569 1497 4858 1567 1495 4859 1621 1607 4860 1568 1496 4861 1569 1497 4862 1575 1502 4863 1622 1608 4864 1574 1503 4865 1572 1609 4866 1620 1610 4867 1571 1498 4868 1571 1498 4869 1619 1441 4870 1570 1288 4871 1620 1610 4872 1608 1433 4873 1619 1441 4874 1614 1431 4875 1623 1611 4876 1621 1607 4877 1622 1608 4878 1616 1442 4879 1617 1604 4880 1624 1605 4881 1611 1428 4882 1622 1608 4883 1623 1611 4884 1612 1427 4885 1624 1605 4886 1572 1609 4887 1617 1604 4888 1625 1612 4889 1616 1442 4890 1625 1612 4891 1617 1604 4892 1615 1432 4893 1621 1607 4894 1618 1606 4895 1618 1606 4896 1627 1613 4897 1615 1432 4898 1615 1432 4899 1626 1446 4900 1605 1432 4901 1631 1614 4902 1630 1615 4903 1629 1616 4904 1576 1592 4905 1630 1615 4906 1453 1486 4907 1628 1617 4908 1453 1486 4909 1631 1614 4910 1567 1495 4911 1628 1617 4912 1618 1606 4913 1629 1616 4914 1601 1602 4915 1632 1618 4916 1603 1425 4917 1632 1618 4918 1601 1602 4919 1627 1613 4920 1634 1452 4921 1626 1446 4922 1628 1617 4923 1635 1619 4924 1627 1613 4925 1631 1614 4926 1632 1618 4927 1635 1619 4928 1633 1451 4929 1635 1619 4930 1632 1618 4931 1740 1620 4932 1648 1621 4933 1677 1622 4934 1724 1623 4935 1644 1624 4936 1675 1625 4937 1709 1626 4938 1674 1627 4939 1713 1628 4940 1644 1624 4941 1722 1629 4942 1662 1630 4943 1644 1624 4944 1676 1631 4945 1675 1625 4946 1648 1621 4947 1738 1632 4948 1666 1633 4949 1648 1621 4950 1678 1634 4951 1677 1622 4952 1655 1635 4953 1652 1636 4954 1679 1637 4955 1652 1636 4956 1680 1638 4957 1679 1637 4958 1743 1639 4959 1666 1633 4960 1738 1632 4961 1727 1640 4962 1662 1630 4963 1722 1629 4964 1683 1641 4965 1711 1642 4966 1712 1643 4967 1678 1634 4968 1729 1644 4969 1697 1645 4970 1685 1646 4971 1662 1630 4972 1684 1647 4973 1680 1638 4974 1745 1648 4975 1699 1649 4976 1687 1650 4977 1666 1633 4978 1686 1651 4979 1658 1652 4980 1670 1653 4981 1672 1654 4982 1689 1655 4983 1670 1653 4984 1688 1656 4985 1650 1657 4986 1669 1658 4987 1668 1659 4988 1717 1660 4989 1694 1661 4990 1642 1662 4991 1651 1663 4992 1737 1664 4993 1669 1658 4994 1674 1627 4995 1657 1665 4996 1683 1641 4997 1692 1666 4998 1659 1667 4999 1672 1654 5000 1733 1668 5001 1696 1669 5002 1646 1670 5003 1647 1671 5004 1664 1672 5005 1646 1670 5006 1647 1671 5007 1721 1673 5008 1665 1674 5009 1652 1636 5010 1671 1675 5011 1653 1676 5012 1645 1677 5013 1711 1642 5014 1709 1626 5015 1737 1664 5016 1707 1678 5017 1669 1658 5018 1643 1679 5019 1660 1680 5020 1642 1662 5021 1649 1681 5022 1725 1682 5023 1678 1634 5024 1648 1621 5025 1667 1683 5026 1649 1681 5027 1721 1673 5028 1705 1684 5029 1665 1674 5030 1653 1676 5031 1741 1685 5032 1680 1638 5033 1644 1624 5034 1663 1686 5035 1645 1677 5036 1638 1687 5037 1691 1688 5038 1690 1689 5039 1650 1657 5040 1681 1690 5041 1700 1691 5042 1708 1692 5043 1654 1693 5044 1710 1694 5045 1673 1695 5046 1659 1667 5047 1641 1696 5048 1693 1697 5049 1683 1641 5050 1701 1698 5051 1707 1678 5052 1688 1656 5053 1706 1699 5054 1637 1700 5055 1688 1656 5056 1658 1652 5057 1705 1684 5058 1686 1651 5059 1704 1701 5060 1656 1702 5061 1637 1700 5062 1691 1688 5063 1703 1703 5064 1684 1647 5065 1702 1704 5066 1701 1698 5067 1712 1643 5068 1715 1705 5069 1731 1706 5070 1684 1647 5071 1727 1640 5072 1747 1707 5073 1686 1651 5074 1743 1639 5075 1679 1637 5076 1699 1649 5077 1698 1708 5078 1640 1709 5079 1679 1637 5080 1698 1708 5081 1677 1622 5082 1697 1645 5083 1696 1669 5084 1746 1710 5085 1689 1655 5086 1707 1678 5087 1675 1625 5088 1695 1711 5089 1694 1661 5090 1730 1712 5091 1687 1650 5092 1705 1684 5093 1713 1628 5094 1693 1697 5095 1714 1713 5096 1728 1714 5097 1675 1625 5098 1694 1661 5099 1744 1715 5100 1677 1622 5101 1696 1669 5102 1646 1670 5103 1736 1716 5104 1733 1668 5105 1642 1662 5106 1720 1717 5107 1717 1660 5108 1714 1713 5109 1636 1718 5110 1708 1692 5111 1649 1681 5112 1723 1719 5113 1718 1720 5114 1694 1661 5115 1643 1679 5116 1642 1662 5117 1653 1676 5118 1739 1721 5119 1734 1722 5120 1696 1669 5121 1647 1671 5122 1646 1670 5123 1700 1691 5124 1698 1708 5125 1650 1657 5126 1698 1708 5127 1651 1663 5128 1650 1657 5129 1664 1672 5130 1747 1707 5131 1736 1716 5132 1720 1717 5133 1702 1704 5134 1731 1706 5135 1654 1693 5136 1715 1705 5137 1710 1694 5138 1726 1723 5139 1667 1683 5140 1687 1650 5141 1661 1724 5142 1702 1704 5143 1660 1680 5144 1742 1725 5145 1671 1675 5146 1689 1655 5147 1665 1674 5148 1704 1701 5149 1664 1672 5150 1668 1659 5151 1637 1700 5152 1681 1690 5153 1669 1658 5154 1706 1699 5155 1668 1659 5156 1636 1718 5157 1701 1698 5158 1654 1693 5159 1690 1689 5160 1682 1726 5161 1673 1695 5162 1710 1694 5163 1703 1703 5164 1661 1724 5165 1695 1711 5166 1708 1692 5167 1643 1679 5168 1676 1631 5169 1714 1713 5170 1695 1711 5171 1715 1705 5172 1685 1646 5173 1703 1703 5174 1643 1679 5175 1710 1694 5176 1661 1724 5177 1709 1626 5178 1657 1665 5179 1639 1727 5180 1712 1643 5181 1663 1686 5182 1685 1646 5183 1645 1677 5184 1713 1628 5185 1676 1631 5186 1718 1720 5187 1724 1623 5188 1725 1682 5189 1727 1640 5190 1723 1719 5191 1726 1723 5192 1717 1660 5193 1721 1673 5194 1716 1728 5195 1722 1629 5196 1718 1720 5197 1723 1719 5198 1725 1682 5199 1728 1714 5200 1729 1644 5201 1731 1706 5202 1726 1723 5203 1730 1712 5204 1729 1644 5205 1717 1660 5206 1716 1728 5207 1720 1717 5208 1730 1712 5209 1721 1673 5210 1697 1645 5211 1716 1728 5212 1647 1671 5213 1734 1722 5214 1740 1620 5215 1741 1685 5216 1743 1639 5217 1739 1721 5218 1742 1725 5219 1732 1729 5220 1736 1716 5221 1737 1664 5222 1734 1722 5223 1738 1632 5224 1735 1730 5225 1741 1685 5226 1744 1715 5227 1745 1648 5228 1747 1707 5229 1742 1725 5230 1746 1710 5231 1745 1648 5232 1733 1668 5233 1732 1729 5234 1736 1716 5235 1746 1710 5236 1737 1664 5237 1699 1649 5238 1732 1729 5239 1651 1663 5240 1638 1687 5241 1640 1709 5242 1700 1691 5243 1690 1689 5244 1655 1635 5245 1640 1709 5246 1691 1688 5247 1658 1652 5248 1682 1726 5249 1700 1691 5250 1656 1702 5251 1638 1687 5252 1652 1636 5253 1672 1654 5254 1670 1653 5255 1682 1726 5256 1672 1654 5257 1659 1667 5258 1673 1695 5259 1692 1666 5260 1655 1635 5261 1852 1731 5262 1760 1732 5263 1847 1733 5264 1836 1734 5265 1756 1735 5266 1831 1736 5267 1786 1737 5268 1821 1738 5269 1825 1739 5270 1756 1735 5271 1834 1740 5272 1831 1736 5273 1788 1741 5274 1756 1735 5275 1787 1742 5276 1760 1732 5277 1850 1743 5278 1847 1733 5279 1790 1744 5280 1760 1732 5281 1789 1745 5282 1767 1746 5283 1764 1747 5284 1804 1748 5285 1792 1749 5286 1764 1747 5287 1791 1750 5288 1855 1751 5289 1778 1752 5290 1798 1753 5291 1839 1754 5292 1774 1755 5293 1796 1756 5294 1823 1757 5295 1795 1758 5296 1824 1759 5297 1841 1760 5298 1790 1744 5299 1809 1761 5300 1774 1755 5301 1797 1762 5302 1796 1756 5303 1857 1763 5304 1792 1749 5305 1811 1764 5306 1778 1752 5307 1799 1765 5308 1798 1753 5309 1770 1766 5310 1782 1767 5311 1800 1768 5312 1782 1767 5313 1801 1769 5314 1800 1768 5315 1762 1770 5316 1781 1771 5317 1763 1772 5318 1829 1773 5319 1806 1774 5320 1840 1775 5321 1763 1772 5322 1849 1776 5323 1844 1777 5324 1786 1737 5325 1769 1778 5326 1751 1779 5327 1804 1748 5328 1771 1780 5329 1753 1781 5330 1845 1782 5331 1808 1783 5332 1856 1784 5333 1776 1785 5334 1759 1786 5335 1758 1787 5336 1759 1786 5337 1833 1788 5338 1828 1789 5339 1783 1790 5340 1764 1747 5341 1765 1791 5342 1823 1757 5343 1757 1792 5344 1821 1738 5345 1819 1793 5346 1849 1776 5347 1781 1771 5348 1772 1794 5349 1755 1795 5350 1754 1796 5351 1837 1797 5352 1761 1798 5353 1790 1744 5354 1779 1799 5355 1760 1732 5356 1761 1798 5357 1817 1800 5358 1833 1788 5359 1777 1801 5360 1853 1802 5361 1765 1791 5362 1792 1749 5363 1775 1803 5364 1756 1735 5365 1757 1792 5366 1803 1804 5367 1750 1805 5368 1802 1806 5369 1793 1807 5370 1762 1770 5371 1812 1808 5372 1820 1809 5373 1766 1810 5374 1748 1811 5375 1771 1780 5376 1785 1812 5377 1753 1781 5378 1805 1813 5379 1795 1758 5380 1786 1737 5381 1800 1768 5382 1819 1793 5383 1818 1814 5384 1749 1815 5385 1800 1768 5386 1818 1814 5387 1798 1753 5388 1817 1800 5389 1816 1816 5390 1768 1817 5391 1749 1815 5392 1793 1807 5393 1796 1756 5394 1815 1818 5395 1814 1819 5396 1824 1759 5397 1813 1820 5398 1827 1821 5399 1843 1822 5400 1796 1756 5401 1814 1819 5402 1859 1823 5403 1798 1753 5404 1816 1816 5405 1811 1764 5406 1791 1750 5407 1810 1824 5408 1752 1825 5409 1791 1750 5410 1767 1746 5411 1809 1761 5412 1789 1745 5413 1808 1783 5414 1801 1769 5415 1858 1826 5416 1819 1793 5417 1807 1827 5418 1787 1742 5419 1806 1774 5420 1799 1765 5421 1842 1828 5422 1817 1800 5423 1805 1813 5424 1825 1739 5425 1826 1829 5426 1840 1775 5427 1787 1742 5428 1836 1734 5429 1856 1784 5430 1789 1745 5431 1852 1731 5432 1848 1830 5433 1758 1787 5434 1845 1782 5435 1832 1831 5436 1754 1796 5437 1829 1773 5438 1748 1811 5439 1826 1829 5440 1820 1809 5441 1835 1832 5442 1761 1798 5443 1830 1833 5444 1755 1795 5445 1806 1774 5446 1754 1796 5447 1851 1834 5448 1765 1791 5449 1846 1835 5450 1759 1786 5451 1808 1783 5452 1758 1787 5453 1812 1808 5454 1810 1824 5455 1752 1825 5456 1763 1772 5457 1810 1824 5458 1762 1770 5459 1859 1823 5460 1776 1785 5461 1848 1830 5462 1832 1831 5463 1814 1819 5464 1772 1794 5465 1827 1821 5466 1766 1810 5467 1822 1836 5468 1779 1799 5469 1838 1837 5470 1799 1765 5471 1814 1819 5472 1773 1838 5473 1772 1794 5474 1783 1790 5475 1854 1839 5476 1801 1769 5477 1816 1816 5478 1777 1801 5479 1776 1785 5480 1749 1815 5481 1780 1840 5482 1793 1807 5483 1818 1814 5484 1781 1771 5485 1780 1840 5486 1748 1811 5487 1813 1820 5488 1805 1813 5489 1794 1841 5490 1802 1806 5491 1785 1812 5492 1815 1818 5493 1822 1836 5494 1773 1838 5495 1820 1809 5496 1807 1827 5497 1755 1795 5498 1826 1829 5499 1788 1741 5500 1807 1827 5501 1797 1762 5502 1827 1821 5503 1815 1818 5504 1755 1795 5505 1822 1836 5506 1820 1809 5507 1769 1778 5508 1821 1738 5509 1751 1779 5510 1775 1803 5511 1824 1759 5512 1797 1762 5513 1825 1739 5514 1757 1792 5515 1788 1741 5516 1836 1734 5517 1830 1833 5518 1837 1797 5519 1839 1754 5520 1835 1832 5521 1834 1740 5522 1829 1773 5523 1833 1788 5524 1832 1831 5525 1834 1740 5526 1830 1833 5527 1831 1736 5528 1840 1775 5529 1837 1797 5530 1841 1760 5531 1843 1822 5532 1838 1837 5533 1839 1754 5534 1829 1773 5535 1841 1760 5536 1828 1789 5537 1832 1831 5538 1842 1828 5539 1843 1822 5540 1828 1789 5541 1809 1761 5542 1759 1786 5543 1852 1731 5544 1846 1835 5545 1853 1802 5546 1855 1751 5547 1851 1834 5548 1850 1743 5549 1848 1830 5550 1844 1777 5551 1849 1776 5552 1846 1835 5553 1850 1743 5554 1851 1834 5555 1856 1784 5556 1853 1802 5557 1857 1763 5558 1859 1823 5559 1854 1839 5560 1855 1751 5561 1845 1782 5562 1857 1763 5563 1844 1777 5564 1848 1830 5565 1858 1826 5566 1859 1823 5567 1844 1777 5568 1811 1764 5569 1763 1772 5570 1750 1805 5571 1752 1825 5572 1802 1806 5573 1802 1806 5574 1767 1746 5575 1785 1812 5576 1803 1804 5577 1770 1766 5578 1749 1815 5579 1768 1817 5580 1812 1808 5581 1750 1805 5582 1764 1747 5583 1784 1842 5584 1804 1748 5585 1794 1841 5586 1784 1842 5587 1770 1766 5588 1785 1812 5589 1804 1748 5590 1753 1781 5591 40 0 5592 63 6 5593 27 1 5594 44 3 5595 63 6 5596 40 0 5597 0 5 5598 27 1 5599 63 6 5600 82 7 5601 418 498 5602 420 8 5603 1 10 5604 25 13 5605 64 11 5606 25 13 5607 415 31 5608 41 14 5609 64 11 5610 41 14 5611 10 4 5612 42 12 5613 64 11 5614 40 0 5615 24 15 5616 65 133 5617 26 16 5618 133 18 5619 4 30 5620 29 19 5621 134 20 5622 29 19 5623 5 21 5624 26 16 5625 65 133 5626 28 23 5627 51 25 5628 107 158 5629 24 15 5630 18 26 5631 54 189 5632 123 27 5633 132 29 5634 105 166 5635 4 30 5636 415 31 5637 25 13 5638 371 32 5639 324 34 5640 25 13 5641 1 10 5642 674 36 5643 684 50 5644 53 37 5645 113 39 5646 20 17 5647 26 16 5648 92 40 5649 26 16 5650 6 24 5651 114 41 5652 6 24 5653 115 42 5654 68 44 5655 116 49 5656 53 37 5657 6 24 5658 28 23 5659 67 46 5660 53 37 5661 116 49 5662 117 47 5663 68 44 5664 32 52 5665 55 48 5666 684 50 5667 687 53 5668 31 45 5669 68 44 5670 69 55 5671 34 51 5672 687 53 5673 688 190 5674 33 54 5675 31 45 5676 33 54 5677 69 55 5678 38 56 5679 62 73 5680 96 57 5681 33 54 5682 57 124 5683 75 59 5684 69 55 5685 75 59 5686 30 60 5687 21 61 5688 36 64 5689 94 62 5690 36 64 5691 8 69 5692 85 65 5693 56 66 5694 70 68 5695 36 64 5696 7 67 5697 35 70 5698 70 68 5699 8 69 5700 36 64 5701 70 68 5702 8 69 5703 35 70 5704 71 71 5705 35 70 5706 7 67 5707 37 72 5708 71 71 5709 72 81 5710 62 73 5711 737 74 5712 61 78 5713 37 72 5714 102 76 5715 96 57 5716 62 73 5717 8 69 5718 38 56 5719 95 58 5720 61 78 5721 72 81 5722 71 71 5723 123 27 5724 54 189 5725 135 79 5726 58 77 5727 62 73 5728 72 81 5729 743 83 5730 59 84 5731 61 78 5732 76 82 5733 72 81 5734 61 78 5735 1 10 5736 42 12 5737 738 85 5738 42 12 5739 9 2 5740 725 87 5741 415 31 5742 414 143 5743 97 88 5744 41 14 5745 97 88 5746 86 89 5747 12 90 5748 43 93 5749 27 1 5750 87 91 5751 12 90 5752 0 5 5753 43 93 5754 11 95 5755 9 2 5756 45 94 5757 13 97 5758 11 95 5759 88 96 5760 14 107 5761 12 90 5762 13 97 5763 45 94 5764 73 98 5765 45 94 5766 14 107 5767 47 100 5768 73 98 5769 47 100 5770 16 101 5771 48 99 5772 73 98 5773 46 102 5774 727 104 5775 13 97 5776 48 99 5777 739 105 5778 48 99 5779 15 103 5780 14 107 5781 88 96 5782 98 108 5783 47 100 5784 98 108 5785 89 109 5786 113 39 5787 99 111 5788 49 110 5789 99 111 5790 330 198 5791 329 112 5792 122 28 5793 125 116 5794 50 113 5795 20 17 5796 49 110 5797 109 114 5798 49 110 5799 329 112 5800 328 115 5801 125 116 5802 323 155 5803 104 117 5804 729 118 5805 18 26 5806 50 113 5807 50 113 5808 104 117 5809 762 120 5810 10 4 5811 86 89 5812 100 121 5813 44 3 5814 100 121 5815 84 92 5816 776 122 5817 674 36 5818 3 38 5819 57 124 5820 7 67 5821 56 66 5822 75 59 5823 56 66 5824 21 61 5825 30 60 5826 21 61 5827 83 63 5828 91 126 5829 102 76 5830 58 77 5831 22 128 5832 60 129 5833 76 82 5834 23 127 5835 58 77 5836 76 82 5837 22 128 5838 59 84 5839 743 83 5840 14 107 5841 45 94 5842 43 93 5843 24 15 5844 107 158 5845 119 131 5846 65 133 5847 121 135 5848 118 134 5849 24 15 5850 120 132 5851 121 135 5852 28 23 5853 118 134 5854 81 136 5855 117 47 5856 131 172 5857 130 123 5858 95 58 5859 96 57 5860 756 137 5861 761 139 5862 756 137 5863 96 57 5864 732 140 5865 29 19 5866 4 30 5867 757 142 5868 97 88 5869 414 143 5870 748 145 5871 86 89 5872 97 88 5873 758 146 5874 98 108 5875 88 96 5876 751 148 5877 89 109 5878 98 108 5879 759 149 5880 100 121 5881 86 89 5882 746 150 5883 84 92 5884 100 121 5885 753 151 5886 761 139 5887 102 76 5888 416 152 5889 90 403 5890 976 153 5891 323 155 5892 324 34 5893 17 35 5894 104 117 5895 17 35 5896 730 156 5897 106 157 5898 66 159 5899 107 158 5900 66 159 5901 80 175 5902 119 131 5903 74 160 5904 106 157 5905 51 25 5906 325 161 5907 74 160 5908 109 114 5909 39 162 5910 105 166 5911 132 29 5912 769 164 5913 105 166 5914 39 162 5915 764 141 5916 4 30 5917 105 166 5918 111 167 5919 90 403 5920 416 152 5921 326 168 5922 111 167 5923 417 33 5924 115 42 5925 67 46 5926 116 49 5927 118 134 5928 131 172 5929 117 47 5930 169 169 5931 166 253 5932 168 170 5933 121 135 5934 79 174 5935 131 172 5936 121 135 5937 120 132 5938 77 173 5939 67 46 5940 81 136 5941 117 47 5942 66 159 5943 106 157 5944 122 28 5945 80 175 5946 66 159 5947 123 27 5948 106 157 5949 74 160 5950 125 116 5951 325 161 5952 323 155 5953 125 116 5954 150 176 5955 149 219 5956 141 177 5957 93 43 5958 768 202 5959 767 179 5960 114 41 5961 767 179 5962 766 180 5963 92 40 5964 766 180 5965 765 181 5966 87 91 5967 749 184 5968 750 147 5969 94 62 5970 85 65 5971 747 182 5972 85 65 5973 95 58 5974 755 138 5975 84 92 5976 746 150 5977 749 184 5978 83 63 5979 94 62 5980 754 183 5981 101 125 5982 83 63 5983 745 185 5984 752 154 5985 744 144 5986 414 143 5987 99 111 5988 113 39 5989 765 181 5990 736 188 5991 784 210 5992 135 79 5993 688 190 5994 742 790 5995 57 124 5996 127 191 5997 689 794 5998 734 192 5999 128 193 6000 734 192 6001 733 194 6002 93 43 6003 115 42 6004 55 48 6005 18 26 6006 729 118 6007 736 188 6008 13 97 6009 727 104 6010 726 196 6011 11 95 6012 726 196 6013 725 87 6014 7 67 6015 724 197 6016 735 75 6017 57 124 6018 742 790 6019 724 197 6020 732 140 6021 676 203 6022 5 21 6023 17 35 6024 1 10 6025 723 86 6026 330 198 6027 99 111 6028 740 187 6029 23 127 6030 771 200 6031 753 151 6032 60 129 6033 772 201 6034 771 200 6035 22 128 6036 731 130 6037 772 201 6038 32 52 6039 128 193 6040 129 195 6041 32 52 6042 34 51 6043 127 191 6044 101 125 6045 127 191 6046 34 51 6047 768 202 6048 93 43 6049 129 195 6050 760 186 6051 689 794 6052 127 191 6053 676 203 6054 776 122 6055 130 123 6056 78 22 6057 5 21 6058 130 123 6059 108 204 6060 146 229 6061 145 205 6062 78 22 6063 131 172 6064 79 174 6065 134 20 6066 79 174 6067 77 173 6068 124 163 6069 136 80 6070 135 79 6071 147 207 6072 148 218 6073 142 208 6074 763 165 6075 39 162 6076 135 79 6077 141 177 6078 140 209 6079 137 211 6080 142 208 6081 139 206 6082 137 211 6083 144 212 6084 138 178 6085 137 211 6086 143 213 6087 137 211 6088 139 206 6089 151 217 6090 150 176 6091 138 178 6092 148 218 6093 108 204 6094 139 206 6095 149 219 6096 147 207 6097 140 209 6098 158 220 6099 153 227 6100 147 207 6101 157 221 6102 152 228 6103 108 204 6104 154 222 6105 150 176 6106 151 217 6107 211 224 6108 215 246 6109 184 225 6110 153 227 6111 157 221 6112 148 218 6113 152 228 6114 156 244 6115 146 229 6116 158 220 6117 149 219 6118 150 176 6119 172 171 6120 168 170 6121 165 230 6122 133 18 6123 413 234 6124 411 232 6125 120 132 6126 158 220 6127 154 222 6128 124 163 6129 412 233 6130 152 228 6131 119 131 6132 80 175 6133 157 221 6134 124 163 6135 132 29 6136 411 232 6137 77 173 6138 154 222 6139 413 234 6140 80 175 6141 136 80 6142 152 228 6143 119 131 6144 153 227 6145 158 220 6146 164 235 6147 163 239 6148 162 236 6149 168 170 6150 167 237 6151 160 215 6152 168 170 6153 166 253 6154 164 235 6155 175 238 6156 162 236 6157 163 239 6158 217 241 6159 212 270 6160 183 242 6161 175 238 6162 174 251 6163 161 216 6164 171 231 6165 165 230 6166 160 215 6167 145 205 6168 174 251 6169 175 238 6170 208 245 6171 180 261 6172 184 225 6173 143 213 6174 175 238 6175 176 240 6176 155 247 6177 172 171 6178 171 231 6179 202 248 6180 170 260 6181 179 249 6182 159 223 6183 169 169 6184 172 171 6185 169 169 6186 209 262 6187 214 252 6188 163 239 6189 164 235 6190 210 254 6191 144 212 6192 176 240 6193 216 256 6194 205 258 6195 217 241 6196 185 243 6197 202 248 6198 205 258 6199 178 259 6200 206 250 6201 179 249 6202 180 261 6203 159 223 6204 207 269 6205 209 262 6206 185 243 6207 191 273 6208 177 263 6209 179 249 6210 170 260 6211 181 264 6212 182 226 6213 184 225 6214 190 266 6215 180 261 6216 187 272 6217 190 266 6218 159 223 6219 151 217 6220 203 268 6221 176 240 6222 163 239 6223 213 255 6224 212 270 6225 211 224 6226 182 226 6227 164 235 6228 166 253 6229 214 252 6230 183 242 6231 182 226 6232 188 267 6233 179 249 6234 186 265 6235 187 272 6236 178 259 6237 177 263 6238 181 264 6239 185 243 6240 183 242 6241 189 271 6242 254 274 6243 250 298 6244 198 275 6245 218 277 6246 224 313 6247 259 278 6248 199 280 6249 197 302 6250 220 281 6251 246 283 6252 195 289 6253 196 284 6254 189 271 6255 218 277 6256 255 279 6257 247 285 6258 196 284 6259 199 280 6260 244 288 6261 194 332 6262 195 289 6263 254 274 6264 200 276 6265 193 290 6266 187 272 6267 186 265 6268 245 292 6269 187 272 6270 248 293 6271 252 294 6272 252 294 6273 258 308 6274 219 295 6275 186 265 6276 181 264 6277 243 296 6278 191 273 6279 189 271 6280 249 286 6281 250 298 6282 256 310 6283 221 299 6284 177 263 6285 191 273 6286 253 297 6287 177 263 6288 241 300 6289 243 296 6290 201 301 6291 200 276 6292 198 275 6293 201 301 6294 194 332 6295 193 290 6296 196 284 6297 201 301 6298 197 302 6299 195 289 6300 194 332 6301 201 301 6302 203 268 6303 204 257 6304 205 258 6305 207 269 6306 203 268 6307 202 248 6308 207 269 6309 206 250 6310 208 245 6311 211 224 6312 212 270 6313 213 255 6314 215 246 6315 211 224 6316 210 254 6317 217 241 6318 205 258 6319 204 257 6320 209 262 6321 208 245 6322 215 246 6323 212 270 6324 217 241 6325 216 256 6326 151 217 6327 144 212 6328 204 257 6329 197 302 6330 198 275 6331 221 299 6332 188 267 6333 235 312 6334 218 277 6335 190 266 6336 219 295 6337 192 304 6338 251 287 6339 199 280 6340 222 282 6341 257 305 6342 222 282 6343 228 306 6344 258 308 6345 262 322 6346 225 309 6347 220 281 6348 226 324 6349 228 306 6350 256 310 6351 260 321 6352 227 311 6353 235 312 6354 223 329 6355 224 313 6356 259 278 6357 224 313 6358 230 314 6359 238 303 6360 221 299 6361 227 311 6362 219 295 6363 225 309 6364 236 317 6365 239 316 6366 227 311 6367 233 318 6368 225 309 6369 231 323 6370 319 320 6371 260 321 6372 263 331 6373 233 318 6374 262 322 6375 265 330 6376 231 323 6377 226 324 6378 232 351 6379 234 325 6380 224 313 6381 223 329 6382 321 326 6383 261 307 6384 228 306 6385 234 325 6386 236 317 6387 237 379 6388 229 328 6389 223 329 6390 235 312 6391 192 304 6392 220 281 6393 238 303 6394 239 316 6395 240 319 6396 232 351 6397 226 324 6398 248 293 6399 245 292 6400 246 283 6401 243 296 6402 244 288 6403 246 283 6404 243 296 6405 241 300 6406 242 291 6407 242 291 6408 241 300 6409 253 297 6410 248 293 6411 247 285 6412 251 287 6413 250 298 6414 254 274 6415 253 297 6416 252 294 6417 251 287 6418 257 305 6419 256 310 6420 250 298 6421 249 286 6422 257 305 6423 261 307 6424 262 322 6425 255 279 6426 259 278 6427 260 321 6428 262 322 6429 261 307 6430 266 327 6431 260 321 6432 259 278 6433 264 315 6434 244 288 6435 242 291 6436 193 290 6437 303 333 6438 302 343 6439 287 334 6440 291 336 6441 554 357 6442 271 337 6443 297 339 6444 557 365 6445 280 340 6446 301 342 6447 286 353 6448 287 334 6449 295 344 6450 556 364 6451 277 345 6452 290 347 6453 289 355 6454 272 348 6455 233 318 6456 263 331 6457 268 350 6458 268 350 6459 267 352 6460 232 351 6461 267 352 6462 266 327 6463 234 325 6464 286 353 6465 316 395 6466 317 354 6467 271 337 6468 554 357 6469 555 349 6470 292 338 6471 271 337 6472 272 348 6473 291 336 6474 293 360 6475 273 356 6476 290 347 6477 555 349 6478 275 358 6479 293 360 6480 294 359 6481 275 358 6482 273 356 6483 275 358 6484 309 361 6485 278 363 6486 277 345 6487 556 364 6488 299 366 6489 296 346 6490 277 345 6491 298 341 6492 280 340 6493 279 367 6494 297 339 6495 299 366 6496 278 363 6497 295 344 6498 300 368 6499 279 367 6500 280 340 6501 312 382 6502 311 369 6503 284 370 6504 283 373 6505 558 335 6506 305 372 6507 304 375 6508 284 370 6509 303 333 6510 558 335 6511 283 373 6512 304 375 6513 306 374 6514 283 373 6515 305 372 6516 559 371 6517 286 353 6518 267 352 6519 294 359 6520 293 360 6521 320 376 6522 290 347 6523 294 359 6524 265 330 6525 266 327 6526 293 360 6527 231 323 6528 292 338 6529 289 355 6530 320 376 6531 319 320 6532 289 355 6533 265 330 6534 291 336 6535 292 338 6536 269 377 6537 267 352 6538 300 368 6539 322 378 6540 229 328 6541 299 366 6542 268 350 6543 298 341 6544 300 368 6545 229 328 6546 237 379 6547 296 346 6548 269 377 6549 295 344 6550 296 346 6551 322 378 6552 297 339 6553 298 341 6554 264 315 6555 305 372 6556 301 342 6557 230 314 6558 321 326 6559 306 374 6560 270 380 6561 303 333 6562 306 374 6563 230 314 6564 304 375 6565 305 372 6566 268 350 6567 263 331 6568 301 342 6569 270 380 6570 268 350 6571 302 343 6572 309 361 6573 561 396 6574 560 381 6575 312 382 6576 563 397 6577 562 383 6578 317 354 6579 316 395 6580 565 384 6581 581 386 6582 580 644 6583 566 387 6584 586 389 6585 576 637 6586 570 390 6587 578 392 6588 573 635 6589 572 393 6590 273 356 6591 307 362 6592 560 381 6593 286 353 6594 559 371 6595 565 384 6596 279 367 6597 311 369 6598 562 383 6599 275 358 6600 555 349 6601 561 396 6602 287 334 6603 317 354 6604 564 385 6605 280 340 6606 557 365 6607 563 397 6608 320 376 6609 269 377 6610 237 379 6611 322 378 6612 270 380 6613 321 326 6614 126 398 6615 112 401 6616 324 34 6617 103 399 6618 52 402 6619 325 161 6620 327 400 6621 326 168 6622 371 32 6623 52 402 6624 126 398 6625 323 155 6626 103 399 6627 328 115 6628 326 168 6629 330 198 6630 90 403 6631 111 167 6632 90 403 6633 330 198 6634 770 199 6635 328 115 6636 329 112 6637 111 167 6638 126 398 6639 334 407 6640 333 404 6641 103 399 6642 327 400 6643 335 405 6644 52 402 6645 331 408 6646 334 407 6647 52 402 6648 103 399 6649 332 406 6650 327 400 6651 112 401 6652 333 404 6653 331 408 6654 336 411 6655 339 409 6656 331 408 6657 332 406 6658 337 410 6659 332 406 6660 335 405 6661 340 412 6662 335 405 6663 333 404 6664 338 413 6665 334 407 6666 339 409 6667 338 413 6668 337 410 6669 340 412 6670 345 414 6671 340 412 6672 338 413 6673 343 416 6674 339 409 6675 344 417 6676 343 416 6677 336 411 6678 341 418 6679 344 417 6680 336 411 6681 337 410 6682 342 415 6683 341 418 6684 346 420 6685 349 419 6686 342 415 6687 347 421 6688 346 420 6689 345 414 6690 350 423 6691 347 421 6692 345 414 6693 343 416 6694 348 422 6695 343 416 6696 344 417 6697 349 419 6698 350 423 6699 355 425 6700 352 424 6701 348 422 6702 353 426 6703 355 425 6704 349 419 6705 354 428 6706 353 426 6707 349 419 6708 346 420 6709 351 427 6710 346 420 6711 347 421 6712 352 424 6713 354 428 6714 351 427 6715 356 429 6716 351 427 6717 352 424 6718 357 431 6719 355 425 6720 360 432 6721 357 431 6722 353 426 6723 358 433 6724 360 432 6725 353 426 6726 354 428 6727 359 430 6728 360 432 6729 365 435 6730 362 434 6731 358 433 6732 363 436 6733 365 435 6734 359 430 6735 364 438 6736 363 436 6737 359 430 6738 356 429 6739 361 437 6740 356 429 6741 357 431 6742 362 434 6743 364 438 6744 369 441 6745 368 439 6746 364 438 6747 361 437 6748 366 440 6749 361 437 6750 362 434 6751 384 442 6752 365 435 6753 370 444 6754 367 443 6755 363 436 6756 368 439 6757 370 444 6758 324 34 6759 112 401 6760 371 32 6761 366 440 6762 384 442 6763 380 445 6764 370 444 6765 378 461 6766 383 447 6767 370 444 6768 368 439 6769 382 448 6770 410 450 6771 409 464 6772 375 451 6773 369 441 6774 366 440 6775 373 453 6776 377 455 6777 372 465 6778 384 442 6779 400 456 6780 522 477 6781 518 457 6782 399 458 6783 518 457 6784 519 459 6785 398 462 6786 397 460 6787 519 459 6788 409 464 6789 369 441 6790 381 454 6791 382 448 6792 368 439 6793 410 450 6794 383 447 6795 382 448 6796 374 452 6797 375 451 6798 381 454 6799 380 445 6800 547 466 6801 536 470 6802 537 467 6803 546 469 6804 540 604 6805 536 470 6806 550 471 6807 534 610 6808 530 472 6809 402 474 6810 401 483 6811 525 475 6812 400 456 6813 398 462 6814 523 463 6815 405 478 6816 527 488 6817 526 479 6818 402 474 6819 529 476 6820 528 481 6821 401 483 6822 404 490 6823 524 484 6824 408 485 6825 407 489 6826 520 486 6827 405 478 6828 408 485 6829 521 487 6830 406 480 6831 526 479 6832 520 486 6833 403 482 6834 528 481 6835 524 484 6836 379 446 6837 380 445 6838 398 462 6839 381 454 6840 397 460 6841 398 462 6842 381 454 6843 373 453 6844 399 458 6845 373 453 6846 379 446 6847 400 456 6848 375 451 6849 372 465 6850 403 482 6851 374 452 6852 375 451 6853 404 490 6854 372 465 6855 377 455 6856 402 474 6857 374 452 6858 401 483 6859 402 474 6860 382 448 6861 383 447 6862 406 480 6863 376 449 6864 408 485 6865 405 478 6866 382 448 6867 407 489 6868 408 485 6869 378 461 6870 405 478 6871 406 480 6872 368 439 6873 369 441 6874 409 464 6875 412 233 6876 411 232 6877 155 247 6878 411 232 6879 413 234 6880 159 223 6881 2 491 6882 82 7 6883 414 143 6884 110 9 6885 19 492 6886 417 33 6887 2 491 6888 415 31 6889 417 33 6890 82 7 6891 110 9 6892 416 152 6893 472 493 6894 477 557 6895 475 494 6896 19 492 6897 110 9 6898 420 8 6899 19 492 6900 421 496 6901 419 497 6902 82 7 6903 2 491 6904 419 497 6905 466 499 6906 422 513 6907 424 500 6908 418 498 6909 419 497 6910 468 502 6911 419 497 6912 421 496 6913 473 504 6914 418 498 6915 467 503 6916 470 505 6917 472 493 6918 425 495 6919 423 506 6920 421 496 6921 420 8 6922 470 505 6923 424 500 6924 422 513 6925 502 508 6926 425 495 6927 451 544 6928 453 510 6929 425 495 6930 429 511 6931 503 512 6932 422 513 6933 423 506 6934 503 512 6935 427 514 6936 506 586 6937 431 515 6938 433 517 6939 432 523 6940 510 518 6941 507 520 6942 432 523 6943 504 521 6944 504 521 6945 436 530 6946 434 522 6947 432 523 6948 507 520 6949 430 524 6950 434 522 6951 436 530 6952 440 525 6953 505 527 6954 429 511 6955 435 528 6956 505 527 6957 437 529 6958 436 530 6959 428 509 6960 434 522 6961 435 528 6962 436 530 6963 437 529 6964 441 531 6965 435 528 6966 439 532 6967 441 531 6968 435 528 6969 434 522 6970 438 526 6971 439 532 6972 443 534 6973 445 533 6974 438 526 6975 442 536 6976 443 534 6977 438 526 6978 440 525 6979 444 535 6980 440 525 6981 441 531 6982 445 533 6983 442 536 6984 444 535 6985 448 537 6986 444 535 6987 445 533 6988 449 539 6989 445 533 6990 443 534 6991 447 540 6992 442 536 6993 446 538 6994 447 540 6995 450 541 6996 452 545 6997 456 542 6998 424 500 6999 450 541 7000 451 544 7001 424 500 7002 428 509 7003 452 545 7004 429 511 7005 453 510 7006 452 545 7007 451 544 7008 450 541 7009 454 543 7010 451 544 7011 455 546 7012 457 547 7013 452 545 7014 453 510 7015 457 547 7016 455 546 7017 459 551 7018 461 548 7019 457 547 7020 461 548 7021 460 549 7022 454 543 7023 456 542 7024 460 549 7025 455 546 7026 454 543 7027 458 550 7028 458 550 7029 460 549 7030 464 552 7031 459 551 7032 458 550 7033 462 553 7034 459 551 7035 463 554 7036 465 555 7037 461 548 7038 465 555 7039 464 552 7040 467 503 7041 468 502 7042 469 507 7043 470 505 7044 490 575 7045 493 556 7046 468 502 7047 473 504 7048 472 493 7049 467 503 7050 466 499 7051 471 501 7052 466 499 7053 469 507 7054 423 506 7055 477 557 7056 481 561 7057 479 558 7058 425 495 7059 475 494 7060 474 559 7061 472 493 7062 471 501 7063 476 560 7064 471 501 7065 424 500 7066 474 559 7067 476 560 7068 480 563 7069 481 561 7070 476 560 7071 474 559 7072 478 562 7073 474 559 7074 475 494 7075 479 558 7076 480 563 7077 484 566 7078 485 564 7079 480 563 7080 478 562 7081 482 565 7082 478 562 7083 479 558 7084 483 567 7085 481 561 7086 485 564 7087 483 567 7088 484 566 7089 482 565 7090 486 568 7091 482 565 7092 483 567 7093 487 570 7094 485 564 7095 489 571 7096 487 570 7097 484 566 7098 488 569 7099 489 571 7100 493 556 7101 497 578 7102 496 572 7103 471 501 7104 472 493 7105 492 573 7106 473 504 7107 493 556 7108 492 573 7109 470 505 7110 471 501 7111 491 574 7112 490 575 7113 491 574 7114 495 576 7115 493 556 7116 490 575 7117 494 577 7118 492 573 7119 496 572 7120 495 576 7121 497 578 7122 501 582 7123 500 579 7124 494 577 7125 495 576 7126 499 580 7127 497 578 7128 494 577 7129 498 581 7130 496 572 7131 500 579 7132 499 580 7133 499 580 7134 500 579 7135 501 582 7136 487 570 7137 489 571 7138 488 569 7139 463 554 7140 462 553 7141 464 552 7142 447 540 7143 446 538 7144 448 537 7145 433 517 7146 506 586 7147 429 511 7148 508 583 7149 509 516 7150 513 584 7151 427 514 7152 426 588 7153 502 508 7154 433 517 7155 505 527 7156 504 521 7157 433 517 7158 511 519 7159 431 515 7160 430 524 7161 508 583 7162 517 585 7163 429 511 7164 506 586 7165 427 514 7166 502 508 7167 426 588 7168 507 520 7169 427 514 7170 509 516 7171 508 583 7172 426 588 7173 508 583 7174 430 524 7175 517 585 7176 513 584 7177 512 589 7178 515 590 7179 514 591 7180 516 587 7181 430 524 7182 516 587 7183 514 591 7184 431 515 7185 512 589 7186 513 584 7187 431 515 7188 511 519 7189 515 590 7190 511 519 7191 510 518 7192 514 591 7193 386 592 7194 519 459 7195 518 457 7196 387 594 7197 388 601 7198 521 487 7199 390 595 7200 389 602 7201 522 477 7202 391 596 7203 392 600 7204 525 475 7205 394 597 7206 393 603 7207 526 479 7208 396 598 7209 395 599 7210 528 481 7211 391 596 7212 524 484 7213 528 481 7214 396 598 7215 529 476 7216 525 475 7217 394 597 7218 527 488 7219 521 487 7220 385 593 7221 518 457 7222 522 477 7223 390 595 7224 523 463 7225 519 459 7226 387 594 7227 520 486 7228 526 479 7229 537 467 7230 536 470 7231 540 604 7232 533 606 7233 532 616 7234 538 607 7235 531 609 7236 530 472 7237 534 610 7238 553 612 7239 552 613 7240 531 609 7241 551 473 7242 530 472 7243 531 609 7244 549 614 7245 548 468 7246 537 467 7247 543 615 7248 542 619 7249 539 608 7250 543 615 7251 538 607 7252 532 616 7253 545 618 7254 544 617 7255 532 616 7256 542 619 7257 545 618 7258 533 606 7259 546 469 7260 549 614 7261 541 605 7262 550 471 7263 553 612 7264 535 611 7265 388 601 7266 545 618 7267 542 619 7268 388 601 7269 387 594 7270 544 617 7271 387 594 7272 393 603 7273 543 615 7274 394 597 7275 542 619 7276 543 615 7277 395 599 7278 396 598 7279 549 614 7280 392 600 7281 548 468 7282 549 614 7283 391 596 7284 395 599 7285 546 469 7286 391 596 7287 547 466 7288 548 468 7289 389 602 7290 390 595 7291 553 612 7292 385 593 7293 551 473 7294 552 613 7295 386 592 7296 552 613 7297 553 612 7298 385 593 7299 389 602 7300 550 471 7301 276 620 7302 555 349 7303 554 357 7304 281 622 7305 282 629 7306 557 365 7307 288 623 7308 285 631 7309 559 371 7310 308 624 7311 560 381 7312 561 396 7313 314 626 7314 313 628 7315 562 383 7316 315 627 7317 318 630 7318 564 385 7319 281 622 7320 556 364 7321 562 383 7322 282 629 7323 314 626 7324 563 397 7325 308 624 7326 274 621 7327 554 357 7328 276 620 7329 310 625 7330 561 396 7331 288 623 7332 558 335 7333 564 385 7334 315 627 7335 565 384 7336 559 371 7337 569 632 7338 568 643 7339 574 633 7340 566 387 7341 572 393 7342 573 635 7343 571 636 7344 570 390 7345 576 637 7346 583 639 7347 582 642 7348 569 632 7349 583 639 7350 575 634 7351 574 633 7352 589 641 7353 588 645 7354 571 636 7355 582 642 7356 585 646 7357 568 643 7358 579 394 7359 572 393 7360 566 387 7361 589 641 7362 577 638 7363 576 637 7364 588 645 7365 587 391 7366 570 390 7367 578 392 7368 581 386 7369 567 388 7370 584 640 7371 574 633 7372 568 643 7373 310 625 7374 276 620 7375 581 386 7376 308 624 7377 579 394 7378 580 644 7379 310 625 7380 578 392 7381 579 394 7382 276 620 7383 274 621 7384 580 644 7385 313 628 7386 584 640 7387 585 646 7388 282 629 7389 281 622 7390 585 646 7391 314 626 7392 583 639 7393 584 640 7394 314 626 7395 282 629 7396 582 642 7397 285 631 7398 288 623 7399 587 391 7400 315 627 7401 589 641 7402 586 389 7403 315 627 7404 285 631 7405 588 645 7406 318 630 7407 586 389 7408 587 391 7409 617 647 7410 653 653 7411 630 648 7412 630 648 7413 653 653 7414 634 650 7415 590 652 7416 634 650 7417 653 653 7418 1069 654 7419 1067 1088 7420 672 655 7421 591 657 7422 632 662 7423 654 658 7424 615 659 7425 654 658 7426 631 660 7427 654 658 7428 630 648 7429 600 651 7430 632 662 7431 599 649 7432 630 648 7433 616 663 7434 655 672 7435 614 664 7436 780 666 7437 781 669 7438 619 667 7439 781 669 7440 668 795 7441 595 670 7442 616 663 7443 596 684 7444 618 671 7445 614 664 7446 703 759 7447 641 673 7448 719 674 7449 644 720 7450 608 675 7451 594 668 7452 701 775 7453 779 677 7454 1064 661 7455 1066 778 7456 1020 678 7457 972 679 7458 607 766 7459 591 657 7460 643 680 7461 684 50 7462 674 36 7463 709 682 7464 685 683 7465 616 663 7466 685 683 7467 710 685 7468 596 684 7469 710 685 7470 686 787 7471 711 686 7472 643 680 7473 712 692 7474 658 687 7475 596 684 7476 711 686 7477 657 689 7478 713 690 7479 712 692 7480 643 680 7481 645 691 7482 622 792 7483 658 687 7484 684 50 7485 643 680 7486 621 688 7487 658 687 7488 622 792 7489 624 693 7490 687 53 7491 621 688 7492 623 695 7493 621 688 7494 658 687 7495 659 694 7496 628 696 7497 691 717 7498 692 697 7499 623 695 7500 659 694 7501 665 699 7502 659 694 7503 624 693 7504 620 701 7505 690 702 7506 626 706 7507 611 703 7508 677 705 7509 598 711 7510 626 706 7511 626 706 7512 660 709 7513 646 707 7514 597 708 7515 646 707 7516 660 709 7517 598 711 7518 625 710 7519 660 709 7520 598 711 7521 628 696 7522 661 712 7523 625 710 7524 661 712 7525 627 713 7526 661 712 7527 628 696 7528 652 698 7529 627 713 7530 651 718 7531 737 74 7532 652 698 7533 692 697 7534 698 715 7535 691 717 7536 628 696 7537 598 711 7538 661 712 7539 662 714 7540 651 718 7541 719 674 7542 783 826 7543 782 719 7544 662 714 7545 652 698 7546 648 716 7547 743 83 7548 737 74 7549 651 718 7550 651 718 7551 662 714 7552 666 721 7553 738 85 7554 632 662 7555 591 657 7556 725 87 7557 599 649 7558 632 662 7559 1064 661 7560 631 660 7561 693 723 7562 631 660 7563 600 651 7564 678 725 7565 602 726 7566 590 652 7567 617 647 7568 590 652 7569 602 726 7570 679 728 7571 599 649 7572 601 730 7573 633 727 7574 601 730 7575 603 733 7576 635 731 7577 602 726 7578 604 736 7579 680 732 7580 603 733 7581 638 738 7582 663 734 7583 635 731 7584 663 734 7585 637 735 7586 663 734 7587 636 739 7588 606 737 7589 638 738 7590 605 740 7591 636 739 7592 727 104 7593 739 105 7594 638 738 7595 739 105 7596 728 106 7597 605 740 7598 604 736 7599 637 735 7600 694 741 7601 637 735 7602 606 737 7603 681 742 7604 639 743 7605 695 745 7606 709 682 7607 978 744 7608 979 791 7609 695 745 7610 640 746 7611 721 750 7612 718 676 7613 705 747 7614 639 743 7615 610 665 7616 977 748 7617 978 744 7618 639 743 7619 700 749 7620 971 767 7621 721 750 7622 729 118 7623 741 119 7624 640 746 7625 762 120 7626 700 749 7627 640 746 7628 600 651 7629 634 650 7630 696 751 7631 634 650 7632 590 652 7633 675 729 7634 593 681 7635 674 36 7636 776 122 7637 646 707 7638 597 708 7639 647 700 7640 611 703 7641 646 707 7642 665 699 7643 673 704 7644 611 703 7645 620 701 7646 648 716 7647 698 715 7648 683 754 7649 612 756 7650 649 722 7651 666 721 7652 666 721 7653 648 716 7654 613 755 7655 743 83 7656 649 722 7657 612 756 7658 633 727 7659 635 731 7660 604 736 7661 614 664 7662 716 762 7663 715 758 7664 655 672 7665 618 671 7666 714 760 7667 614 664 7668 655 672 7669 717 761 7670 618 671 7671 657 689 7672 671 763 7673 777 752 7674 778 782 7675 713 690 7676 756 137 7677 692 697 7678 691 717 7679 761 139 7680 698 715 7681 692 697 7682 732 140 7683 764 141 7684 594 668 7685 1063 724 7686 693 723 7687 757 142 7688 693 723 7689 678 725 7690 748 145 7691 680 732 7692 694 741 7693 758 146 7694 694 741 7695 681 742 7696 751 148 7697 678 725 7698 696 751 7699 759 149 7700 696 751 7701 675 729 7702 746 150 7703 753 151 7704 683 754 7705 698 715 7706 1065 764 7707 752 154 7708 976 153 7709 607 766 7710 972 679 7711 971 767 7712 730 156 7713 607 766 7714 700 749 7715 702 768 7716 641 673 7717 703 759 7718 656 769 7719 703 759 7720 715 758 7721 664 771 7722 705 747 7723 641 673 7724 973 772 7725 977 748 7726 705 747 7727 779 677 7728 701 775 7729 629 773 7730 769 164 7731 763 165 7732 629 773 7733 764 141 7734 769 164 7735 701 775 7736 707 776 7737 1066 778 7738 1065 764 7739 974 777 7740 1020 678 7741 1066 778 7742 711 686 7743 645 691 7744 712 692 7745 713 690 7746 778 782 7747 714 760 7748 816 779 7749 814 831 7750 817 780 7751 778 782 7752 669 799 7753 717 761 7754 717 761 7755 669 799 7756 667 783 7757 657 689 7758 712 692 7759 713 690 7760 656 769 7761 719 674 7762 718 676 7763 670 770 7764 783 826 7765 719 674 7766 702 768 7767 718 676 7768 721 750 7769 721 750 7770 971 767 7771 973 772 7772 798 784 7773 786 812 7774 789 785 7775 767 179 7776 768 202 7777 686 787 7778 766 180 7779 767 179 7780 710 685 7781 765 181 7782 766 180 7783 685 683 7784 679 728 7785 680 732 7786 750 147 7787 690 702 7788 754 183 7789 747 182 7790 677 705 7791 747 182 7792 755 138 7793 675 729 7794 679 728 7795 749 184 7796 673 704 7797 745 185 7798 754 183 7799 697 753 7800 760 186 7801 745 185 7802 1063 724 7803 744 144 7804 752 154 7805 695 745 7806 740 187 7807 765 181 7808 782 719 7809 784 210 7810 736 188 7811 647 700 7812 742 790 7813 688 190 7814 734 192 7815 689 794 7816 773 788 7817 774 789 7818 775 793 7819 733 194 7820 686 787 7821 775 793 7822 645 691 7823 608 675 7824 644 720 7825 736 188 7826 603 733 7827 601 730 7828 726 196 7829 725 87 7830 726 196 7831 601 730 7832 597 708 7833 627 713 7834 735 75 7835 647 700 7836 597 708 7837 724 197 7838 595 670 7839 676 203 7840 732 140 7841 607 766 7842 730 156 7843 723 86 7844 979 791 7845 770 199 7846 740 187 7847 613 755 7848 683 754 7849 753 151 7850 650 757 7851 613 755 7852 771 200 7853 612 756 7854 650 757 7855 772 201 7856 622 792 7857 645 691 7858 775 793 7859 622 792 7860 774 789 7861 773 788 7862 624 693 7863 773 788 7864 697 753 7865 768 202 7866 733 194 7867 775 793 7868 760 186 7869 697 753 7870 773 788 7871 777 752 7872 776 122 7873 676 203 7874 668 795 7875 778 782 7876 777 752 7877 704 796 7878 787 807 7879 793 797 7880 669 799 7881 778 782 7882 668 795 7883 667 783 7884 669 799 7885 781 669 7886 782 719 7887 783 826 7888 720 774 7889 795 800 7890 788 804 7891 790 801 7892 763 165 7893 784 210 7894 782 719 7895 789 785 7896 786 812 7897 785 803 7898 785 803 7899 787 807 7900 790 801 7901 785 803 7902 786 812 7903 792 805 7904 787 807 7905 785 803 7906 791 806 7907 799 811 7908 792 805 7909 786 812 7910 796 802 7911 790 801 7912 787 807 7913 797 786 7914 789 785 7915 788 804 7916 806 813 7917 797 786 7918 795 800 7919 805 815 7920 796 802 7921 704 796 7922 799 811 7923 798 784 7924 802 817 7925 859 819 7926 830 855 7927 832 820 7928 801 814 7929 795 800 7930 796 802 7931 800 816 7932 704 796 7933 794 798 7934 798 784 7935 797 786 7936 806 813 7937 813 823 7938 816 779 7939 820 781 7940 1060 825 7941 1062 827 7942 780 666 7943 802 817 7944 806 813 7945 716 762 7946 800 816 7947 1061 1078 7948 720 774 7949 715 758 7950 801 814 7951 805 815 7952 720 774 7953 1061 1078 7954 1060 825 7955 1062 827 7956 802 817 7957 667 783 7958 670 770 7959 805 815 7960 800 816 7961 806 813 7962 801 814 7963 715 758 7964 810 828 7965 811 832 7966 812 829 7967 808 810 7968 815 830 7969 816 779 7970 816 779 7971 815 830 7972 812 829 7973 811 832 7974 810 828 7975 823 833 7976 865 835 7977 833 848 7978 831 836 7979 823 833 7980 810 828 7981 809 809 7982 808 810 7983 813 823 7984 819 824 7985 823 833 7986 822 838 7987 793 797 7988 832 820 7989 828 850 7990 856 839 7991 824 834 7992 823 833 7993 791 806 7994 819 824 7995 820 781 7996 803 840 7997 827 841 7998 818 854 7999 850 842 8000 820 781 8001 817 780 8002 807 818 8003 862 844 8004 857 851 8005 817 780 8006 811 832 8007 861 858 8008 858 845 8009 792 805 8010 852 890 8011 864 846 8012 853 847 8013 826 849 8014 833 848 8015 850 842 8016 818 854 8017 826 849 8018 828 850 8019 827 841 8020 854 843 8021 857 851 8022 855 891 8023 807 818 8024 825 852 8025 839 885 8026 833 848 8027 827 841 8028 834 881 8029 829 853 8030 830 855 8031 836 859 8032 838 856 8033 838 856 8034 835 860 8035 828 850 8036 807 818 8037 855 891 8038 851 857 8039 824 834 8040 864 846 8041 861 858 8042 860 837 8043 831 836 8044 830 855 8045 812 829 8046 858 845 8047 862 844 8048 831 836 8049 837 861 8050 836 859 8051 835 860 8052 834 881 8053 827 841 8054 829 853 8055 825 852 8056 826 849 8057 833 848 8058 839 885 8059 837 861 8060 902 862 8061 848 1843 8062 846 863 8063 907 865 8064 872 900 8065 866 866 8066 847 868 8067 870 893 8068 868 869 8069 844 871 8070 843 876 8071 894 872 8072 903 867 8073 866 866 8074 837 861 8075 847 868 8076 844 871 8077 895 873 8078 843 876 8079 842 889 8080 892 877 8081 841 878 8082 848 1843 8083 902 862 8084 835 860 8085 896 919 8086 893 880 8087 900 882 8088 896 919 8089 835 860 8090 867 883 8091 906 897 8092 900 882 8093 834 881 8094 893 880 8095 891 884 8096 839 885 8097 901 887 8098 897 874 8099 869 886 8100 904 899 8101 898 864 8102 825 852 8103 889 920 8104 901 887 8105 891 884 8106 889 920 8107 825 852 8108 846 863 8109 848 1843 8110 849 888 8111 849 888 8112 848 1843 8113 841 878 8114 845 870 8115 849 888 8116 844 871 8117 849 888 8118 842 889 8119 843 876 8120 851 857 8121 850 842 8122 853 847 8123 855 891 8124 854 843 8125 850 842 8126 856 839 8127 854 843 8128 855 891 8129 859 819 8130 858 845 8131 861 858 8132 863 821 8133 862 844 8134 858 845 8135 865 835 8136 864 846 8137 852 890 8138 863 821 8139 856 839 8140 857 851 8141 860 837 8142 861 858 8143 864 846 8144 799 811 8145 851 857 8146 852 890 8147 845 870 8148 886 903 8149 869 886 8150 866 866 8151 883 901 8152 836 859 8153 840 892 8154 867 883 8155 838 856 8156 899 875 8157 905 894 8158 870 893 8159 905 894 8160 909 915 8161 876 895 8162 873 896 8163 910 910 8164 906 897 8165 876 895 8166 874 912 8167 868 869 8168 875 898 8169 908 908 8170 904 899 8171 872 900 8172 871 914 8173 883 901 8174 907 865 8175 912 923 8176 878 902 8177 886 903 8178 887 905 8179 875 898 8180 884 904 8181 873 896 8182 867 883 8183 887 905 8184 888 918 8185 881 906 8186 967 907 8187 879 909 8188 873 896 8189 881 906 8190 911 924 8191 908 908 8192 879 909 8193 913 922 8194 910 910 8195 882 911 8196 880 942 8197 874 912 8198 872 900 8199 878 902 8200 969 913 8201 909 915 8202 914 921 8203 882 911 8204 884 904 8205 871 914 8206 877 916 8207 871 914 8208 884 904 8209 840 892 8210 887 905 8211 886 903 8212 868 869 8213 874 912 8214 880 942 8215 888 918 8216 896 919 8217 895 873 8218 894 872 8219 894 872 8220 892 877 8221 891 884 8222 891 884 8223 892 877 8224 890 879 8225 901 887 8226 889 920 8227 890 879 8228 899 875 8229 895 873 8230 896 919 8231 898 864 8232 897 874 8233 901 887 8234 905 894 8235 899 875 8236 900 882 8237 904 899 8238 903 867 8239 897 874 8240 905 894 8241 906 897 8242 910 910 8243 903 867 8244 904 899 8245 908 908 8246 914 921 8247 909 915 8248 910 910 8249 912 923 8250 907 865 8251 908 908 8252 892 877 8253 842 889 8254 841 878 8255 951 925 8256 1207 959 8257 935 926 8258 919 928 8259 1203 983 8260 939 929 8261 928 931 8262 1206 988 8263 945 932 8264 935 926 8265 934 945 8266 949 934 8267 925 935 8268 1205 953 8269 943 936 8270 938 938 8271 1204 946 8272 920 939 8273 881 906 8274 888 918 8275 916 941 8276 880 942 8277 915 943 8278 916 941 8279 882 911 8280 914 921 8281 915 943 8282 965 944 8283 964 973 8284 934 945 8285 1204 946 8286 1203 983 8287 919 928 8288 920 939 8289 919 928 8290 940 930 8291 939 929 8292 1203 983 8293 921 947 8294 923 949 8295 1204 946 8296 938 938 8297 941 948 8298 921 947 8299 923 949 8300 921 947 8301 955 969 8302 957 951 8303 926 952 8304 1206 988 8305 1205 953 8306 947 954 8307 926 952 8308 925 935 8309 927 955 8310 928 931 8311 946 933 8312 945 932 8313 1206 988 8314 926 952 8315 943 936 8316 1205 953 8317 927 955 8318 959 957 8319 960 971 8320 928 931 8321 932 958 8322 1208 984 8323 1207 959 8324 953 961 8325 1208 984 8326 932 958 8327 931 960 8328 1207 959 8329 951 925 8330 952 962 8331 932 958 8332 931 960 8333 934 945 8334 1208 984 8335 953 961 8336 941 948 8337 942 950 8338 915 943 8339 942 950 8340 938 938 8341 968 964 8342 913 922 8343 939 929 8344 941 948 8345 937 940 8346 940 930 8347 879 909 8348 968 964 8349 938 938 8350 937 940 8351 940 930 8352 939 929 8353 913 922 8354 917 965 8355 943 936 8356 948 956 8357 970 966 8358 945 932 8359 947 954 8360 948 956 8361 946 933 8362 916 941 8363 877 916 8364 947 954 8365 944 937 8366 944 937 8367 943 936 8368 917 965 8369 946 933 8370 945 932 8371 970 966 8372 949 934 8373 953 961 8374 912 923 8375 878 902 8376 952 962 8377 954 963 8378 954 963 8379 951 925 8380 918 967 8381 953 961 8382 952 962 8383 878 902 8384 916 941 8385 950 927 8386 949 934 8387 918 967 8388 951 925 8389 950 927 8390 1209 968 8391 1210 985 8392 957 951 8393 1211 970 8394 1212 987 8395 960 971 8396 965 944 8397 1213 986 8398 1214 972 8399 1230 974 8400 1216 1225 8401 1215 975 8402 1219 977 8403 1225 1227 8404 1235 978 8405 1221 980 8406 1222 1224 8407 1227 981 8408 1209 968 8409 955 969 8410 921 947 8411 934 945 8412 964 973 8413 1214 972 8414 1211 970 8415 959 957 8416 927 955 8417 923 949 8418 957 951 8419 1210 985 8420 1213 986 8421 965 944 8422 935 926 8423 928 931 8424 960 971 8425 1212 987 8426 968 964 8427 967 907 8428 885 917 8429 970 966 8430 877 916 8431 969 913 8432 722 989 8433 971 767 8434 972 679 8435 699 991 8436 977 748 8437 973 772 8438 1020 678 8439 974 777 8440 975 993 8441 642 992 8442 973 772 8443 971 767 8444 699 991 8445 975 993 8446 974 777 8447 707 776 8448 682 765 8449 979 791 8450 770 199 8451 979 791 8452 682 765 8453 977 748 8454 974 777 8455 707 776 8456 982 994 8457 983 996 8458 722 989 8459 699 991 8460 981 997 8461 984 995 8462 983 996 8463 980 999 8464 642 992 8465 642 992 8466 980 999 8467 981 997 8468 975 993 8469 984 995 8470 982 994 8471 988 998 8472 985 1006 8473 980 999 8474 980 999 8475 985 1006 8476 986 1000 8477 981 997 8478 986 1000 8479 989 1001 8480 984 995 8481 989 1001 8482 987 1002 8483 987 1002 8484 988 998 8485 983 996 8486 986 1000 8487 991 1007 8488 994 1003 8489 989 1001 8490 994 1003 8491 992 1004 8492 992 1004 8493 993 1005 8494 988 998 8495 993 1005 8496 990 1009 8497 985 1006 8498 985 1006 8499 990 1009 8500 991 1007 8501 998 1008 8502 995 1010 8503 990 1009 8504 995 1010 8505 996 1011 8506 991 1007 8507 996 1011 8508 999 1014 8509 994 1003 8510 994 1003 8511 999 1014 8512 997 1012 8513 992 1004 8514 997 1012 8515 998 1008 8516 1001 1013 8517 1004 1015 8518 999 1014 8519 1004 1015 8520 1002 1016 8521 997 1012 8522 1002 1016 8523 1003 1018 8524 998 1008 8525 998 1008 8526 1003 1018 8527 1000 1017 8528 995 1010 8529 1000 1017 8530 1001 1013 8531 1003 1018 8532 1008 1022 8533 1005 1019 8534 1000 1017 8535 1005 1019 8536 1006 1020 8537 1006 1020 8538 1009 1021 8539 1004 1015 8540 1009 1021 8541 1007 1025 8542 1002 1016 8543 1002 1016 8544 1007 1025 8545 1008 1022 8546 1011 1023 8547 1014 1024 8548 1009 1021 8549 1014 1024 8550 1012 1026 8551 1007 1025 8552 1012 1026 8553 1013 1029 8554 1008 1022 8555 1008 1022 8556 1013 1029 8557 1010 1027 8558 1005 1019 8559 1010 1027 8560 1011 1023 8561 1017 1028 8562 1018 1040 8563 1013 1029 8564 1013 1029 8565 1018 1040 8566 1015 1030 8567 1010 1027 8568 1015 1030 8569 1033 1031 8570 1016 1032 8571 1019 1033 8572 1014 1024 8573 1019 1033 8574 1017 1028 8575 1012 1026 8576 972 679 8577 615 659 8578 1020 678 8579 1015 1030 8580 1028 1043 8581 1029 1034 8582 1032 1035 8583 1027 1050 8584 1019 1033 8585 1019 1033 8586 1025 1049 8587 1031 1036 8588 1059 1037 8589 1023 1053 8590 1024 1038 8591 1018 1040 8592 1030 1052 8593 1022 1041 8594 1033 1031 8595 1021 1054 8596 1026 1042 8597 1167 1044 8598 1171 1185 8599 1049 1045 8600 1168 1047 8601 1167 1044 8602 1048 1046 8603 1047 1051 8604 1172 1066 8605 1168 1047 8606 1030 1052 8607 1018 1040 8608 1058 1039 8609 1031 1036 8610 1023 1053 8611 1059 1037 8612 1023 1053 8613 1031 1036 8614 1032 1035 8615 1029 1034 8616 1030 1052 8617 1024 1038 8618 1186 1055 8619 1185 1058 8620 1196 1056 8621 1185 1058 8622 1189 1193 8623 1195 1059 8624 1179 1060 8625 1183 1198 8626 1199 1061 8627 1051 1063 8628 1178 1844 8629 1174 1064 8630 1049 1045 8631 1171 1185 8632 1172 1066 8633 1175 1067 8634 1176 1845 8635 1054 1068 8636 1177 1070 8637 1178 1844 8638 1051 1063 8639 1050 1065 8640 1174 1064 8641 1173 1072 8642 1057 1074 8643 1170 1077 8644 1169 1075 8645 1054 1068 8646 1176 1845 8647 1170 1077 8648 1169 1075 8649 1175 1067 8650 1055 1069 8651 1173 1072 8652 1177 1070 8653 1052 1071 8654 1028 1043 8655 1049 1045 8656 1047 1051 8657 1047 1051 8658 1046 1048 8659 1030 1052 8660 1030 1052 8661 1046 1048 8662 1048 1046 8663 1022 1041 8664 1048 1046 8665 1049 1045 8666 1024 1038 8667 1053 1073 8668 1052 1071 8669 1023 1053 8670 1050 1065 8671 1053 1073 8672 1021 1054 8673 1052 1071 8674 1051 1063 8675 1051 1063 8676 1050 1065 8677 1023 1053 8678 1031 1036 8679 1056 1076 8680 1055 1069 8681 1054 1068 8682 1057 1074 8683 1025 1049 8684 1057 1074 8685 1056 1076 8686 1031 1036 8687 1055 1069 8688 1054 1068 8689 1027 1050 8690 1017 1028 8691 1059 1037 8692 1058 1039 8693 803 840 8694 1060 825 8695 1061 1078 8696 807 818 8697 1062 827 8698 1060 825 8699 592 1079 8700 1064 661 8701 1063 724 8702 706 656 8703 1065 764 8704 1066 778 8705 1066 778 8706 1064 661 8707 592 1079 8708 672 655 8709 1063 724 8710 1065 764 8711 1124 1081 8712 1126 1143 8713 1121 1082 8714 609 1080 8715 1070 1091 8716 1069 654 8717 1068 1084 8718 1070 1091 8719 609 1080 8720 672 655 8721 1067 1088 8722 1068 1084 8723 1073 1085 8724 1071 1096 8725 1115 1086 8726 1067 1088 8727 1116 1140 8728 1117 1089 8729 1068 1084 8730 1117 1089 8731 1122 1090 8732 1119 1092 8733 1116 1140 8734 1067 1088 8735 1072 1093 8736 1074 1083 8737 1121 1082 8738 1070 1091 8739 1122 1090 8740 1119 1092 8741 1073 1085 8742 1077 1108 8743 1151 1095 8744 1102 1097 8745 1100 1129 8746 1074 1083 8747 1152 1099 8748 1078 1098 8749 1074 1083 8750 1071 1096 8751 1151 1095 8752 1152 1099 8753 1076 1100 8754 1158 1172 8755 1080 1101 8756 1082 1103 8757 1160 1179 8758 1159 1104 8759 1153 1106 8760 1081 1105 8761 1156 1107 8762 1083 1109 8763 1085 1112 8764 1153 1106 8765 1081 1105 8766 1159 1104 8767 1079 1110 8768 1083 1109 8769 1087 1117 8770 1089 1111 8771 1154 1113 8772 1086 1116 8773 1084 1114 8774 1085 1112 8775 1086 1116 8776 1154 1113 8777 1084 1114 8778 1083 1109 8779 1077 1108 8780 1085 1112 8781 1089 1111 8782 1090 1115 8783 1090 1115 8784 1088 1119 8785 1084 1114 8786 1084 1114 8787 1088 1119 8788 1087 1117 8789 1094 1118 8790 1092 1120 8791 1088 1119 8792 1092 1120 8793 1091 1122 8794 1087 1117 8795 1087 1117 8796 1091 1122 8797 1093 1121 8798 1089 1111 8799 1093 1121 8800 1094 1118 8801 1091 1122 8802 1095 1169 8803 1097 1123 8804 1093 1121 8805 1097 1123 8806 1098 1124 8807 1094 1118 8808 1098 1124 8809 1096 1125 8810 1096 1125 8811 1095 1169 8812 1091 1122 8813 1099 1126 8814 1103 1130 8815 1105 1127 8816 1100 1129 8817 1099 1126 8818 1073 1085 8819 1073 1085 8820 1099 1126 8821 1101 1128 8822 1101 1128 8823 1102 1097 8824 1078 1098 8825 1100 1129 8826 1104 1133 8827 1103 1130 8828 1106 1131 8829 1104 1133 8830 1100 1129 8831 1101 1128 8832 1105 1127 8833 1106 1131 8834 1110 1132 8835 1108 1137 8836 1104 1133 8837 1109 1134 8838 1110 1132 8839 1106 1131 8840 1103 1130 8841 1107 1135 8842 1109 1134 8843 1104 1133 8844 1108 1137 8845 1107 1135 8846 1107 1135 8847 1111 1138 8848 1113 1136 8849 1108 1137 8850 1112 1168 8851 1111 1138 8852 1114 1139 8853 1112 1168 8854 1108 1137 8855 1113 1136 8856 1114 1139 8857 1110 1132 8858 1116 1140 8859 1115 1086 8860 1118 1094 8861 1142 1141 8862 1139 1159 8863 1119 1092 8864 1117 1089 8865 1118 1094 8866 1121 1082 8867 1120 1087 8868 1115 1086 8869 1116 1140 8870 1115 1086 8871 1071 1096 8872 1072 1093 8873 1128 1142 8874 1130 1146 8875 1126 1143 8876 1123 1144 8877 1124 1081 8878 1074 1083 8879 1121 1082 8880 1126 1143 8881 1125 1145 8882 1120 1087 8883 1125 1145 8884 1123 1144 8885 1130 1146 8886 1129 1149 8887 1125 1145 8888 1125 1145 8889 1129 1149 8890 1127 1147 8891 1123 1144 8892 1127 1147 8893 1128 1142 8894 1134 1148 8895 1133 1152 8896 1129 1149 8897 1129 1149 8898 1133 1152 8899 1131 1150 8900 1127 1147 8901 1131 1150 8902 1132 1151 8903 1132 1151 8904 1134 1148 8905 1130 1146 8906 1133 1152 8907 1137 1167 8908 1135 1153 8909 1131 1150 8910 1135 1153 8911 1136 1154 8912 1136 1154 8913 1138 1155 8914 1134 1148 8915 1138 1155 8916 1137 1167 8917 1133 1152 8918 1145 1156 8919 1146 1163 8920 1142 1141 8921 1120 1087 8922 1140 1158 8923 1141 1157 8924 1141 1157 8925 1142 1141 8926 1122 1090 8927 1119 1092 8928 1139 1159 8929 1140 1158 8930 1139 1159 8931 1143 1161 8932 1144 1160 8933 1142 1141 8934 1146 1163 8935 1143 1161 8936 1144 1160 8937 1145 1156 8938 1141 1157 8939 1149 1162 8940 1150 1166 8941 1146 1163 8942 1143 1161 8943 1147 1165 8944 1148 1164 8945 1146 1163 8946 1150 1166 8947 1147 1165 8948 1148 1164 8949 1149 1162 8950 1145 1156 8951 1150 1166 8952 1149 1162 8953 1148 1164 8954 1136 1154 8955 1135 1153 8956 1137 1167 8957 1112 1168 8958 1114 1139 8959 1113 1136 8960 1096 1125 8961 1098 1124 8962 1097 1123 8963 1078 1098 8964 1155 1102 8965 1082 1103 8966 1157 1170 8967 1166 1174 8968 1162 1171 8969 1076 1100 8970 1152 1099 8971 1151 1095 8972 1153 1106 8973 1154 1113 8974 1082 1103 8975 1080 1101 8976 1160 1179 8977 1082 1103 8978 1079 1110 8979 1165 1176 8980 1166 1174 8981 1076 1100 8982 1155 1102 8983 1078 1098 8984 1151 1095 8985 1077 1108 8986 1156 1107 8987 1157 1170 8988 1158 1172 8989 1076 1100 8990 1079 1110 8991 1157 1170 8992 1075 1173 8993 1166 1174 8994 1165 1176 8995 1161 1175 8996 1165 1176 8997 1163 1178 8998 1164 1177 8999 1163 1178 9000 1165 1176 9001 1079 1110 9002 1162 1171 9003 1161 1175 9004 1080 1101 9005 1080 1101 9006 1161 1175 9007 1164 1177 9008 1160 1179 9009 1164 1177 9010 1163 1178 9011 1167 1044 9012 1168 1047 9013 1035 1180 9014 1036 1182 9015 1169 1075 9016 1170 1077 9017 1039 1184 9018 1172 1066 9019 1171 1185 9020 1040 1187 9021 1173 1072 9022 1174 1064 9023 1043 1189 9024 1176 1845 9025 1175 1067 9026 1045 1191 9027 1178 1844 9028 1177 1070 9029 1177 1070 9030 1173 1072 9031 1040 1187 9032 1174 1064 9033 1178 1844 9034 1045 1191 9035 1170 1077 9036 1176 1845 9037 1043 1189 9038 1171 1185 9039 1167 1044 9040 1034 1181 9041 1168 1047 9042 1172 1066 9043 1039 1184 9044 1175 1067 9045 1169 1075 9046 1036 1182 9047 1186 1055 9048 1190 1207 9049 1189 1193 9050 1182 1194 9051 1188 1203 9052 1187 1195 9053 1180 1197 9054 1184 1208 9055 1183 1198 9056 1202 1199 9057 1184 1208 9058 1180 1197 9059 1180 1197 9060 1179 1060 9061 1200 1062 9062 1198 1201 9063 1190 1207 9064 1186 1055 9065 1192 1202 9066 1187 1195 9067 1188 1203 9068 1181 1196 9069 1187 1195 9070 1192 1202 9071 1194 1206 9072 1182 1194 9073 1181 1196 9074 1191 1204 9075 1188 1203 9076 1182 1194 9077 1195 1059 9078 1189 1193 9079 1190 1207 9080 1199 1061 9081 1183 1198 9082 1184 1208 9083 1191 1204 9084 1194 1206 9085 1037 1183 9086 1037 1183 9087 1194 1206 9088 1193 1205 9089 1036 1182 9090 1193 1205 9091 1192 1202 9092 1192 1202 9093 1191 1204 9094 1043 1189 9095 1044 1192 9096 1195 1059 9097 1198 1201 9098 1198 1201 9099 1197 1057 9100 1041 1188 9101 1040 1187 9102 1196 1056 9103 1195 1059 9104 1197 1057 9105 1196 1056 9106 1040 1187 9107 1038 1186 9108 1199 1061 9109 1202 1199 9110 1201 1200 9111 1200 1062 9112 1034 1181 9113 1202 1199 9114 1201 1200 9115 1035 1180 9116 1034 1181 9117 1200 1062 9118 1199 1061 9119 1203 983 9120 1204 946 9121 924 1209 9122 929 1211 9123 1205 953 9124 1206 988 9125 936 1213 9126 1207 959 9127 1208 984 9128 1210 985 9129 1209 968 9130 956 1215 9131 962 1217 9132 1212 987 9133 1211 970 9134 963 1219 9135 1214 972 9136 1213 986 9137 1211 970 9138 1205 953 9139 929 1211 9140 930 1212 9141 1206 988 9142 1212 987 9143 956 1215 9144 1209 968 9145 1203 983 9146 924 1209 9147 1204 946 9148 1210 985 9149 1213 986 9150 1207 959 9151 936 1213 9152 1208 984 9153 1214 972 9154 963 1219 9155 1218 1221 9156 1224 1846 9157 1223 1222 9158 1222 1224 9159 1221 980 9160 1215 975 9161 1220 1226 9162 1226 1847 9163 1225 1227 9164 1232 1228 9165 1224 1846 9166 1218 1221 9167 1223 1222 9168 1224 1846 9169 1232 1228 9170 1238 1231 9171 1226 1847 9172 1220 1226 9173 1231 1229 9174 1218 1221 9175 1217 1223 9176 1215 975 9177 1221 980 9178 1228 982 9179 1225 1227 9180 1226 1847 9181 1238 1231 9182 1237 1232 9183 1220 1226 9184 1219 977 9185 1227 981 9186 1222 1224 9187 1216 1225 9188 1217 1223 9189 1223 1222 9190 1233 1230 9191 958 1216 9192 1227 981 9193 1230 974 9194 1229 976 9195 1228 982 9196 956 1215 9197 1228 982 9198 1227 981 9199 958 1216 9200 924 1209 9201 1230 974 9202 1229 976 9203 1234 1233 9204 1233 1230 9205 961 1218 9206 930 1212 9207 1231 1229 9208 1234 1233 9209 1233 1230 9210 1232 1228 9211 962 1217 9212 962 1217 9213 1232 1228 9214 1231 1229 9215 933 1214 9216 1237 1232 9217 1236 979 9218 1235 978 9219 1238 1231 9220 963 1219 9221 963 1219 9222 1238 1231 9223 1237 1232 9224 1236 979 9225 1235 978 9226 966 1220 9227 1411 1234 9228 1239 1244 9229 1240 1235 9230 1418 1237 9231 1242 1240 9232 1241 1238 9233 1413 1236 9234 1240 1235 9235 1242 1240 9236 1422 1241 9237 1419 1247 9238 1243 1242 9239 1239 1244 9240 1411 1234 9241 1421 1245 9242 1421 1245 9243 1422 1241 9244 1244 1243 9245 1419 1247 9246 1425 1499 9247 1246 1248 9248 1243 1242 9249 1246 1248 9250 1248 1249 9251 1248 1249 9252 1250 1290 9253 1249 1251 9254 1244 1243 9255 1243 1242 9256 1247 1250 9257 1251 1252 9258 1247 1250 9259 1249 1251 9260 1245 1246 9261 1244 1243 9262 1251 1252 9263 1240 1235 9264 1254 1255 9265 1255 1254 9266 1239 1244 9267 1253 1256 9268 1254 1255 9269 1245 1246 9270 1252 1253 9271 1253 1256 9272 1242 1240 9273 1255 1254 9274 1258 1257 9275 1241 1238 9276 1242 1240 9277 1257 1258 9278 1257 1258 9279 1260 1261 9280 1259 1260 9281 1260 1261 9282 1262 1266 9283 1261 1262 9284 1267 1263 9285 1266 1268 9286 1264 1264 9287 1262 1266 9288 1265 1378 9289 1268 1267 9290 1268 1267 9291 1265 1378 9292 1266 1268 9293 1255 1254 9294 1269 1270 9295 1270 1269 9296 1269 1270 9297 1271 1281 9298 1272 1271 9299 1278 1272 9300 1271 1281 9301 1273 1273 9302 1272 1271 9303 1271 1281 9304 1278 1272 9305 1276 1276 9306 1275 1279 9307 1264 1264 9308 1277 1277 9309 1280 1278 9310 1279 1275 9311 1280 1278 9312 1277 1277 9313 1275 1279 9314 1277 1277 9315 1278 1272 9316 1282 1274 9317 1271 1281 9318 1269 1270 9319 1362 1282 9320 1363 1283 9321 1362 1282 9322 1269 1270 9323 1254 1255 9324 1253 1256 9325 1364 1284 9326 1254 1255 9327 1365 1285 9328 1363 1283 9329 1248 1249 9330 1246 1248 9331 1366 1286 9332 1246 1248 9333 1425 1499 9334 1570 1288 9335 1248 1249 9336 1367 1287 9337 1368 1289 9338 1249 1251 9339 1250 1290 9340 1368 1289 9341 1370 1292 9342 1364 1284 9343 1253 1256 9344 1252 1253 9345 1249 1251 9346 1369 1291 9347 1259 1260 9348 1292 1294 9349 1291 1293 9350 1292 1294 9351 1294 1296 9352 1293 1295 9353 1294 1296 9354 1296 1300 9355 1295 1297 9356 1295 1297 9357 1296 1300 9358 1298 1298 9359 1261 1262 9360 1294 1296 9361 1292 1294 9362 1268 1267 9363 1296 1300 9364 1294 1296 9365 1267 1263 9366 1298 1298 9367 1296 1300 9368 1263 1265 9369 1297 1299 9370 1298 1298 9371 1415 1239 9372 1241 1238 9373 1299 1301 9374 1256 1259 9375 1291 1293 9376 1299 1301 9377 1481 1302 9378 1299 1301 9379 1300 1303 9380 1483 1304 9381 1300 1303 9382 1301 1305 9383 1485 1306 9384 1301 1305 9385 1302 1307 9386 1487 1308 9387 1302 1307 9388 1303 1309 9389 1300 1303 9390 1299 1301 9391 1291 1293 9392 1300 1303 9393 1293 1295 9394 1304 1311 9395 1301 1305 9396 1304 1311 9397 1305 1312 9398 1302 1307 9399 1305 1312 9400 1306 1313 9401 1295 1297 9402 1297 1299 9403 1304 1311 9404 1304 1311 9405 1297 1299 9406 1307 1314 9407 1305 1312 9408 1307 1314 9409 1308 1315 9410 1306 1313 9411 1308 1315 9412 1311 1316 9413 1306 1313 9414 1310 1317 9415 1309 1318 9416 1489 1310 9417 1303 1309 9418 1309 1318 9419 1264 1264 9420 1313 1321 9421 1312 1320 9422 1313 1321 9423 1315 1336 9424 1314 1322 9425 1314 1322 9426 1315 1336 9427 1317 1323 9428 1263 1265 9429 1312 1320 9430 1307 1314 9431 1307 1314 9432 1312 1320 9433 1314 1322 9434 1308 1315 9435 1314 1322 9436 1316 1324 9437 1277 1277 9438 1281 1280 9439 1318 1325 9440 1275 1279 9441 1318 1325 9442 1313 1321 9443 1317 1323 9444 1315 1336 9445 1319 1326 9446 1320 1327 9447 1319 1326 9448 1321 1328 9449 1322 1329 9450 1321 1328 9451 1323 1330 9452 1324 1331 9453 1323 1330 9454 1325 1332 9455 1326 1333 9456 1325 1332 9457 1514 1334 9458 1315 1336 9459 1313 1321 9460 1318 1325 9461 1281 1280 9462 1321 1328 9463 1319 1326 9464 1321 1328 9465 1281 1280 9466 1327 1337 9467 1325 1332 9468 1323 1330 9469 1327 1337 9470 1514 1334 9471 1325 1332 9472 1328 1338 9473 1283 1340 9474 1285 1350 9475 1332 1341 9476 1284 1343 9477 1290 1349 9478 1334 1344 9479 1274 1346 9480 1283 1340 9481 1330 1342 9482 1289 1348 9483 1333 1353 9484 1334 1344 9485 1285 1350 9486 1284 1343 9487 1331 1345 9488 1334 1344 9489 1340 1354 9490 1337 1351 9491 1332 1341 9492 1331 1345 9493 1337 1351 9494 1333 1353 9495 1339 1366 9496 1340 1354 9497 1332 1341 9498 1338 1352 9499 1336 1355 9500 1329 1347 9501 1330 1342 9502 1336 1355 9503 1337 1351 9504 1340 1354 9505 1536 1357 9506 1338 1352 9507 1337 1351 9508 1533 1358 9509 1340 1354 9510 1339 1366 9511 1535 1360 9512 1338 1352 9513 1534 1359 9514 1532 1361 9515 1336 1355 9516 1532 1361 9517 1531 1362 9518 1328 1338 9519 1335 1356 9520 1531 1362 9521 1273 1273 9522 1274 1346 9523 1329 1347 9524 1342 1364 9525 1341 1363 9526 1329 1347 9527 1342 1364 9528 1335 1356 9529 1328 1338 9530 1282 1274 9531 1342 1364 9532 1327 1337 9533 1282 1274 9534 1273 1273 9535 1341 1363 9536 1344 1365 9537 1541 1371 9538 1535 1360 9539 1287 1367 9540 1345 1374 9541 1346 1368 9542 1288 1369 9543 1346 1368 9544 1333 1353 9545 1346 1368 9546 1344 1365 9547 1339 1366 9548 1346 1368 9549 1345 1374 9550 1343 1370 9551 1541 1371 9552 1344 1365 9553 1343 1370 9554 1286 1373 9555 1347 1375 9556 1345 1374 9557 1347 1375 9558 1286 1373 9559 1466 1376 9560 1539 1372 9561 1343 1370 9562 1347 1375 9563 1265 1378 9564 1262 1266 9565 1349 1379 9566 1262 1266 9567 1260 1261 9568 1348 1381 9569 1350 1380 9570 1276 1276 9571 1266 1268 9572 1351 1382 9573 1348 1381 9574 1260 1261 9575 1272 1271 9576 1279 1275 9577 1355 1383 9578 1270 1269 9579 1272 1271 9580 1354 1384 9581 1270 1269 9582 1353 1385 9583 1352 1386 9584 1258 1257 9585 1352 1386 9586 1351 1382 9587 1356 1387 9588 1355 1383 9589 1279 1275 9590 1356 1387 9591 1280 1278 9592 1276 1276 9593 1322 1329 9594 1359 1390 9595 1358 1388 9596 1320 1327 9597 1358 1388 9598 1357 1389 9599 1324 1331 9600 1326 1333 9601 1359 1390 9602 1359 1390 9603 1561 1393 9604 1560 1391 9605 1358 1388 9606 1560 1391 9607 1559 1392 9608 1561 1393 9609 1359 1390 9610 1326 1333 9611 1357 1389 9612 1559 1392 9613 1565 1394 9614 1360 1396 9615 1563 1397 9616 1498 1319 9617 1310 1317 9618 1311 1316 9619 1360 1396 9620 1360 1396 9621 1361 1395 9622 1565 1394 9623 1361 1395 9624 1360 1396 9625 1311 1316 9626 1317 1323 9627 1357 1389 9628 1361 1395 9629 1284 1343 9630 1374 1407 9631 1380 1398 9632 1283 1340 9633 1274 1346 9634 1372 1399 9635 1289 1348 9636 1379 1404 9637 1378 1401 9638 1286 1373 9639 1376 1406 9640 1581 1402 9641 1285 1350 9642 1283 1340 9643 1373 1400 9644 1290 1349 9645 1380 1398 9646 1379 1404 9647 1286 1373 9648 1287 1367 9649 1377 1405 9650 1284 1343 9651 1285 1350 9652 1375 1403 9653 1274 1346 9654 1273 1273 9655 1371 1408 9656 1287 1367 9657 1288 1369 9658 1378 1401 9659 1374 1407 9660 1375 1403 9661 1383 1409 9662 1378 1401 9663 1379 1404 9664 1385 1411 9665 1380 1398 9666 1374 1407 9667 1382 1410 9668 1375 1403 9669 1373 1400 9670 1381 1414 9671 1379 1404 9672 1380 1398 9673 1386 1413 9674 1386 1413 9675 1598 1416 9676 1597 1415 9677 1382 1410 9678 1594 1420 9679 1598 1416 9680 1383 1409 9681 1381 1414 9682 1593 1417 9683 1385 1411 9684 1597 1415 9685 1596 1419 9686 1382 1410 9687 1383 1409 9688 1595 1418 9689 1581 1402 9690 1376 1406 9691 1387 1421 9692 1596 1419 9693 1599 1422 9694 1387 1421 9695 1377 1405 9696 1384 1412 9697 1387 1421 9698 1372 1399 9699 1371 1408 9700 1388 1423 9701 1389 1424 9702 1381 1414 9703 1373 1400 9704 1389 1424 9705 1388 1423 9706 1603 1425 9707 1381 1414 9708 1389 1424 9709 1604 1426 9710 1391 1427 9711 1390 1428 9712 1609 1428 9713 1392 1429 9714 1606 1429 9715 1607 1430 9716 1393 1431 9717 1607 1430 9718 1605 1432 9719 1392 1429 9720 1391 1427 9721 1610 1427 9722 1390 1428 9723 1395 1442 9724 1608 1433 9725 1369 1291 9726 1368 1289 9727 1396 1434 9728 1364 1284 9729 1370 1292 9730 1402 1436 9731 1365 1285 9732 1399 1439 9733 1397 1438 9734 1364 1284 9735 1401 1437 9736 1399 1439 9737 1370 1292 9738 1369 1291 9739 1400 1435 9740 1398 1440 9741 1403 1443 9742 1367 1287 9743 1619 1441 9744 1398 1440 9745 1366 1286 9746 1398 1440 9747 1619 1441 9748 1608 1433 9749 1401 1437 9750 1392 1429 9751 1393 1431 9752 1400 1435 9753 1396 1434 9754 1395 1442 9755 1402 1436 9756 1400 1435 9757 1390 1428 9758 1401 1437 9759 1402 1436 9760 1391 1427 9761 1367 1287 9762 1403 1443 9763 1396 1434 9764 1403 1443 9765 1398 1440 9766 1395 1442 9767 1399 1439 9768 1393 1431 9769 1394 1432 9770 1397 1438 9771 1394 1432 9772 1404 1444 9773 1394 1432 9774 1605 1432 9775 1626 1446 9776 1407 1447 9777 1273 1273 9778 1408 1448 9779 1407 1447 9780 1388 1423 9781 1371 1408 9782 1273 1273 9783 1362 1282 9784 1405 1445 9785 1363 1283 9786 1397 1438 9787 1405 1445 9788 1406 1449 9789 1409 1450 9790 1388 1423 9791 1603 1425 9792 1388 1423 9793 1409 1450 9794 1404 1444 9795 1626 1446 9796 1634 1452 9797 1410 1453 9798 1408 1448 9799 1405 1445 9800 1408 1448 9801 1410 1453 9802 1409 1450 9803 1410 1453 9804 1634 1452 9805 1633 1451 9806 1411 1234 9807 1413 1236 9808 1414 1454 9809 1418 1237 9810 1415 1239 9811 1416 1456 9812 1413 1236 9813 1418 1237 9814 1417 1457 9815 1420 1458 9816 1419 1247 9817 1422 1241 9818 1412 1455 9819 1424 1460 9820 1421 1245 9821 1423 1459 9822 1422 1241 9823 1421 1245 9824 1426 1461 9825 1425 1499 9826 1419 1247 9827 1420 1458 9828 1427 1464 9829 1428 1462 9830 1429 1463 9831 1430 1501 9832 1428 1462 9833 1423 1459 9834 1431 1465 9835 1427 1464 9836 1429 1463 9837 1427 1464 9838 1431 1465 9839 1424 1460 9840 1432 1466 9841 1431 1465 9842 1435 1467 9843 1434 1468 9844 1414 1454 9845 1434 1468 9846 1433 1469 9847 1412 1455 9848 1433 1469 9849 1432 1466 9850 1424 1460 9851 1417 1457 9852 1437 1471 9853 1438 1470 9854 1416 1456 9855 1436 1473 9856 1437 1471 9857 1439 1472 9858 1440 1475 9859 1437 1471 9860 1441 1474 9861 1442 1480 9862 1440 1475 9863 1447 1476 9864 1443 1511 9865 1444 1477 9866 1448 1479 9867 1445 1481 9868 1442 1480 9869 1448 1479 9870 1447 1476 9871 1446 1478 9872 1450 1482 9873 1449 1484 9874 1435 1467 9875 1452 1483 9876 1451 1487 9877 1449 1484 9878 1458 1485 9879 1462 1493 9880 1453 1486 9881 1452 1483 9882 1459 1490 9883 1458 1485 9884 1444 1477 9885 1455 1492 9886 1456 1488 9887 1457 1489 9888 1458 1485 9889 1459 1490 9890 1460 1491 9891 1456 1488 9892 1455 1492 9893 1457 1489 9894 1461 1540 9895 1462 1493 9896 1451 1487 9897 1453 1486 9898 1566 1494 9899 1567 1495 9900 1435 1467 9901 1449 1484 9902 1434 1468 9903 1569 1497 9904 1568 1496 9905 1434 1468 9906 1435 1467 9907 1567 1495 9908 1428 1462 9909 1572 1609 9910 1571 1498 9911 1426 1461 9912 1571 1498 9913 1570 1288 9914 1573 1500 9915 1572 1609 9916 1428 1462 9917 1429 1463 9918 1574 1503 9919 1573 1500 9920 1575 1502 9921 1432 1466 9922 1433 1469 9923 1432 1466 9924 1575 1502 9925 1574 1503 9926 1472 1504 9927 1473 1506 9928 1439 1472 9929 1474 1505 9930 1475 1508 9931 1473 1506 9932 1476 1507 9933 1477 1510 9934 1475 1508 9935 1476 1507 9936 1478 1512 9937 1479 1509 9938 1441 1474 9939 1439 1472 9940 1473 1506 9941 1448 1479 9942 1441 1474 9943 1475 1508 9944 1447 1476 9945 1448 1479 9946 1477 1510 9947 1443 1511 9948 1447 1476 9949 1479 1509 9950 1415 1239 9951 1481 1302 9952 1480 1513 9953 1480 1513 9954 1472 1504 9955 1436 1473 9956 1481 1302 9957 1483 1304 9958 1482 1514 9959 1483 1304 9960 1485 1306 9961 1484 1515 9962 1485 1306 9963 1487 1308 9964 1486 1516 9965 1487 1308 9966 1489 1310 9967 1488 1517 9968 1472 1504 9969 1480 1513 9970 1482 1514 9971 1490 1518 9972 1474 1505 9973 1482 1514 9974 1491 1519 9975 1490 1518 9976 1484 1515 9977 1492 1520 9978 1491 1519 9979 1486 1516 9980 1490 1518 9981 1478 1512 9982 1476 1507 9983 1493 1521 9984 1478 1512 9985 1490 1518 9986 1494 1522 9987 1493 1521 9988 1491 1519 9989 1492 1520 9990 1496 1584 9991 1497 1523 9992 1495 1524 9993 1496 1584 9994 1492 1520 9995 1489 1310 9996 1498 1319 9997 1495 1524 9998 1499 1525 9999 1500 1527 10000 1444 1477 10001 1501 1526 10002 1502 1529 10003 1500 1527 10004 1501 1526 10005 1503 1530 10006 1504 1528 10007 1443 1511 10008 1478 1512 10009 1493 1521 10010 1493 1521 10011 1494 1522 10012 1501 1526 10013 1494 1522 10014 1497 1523 10015 1503 1530 10016 1505 1531 10017 1461 1540 10018 1457 1489 10019 1455 1492 10020 1444 1477 10021 1500 1527 10022 1504 1528 10023 1507 1533 10024 1506 1532 10025 1507 1533 10026 1509 1535 10027 1508 1534 10028 1509 1535 10029 1511 1537 10030 1510 1536 10031 1511 1537 10032 1513 1539 10033 1512 1538 10034 1513 1539 10035 1515 1335 10036 1514 1334 10037 1502 1529 10038 1506 1532 10039 1505 1531 10040 1461 1540 10041 1505 1531 10042 1506 1532 10043 1516 1541 10044 1461 1540 10045 1508 1534 10046 1512 1538 10047 1517 1542 10048 1516 1541 10049 1514 1334 10050 1518 1339 10051 1517 1542 10052 1463 1543 10053 1520 1550 10054 1522 1544 10055 1464 1546 10056 1521 1552 10057 1524 1547 10058 1454 1549 10059 1519 1557 10060 1520 1550 10061 1524 1547 10062 1523 1555 10063 1470 1551 10064 1465 1545 10065 1522 1544 10066 1521 1552 10067 1527 1553 10068 1530 1554 10069 1524 1547 10070 1522 1544 10071 1528 1558 10072 1527 1553 10073 1530 1554 10074 1529 1559 10075 1523 1555 10076 1526 1556 10077 1528 1558 10078 1522 1544 10079 1519 1557 10080 1525 1560 10081 1526 1556 10082 1527 1553 10083 1533 1358 10084 1536 1357 10085 1528 1558 10086 1534 1359 10087 1533 1358 10088 1530 1554 10089 1536 1357 10090 1535 1360 10091 1532 1361 10092 1534 1359 10093 1528 1558 10094 1531 1362 10095 1532 1361 10096 1526 1556 10097 1517 1542 10098 1518 1339 10099 1531 1362 10100 1453 1486 10101 1537 1562 10102 1519 1557 10103 1538 1561 10104 1525 1560 10105 1519 1557 10106 1517 1542 10107 1525 1560 10108 1538 1561 10109 1516 1541 10110 1538 1561 10111 1462 1493 10112 1462 1493 10113 1538 1561 10114 1537 1562 10115 1535 1360 10116 1541 1371 10117 1542 1563 10118 1544 1564 10119 1543 1568 10120 1468 1565 10121 1469 1566 10122 1470 1551 10123 1523 1555 10124 1529 1559 10125 1542 1563 10126 1544 1564 10127 1544 1564 10128 1542 1563 10129 1540 1567 10130 1540 1567 10131 1542 1563 10132 1541 1371 10133 1467 1569 10134 1468 1565 10135 1543 1568 10136 1466 1376 10137 1467 1569 10138 1545 1570 10139 1539 1372 10140 1546 1377 10141 1545 1570 10142 1445 1481 10143 1549 1573 10144 1548 1571 10145 1442 1480 10146 1548 1571 10147 1547 1572 10148 1446 1478 10149 1456 1488 10150 1549 1573 10151 1550 1574 10152 1437 1471 10153 1440 1475 10154 1452 1483 10155 1553 1576 10156 1554 1575 10157 1450 1482 10158 1552 1848 10159 1553 1576 10160 1551 1577 10161 1552 1848 10162 1450 1482 10163 1438 1470 10164 1437 1471 10165 1550 1574 10166 1555 1578 10167 1460 1491 10168 1459 1490 10169 1456 1488 10170 1460 1491 10171 1555 1578 10172 1557 1579 10173 1558 1581 10174 1509 1535 10175 1556 1580 10176 1557 1579 10177 1507 1533 10178 1558 1581 10179 1513 1539 10180 1511 1537 10181 1560 1391 10182 1561 1393 10183 1558 1581 10184 1559 1392 10185 1560 1391 10186 1557 1579 10187 1513 1539 10188 1558 1581 10189 1561 1393 10190 1565 1394 10191 1559 1392 10192 1556 1580 10193 1498 1319 10194 1563 1397 10195 1562 1583 10196 1562 1583 10197 1497 1523 10198 1496 1584 10199 1562 1583 10200 1563 1397 10201 1565 1394 10202 1497 1523 10203 1562 1583 10204 1564 1582 10205 1504 1528 10206 1503 1530 10207 1564 1582 10208 1586 1585 10209 1579 1593 10210 1464 1546 10211 1463 1543 10212 1578 1588 10213 1577 1586 10214 1584 1587 10215 1585 1589 10216 1470 1551 10217 1581 1402 10218 1582 1601 10219 1467 1569 10220 1465 1545 10221 1580 1591 10222 1578 1588 10223 1585 1589 10224 1586 1585 10225 1471 1548 10226 1467 1569 10227 1582 1601 10228 1583 1590 10229 1464 1546 10230 1579 1593 10231 1580 1591 10232 1454 1549 10233 1577 1586 10234 1576 1592 10235 1468 1565 10236 1583 1590 10237 1584 1587 10238 1579 1593 10239 1588 1596 10240 1589 1594 10241 1584 1587 10242 1590 1599 10243 1591 1595 10244 1586 1585 10245 1592 1598 10246 1588 1596 10247 1580 1591 10248 1589 1594 10249 1587 1597 10250 1585 1589 10251 1591 1595 10252 1592 1598 10253 1597 1415 10254 1598 1416 10255 1592 1598 10256 1598 1416 10257 1594 1420 10258 1588 1596 10259 1589 1594 10260 1595 1418 10261 1593 1417 10262 1596 1419 10263 1597 1415 10264 1591 1595 10265 1588 1596 10266 1594 1420 10267 1595 1418 10268 1581 1402 10269 1599 1422 10270 1600 1600 10271 1600 1600 10272 1599 1422 10273 1596 1419 10274 1600 1600 10275 1590 1599 10276 1583 1590 10277 1577 1586 10278 1602 1603 10279 1601 1602 10280 1578 1588 10281 1587 1597 10282 1602 1603 10283 1602 1603 10284 1604 1426 10285 1603 1425 10286 1587 1597 10287 1593 1417 10288 1604 1426 10289 1612 1427 10290 1610 1427 10291 1609 1428 10292 1607 1430 10293 1606 1429 10294 1613 1429 10295 1605 1432 10296 1607 1430 10297 1614 1431 10298 1613 1429 10299 1606 1429 10300 1610 1427 10301 1611 1428 10302 1609 1428 10303 1608 1433 10304 1574 1503 10305 1622 1608 10306 1617 1604 10307 1568 1496 10308 1623 1611 10309 1624 1605 10310 1618 1606 10311 1621 1607 10312 1569 1497 10313 1621 1607 10314 1623 1611 10315 1568 1496 10316 1575 1502 10317 1624 1605 10318 1622 1608 10319 1572 1609 10320 1625 1612 10321 1620 1610 10322 1571 1498 10323 1620 1610 10324 1619 1441 10325 1620 1610 10326 1616 1442 10327 1608 1433 10328 1614 1431 10329 1613 1429 10330 1623 1611 10331 1622 1608 10332 1611 1428 10333 1616 1442 10334 1624 1605 10335 1612 1427 10336 1611 1428 10337 1623 1611 10338 1613 1429 10339 1612 1427 10340 1572 1609 10341 1573 1500 10342 1617 1604 10343 1616 1442 10344 1620 1610 10345 1625 1612 10346 1615 1432 10347 1614 1431 10348 1621 1607 10349 1618 1606 10350 1628 1617 10351 1627 1613 10352 1615 1432 10353 1627 1613 10354 1626 1446 10355 1631 1614 10356 1453 1486 10357 1630 1615 10358 1576 1592 10359 1601 1602 10360 1630 1615 10361 1628 1617 10362 1566 1494 10363 1453 1486 10364 1567 1495 10365 1566 1494 10366 1628 1617 10367 1629 1616 10368 1630 1615 10369 1601 1602 10370 1603 1425 10371 1633 1451 10372 1632 1618 10373 1627 1613 10374 1635 1619 10375 1634 1452 10376 1628 1617 10377 1631 1614 10378 1635 1619 10379 1631 1614 10380 1629 1616 10381 1632 1618 10382 1633 1451 10383 1634 1452 10384 1635 1619 10385 1740 1620 10386 1735 1730 10387 1648 1621 10388 1724 1623 10389 1719 1849 10390 1644 1624 10391 1709 1626 10392 1639 1727 10393 1674 1627 10394 1644 1624 10395 1719 1849 10396 1722 1629 10397 1644 1624 10398 1645 1677 10399 1676 1631 10400 1648 1621 10401 1735 1730 10402 1738 1632 10403 1648 1621 10404 1649 1681 10405 1678 1634 10406 1655 1635 10407 1692 1666 10408 1652 1636 10409 1652 1636 10410 1653 1676 10411 1680 1638 10412 1743 1639 10413 1686 1651 10414 1666 1633 10415 1727 1640 10416 1684 1647 10417 1662 1630 10418 1683 1641 10419 1657 1665 10420 1711 1642 10421 1678 1634 10422 1725 1682 10423 1729 1644 10424 1685 1646 10425 1663 1686 10426 1662 1630 10427 1680 1638 10428 1741 1685 10429 1745 1648 10430 1687 1650 10431 1667 1683 10432 1666 1633 10433 1658 1652 10434 1688 1656 10435 1670 1653 10436 1689 1655 10437 1671 1675 10438 1670 1653 10439 1650 1657 10440 1651 1663 10441 1669 1658 10442 1717 1660 10443 1728 1714 10444 1694 1661 10445 1651 1663 10446 1732 1729 10447 1737 1664 10448 1674 1627 10449 1639 1727 10450 1657 1665 10451 1692 1666 10452 1641 1696 10453 1659 1667 10454 1733 1668 10455 1744 1715 10456 1696 1669 10457 1647 1671 10458 1665 1674 10459 1664 1672 10460 1647 1671 10461 1716 1728 10462 1721 1673 10463 1652 1636 10464 1670 1653 10465 1671 1675 10466 1645 1677 10467 1663 1686 10468 1711 1642 10469 1737 1664 10470 1746 1710 10471 1707 1678 10472 1643 1679 10473 1661 1724 10474 1660 1680 10475 1649 1681 10476 1718 1720 10477 1725 1682 10478 1648 1621 10479 1666 1633 10480 1667 1683 10481 1721 1673 10482 1730 1712 10483 1705 1684 10484 1653 1676 10485 1734 1722 10486 1741 1685 10487 1644 1624 10488 1662 1630 10489 1663 1686 10490 1638 1687 10491 1656 1702 10492 1691 1688 10493 1650 1657 10494 1668 1659 10495 1681 1690 10496 1708 1692 10497 1636 1718 10498 1654 1693 10499 1673 1695 10500 1682 1726 10501 1659 1667 10502 1693 1697 10503 1674 1627 10504 1683 1641 10505 1707 1678 10506 1689 1655 10507 1688 1656 10508 1637 1700 10509 1706 1699 10510 1688 1656 10511 1705 1684 10512 1687 1650 10513 1686 1651 10514 1656 1702 10515 1681 1690 10516 1637 1700 10517 1703 1703 10518 1685 1646 10519 1684 1647 10520 1701 1698 10521 1683 1641 10522 1712 1643 10523 1731 1706 10524 1702 1704 10525 1684 1647 10526 1747 1707 10527 1704 1701 10528 1686 1651 10529 1679 1637 10530 1680 1638 10531 1699 1649 10532 1640 1709 10533 1655 1635 10534 1679 1637 10535 1677 1622 10536 1678 1634 10537 1697 1645 10538 1746 1710 10539 1742 1725 10540 1689 1655 10541 1675 1625 10542 1676 1631 10543 1695 1711 10544 1730 1712 10545 1726 1723 10546 1687 1650 10547 1713 1628 10548 1674 1627 10549 1693 1697 10550 1728 1714 10551 1724 1623 10552 1675 1625 10553 1744 1715 10554 1740 1620 10555 1677 1622 10556 1646 1670 10557 1664 1672 10558 1736 1716 10559 1642 1662 10560 1660 1680 10561 1720 1717 10562 1714 1713 10563 1693 1697 10564 1636 1718 10565 1649 1681 10566 1667 1683 10567 1723 1719 10568 1694 1661 10569 1695 1711 10570 1643 1679 10571 1653 1676 10572 1671 1675 10573 1739 1721 10574 1696 1669 10575 1697 1645 10576 1647 1671 10577 1700 1691 10578 1640 1709 10579 1698 1708 10580 1698 1708 10581 1699 1649 10582 1651 1663 10583 1664 1672 10584 1704 1701 10585 1747 1707 10586 1720 1717 10587 1660 1680 10588 1702 1704 10589 1654 1693 10590 1701 1698 10591 1715 1705 10592 1726 1723 10593 1723 1719 10594 1667 1683 10595 1661 1724 10596 1703 1703 10597 1702 1704 10598 1742 1725 10599 1739 1721 10600 1671 1675 10601 1665 1674 10602 1705 1684 10603 1704 1701 10604 1668 1659 10605 1706 1699 10606 1637 1700 10607 1669 1658 10608 1707 1678 10609 1706 1699 10610 1636 1718 10611 1693 1697 10612 1701 1698 10613 1690 1689 10614 1691 1688 10615 1682 1726 10616 1710 1694 10617 1715 1705 10618 1703 1703 10619 1695 1711 10620 1714 1713 10621 1708 1692 10622 1676 1631 10623 1713 1628 10624 1714 1713 10625 1715 1705 10626 1712 1643 10627 1685 1646 10628 1643 1679 10629 1708 1692 10630 1710 1694 10631 1709 1626 10632 1711 1642 10633 1657 1665 10634 1712 1643 10635 1711 1642 10636 1663 1686 10637 1645 1677 10638 1709 1626 10639 1713 1628 10640 1718 1720 10641 1719 1849 10642 1724 1623 10643 1727 1640 10644 1722 1629 10645 1723 1719 10646 1717 1660 10647 1720 1717 10648 1721 1673 10649 1722 1629 10650 1719 1849 10651 1718 1720 10652 1725 1682 10653 1724 1623 10654 1728 1714 10655 1731 1706 10656 1727 1640 10657 1726 1723 10658 1729 1644 10659 1728 1714 10660 1717 1660 10661 1720 1717 10662 1731 1706 10663 1730 1712 10664 1697 1645 10665 1729 1644 10666 1716 1728 10667 1734 1722 10668 1735 1730 10669 1740 1620 10670 1743 1639 10671 1738 1632 10672 1739 1721 10673 1732 1729 10674 1733 1668 10675 1736 1716 10676 1734 1722 10677 1739 1721 10678 1738 1632 10679 1741 1685 10680 1740 1620 10681 1744 1715 10682 1747 1707 10683 1743 1639 10684 1742 1725 10685 1745 1648 10686 1744 1715 10687 1733 1668 10688 1736 1716 10689 1747 1707 10690 1746 1710 10691 1699 1649 10692 1745 1648 10693 1732 1729 10694 1638 1687 10695 1690 1689 10696 1640 1709 10697 1690 1689 10698 1673 1695 10699 1655 1635 10700 1691 1688 10701 1637 1700 10702 1658 1652 10703 1700 1691 10704 1681 1690 10705 1656 1702 10706 1652 1636 10707 1692 1666 10708 1672 1654 10709 1682 1726 10710 1658 1652 10711 1672 1654 10712 1673 1695 10713 1641 1696 10714 1692 1666 10715 1852 1731 10716 1789 1745 10717 1760 1732 10718 1836 1734 10719 1787 1742 10720 1756 1735 10721 1786 1737 10722 1751 1779 10723 1821 1738 10724 1756 1735 10725 1774 1755 10726 1834 1740 10727 1788 1741 10728 1757 1792 10729 1756 1735 10730 1760 1732 10731 1778 1752 10732 1850 1743 10733 1790 1744 10734 1761 1798 10735 1760 1732 10736 1767 1746 10737 1791 1750 10738 1764 1747 10739 1792 1749 10740 1765 1791 10741 1764 1747 10742 1855 1751 10743 1850 1743 10744 1778 1752 10745 1839 1754 10746 1834 1740 10747 1774 1755 10748 1823 1757 10749 1769 1778 10750 1795 1758 10751 1841 1760 10752 1837 1797 10753 1790 1744 10754 1774 1755 10755 1775 1803 10756 1797 1762 10757 1857 1763 10758 1853 1802 10759 1792 1749 10760 1778 1752 10761 1779 1799 10762 1799 1765 10763 1770 1766 10764 1784 1842 10765 1782 1767 10766 1782 1767 10767 1783 1790 10768 1801 1769 10769 1762 1770 10770 1780 1840 10771 1781 1771 10772 1829 1773 10773 1754 1796 10774 1806 1774 10775 1763 1772 10776 1781 1771 10777 1849 1776 10778 1786 1737 10779 1795 1758 10780 1769 1778 10781 1804 1748 10782 1784 1842 10783 1771 1780 10784 1845 1782 10785 1758 1787 10786 1808 1783 10787 1776 1785 10788 1777 1801 10789 1759 1786 10790 1759 1786 10791 1777 1801 10792 1833 1788 10793 1783 1790 10794 1782 1767 10795 1764 1747 10796 1823 1757 10797 1775 1803 10798 1757 1792 10799 1819 1793 10800 1858 1826 10801 1849 1776 10802 1772 1794 10803 1773 1838 10804 1755 1795 10805 1837 1797 10806 1830 1833 10807 1761 1798 10808 1779 1799 10809 1778 1752 10810 1760 1732 10811 1817 1800 10812 1842 1828 10813 1833 1788 10814 1853 1802 10815 1846 1835 10816 1765 1791 10817 1775 1803 10818 1774 1755 10819 1756 1735 10820 1803 1804 10821 1768 1817 10822 1750 1805 10823 1793 1807 10824 1780 1840 10825 1762 1770 10826 1820 1809 10827 1822 1836 10828 1766 1810 10829 1771 1780 10830 1794 1841 10831 1785 1812 10832 1805 1813 10833 1813 1820 10834 1795 1758 10835 1800 1768 10836 1801 1769 10837 1819 1793 10838 1749 1815 10839 1770 1766 10840 1800 1768 10841 1798 1753 10842 1799 1765 10843 1817 1800 10844 1768 1817 10845 1803 1804 10846 1749 1815 10847 1796 1756 10848 1797 1762 10849 1815 1818 10850 1824 1759 10851 1795 1758 10852 1813 1820 10853 1843 1822 10854 1839 1754 10855 1796 1756 10856 1859 1823 10857 1855 1751 10858 1798 1753 10859 1811 1764 10860 1792 1749 10861 1791 1750 10862 1752 1825 10863 1810 1824 10864 1791 1750 10865 1809 1761 10866 1790 1744 10867 1789 1745 10868 1801 1769 10869 1854 1839 10870 1858 1826 10871 1807 1827 10872 1788 1741 10873 1787 1742 10874 1799 1765 10875 1838 1837 10876 1842 1828 10877 1805 1813 10878 1786 1737 10879 1825 1739 10880 1840 1775 10881 1806 1774 10882 1787 1742 10883 1856 1784 10884 1808 1783 10885 1789 1745 10886 1848 1830 10887 1776 1785 10888 1758 1787 10889 1832 1831 10890 1772 1794 10891 1754 1796 10892 1748 1811 10893 1805 1813 10894 1826 1829 10895 1835 1832 10896 1779 1799 10897 1761 1798 10898 1755 1795 10899 1807 1827 10900 1806 1774 10901 1851 1834 10902 1783 1790 10903 1765 1791 10904 1759 1786 10905 1809 1761 10906 1808 1783 10907 1812 1808 10908 1762 1770 10909 1810 1824 10910 1763 1772 10911 1811 1764 10912 1810 1824 10913 1859 1823 10914 1816 1816 10915 1776 1785 10916 1832 1831 10917 1843 1822 10918 1814 1819 10919 1827 1821 10920 1813 1820 10921 1766 1810 10922 1779 1799 10923 1835 1832 10924 1838 1837 10925 1814 1819 10926 1815 1818 10927 1773 1838 10928 1783 1790 10929 1851 1834 10930 1854 1839 10931 1816 1816 10932 1817 1800 10933 1777 1801 10934 1749 1815 10935 1818 1814 10936 1780 1840 10937 1818 1814 10938 1819 1793 10939 1781 1771 10940 1748 1811 10941 1766 1810 10942 1813 1820 10943 1794 1841 10944 1803 1804 10945 1802 1806 10946 1815 1818 10947 1827 1821 10948 1822 1836 10949 1820 1809 10950 1826 1829 10951 1807 1827 10952 1826 1829 10953 1825 1739 10954 1788 1741 10955 1797 1762 10956 1824 1759 10957 1827 1821 10958 1755 1795 10959 1773 1838 10960 1822 1836 10961 1769 1778 10962 1823 1757 10963 1821 1738 10964 1775 1803 10965 1823 1757 10966 1824 1759 10967 1825 1739 10968 1821 1738 10969 1757 1792 10970 1836 1734 10971 1831 1736 10972 1830 1833 10973 1839 1754 10974 1838 1837 10975 1835 1832 10976 1829 1773 10977 1828 1789 10978 1833 1788 10979 1834 1740 10980 1835 1832 10981 1830 1833 10982 1840 1775 10983 1836 1734 10984 1837 1797 10985 1843 1822 10986 1842 1828 10987 1838 1837 10988 1829 1773 10989 1840 1775 10990 1841 1760 10991 1832 1831 10992 1833 1788 10993 1842 1828 10994 1828 1789 10995 1841 1760 10996 1809 1761 10997 1852 1731 10998 1847 1733 10999 1846 1835 11000 1855 1751 11001 1854 1839 11002 1851 1834 11003 1848 1830 11004 1845 1782 11005 1844 1777 11006 1846 1835 11007 1847 1733 11008 1850 1743 11009 1856 1784 11010 1852 1731 11011 1853 1802 11012 1859 1823 11013 1858 1826 11014 1854 1839 11015 1845 1782 11016 1856 1784 11017 1857 1763 11018 1848 1830 11019 1849 1776 11020 1858 1826 11021 1844 1777 11022 1857 1763 11023 1811 1764 11024 1750 1805 11025 1812 1808 11026 1752 1825 11027 1802 1806 11028 1752 1825 11029 1767 1746 11030 1803 1804 11031 1794 1841 11032 1770 1766 11033 1768 1817 11034 1793 1807 11035 1812 1808 11036 1764 1747 11037 1782 1767 11038 1784 1842 11039 1794 1841 11040 1771 1780 11041 1784 1842 11042 1785 1812 11043 1767 1746 11044 1804 1748 11045</p>
        </triangles>
      </mesh>
    </geometry>
  </library_geometries>
  <library_visual_scenes>
    <visual_scene id="Scene" name="Scene">
      <node id="Cube_016" name="Cube.016" type="NODE">
        <matrix sid="transform">1 0 0 0 0 1 0 0.4662394 0 0 1 6.354111 0 0 0 1</matrix>
        <instance_geometry url="#Cube_018-mesh" name="Cube.016">
          <bind_material>
            <technique_common>
              <instance_material symbol="Manon_Details-material" target="#Manon_Details-material">
                <bind_vertex_input semantic="UVMap" input_semantic="TEXCOORD" input_set="0"/>
              </instance_material>
            </technique_common>
          </bind_material>
        </instance_geometry>
      </node>
      <node id="Cube" name="Cube" type="NODE">
        <matrix sid="transform">1 0 0 0 0 1 0 0 0 0 1 3.934628 0 0 0 1</matrix>
        <instance_geometry url="#Cube_001-mesh" name="Cube">
          <bind_material>
            <technique_common>
              <instance_material symbol="Manon_Main-material" target="#Manon_Main-material">
                <bind_vertex_input semantic="UVMap" input_semantic="TEXCOORD" input_set="0"/>
              </instance_material>
            </technique_common>
          </bind_material>
        </instance_geometry>
      </node>
    </visual_scene>
  </library_visual_scenes>
  <scene>
    <instance_visual_scene url="#Scene"/>
  </scene>
</COLLADA>